problem,size,seed,n_units,n_test_units,units_per_param,psi,J,var,G_test,G_train,a_domain,a_test,loss_upper,c_domain,t_max_domain,c_test,t_max_test,hoeffding_at_1,outside_support,fold,prior_std,J_softmax_N1,n_cert_units,bound,continuous_bound,selected,J_max
quartic,10.0,0,10,2000,2.0,fitted ellipse,1.5101744271883817,3.018601735016119,5.540146991190415,4.506277717605803,-6.905973558232357,0.6348010135952104,9.680344001221918,4.148706849807591,0.24103896375478495,1.6351153258650681,0.611577657050547,34.38824127288266,0.0,,,,,,,,
quartic,10.0,0,10,2000,2.0,PAC hyperposterior,0.7638610002129442,,,,1.1647322565613014,,,,,,,,0.0,0.0,0.125,0.7657104896716882,5.0,9.521928714199543,9.393870862104485,,
quartic,10.0,0,10,2000,2.0,PAC hyperprior,0.7632850252831369,,,,,,,,,,,,,0.0,0.125,0.7652452297796651,5.0,,,True,0.8314379608000575
quartic,10.0,0,10,2000,2.0,PAC hyperprior,0.7633460240809851,,,,,,,,,,,,,0.0,0.25,0.7705177860495377,5.0,,,False,0.9344475293683132
quartic,10.0,0,10,2000,2.0,PAC hyperprior,0.7667967196898106,,,,,,,,,,,,,0.0,0.5,0.7982255236703812,5.0,,,False,1.1872840230183357
quartic,10.0,0,10,2000,2.0,PAC hyperprior,0.8029453702404443,,,,,,,,,,,,,0.0,1.0,0.981272374617175,5.0,,,False,1.8071729780869976
quartic,10.0,0,10,2000,2.0,PAC hyperposterior,1.4799082677631494,,,,1.1647322565613014,,,,,,,,0.0,1.0,0.125,1.4810507897805407,5.0,9.521928714199543,9.393870862104485,,
quartic,10.0,0,10,2000,2.0,PAC hyperprior,1.4812414564923988,,,,,,,,,,,,,1.0,0.125,1.4823925289221391,5.0,,,True,1.5402879412606847
quartic,10.0,0,10,2000,2.0,PAC hyperprior,1.484822491228194,,,,,,,,,,,,,1.0,0.25,1.4891055984143469,5.0,,,False,1.6463454135096391
quartic,10.0,0,10,2000,2.0,PAC hyperprior,1.5033614426847108,,,,,,,,,,,,,1.0,0.5,1.5170270163062745,5.0,,,False,1.7579889420148191
quartic,10.0,0,10,2000,2.0,PAC hyperprior,1.5620080931326816,,,,,,,,,,,,,1.0,1.0,1.8316642170640094,5.0,,,False,2.955114094906733
quartic,10.0,1,10,2000,2.0,fitted ellipse,0.8168332408122456,2.2865571611857427,5.480132609987264,5.220567639137519,-6.905973558232357,-0.1868685650075714,9.680344001221918,4.128702056073206,0.24220686947585082,1.889000391664945,0.5293805149074694,34.38824127288266,0.039,,,,,,,,
quartic,10.0,1,10,2000,2.0,PAC hyperposterior,0.9064240219938219,,,,1.1647322565613014,,,,,,,,0.0,0.0,0.125,0.9071657248244895,5.0,9.616379428403128,9.533998192864441,,
quartic,10.0,1,10,2000,2.0,PAC hyperprior,0.9072167432366521,,,,,,,,,,,,,0.0,0.125,0.9079715755142038,5.0,,,True,0.9778116325426449
quartic,10.0,1,10,2000,2.0,PAC hyperprior,0.9038051368411244,,,,,,,,,,,,,0.0,0.25,0.9068795279203512,5.0,,,False,1.036847471198211
quartic,10.0,1,10,2000,2.0,PAC hyperprior,0.9269321841505285,,,,,,,,,,,,,0.0,0.5,0.9492926296170461,5.0,,,False,1.3896052947006314
quartic,10.0,1,10,2000,2.0,PAC hyperprior,1.042641427745503,,,,,,,,,,,,,0.0,1.0,1.3155857711130865,5.0,,,False,2.1500057194405198
quartic,10.0,1,10,2000,2.0,PAC hyperposterior,0.9566406582014759,,,,1.1647322565613014,,,,,,,,0.0436650390625,1.0,1.0,1.1081791255785984,5.0,9.616379428403128,9.533998192864441,,
quartic,10.0,1,10,2000,2.0,PAC hyperprior,0.7767363090736228,,,,,,,,,,,,,1.0,0.125,0.7777089304541034,5.0,,,False,0.8343976056211648
quartic,10.0,1,10,2000,2.0,PAC hyperprior,0.7804370642689255,,,,,,,,,,,,,1.0,0.25,0.7842468417736617,5.0,,,False,0.9194387813528078
quartic,10.0,1,10,2000,2.0,PAC hyperprior,0.8073336168732843,,,,,,,,,,,,,1.0,0.5,0.8231175590330286,5.0,,,False,1.09632158752758
quartic,10.0,1,10,2000,2.0,PAC hyperprior,0.9147397062572307,,,,,,,,,,,,,1.0,1.0,1.0718789643735387,5.0,,,True,1.8878020041220012
quartic,10.0,2,10,2000,2.0,fitted ellipse,1.3405403239402052,4.616236680356382,5.911037202737944,3.750568825722243,-6.905973558232357,1.4443126433909161,9.680344001221918,4.272336920323434,0.23406393705585746,1.4889081864490095,0.6716330859762164,34.38824127288266,0.1635,,,,,,,,
quartic,10.0,2,10,2000,2.0,PAC hyperposterior,1.0645076192662088,,,,1.1647322565613014,,,,,,,,0.0,0.0,0.125,1.0652229741009351,5.0,9.569608566018086,9.45936488742472,,
quartic,10.0,2,10,2000,2.0,PAC hyperprior,1.0651517452699806,,,,,,,,,,,,,0.0,0.125,1.0659085483684874,5.0,,,True,1.1220883668430126
quartic,10.0,2,10,2000,2.0,PAC hyperprior,1.0669465516030519,,,,,,,,,,,,,0.0,0.25,1.0698158885085798,5.0,,,False,1.1684688113467399
quartic,10.0,2,10,2000,2.0,PAC hyperprior,1.0961336938527144,,,,,,,,,,,,,0.0,0.5,1.1161393834707138,5.0,,,False,1.628327649625687
quartic,10.0,2,10,2000,2.0,PAC hyperprior,1.2183472800497492,,,,,,,,,,,,,0.0,1.0,1.4226965539839236,5.0,,,False,2.2569388898241076
quartic,10.0,2,10,2000,2.0,PAC hyperposterior,1.5712398694423781,,,,1.1647322565613014,,,,,,,,0.0,1.0,0.125,1.5717990308343937,5.0,9.569608566018086,9.45936488742472,,
quartic,10.0,2,10,2000,2.0,PAC hyperprior,1.5705848220227194,,,,,,,,,,,,,1.0,0.125,1.5709949831627275,5.0,,,True,1.6378998568923109
quartic,10.0,2,10,2000,2.0,PAC hyperprior,1.5827103798814273,,,,,,,,,,,,,1.0,0.25,1.5889029596685296,5.0,,,False,1.8394698005145198
quartic,10.0,2,10,2000,2.0,PAC hyperprior,1.606186350261083,,,,,,,,,,,,,1.0,0.5,1.6306614469943503,5.0,,,False,2.1037883697709123
quartic,10.0,2,10,2000,2.0,PAC hyperprior,1.6299417779813312,,,,,,,,,,,,,1.0,1.0,1.7175570638258542,5.0,,,False,2.4063967542447404
quartic,10.0,3,10,2000,2.0,fitted ellipse,0.807735903363584,1.046114709809435,4.632665471044346,4.293871381685431,-6.905973558232357,0.6092119396910606,9.680344001221918,3.8462130097589005,0.2599960006018192,1.341151177117762,0.7456280970122083,34.38824127288266,0.0,,,,,,,,
quartic,10.0,3,10,2000,2.0,PAC hyperposterior,0.7989128177253071,,,,1.1647322565613014,,,,,,,,0.01069287109375,0.0,0.5,0.8713236158479487,5.0,9.658231499080298,9.605705381907976,,
quartic,10.0,3,10,2000,2.0,PAC hyperprior,0.6950460947334469,,,,,,,,,,,,,0.0,0.125,0.6964862771891822,5.0,,,False,0.7929162234681293
quartic,10.0,3,10,2000,2.0,PAC hyperprior,0.7048583166633055,,,,,,,,,,,,,0.0,0.25,0.7127016204878766,5.0,,,False,0.9521396877329771
quartic,10.0,3,10,2000,2.0,PAC hyperprior,0.7588933411972041,,,,,,,,,,,,,0.0,0.5,0.8191713611624601,5.0,,,True,1.5339551247672052
quartic,10.0,3,10,2000,2.0,PAC hyperprior,0.8677681240460802,,,,,,,,,,,,,0.0,1.0,1.4683233926134642,5.0,,,False,2.638276308042812
quartic,10.0,3,10,2000,2.0,PAC hyperposterior,1.6758234825733,,,,1.1647322565613014,,,,,,,,0.01070751953125,1.0,0.5,1.7472364594557122,5.0,9.658231499080298,9.605705381907976,,
quartic,10.0,3,10,2000,2.0,PAC hyperprior,1.6462357220085968,,,,,,,,,,,,,1.0,0.125,1.648612148804834,5.0,,,False,1.7572685971671742
quartic,10.0,3,10,2000,2.0,PAC hyperprior,1.6608062180440144,,,,,,,,,,,,,1.0,0.25,1.6710406261623896,5.0,,,False,1.8567374061192243
quartic,10.0,3,10,2000,2.0,PAC hyperprior,1.7151869769150216,,,,,,,,,,,,,1.0,0.5,1.7567008858615807,5.0,,,True,2.21943269925616
quartic,10.0,3,10,2000,2.0,PAC hyperprior,1.8927010397565962,,,,,,,,,,,,,1.0,1.0,2.231626691329674,5.0,,,False,3.1066970237728135
quartic,10.0,4,10,2000,2.0,fitted ellipse,1.209594855443168,2.85856124555714,4.973956956766793,4.511377137383479,-6.905973558232357,0.6106242097139352,9.680344001221918,3.95997683833305,0.2525267295303044,1.4544442490176195,0.6875478387538289,34.38824127288266,0.0,,,,,,,,
quartic,10.0,4,10,2000,2.0,PAC hyperposterior,0.6496894853745283,,,,1.1647322565613014,,,,,,,,0.02441357421875,0.0,1.0,1.0925012092987378,5.0,9.624590918252018,9.550423913546489,,
quartic,10.0,4,10,2000,2.0,PAC hyperprior,0.637686370506507,,,,,,,,,,,,,0.0,0.125,0.6409457824636275,5.0,,,False,0.7794828952001627
quartic,10.0,4,10,2000,2.0,PAC hyperprior,0.6385754042264142,,,,,,,,,,,,,0.0,0.25,0.6514362951827086,5.0,,,False,0.9417741980587397
quartic,10.0,4,10,2000,2.0,PAC hyperprior,0.650616143323109,,,,,,,,,,,,,0.0,0.5,0.6982784608227958,5.0,,,False,1.121761259101138
quartic,10.0,4,10,2000,2.0,PAC hyperprior,0.696888142265609,,,,,,,,,,,,,0.0,1.0,1.0848989688977762,5.0,,,True,2.108288352931373
quartic,10.0,4,10,2000,2.0,PAC hyperposterior,0.858345592838339,,,,1.1647322565613014,,,,,,,,0.09788623046875,1.0,1.0,1.427287618689316,5.0,9.624590918252018,9.550423913546489,,
quartic,10.0,4,10,2000,2.0,PAC hyperprior,1.7188813009247395,,,,,,,,,,,,,1.0,0.125,1.7726461594342204,5.0,,,False,2.2945987293497154
quartic,10.0,4,10,2000,2.0,PAC hyperprior,1.7318960391481557,,,,,,,,,,,,,1.0,0.25,2.0771450808604235,5.0,,,False,2.9198041580061584
quartic,10.0,4,10,2000,2.0,PAC hyperprior,1.6716248630044237,,,,,,,,,,,,,1.0,0.5,2.5539546883917055,5.0,,,False,3.3485424226776335
quartic,10.0,4,10,2000,2.0,PAC hyperprior,1.4571949383373362,,,,,,,,,,,,,1.0,1.0,3.1000739487286912,5.0,,,True,3.9842764008609155
quartic,10.0,5,10,2000,2.0,fitted ellipse,1.6678336205714483,1.994389858608843,4.958560618358644,3.9583849165760574,-6.905973558232357,-0.29743556857618497,9.680344001221918,3.9548447255303336,0.2528544277717257,1.7519987289782764,0.570776669788554,34.38824127288266,0.0,,,,,,,,
quartic,10.0,5,10,2000,2.0,PAC hyperposterior,2.9265603459397975,,,,1.1647322565613014,,,,,,,,0.17389990234375,0.0,1.0,3.469694461740783,5.0,9.61739748351853,9.558417932628636,,
quartic,10.0,5,10,2000,2.0,PAC hyperprior,4.996477173947223,,,,,,,,,,,,,0.0,0.125,4.996477174589439,5.0,,,False,4.996507631256495
quartic,10.0,5,10,2000,2.0,PAC hyperprior,4.996470075345771,,,,,,,,,,,,,0.0,0.25,4.996470078708157,5.0,,,False,4.996540427569718
quartic,10.0,5,10,2000,2.0,PAC hyperprior,4.9964255729745695,,,,,,,,,,,,,0.0,0.5,4.996425630470488,5.0,,,False,4.996547836756548
quartic,10.0,5,10,2000,2.0,PAC hyperprior,4.996088105277687,,,,,,,,,,,,,0.0,1.0,4.996092214095099,5.0,,,True,4.996556803110963
quartic,10.0,5,10,2000,2.0,PAC hyperposterior,0.6546708512013928,,,,1.1647322565613014,,,,,,,,0.0312666015625,1.0,0.5,0.793467595877401,5.0,9.61739748351853,9.558417932628636,,
quartic,10.0,5,10,2000,2.0,PAC hyperprior,0.5533385799947619,,,,,,,,,,,,,1.0,0.125,0.5539452847920556,5.0,,,False,0.628592794474482
quartic,10.0,5,10,2000,2.0,PAC hyperprior,0.5570866727687667,,,,,,,,,,,,,1.0,0.25,0.5604700828570364,5.0,,,False,0.7314512622361864
quartic,10.0,5,10,2000,2.0,PAC hyperprior,0.5838823345424874,,,,,,,,,,,,,1.0,0.5,0.6124701614867172,5.0,,,True,1.2024891683098744
quartic,10.0,5,10,2000,2.0,PAC hyperprior,0.6982661894074986,,,,,,,,,,,,,1.0,1.0,1.4817178701768912,5.0,,,False,2.6603649788068964
quartic,10.0,6,10,2000,2.0,fitted ellipse,0.6376326144834081,1.6517268069675857,5.0516006348171825,4.260143306872934,-6.905973558232357,1.5253346644531482,9.680344001221918,3.9858580643498462,0.2508870069770322,1.1754219901213447,0.8507582880057952,34.38824127288266,0.016,,,,,,,,
quartic,10.0,6,10,2000,2.0,PAC hyperposterior,1.1087495061079597,,,,1.1647322565613014,,,,,,,,0.03947802734375,0.0,1.0,1.9967761894631146,5.0,9.612976176932868,9.529648285938396,,
quartic,10.0,6,10,2000,2.0,PAC hyperprior,0.9304695377055394,,,,,,,,,,,,,0.0,0.125,0.9314603081263668,5.0,,,False,0.9856770537839381
quartic,10.0,6,10,2000,2.0,PAC hyperprior,0.9358277858920498,,,,,,,,,,,,,0.0,0.25,0.9392901818367454,5.0,,,False,1.08030586677717
quartic,10.0,6,10,2000,2.0,PAC hyperprior,0.9711309841717528,,,,,,,,,,,,,0.0,0.5,0.9929589477237742,5.0,,,False,1.382157143230021
quartic,10.0,6,10,2000,2.0,PAC hyperprior,1.0774494864656345,,,,,,,,,,,,,0.0,1.0,1.4275644003260253,5.0,,,True,2.5634050808183826
quartic,10.0,6,10,2000,2.0,PAC hyperposterior,0.8362675958421597,,,,1.1647322565613014,,,,,,,,0.00262060546875,1.0,0.5,0.9527289486110183,5.0,9.612976176932868,9.529648285938396,,
quartic,10.0,6,10,2000,2.0,PAC hyperprior,0.7804175888258482,,,,,,,,,,,,,1.0,0.125,0.7868971808172682,5.0,,,False,0.94653557977181
quartic,10.0,6,10,2000,2.0,PAC hyperprior,0.7709950209544257,,,,,,,,,,,,,1.0,0.25,0.7944660830613243,5.0,,,False,1.0940580733494638
quartic,10.0,6,10,2000,2.0,PAC hyperprior,0.8014717897222154,,,,,,,,,,,,,1.0,0.5,0.9477473148540125,5.0,,,True,1.6309795814176855
quartic,10.0,6,10,2000,2.0,PAC hyperprior,0.8565002303549342,,,,,,,,,,,,,1.0,1.0,2.0229003424425747,5.0,,,False,3.2616555740645765
quartic,10.0,7,10,2000,2.0,fitted ellipse,1.9618591177851474,6.729244227853475,5.955207381138572,2.993776939107968,-6.905973558232357,1.0523840728743876,9.680344001221918,4.287060313123643,0.23326007262803794,1.6342744360880614,0.6118923345540943,34.38824127288266,0.2675,,,,,,,,
quartic,10.0,7,10,2000,2.0,PAC hyperposterior,0.6405230379522704,,,,1.1647322565613014,,,,,,,,7.6171875e-05,0.0,0.125,0.6423411346724807,5.0,9.574826716354046,9.467206918025436,,
quartic,10.0,7,10,2000,2.0,PAC hyperprior,0.6403525862998649,,,,,,,,,,,,,0.0,0.125,0.6420176708895118,5.0,,,True,0.7791086086790386
quartic,10.0,7,10,2000,2.0,PAC hyperprior,0.6615222136407234,,,,,,,,,,,,,0.0,0.25,0.6737353869129299,5.0,,,False,0.9147469463234383
quartic,10.0,7,10,2000,2.0,PAC hyperprior,0.699952416791474,,,,,,,,,,,,,0.0,0.5,0.7910403311781158,5.0,,,False,1.6067828611958053
quartic,10.0,7,10,2000,2.0,PAC hyperprior,0.8086805481970475,,,,,,,,,,,,,0.0,1.0,1.3292972416953348,5.0,,,False,2.247714594080179
quartic,10.0,7,10,2000,2.0,PAC hyperposterior,1.1701362464195992,,,,1.1647322565613014,,,,,,,,0.00102099609375,1.0,1.0,1.2112229942696844,5.0,9.574826716354046,9.467206918025436,,
quartic,10.0,7,10,2000,2.0,PAC hyperprior,1.633158266171388,,,,,,,,,,,,,1.0,0.125,1.6682573292661786,5.0,,,False,2.065917538177162
quartic,10.0,7,10,2000,2.0,PAC hyperprior,1.6636216321100643,,,,,,,,,,,,,1.0,0.25,1.8334392396736683,5.0,,,False,2.4894802091130845
quartic,10.0,7,10,2000,2.0,PAC hyperprior,1.6988696012510376,,,,,,,,,,,,,1.0,0.5,2.4544409429307903,5.0,,,False,3.5659819556985948
quartic,10.0,7,10,2000,2.0,PAC hyperprior,1.9205248606718204,,,,,,,,,,,,,1.0,1.0,3.45311016526028,5.0,,,True,4.563563613062017
quartic,10.0,8,10,2000,2.0,fitted ellipse,1.1969864946074136,2.182770117614006,4.937336676744006,4.061024396653279,-6.905973558232357,0.8093084970465978,9.680344001221918,3.9477700783254543,0.25330755848480796,1.3760093932324693,0.7267392249778454,34.38824127288266,0.0335,,,,,,,,
quartic,10.0,8,10,2000,2.0,PAC hyperposterior,2.0378728002790734,,,,1.1647322565613014,,,,,,,,0.06203369140625,0.0,0.125,2.0625369633658117,5.0,9.514356619540647,9.397967491835654,,
quartic,10.0,8,10,2000,2.0,PAC hyperprior,2.0427319365391794,,,,,,,,,,,,,0.0,0.125,2.069155034442173,5.0,,,True,2.3450132886827255
quartic,10.0,8,10,2000,2.0,PAC hyperprior,2.038679057968968,,,,,,,,,,,,,0.0,0.25,2.148397824479685,5.0,,,False,2.6438299675992702
quartic,10.0,8,10,2000,2.0,PAC hyperprior,2.0297107266349403,,,,,,,,,,,,,0.0,0.5,2.3124243020582007,5.0,,,False,2.9412216845412384
quartic,10.0,8,10,2000,2.0,PAC hyperprior,2.002733508907534,,,,,,,,,,,,,0.0,1.0,2.629143213404691,5.0,,,False,3.5959390852659308
quartic,10.0,8,10,2000,2.0,PAC hyperposterior,0.5920170518147354,,,,1.1647322565613014,,,,,,,,0.0,1.0,0.125,0.5959476384729699,5.0,9.514356619540647,9.397967491835654,,
quartic,10.0,8,10,2000,2.0,PAC hyperprior,0.5936434548155906,,,,,,,,,,,,,1.0,0.125,0.5976443124599877,5.0,,,True,0.7928854062603641
quartic,10.0,8,10,2000,2.0,PAC hyperprior,0.606932605466844,,,,,,,,,,,,,1.0,0.25,0.6262160233305194,5.0,,,False,0.965545472322523
quartic,10.0,8,10,2000,2.0,PAC hyperprior,0.636711273208409,,,,,,,,,,,,,1.0,0.5,0.7914936682130511,5.0,,,False,1.5578284924304615
quartic,10.0,8,10,2000,2.0,PAC hyperprior,0.7133438606277824,,,,,,,,,,,,,1.0,1.0,1.4547127954679189,5.0,,,False,2.3179079702063916
quartic,10.0,9,10,2000,2.0,fitted ellipse,3.494960366105902,4.803741621447641,6.127260175427912,4.761372706799152,-6.905973558232357,-1.3965430807222783,9.680344001221918,4.344411244553423,0.23018078715584245,2.50793441871673,0.39873450937831306,34.38824127288266,0.0,,,,,,,,
quartic,10.0,9,10,2000,2.0,PAC hyperposterior,1.9850779507403178,,,,1.1647322565613014,,,,,,,,0.0,0.0,0.125,1.9873555701581012,5.0,9.614394013196158,9.526478507751767,,
quartic,10.0,9,10,2000,2.0,PAC hyperprior,1.9852946079491984,,,,,,,,,,,,,0.0,0.125,1.9876025320623512,5.0,,,True,2.096106694394132
quartic,10.0,9,10,2000,2.0,PAC hyperprior,1.9861924858609066,,,,,,,,,,,,,0.0,0.25,1.994030397826468,5.0,,,False,2.157771507155905
quartic,10.0,9,10,2000,2.0,PAC hyperprior,1.9964485043578666,,,,,,,,,,,,,0.0,0.5,2.0241389554701463,5.0,,,False,2.284067348422054
quartic,10.0,9,10,2000,2.0,PAC hyperprior,2.0894369080235027,,,,,,,,,,,,,0.0,1.0,2.186832993722773,5.0,,,False,2.6945241775086988
quartic,10.0,9,10,2000,2.0,PAC hyperposterior,1.0611237093114028,,,,1.1647322565613014,,,,,,,,0.05719482421875,1.0,1.0,1.3773099632707189,5.0,9.614394013196158,9.526478507751767,,
quartic,10.0,9,10,2000,2.0,PAC hyperprior,0.9274088389218669,,,,,,,,,,,,,1.0,0.125,0.9297179246187218,5.0,,,False,1.0167112107025016
quartic,10.0,9,10,2000,2.0,PAC hyperprior,0.9285545533851349,,,,,,,,,,,,,1.0,0.25,0.9356457278090969,5.0,,,False,1.107579169519882
quartic,10.0,9,10,2000,2.0,PAC hyperprior,0.9567293977694974,,,,,,,,,,,,,1.0,0.5,0.9882003067943133,5.0,,,False,1.5794587885394051
quartic,10.0,9,10,2000,2.0,PAC hyperprior,1.0351579036559018,,,,,,,,,,,,,1.0,1.0,1.2489106707036017,5.0,,,True,2.122019741780898
quartic,10.0,10,10,2000,2.0,fitted ellipse,1.5028285862505886,1.6590246465645213,4.758274730482066,4.080242333501443,-6.905973558232357,-1.6497980637678924,9.680344001221918,3.888082762904807,0.25719617121856087,2.1360242647499863,0.4681594757618759,34.38824127288266,0.0,,,,,,,,
quartic,10.0,10,10,2000,2.0,PAC hyperposterior,0.598252292859734,,,,1.1647322565613014,,,,,,,,0.0359580078125,0.0,1.0,0.738584125127925,5.0,9.617188076737726,9.533804846763934,,
quartic,10.0,10,10,2000,2.0,PAC hyperprior,0.5955093351440754,,,,,,,,,,,,,0.0,0.125,0.5967931930051238,5.0,,,False,0.6738034759859062
quartic,10.0,10,10,2000,2.0,PAC hyperprior,0.5984188149351752,,,,,,,,,,,,,0.0,0.25,0.6038913544470033,5.0,,,False,0.7380322418971854
quartic,10.0,10,10,2000,2.0,PAC hyperprior,0.6069152802243861,,,,,,,,,,,,,0.0,0.5,0.624233260875649,5.0,,,False,0.8177721699960045
quartic,10.0,10,10,2000,2.0,PAC hyperprior,0.6206733138310647,,,,,,,,,,,,,0.0,1.0,0.6800372712241012,5.0,,,True,1.4845753533143409
quartic,10.0,10,10,2000,2.0,PAC hyperposterior,0.6967371382617781,,,,1.1647322565613014,,,,,,,,4.150390625e-05,1.0,0.25,0.6991243033776209,5.0,9.617188076737726,9.533804846763934,,
quartic,10.0,10,10,2000,2.0,PAC hyperprior,0.6842425599857846,,,,,,,,,,,,,1.0,0.125,0.6843698211592765,5.0,,,False,0.7309073833728768
quartic,10.0,10,10,2000,2.0,PAC hyperprior,0.6914840717055172,,,,,,,,,,,,,1.0,0.25,0.6928857402435957,5.0,,,True,0.8874473867646859
quartic,10.0,10,10,2000,2.0,PAC hyperprior,0.745643358022417,,,,,,,,,,,,,1.0,0.5,0.9044030945758392,5.0,,,False,1.7709021733492403
quartic,10.0,10,10,2000,2.0,PAC hyperprior,0.8503617565300794,,,,,,,,,,,,,1.0,1.0,2.5133832439139296,5.0,,,False,3.625915849328491
quartic,10.0,11,10,2000,2.0,fitted ellipse,0.958392031393485,2.6450444120224548,4.958647868038539,3.693290958694329,-6.905973558232357,0.6572062304913777,9.680344001221918,3.954873808756965,0.25285256833878716,1.4338138791823871,0.6974405915014831,34.38824127288266,0.0635,,,,,,,,
quartic,10.0,11,10,2000,2.0,PAC hyperposterior,1.3222579250787465,,,,1.1647322565613014,,,,,,,,0.09217138671875,0.0,0.5,2.082805986193109,5.0,9.452202091547186,9.30038958745795,,
quartic,10.0,11,10,2000,2.0,PAC hyperprior,1.3988568302965367,,,,,,,,,,,,,0.0,0.125,1.523550520819198,5.0,,,False,2.028966757590604
quartic,10.0,11,10,2000,2.0,PAC hyperprior,1.4247841137469976,,,,,,,,,,,,,0.0,0.25,1.7794163265897005,5.0,,,False,2.6154277939542414
quartic,10.0,11,10,2000,2.0,PAC hyperprior,1.4841279933400082,,,,,,,,,,,,,0.0,0.5,2.6380243764394122,5.0,,,True,3.8042451070521093
quartic,10.0,11,10,2000,2.0,PAC hyperprior,1.5269479087312043,,,,,,,,,,,,,0.0,1.0,3.426784444219428,5.0,,,False,4.504083313865154
quartic,10.0,11,10,2000,2.0,PAC hyperposterior,1.4669242489535717,,,,1.1647322565613014,,,,,,,,0.18979345703125,1.0,0.125,1.4769803902569558,5.0,9.452202091547186,9.30038958745795,,
quartic,10.0,11,10,2000,2.0,PAC hyperprior,1.4669736469767156,,,,,,,,,,,,,1.0,0.125,1.4776272058792022,5.0,,,True,1.6389045046278081
quartic,10.0,11,10,2000,2.0,PAC hyperprior,1.440017347553538,,,,,,,,,,,,,1.0,0.25,1.4885077855840279,5.0,,,False,1.8752814880048891
quartic,10.0,11,10,2000,2.0,PAC hyperprior,1.4235915347173358,,,,,,,,,,,,,1.0,0.5,2.1138122067414775,5.0,,,False,3.209127945798624
quartic,10.0,11,10,2000,2.0,PAC hyperprior,1.4027718646121428,,,,,,,,,,,,,1.0,1.0,3.1724786023891474,5.0,,,False,4.266375038792546
quartic,10.0,12,10,2000,2.0,fitted ellipse,0.5440488486933734,0.7067241316627417,4.691377071065958,4.921861537607744,-6.905973558232357,0.6368471690640264,9.680344001221918,3.8657835430994383,0.25867977056941943,1.3515099673339772,0.7399131520817603,34.38824127288266,0.0,,,,,,,,
quartic,10.0,12,10,2000,2.0,PAC hyperposterior,0.35627097974718624,,,,1.1647322565613014,,,,,,,,0.00702880859375,0.0,0.125,0.3695234828323878,5.0,9.623844642169331,9.54623403484008,,
quartic,10.0,12,10,2000,2.0,PAC hyperprior,0.3506499821423528,,,,,,,,,,,,,0.0,0.125,0.3634282654692173,5.0,,,True,0.5571976430293741
quartic,10.0,12,10,2000,2.0,PAC hyperprior,0.37555495192558674,,,,,,,,,,,,,0.0,0.25,0.43564950423180393,5.0,,,False,1.0819131031960083
quartic,10.0,12,10,2000,2.0,PAC hyperprior,0.4089224420515722,,,,,,,,,,,,,0.0,0.5,0.9121281187662289,5.0,,,False,2.089433546952181
quartic,10.0,12,10,2000,2.0,PAC hyperprior,0.4677263802295408,,,,,,,,,,,,,0.0,1.0,1.9327752750191274,5.0,,,False,2.9597148155123527
quartic,10.0,12,10,2000,2.0,PAC hyperposterior,0.5171991028463722,,,,1.1647322565613014,,,,,,,,0.0004521484375,1.0,0.5,0.5817780663386186,5.0,9.623844642169331,9.54623403484008,,
quartic,10.0,12,10,2000,2.0,PAC hyperprior,0.5207393971119488,,,,,,,,,,,,,1.0,0.125,0.5228708201849424,5.0,,,False,0.6123171396466702
quartic,10.0,12,10,2000,2.0,PAC hyperprior,0.5278438440762326,,,,,,,,,,,,,1.0,0.25,0.5360480008761703,5.0,,,False,0.7227375163632228
quartic,10.0,12,10,2000,2.0,PAC hyperprior,0.5451112314812696,,,,,,,,,,,,,1.0,0.5,0.5883103986406668,5.0,,,True,0.9958483473759436
quartic,10.0,12,10,2000,2.0,PAC hyperprior,0.6462210249709226,,,,,,,,,,,,,1.0,1.0,1.3365918234956484,5.0,,,False,2.426542353643816
quartic,10.0,13,10,2000,2.0,fitted ellipse,0.8318305672102362,2.421533963042688,5.423821484690201,5.006262120177562,-6.905973558232357,2.109863241070042,9.680344001221918,4.109931680974186,0.24331304693682107,1.1046527478733863,0.905261858919142,34.38824127288266,0.0645,,,,,,,,
quartic,10.0,13,10,2000,2.0,PAC hyperposterior,0.9463350911600843,,,,1.1647322565613014,,,,,,,,0.00024658203125,0.0,0.125,0.9675675479058649,5.0,9.61523851238482,9.53706687521489,,
quartic,10.0,13,10,2000,2.0,PAC hyperprior,0.9488413266047835,,,,,,,,,,,,,0.0,0.125,0.9720717474301201,5.0,,,True,1.3298888076028792
quartic,10.0,13,10,2000,2.0,PAC hyperprior,0.9816763433384671,,,,,,,,,,,,,0.0,0.25,1.123336999429907,5.0,,,False,1.9315827215833625
quartic,10.0,13,10,2000,2.0,PAC hyperprior,1.0887629030155903,,,,,,,,,,,,,0.0,0.5,1.8543083728119292,5.0,,,False,2.882837965889996
quartic,10.0,13,10,2000,2.0,PAC hyperprior,1.2437367264258723,,,,,,,,,,,,,0.0,1.0,3.019247911565112,5.0,,,False,4.103488998191432
quartic,10.0,13,10,2000,2.0,PAC hyperposterior,1.4957538759461142,,,,1.1647322565613014,,,,,,,,0.0,1.0,0.125,1.4966710908926244,5.0,9.61523851238482,9.53706687521489,,
quartic,10.0,13,10,2000,2.0,PAC hyperprior,1.497548543056518,,,,,,,,,,,,,1.0,0.125,1.4984035141585141,5.0,,,True,1.5531102634075964
quartic,10.0,13,10,2000,2.0,PAC hyperprior,1.496454469506673,,,,,,,,,,,,,1.0,0.25,1.4994241662602525,5.0,,,False,1.5832726128044143
quartic,10.0,13,10,2000,2.0,PAC hyperprior,1.5045190454280357,,,,,,,,,,,,,1.0,0.5,1.5493581670760603,5.0,,,False,2.4389001800077477
quartic,10.0,13,10,2000,2.0,PAC hyperprior,1.5469730343902355,,,,,,,,,,,,,1.0,1.0,1.805220697221627,5.0,,,False,2.6705905225192037
quartic,10.0,14,10,2000,2.0,fitted ellipse,1.1196367382248287,2.991749704790085,4.953098060414868,3.799705170207754,-6.905973558232357,0.7294802184128412,9.680344001221918,3.953023872882408,0.2529708982685285,1.4078726140006756,0.7102915349410441,34.38824127288266,0.0675,,,,,,,,
quartic,10.0,14,10,2000,2.0,PAC hyperposterior,0.9289512894925929,,,,1.1647322565613014,,,,,,,,0.0265185546875,0.0,1.0,1.100528925311731,5.0,9.614660992633691,9.525648182103616,,
quartic,10.0,14,10,2000,2.0,PAC hyperprior,2.43468392876658,,,,,,,,,,,,,0.0,0.125,2.5093299359698884,5.0,,,False,3.249322862262618
quartic,10.0,14,10,2000,2.0,PAC hyperprior,2.4051955164997674,,,,,,,,,,,,,0.0,0.25,2.729702751480769,5.0,,,False,3.5777982620775237
quartic,10.0,14,10,2000,2.0,PAC hyperprior,2.3398192673398146,,,,,,,,,,,,,0.0,0.5,3.250120164364737,5.0,,,False,4.193707022205155
quartic,10.0,14,10,2000,2.0,PAC hyperprior,2.316688345727629,,,,,,,,,,,,,0.0,1.0,3.8139111023988654,5.0,,,True,4.6216242082027055
quartic,10.0,14,10,2000,2.0,PAC hyperposterior,1.1572693276407375,,,,1.1647322565613014,,,,,,,,0.0067158203125,1.0,0.125,1.1694674647918748,5.0,9.614660992633691,9.525648182103616,,
quartic,10.0,14,10,2000,2.0,PAC hyperprior,1.1659223662398701,,,,,,,,,,,,,1.0,0.125,1.1802675895945467,5.0,,,True,1.3784370547870406
quartic,10.0,14,10,2000,2.0,PAC hyperprior,1.1778230533757292,,,,,,,,,,,,,1.0,0.25,1.2219740881179055,5.0,,,False,1.6332563080976747
quartic,10.0,14,10,2000,2.0,PAC hyperprior,1.218181552765453,,,,,,,,,,,,,1.0,0.5,1.510363077501417,5.0,,,False,2.334955986262102
quartic,10.0,14,10,2000,2.0,PAC hyperprior,1.3625564292211632,,,,,,,,,,,,,1.0,1.0,2.9864087395599186,5.0,,,False,4.207160422800287
quartic,10.0,15,10,2000,2.0,fitted ellipse,0.9726480877880768,3.121171359882246,5.405398870595902,4.638964070445516,-6.905973558232357,0.9486285595357534,9.680344001221918,4.1037908096094196,0.2436771381373544,1.4855901036867163,0.6731331862795457,34.38824127288266,0.1075,,,,,,,,
quartic,10.0,15,10,2000,2.0,PAC hyperposterior,1.2160153191902703,,,,1.1647322565613014,,,,,,,,0.0069853515625,0.0,0.125,1.2168436271645562,5.0,9.649456244710695,9.585914762896744,,
quartic,10.0,15,10,2000,2.0,PAC hyperprior,1.2173574319854745,,,,,,,,,,,,,0.0,0.125,1.2182880219555192,5.0,,,True,1.2865262856607949
quartic,10.0,15,10,2000,2.0,PAC hyperprior,1.2304632982929153,,,,,,,,,,,,,0.0,0.25,1.2387416928167476,5.0,,,False,1.5249415486491422
quartic,10.0,15,10,2000,2.0,PAC hyperprior,1.2679146027927994,,,,,,,,,,,,,0.0,0.5,1.312448593085318,5.0,,,False,1.7518995308009355
quartic,10.0,15,10,2000,2.0,PAC hyperprior,1.3175708542007778,,,,,,,,,,,,,0.0,1.0,1.4925391922705393,5.0,,,False,2.372372223226842
quartic,10.0,15,10,2000,2.0,PAC hyperposterior,0.6083871492054947,,,,1.1647322565613014,,,,,,,,0.0139228515625,1.0,1.0,0.6239168089666828,5.0,9.649456244710695,9.585914762896744,,
quartic,10.0,15,10,2000,2.0,PAC hyperprior,0.6357899219831644,,,,,,,,,,,,,1.0,0.125,0.6359800784542655,5.0,,,False,0.6610591855103536
quartic,10.0,15,10,2000,2.0,PAC hyperprior,0.6377121293758572,,,,,,,,,,,,,1.0,0.25,0.6384897799017766,5.0,,,False,0.6837017543059094
quartic,10.0,15,10,2000,2.0,PAC hyperprior,0.6416881943993401,,,,,,,,,,,,,1.0,0.5,0.6451211439123823,5.0,,,False,0.7471270550358984
quartic,10.0,15,10,2000,2.0,PAC hyperprior,0.6467507359057587,,,,,,,,,,,,,1.0,1.0,0.6599816963754771,5.0,,,True,0.8297801055008591
quartic,10.0,16,10,2000,2.0,fitted ellipse,0.8004153113889902,1.0551946097244587,4.590577489943891,4.346431226387855,-6.905973558232357,0.7465172809881278,9.680344001221918,3.832183682725416,0.2609478257808375,1.2813534029852545,0.7804248208731747,34.38824127288266,0.0,,,,,,,,
quartic,10.0,16,10,2000,2.0,PAC hyperposterior,0.6292514691480784,,,,1.1647322565613014,,,,,,,,0.0037392578125,0.0,0.25,0.630300424070717,5.0,9.58170167236202,9.480219894164783,,
quartic,10.0,16,10,2000,2.0,PAC hyperprior,0.6243316707288753,,,,,,,,,,,,,0.0,0.125,0.6245804936511652,5.0,,,False,0.660656468145028
quartic,10.0,16,10,2000,2.0,PAC hyperprior,0.6294051807047836,,,,,,,,,,,,,0.0,0.25,0.6304728972511944,5.0,,,True,0.718080534108962
quartic,10.0,16,10,2000,2.0,PAC hyperprior,0.6545565453384984,,,,,,,,,,,,,0.0,0.5,0.6607639857250701,5.0,,,False,0.9140603194126165
quartic,10.0,16,10,2000,2.0,PAC hyperprior,0.7450785468704886,,,,,,,,,,,,,0.0,1.0,0.9981251160790597,5.0,,,False,1.885504861356635
quartic,10.0,16,10,2000,2.0,PAC hyperposterior,0.6070308994044222,,,,1.1647322565613014,,,,,,,,4.833984375e-05,1.0,0.125,0.6113627967583805,5.0,9.58170167236202,9.480219894164783,,
quartic,10.0,16,10,2000,2.0,PAC hyperprior,0.6094397357592694,,,,,,,,,,,,,1.0,0.125,0.6149686373045901,5.0,,,True,0.8768380763093635
quartic,10.0,16,10,2000,2.0,PAC hyperprior,0.6392549821728029,,,,,,,,,,,,,1.0,0.25,0.6693606734671496,5.0,,,False,1.0583243892039107
quartic,10.0,16,10,2000,2.0,PAC hyperprior,0.6916703538723519,,,,,,,,,,,,,1.0,0.5,0.870244223814755,5.0,,,False,1.6600136379477544
quartic,10.0,16,10,2000,2.0,PAC hyperprior,0.772516819026912,,,,,,,,,,,,,1.0,1.0,2.346745544175809,5.0,,,False,3.5469604490549678
quartic,10.0,17,10,2000,2.0,fitted ellipse,1.9568337974483399,4.012617766201336,5.899994027340981,5.075134039226051,-6.905973558232357,-0.5835025207142879,9.680344001221918,4.26865586185778,0.23426578116437471,2.161165516018423,0.46271328715365057,34.38824127288266,0.062,,,,,,,,
quartic,10.0,17,10,2000,2.0,PAC hyperposterior,0.8139246318047983,,,,1.1647322565613014,,,,,,,,0.0,0.0,0.125,0.8211842137714767,5.0,9.608035710425286,9.518806316804229,,
quartic,10.0,17,10,2000,2.0,PAC hyperprior,0.8144691786801312,,,,,,,,,,,,,0.0,0.125,0.8224090099889038,5.0,,,True,1.0259022961927524
quartic,10.0,17,10,2000,2.0,PAC hyperprior,0.8216551267274804,,,,,,,,,,,,,0.0,0.25,0.8508173251615767,5.0,,,False,1.168239833933173
quartic,10.0,17,10,2000,2.0,PAC hyperprior,0.8446556915066583,,,,,,,,,,,,,0.0,0.5,0.9754322252757083,5.0,,,False,1.4873682982265333
quartic,10.0,17,10,2000,2.0,PAC hyperprior,0.9914443263447339,,,,,,,,,,,,,0.0,1.0,1.6039551369455303,5.0,,,False,2.4248997701550774
quartic,10.0,17,10,2000,2.0,PAC hyperposterior,1.1404503182592265,,,,1.1647322565613014,,,,,,,,0.02686279296875,1.0,1.0,1.3069582690717803,5.0,9.608035710425286,9.518806316804229,,
quartic,10.0,17,10,2000,2.0,PAC hyperprior,1.2422182306148075,,,,,,,,,,,,,1.0,0.125,1.2470581754624832,5.0,,,False,1.3235659933056247
quartic,10.0,17,10,2000,2.0,PAC hyperprior,1.2124683859966143,,,,,,,,,,,,,1.0,0.25,1.2281397041137097,5.0,,,False,1.37218756762479
quartic,10.0,17,10,2000,2.0,PAC hyperprior,1.1690132900282437,,,,,,,,,,,,,1.0,0.5,1.2221153131001583,5.0,,,False,1.7830592179749924
quartic,10.0,17,10,2000,2.0,PAC hyperprior,1.1633517355219736,,,,,,,,,,,,,1.0,1.0,1.4357014192013613,5.0,,,True,2.3751605259187603
quartic,10.0,18,10,2000,2.0,fitted ellipse,1.953943641933277,3.521273314439401,5.214810511611831,4.2852819820550465,-6.905973558232357,-3.772941493713188,9.680344001221918,4.040261356614729,0.24750874058253602,2.9959173351083397,0.33378758094600014,34.38824127288266,0.0955,,,,,,,,
quartic,10.0,18,10,2000,2.0,PAC hyperposterior,0.7291408689199756,,,,1.1647322565613014,,,,,,,,0.022095703125,0.0,1.0,0.9010396858394296,5.0,9.672325839876095,9.635709614559065,,
quartic,10.0,18,10,2000,2.0,PAC hyperprior,0.8661234339556486,,,,,,,,,,,,,0.0,0.125,0.8667109234510241,5.0,,,False,0.9113123641969505
quartic,10.0,18,10,2000,2.0,PAC hyperprior,0.8610270928777584,,,,,,,,,,,,,0.0,0.25,0.863379281306627,5.0,,,False,0.9372017531387637
quartic,10.0,18,10,2000,2.0,PAC hyperprior,0.8588489664867671,,,,,,,,,,,,,0.0,0.5,0.8651222053260236,5.0,,,False,0.9544807776790769
quartic,10.0,18,10,2000,2.0,PAC hyperprior,0.8431418601847869,,,,,,,,,,,,,0.0,1.0,0.867395116349545,5.0,,,True,1.3166855140236748
quartic,10.0,18,10,2000,2.0,PAC hyperposterior,1.39433578713412,,,,1.1647322565613014,,,,,,,,0.0356552734375,1.0,1.0,1.9811684728527978,5.0,9.672325839876095,9.635709614559065,,
quartic,10.0,18,10,2000,2.0,PAC hyperprior,1.5904771039583423,,,,,,,,,,,,,1.0,0.125,1.6015971183992832,5.0,,,False,1.784984249585582
quartic,10.0,18,10,2000,2.0,PAC hyperprior,1.560824328060682,,,,,,,,,,,,,1.0,0.25,1.5992300021320842,5.0,,,False,2.003461027967191
quartic,10.0,18,10,2000,2.0,PAC hyperprior,1.5414501443355983,,,,,,,,,,,,,1.0,0.5,1.794312999686536,5.0,,,False,2.823379027662792
quartic,10.0,18,10,2000,2.0,PAC hyperprior,1.5649571894610053,,,,,,,,,,,,,1.0,1.0,2.7462195110011924,5.0,,,True,3.938695501649926
quartic,10.0,19,10,2000,2.0,fitted ellipse,0.5530880971817371,1.6176980403894132,5.242663722017678,4.814018885923044,-6.905973558232357,1.0277040646399516,9.680344001221918,4.049545760083345,0.24694127668763982,1.404986552459242,0.7117505845515981,34.38824127288266,0.0325,,,,,,,,
quartic,10.0,19,10,2000,2.0,PAC hyperposterior,1.5178012735789443,,,,1.1647322565613014,,,,,,,,0.14271630859375,0.0,1.0,1.894688061882023,5.0,9.680344001221918,9.67963422711653,,
quartic,10.0,19,10,2000,2.0,PAC hyperprior,1.7284865017752429,,,,,,,,,,,,,0.0,0.125,1.730460300093204,5.0,,,False,1.8117579019224639
quartic,10.0,19,10,2000,2.0,PAC hyperprior,1.719641215118933,,,,,,,,,,,,,0.0,0.25,1.7261032384141999,5.0,,,False,1.827466174558218
quartic,10.0,19,10,2000,2.0,PAC hyperprior,1.6970395923966342,,,,,,,,,,,,,0.0,0.5,1.7232861563036763,5.0,,,False,2.1909191753560258
quartic,10.0,19,10,2000,2.0,PAC hyperprior,1.6389327424617797,,,,,,,,,,,,,0.0,1.0,1.7660396887851484,5.0,,,True,2.4685968942137695
quartic,10.0,19,10,2000,2.0,PAC hyperposterior,2.315156196071243,,,,1.1647322565613014,,,,,,,,0.28179541015625,1.0,1.0,2.5435055909320843,5.0,9.680344001221918,9.67963422711653,,
quartic,10.0,19,10,2000,2.0,PAC hyperprior,1.3160186379732628,,,,,,,,,,,,,1.0,0.125,1.3160362035767803,5.0,,,False,1.3304375173052492
quartic,10.0,19,10,2000,2.0,PAC hyperprior,1.3156228814921298,,,,,,,,,,,,,1.0,0.25,1.3157968867580612,5.0,,,False,1.3466981848426816
quartic,10.0,19,10,2000,2.0,PAC hyperprior,1.3287990660179534,,,,,,,,,,,,,1.0,0.5,1.3400396558410956,5.0,,,False,1.8159830496999074
quartic,10.0,19,10,2000,2.0,PAC hyperprior,1.3669284873775984,,,,,,,,,,,,,1.0,1.0,1.4971968005820335,5.0,,,True,2.2890451113473365
quartic,20.0,0,20,2000,4.0,fitted ellipse,0.8716169599921404,0.9903668967036516,4.587227863464943,4.542151786354781,-6.905973558232357,0.4634350029206413,9.680344001221918,3.8310671405657666,0.2610238775017452,1.3745976201814338,0.727485618568152,34.38824127288266,0.0,,,,,,,,
quartic,20.0,0,20,2000,4.0,PAC hyperposterior,1.0181119152604257,,,,1.1647322565613014,,,,,,,,0.0041884765625,0.0,1.0,1.0493777410108376,10.0,9.423404416887259,9.276055823962263,,
quartic,20.0,0,20,2000,4.0,PAC hyperprior,1.083675479423901,,,,,,,,,,,,,0.0,0.125,1.0870101278842337,10.0,,,False,1.1666481314561832
quartic,20.0,0,20,2000,4.0,PAC hyperprior,1.0896593383127562,,,,,,,,,,,,,0.0,0.25,1.1032227683520386,10.0,,,False,1.2624991126308984
quartic,20.0,0,20,2000,4.0,PAC hyperprior,1.1155910363947357,,,,,,,,,,,,,0.0,0.5,1.2408222458332319,10.0,,,False,1.6620078111067365
quartic,20.0,0,20,2000,4.0,PAC hyperprior,1.216196326414291,,,,,,,,,,,,,0.0,1.0,1.7650587792574748,10.0,,,True,2.312042544492156
quartic,20.0,0,20,2000,4.0,PAC hyperposterior,0.7013713784687329,,,,1.1647322565613014,,,,,,,,2.783203125e-05,1.0,0.125,0.7097378700778536,10.0,9.423404416887259,9.276055823962263,,
quartic,20.0,0,20,2000,4.0,PAC hyperprior,0.712527174498764,,,,,,,,,,,,,1.0,0.125,0.7278801645873207,10.0,,,True,0.9400139109347823
quartic,20.0,0,20,2000,4.0,PAC hyperprior,0.7437102639776885,,,,,,,,,,,,,1.0,0.25,0.9921715574337554,10.0,,,False,1.497821277588308
quartic,20.0,0,20,2000,4.0,PAC hyperprior,0.8364556707317541,,,,,,,,,,,,,1.0,0.5,1.5164061226348706,10.0,,,False,2.038375243654718
quartic,20.0,0,20,2000,4.0,PAC hyperprior,0.9902904709053495,,,,,,,,,,,,,1.0,1.0,2.9137010884988324,10.0,,,False,3.5078279084431454
quartic,20.0,1,20,2000,4.0,fitted ellipse,0.5294975182622661,1.4003557796903712,5.081983920555081,4.638923833344045,-6.905973558232357,2.876224594996104,9.680344001221918,3.9959858262624794,0.25025113788637204,0.7352531085196591,1.360075854712639,34.38824127288266,0.004,,,,,,,,
quartic,20.0,1,20,2000,4.0,PAC hyperposterior,0.6260223070735278,,,,1.1647322565613014,,,,,,,,0.00148388671875,0.0,0.125,0.6329850252864777,10.0,9.26273709949303,9.065159635268092,,
quartic,20.0,1,20,2000,4.0,PAC hyperprior,0.6227824606661415,,,,,,,,,,,,,0.0,0.125,0.6290992710075989,10.0,,,True,0.7493787393619673
quartic,20.0,1,20,2000,4.0,PAC hyperprior,0.6394694837014395,,,,,,,,,,,,,0.0,0.25,0.6620823248626062,10.0,,,False,0.8697549995131375
quartic,20.0,1,20,2000,4.0,PAC hyperprior,0.6761970825890712,,,,,,,,,,,,,0.0,0.5,0.7801424811893273,10.0,,,False,1.1720509975433888
quartic,20.0,1,20,2000,4.0,PAC hyperprior,0.7561108014848789,,,,,,,,,,,,,0.0,1.0,1.3778834706728134,10.0,,,False,1.9000486706347441
quartic,20.0,1,20,2000,4.0,PAC hyperposterior,0.5043873205294719,,,,1.1647322565613014,,,,,,,,0.03153759765625,1.0,1.0,1.0228172438503833,10.0,9.26273709949303,9.065159635268092,,
quartic,20.0,1,20,2000,4.0,PAC hyperprior,0.8511477876234783,,,,,,,,,,,,,1.0,0.125,0.9457911502935392,10.0,,,False,1.4099387070876102
quartic,20.0,1,20,2000,4.0,PAC hyperprior,0.8570004377967602,,,,,,,,,,,,,1.0,0.25,1.1350033739736198,10.0,,,False,1.5411551490396782
quartic,20.0,1,20,2000,4.0,PAC hyperprior,0.8621473484501139,,,,,,,,,,,,,1.0,0.5,1.568021726146559,10.0,,,False,2.108476637943845
quartic,20.0,1,20,2000,4.0,PAC hyperprior,0.9150343990527803,,,,,,,,,,,,,1.0,1.0,2.7230706944255556,10.0,,,True,3.345424048435458
quartic,20.0,2,20,2000,4.0,fitted ellipse,0.9628369663372798,1.2482157142946473,4.69032226456361,4.216487987543988,-6.905973558232357,0.7015709419250312,9.680344001221918,3.865431940931989,0.25870330024718824,1.3295837742128598,0.7521150749542052,34.38824127288266,0.0,,,,,,,,
quartic,20.0,2,20,2000,4.0,PAC hyperposterior,0.8384451625952533,,,,1.1647322565613014,,,,,,,,0.0,0.0,0.125,0.8415632980574521,10.0,8.887943548934302,8.624952257619281,,
quartic,20.0,2,20,2000,4.0,PAC hyperprior,0.8404820046061141,,,,,,,,,,,,,0.0,0.125,0.8443499775002351,10.0,,,True,0.9763763494842657
quartic,20.0,2,20,2000,4.0,PAC hyperprior,0.8605210866554347,,,,,,,,,,,,,0.0,0.25,0.8846163853119442,10.0,,,False,1.0916968744141755
quartic,20.0,2,20,2000,4.0,PAC hyperprior,0.9139099658010087,,,,,,,,,,,,,0.0,0.5,1.365841087010482,10.0,,,False,1.9291434141539252
quartic,20.0,2,20,2000,4.0,PAC hyperprior,1.008829183405727,,,,,,,,,,,,,0.0,1.0,2.721494772221204,10.0,,,False,3.3125769568782157
quartic,20.0,2,20,2000,4.0,PAC hyperposterior,0.8110917795376394,,,,1.1647322565613014,,,,,,,,0.0,1.0,0.125,0.8211037354344072,10.0,8.887943548934302,8.624952257619281,,
quartic,20.0,2,20,2000,4.0,PAC hyperprior,0.8123646276296053,,,,,,,,,,,,,1.0,0.125,0.821701781858905,10.0,,,True,0.9987879765651702
quartic,20.0,2,20,2000,4.0,PAC hyperprior,0.8338997094559006,,,,,,,,,,,,,1.0,0.25,0.9194093792783249,10.0,,,False,1.3139712894406497
quartic,20.0,2,20,2000,4.0,PAC hyperprior,0.8952173960224725,,,,,,,,,,,,,1.0,0.5,1.7092977044054969,10.0,,,False,2.318193315805553
quartic,20.0,2,20,2000,4.0,PAC hyperprior,0.9985797360723192,,,,,,,,,,,,,1.0,1.0,2.8555728114062147,10.0,,,False,3.4431599742795864
quartic,20.0,3,20,2000,4.0,fitted ellipse,0.9109528616403821,1.1486220996304313,4.6562278087213995,4.340525842267963,-6.905973558232357,0.44175606434767606,9.680344001221918,3.8540671223179186,0.25946616087956936,1.4048239147912411,0.7118329845264639,34.38824127288266,0.0,,,,,,,,
quartic,20.0,3,20,2000,4.0,PAC hyperposterior,0.2994015021595414,,,,1.1647322565613014,,,,,,,,0.0,0.0,0.125,0.3012967639769525,10.0,9.012844662226167,8.768124169041187,,
quartic,20.0,3,20,2000,4.0,PAC hyperprior,0.30035388978796074,,,,,,,,,,,,,0.0,0.125,0.3023552024677332,10.0,,,True,0.3768828526004535
quartic,20.0,3,20,2000,4.0,PAC hyperprior,0.3069877581496258,,,,,,,,,,,,,0.0,0.25,0.3170424012768131,10.0,,,False,0.5315189626491446
quartic,20.0,3,20,2000,4.0,PAC hyperprior,0.3614913279091797,,,,,,,,,,,,,0.0,0.5,0.733571076912699,10.0,,,False,1.3101854422740615
quartic,20.0,3,20,2000,4.0,PAC hyperprior,0.48325997391408293,,,,,,,,,,,,,0.0,1.0,2.185678998982646,10.0,,,False,2.8072188445165303
quartic,20.0,3,20,2000,4.0,PAC hyperposterior,0.7208953980402355,,,,1.1647322565613014,,,,,,,,2.44140625e-06,1.0,0.125,0.7235296782136502,10.0,9.012844662226167,8.768124169041187,,
quartic,20.0,3,20,2000,4.0,PAC hyperprior,0.7211856797903266,,,,,,,,,,,,,1.0,0.125,0.7238213424169252,10.0,,,True,0.8230215094589255
quartic,20.0,3,20,2000,4.0,PAC hyperprior,0.7347538871197508,,,,,,,,,,,,,1.0,0.25,0.7567456618938937,10.0,,,False,0.9978576027173496
quartic,20.0,3,20,2000,4.0,PAC hyperprior,0.7889540681613163,,,,,,,,,,,,,1.0,0.5,1.1781728513504572,10.0,,,False,1.779994214344736
quartic,20.0,3,20,2000,4.0,PAC hyperprior,0.9343092782899314,,,,,,,,,,,,,1.0,1.0,2.918052074893264,10.0,,,False,3.5245874843003424
quartic,20.0,4,20,2000,4.0,fitted ellipse,1.0719902460891841,1.7251420551305006,4.74788009900412,4.735880505180539,-6.905973558232357,0.24512761448409512,9.680344001221918,3.884617885745492,0.25742557682944184,1.5009174948400084,0.6662591404510185,34.38824127288266,0.0,,,,,,,,
quartic,20.0,4,20,2000,4.0,PAC hyperposterior,0.4245346603104124,,,,1.1647322565613014,,,,,,,,0.0407724609375,0.0,1.0,0.8279977293667997,10.0,9.310634082712541,9.123616433545958,,
quartic,20.0,4,20,2000,4.0,PAC hyperprior,0.6376843405874175,,,,,,,,,,,,,0.0,0.125,0.6827982810412979,10.0,,,False,0.983159728930163
quartic,20.0,4,20,2000,4.0,PAC hyperprior,0.6649357536598721,,,,,,,,,,,,,0.0,0.25,0.835724075539962,10.0,,,False,1.2361781236503617
quartic,20.0,4,20,2000,4.0,PAC hyperprior,0.72285529772608,,,,,,,,,,,,,0.0,0.5,1.873402275206597,10.0,,,False,2.4595715207358033
quartic,20.0,4,20,2000,4.0,PAC hyperprior,0.7725965471840859,,,,,,,,,,,,,0.0,1.0,3.1551611521494385,10.0,,,True,3.7721273461301745
quartic,20.0,4,20,2000,4.0,PAC hyperposterior,0.9001456908621648,,,,1.1647322565613014,,,,,,,,0.00659033203125,1.0,0.125,0.9236059037506645,10.0,9.310634082712541,9.123616433545958,,
quartic,20.0,4,20,2000,4.0,PAC hyperprior,0.9050627527510818,,,,,,,,,,,,,1.0,0.125,0.9275119652821922,10.0,,,True,1.1027920494344112
quartic,20.0,4,20,2000,4.0,PAC hyperprior,0.9099393678704657,,,,,,,,,,,,,1.0,0.25,1.1389340156508898,10.0,,,False,1.730535865744132
quartic,20.0,4,20,2000,4.0,PAC hyperprior,0.9601455638081009,,,,,,,,,,,,,1.0,0.5,1.9205309833315423,10.0,,,False,2.5339647469563715
quartic,20.0,4,20,2000,4.0,PAC hyperprior,1.1169494957933868,,,,,,,,,,,,,1.0,1.0,3.266520463891962,10.0,,,False,3.8628105890972666
quartic,20.0,5,20,2000,4.0,fitted ellipse,1.2257337550742076,4.176237197963088,5.126815489874625,4.191298197366281,-6.905973558232357,0.9557685556762362,9.680344001221918,4.010929682702327,0.2493187562755424,1.3903489780661296,0.7192438846475253,34.38824127288266,0.092,,,,,,,,
quartic,20.0,5,20,2000,4.0,PAC hyperposterior,0.4610583757371589,,,,1.1647322565613014,,,,,,,,0.0,0.0,0.125,0.465371452490501,10.0,9.246701341888038,9.04576041099363,,
quartic,20.0,5,20,2000,4.0,PAC hyperprior,0.4600115471242382,,,,,,,,,,,,,0.0,0.125,0.46431698530117477,10.0,,,True,0.5592693186864555
quartic,20.0,5,20,2000,4.0,PAC hyperprior,0.46480195968458576,,,,,,,,,,,,,0.0,0.25,0.4833894302243483,10.0,,,False,0.6582775526779923
quartic,20.0,5,20,2000,4.0,PAC hyperprior,0.4900918744423869,,,,,,,,,,,,,0.0,0.5,0.6297169614675769,10.0,,,False,1.121980851187816
quartic,20.0,5,20,2000,4.0,PAC hyperprior,0.5331280427474668,,,,,,,,,,,,,0.0,1.0,1.9358617437983487,10.0,,,False,2.5594355620710285
quartic,20.0,5,20,2000,4.0,PAC hyperposterior,1.3095300842730944,,,,1.1647322565613014,,,,,,,,0.03451220703125,1.0,1.0,1.3413503203413513,10.0,9.246701341888038,9.04576041099363,,
quartic,20.0,5,20,2000,4.0,PAC hyperprior,1.3236082155735407,,,,,,,,,,,,,1.0,0.125,1.3277498000211192,10.0,,,False,1.5187972721211818
quartic,20.0,5,20,2000,4.0,PAC hyperprior,1.3461728441352427,,,,,,,,,,,,,1.0,0.25,1.4921985881242783,10.0,,,False,1.9797428075395018
quartic,20.0,5,20,2000,4.0,PAC hyperprior,1.439654052810098,,,,,,,,,,,,,1.0,0.5,1.9640382520167214,10.0,,,False,2.499198401399589
quartic,20.0,5,20,2000,4.0,PAC hyperprior,1.615402298005459,,,,,,,,,,,,,1.0,1.0,3.2783765119363837,10.0,,,True,3.8492187945305734
quartic,20.0,6,20,2000,4.0,fitted ellipse,0.9166564703749192,1.2955837637996506,4.812993771005002,4.555438763890935,-6.905973558232357,0.7867015848068358,9.680344001221918,3.9063224430791195,0.25599525245841204,1.3420973953993887,0.7451024071933428,34.38824127288266,0.0,,,,,,,,
quartic,20.0,6,20,2000,4.0,PAC hyperposterior,1.209603075350347,,,,1.1647322565613014,,,,,,,,0.0,0.0,0.125,1.2167051548083123,10.0,9.175079188631072,8.958184413918495,,
quartic,20.0,6,20,2000,4.0,PAC hyperprior,1.2168000699614452,,,,,,,,,,,,,0.0,0.125,1.2228676969063763,10.0,,,True,1.3313519245581151
quartic,20.0,6,20,2000,4.0,PAC hyperprior,1.2240329376250545,,,,,,,,,,,,,0.0,0.25,1.2614229809539625,10.0,,,False,1.559175377063001
quartic,20.0,6,20,2000,4.0,PAC hyperprior,1.2559192883216403,,,,,,,,,,,,,0.0,0.5,1.5866594447803646,10.0,,,False,2.155922902029305
quartic,20.0,6,20,2000,4.0,PAC hyperprior,1.3375037886064847,,,,,,,,,,,,,0.0,1.0,2.6517789571624464,10.0,,,False,3.2724737744138306
quartic,20.0,6,20,2000,4.0,PAC hyperposterior,0.8582390204157194,,,,1.1647322565613014,,,,,,,,0.03573876953125,1.0,1.0,2.531945974550963,10.0,9.175079188631072,8.958184413918495,,
quartic,20.0,6,20,2000,4.0,PAC hyperprior,1.281956418894143,,,,,,,,,,,,,1.0,0.125,1.338698617482071,10.0,,,False,1.6993229614529124
quartic,20.0,6,20,2000,4.0,PAC hyperprior,1.2950345532402339,,,,,,,,,,,,,1.0,0.25,1.8799783832780879,10.0,,,False,2.429468438503884
quartic,20.0,6,20,2000,4.0,PAC hyperprior,1.3470919008902822,,,,,,,,,,,,,1.0,0.5,2.759036790654103,10.0,,,False,3.3299363073049566
quartic,20.0,6,20,2000,4.0,PAC hyperprior,1.305933072030788,,,,,,,,,,,,,1.0,1.0,3.6542972917830157,10.0,,,True,4.240453872684132
quartic,20.0,7,20,2000,4.0,fitted ellipse,0.8643564096596084,1.0361790822693178,4.623836718671884,4.451498619061874,-6.905973558232357,0.8080935346752022,9.680344001221918,3.843270092301413,0.26019508803274966,1.2719143946655604,0.7862164342144597,34.38824127288266,0.0,,,,,,,,
quartic,20.0,7,20,2000,4.0,PAC hyperposterior,0.7383502034944536,,,,1.1647322565613014,,,,,,,,0.0,0.0,0.125,0.7437910982426964,10.0,9.201263820070412,8.993632483296674,,
quartic,20.0,7,20,2000,4.0,PAC hyperprior,0.7394018124450891,,,,,,,,,,,,,0.0,0.125,0.7437903917693214,10.0,,,True,0.8594068784286026
quartic,20.0,7,20,2000,4.0,PAC hyperprior,0.7603651454201006,,,,,,,,,,,,,0.0,0.25,0.8346328277164468,10.0,,,False,1.227336915079409
quartic,20.0,7,20,2000,4.0,PAC hyperprior,0.8182192757013289,,,,,,,,,,,,,0.0,0.5,1.4351883160370627,10.0,,,False,2.033890510806012
quartic,20.0,7,20,2000,4.0,PAC hyperprior,0.9108775381792747,,,,,,,,,,,,,0.0,1.0,2.13431929401744,10.0,,,False,2.661408875325952
quartic,20.0,7,20,2000,4.0,PAC hyperposterior,1.3789166615338309,,,,1.1647322565613014,,,,,,,,0.0390986328125,1.0,1.0,1.5777069210646264,10.0,9.201263820070412,8.993632483296674,,
quartic,20.0,7,20,2000,4.0,PAC hyperprior,1.5455240936893517,,,,,,,,,,,,,1.0,0.125,1.5554871033607405,10.0,,,False,1.752367321081639
quartic,20.0,7,20,2000,4.0,PAC hyperprior,1.5796773125503043,,,,,,,,,,,,,1.0,0.25,1.6902798675184374,10.0,,,False,2.0449444987179337
quartic,20.0,7,20,2000,4.0,PAC hyperprior,1.658052425246426,,,,,,,,,,,,,1.0,0.5,2.3124089495155684,10.0,,,False,2.916688318162427
quartic,20.0,7,20,2000,4.0,PAC hyperprior,1.8315833619594775,,,,,,,,,,,,,1.0,1.0,3.578041890015979,10.0,,,True,4.19013657909438
quartic,20.0,8,20,2000,4.0,fitted ellipse,0.882968205189032,1.1762192208761109,4.654399238607839,4.281569503061788,-6.905973558232357,0.5775537008323123,9.680344001221918,3.8534575989467315,0.2595072021224084,1.3589485125918424,0.7358630520097917,34.38824127288266,0.0,,,,,,,,
quartic,20.0,8,20,2000,4.0,PAC hyperposterior,0.9691054810358679,,,,1.1647322565613014,,,,,,,,4.00390625e-05,0.0,0.25,1.039323604970443,10.0,9.135909179579343,8.911753164365704,,
quartic,20.0,8,20,2000,4.0,PAC hyperprior,0.9876149141115145,,,,,,,,,,,,,0.0,0.125,1.000070458524005,10.0,,,False,1.1272025626226014
quartic,20.0,8,20,2000,4.0,PAC hyperprior,0.9892113574982982,,,,,,,,,,,,,0.0,0.25,1.0444562175861232,10.0,,,True,1.3344186243852594
quartic,20.0,8,20,2000,4.0,PAC hyperprior,1.0203279786608361,,,,,,,,,,,,,0.0,0.5,1.311452832624468,10.0,,,False,1.828474788657891
quartic,20.0,8,20,2000,4.0,PAC hyperprior,1.0593162736963402,,,,,,,,,,,,,0.0,1.0,2.2764323585360495,10.0,,,False,2.8924005671307267
quartic,20.0,8,20,2000,4.0,PAC hyperposterior,0.9218462952182753,,,,1.1647322565613014,,,,,,,,0.01784423828125,1.0,0.5,1.532478123542567,10.0,9.135909179579343,8.911753164365704,,
quartic,20.0,8,20,2000,4.0,PAC hyperprior,1.026089388693348,,,,,,,,,,,,,1.0,0.125,1.1029182986375432,10.0,,,False,1.381314799881185
quartic,20.0,8,20,2000,4.0,PAC hyperprior,1.0624525081709482,,,,,,,,,,,,,1.0,0.25,1.2654541728369373,10.0,,,False,1.713398103973896
quartic,20.0,8,20,2000,4.0,PAC hyperprior,1.1012561747281193,,,,,,,,,,,,,1.0,0.5,2.306027578503113,10.0,,,True,2.9242254135384442
quartic,20.0,8,20,2000,4.0,PAC hyperprior,1.2126072391117084,,,,,,,,,,,,,1.0,1.0,3.469656505507923,10.0,,,False,4.047320887223206
quartic,20.0,9,20,2000,4.0,fitted ellipse,0.9765814954589072,1.092223968964162,4.591464070134749,4.424021850286387,-6.905973558232357,0.29900982500391216,9.680344001221918,3.832479209455702,0.26092770380404035,1.430818081710279,0.6989008685189976,34.38824127288266,0.0,,,,,,,,
quartic,20.0,9,20,2000,4.0,PAC hyperposterior,1.2031428169142544,,,,1.1647322565613014,,,,,,,,0.05782373046875,0.0,1.0,2.2792069661654955,10.0,9.184525948626185,8.970270400488394,,
quartic,20.0,9,20,2000,4.0,PAC hyperprior,0.8818400616008838,,,,,,,,,,,,,0.0,0.125,0.8826503278787804,10.0,,,False,0.9272223440008727
quartic,20.0,9,20,2000,4.0,PAC hyperprior,0.8920769455151643,,,,,,,,,,,,,0.0,0.25,0.9002789549078735,10.0,,,False,1.1642508388187682
quartic,20.0,9,20,2000,4.0,PAC hyperprior,0.9394959246599877,,,,,,,,,,,,,0.0,0.5,1.0871635326214624,10.0,,,False,1.6009809417373493
quartic,20.0,9,20,2000,4.0,PAC hyperprior,1.0116315611229858,,,,,,,,,,,,,0.0,1.0,1.40265300748904,10.0,,,True,1.8920043465519445
quartic,20.0,9,20,2000,4.0,PAC hyperposterior,0.7703579951461916,,,,1.1647322565613014,,,,,,,,0.0,1.0,0.125,0.7727691597610733,10.0,9.184525948626185,8.970270400488394,,
quartic,20.0,9,20,2000,4.0,PAC hyperprior,0.7759997801132441,,,,,,,,,,,,,1.0,0.125,0.7785804435196512,10.0,,,True,0.8530158326276638
quartic,20.0,9,20,2000,4.0,PAC hyperprior,0.7937451242873017,,,,,,,,,,,,,1.0,0.25,0.83290445685969,10.0,,,False,1.2074272431948376
quartic,20.0,9,20,2000,4.0,PAC hyperprior,0.8615665496822977,,,,,,,,,,,,,1.0,0.5,1.4203540364204106,10.0,,,False,1.9730577299047756
quartic,20.0,9,20,2000,4.0,PAC hyperprior,0.9431991422244576,,,,,,,,,,,,,1.0,1.0,2.372785357478105,10.0,,,False,2.976253125329963
quartic,20.0,10,20,2000,4.0,fitted ellipse,2.437762147805609,3.5787487138756013,5.4425551144756135,4.568043484529599,-6.905973558232357,-0.8774542458487354,9.680344001221918,4.11617622423599,0.24294392307890356,2.106669786774783,0.47468284126813975,34.38824127288266,0.102,,,,,,,,
quartic,20.0,10,20,2000,4.0,PAC hyperposterior,0.8619748509023974,,,,1.1647322565613014,,,,,,,,0.0,0.0,0.125,0.863830692038885,10.0,9.15910566029346,8.941133479069343,,
quartic,20.0,10,20,2000,4.0,PAC hyperprior,0.8634654257564436,,,,,,,,,,,,,0.0,0.125,0.8652407577025922,10.0,,,True,0.9378550925982871
quartic,20.0,10,20,2000,4.0,PAC hyperprior,0.8714079654007114,,,,,,,,,,,,,0.0,0.25,0.8817884585224149,10.0,,,False,1.1211187034658483
quartic,20.0,10,20,2000,4.0,PAC hyperprior,0.9298700134430751,,,,,,,,,,,,,0.0,0.5,1.5302468471125288,10.0,,,False,2.1274060684338654
quartic,20.0,10,20,2000,4.0,PAC hyperprior,1.0517682917471685,,,,,,,,,,,,,0.0,1.0,2.3684238258065564,10.0,,,False,2.9919039617458747
quartic,20.0,10,20,2000,4.0,PAC hyperposterior,0.879782547561954,,,,1.1647322565613014,,,,,,,,0.0,1.0,0.125,0.8847355875313265,10.0,9.15910566029346,8.941133479069343,,
quartic,20.0,10,20,2000,4.0,PAC hyperprior,0.8798448267236798,,,,,,,,,,,,,1.0,0.125,0.8844554178180036,10.0,,,True,1.0173572085681446
quartic,20.0,10,20,2000,4.0,PAC hyperprior,0.8866210402576,,,,,,,,,,,,,1.0,0.25,0.9081929365813227,10.0,,,False,1.113103537522571
quartic,20.0,10,20,2000,4.0,PAC hyperprior,0.9259178616674092,,,,,,,,,,,,,1.0,0.5,1.415990835084417,10.0,,,False,2.035965352956966
quartic,20.0,10,20,2000,4.0,PAC hyperprior,1.0075511675356483,,,,,,,,,,,,,1.0,1.0,2.862334264502257,10.0,,,False,3.4838969393943326
quartic,20.0,11,20,2000,4.0,fitted ellipse,0.6831330470891483,0.8657446717831755,4.637594317790012,4.493855720686375,-6.905973558232357,0.6591932320665302,9.680344001221918,3.847855958674123,0.2598849880920635,1.3261336952411606,0.7540717829495672,34.38824127288266,0.0,,,,,,,,
quartic,20.0,11,20,2000,4.0,PAC hyperposterior,1.1362996473417721,,,,1.1647322565613014,,,,,,,,0.0266220703125,0.0,1.0,2.980269632534524,10.0,9.19424184152884,8.988994351764616,,
quartic,20.0,11,20,2000,4.0,PAC hyperprior,1.2897659027683852,,,,,,,,,,,,,0.0,0.125,1.303269525418219,10.0,,,False,1.4576842528300507
quartic,20.0,11,20,2000,4.0,PAC hyperprior,1.2943919144478868,,,,,,,,,,,,,0.0,0.25,1.359755246711138,10.0,,,False,1.6829371595419271
quartic,20.0,11,20,2000,4.0,PAC hyperprior,1.293589399326087,,,,,,,,,,,,,0.0,0.5,1.6454083242302169,10.0,,,False,2.199694669495555
quartic,20.0,11,20,2000,4.0,PAC hyperprior,1.3740168843965082,,,,,,,,,,,,,0.0,1.0,2.3229005685179445,10.0,,,True,2.939507924785447
quartic,20.0,11,20,2000,4.0,PAC hyperposterior,0.6750370285161851,,,,1.1647322565613014,,,,,,,,0.00106884765625,1.0,0.125,0.6825622948313275,10.0,9.19424184152884,8.988994351764616,,
quartic,20.0,11,20,2000,4.0,PAC hyperprior,0.6724687917999949,,,,,,,,,,,,,1.0,0.125,0.6807976603120373,10.0,,,True,0.785004058362297
quartic,20.0,11,20,2000,4.0,PAC hyperprior,0.677067573487517,,,,,,,,,,,,,1.0,0.25,0.7287143820726913,10.0,,,False,1.1778075102554588
quartic,20.0,11,20,2000,4.0,PAC hyperprior,0.7252360718306096,,,,,,,,,,,,,1.0,0.5,1.8378548308566347,10.0,,,False,2.401332606049932
quartic,20.0,11,20,2000,4.0,PAC hyperprior,0.8173044639403123,,,,,,,,,,,,,1.0,1.0,3.392204466052269,10.0,,,False,3.979516416943625
quartic,20.0,12,20,2000,4.0,fitted ellipse,1.1445434607378413,1.3939625465369399,4.7732501934772,4.527846735893801,-6.905973558232357,0.3292446041825909,9.680344001221918,3.8930745839031857,0.25686638630935316,1.4813351964315362,0.6750666577078239,34.38824127288266,0.0,,,,,,,,
quartic,20.0,12,20,2000,4.0,PAC hyperposterior,0.7603274331156727,,,,1.1647322565613014,,,,,,,,0.021994140625,0.0,0.5,1.5536200959272979,10.0,9.23729886895267,9.037482930898248,,
quartic,20.0,12,20,2000,4.0,PAC hyperprior,0.7592618658592236,,,,,,,,,,,,,0.0,0.125,0.8065342714274593,10.0,,,False,1.090698096506733
quartic,20.0,12,20,2000,4.0,PAC hyperprior,0.8110719634044385,,,,,,,,,,,,,0.0,0.25,1.3196123642389128,10.0,,,False,1.9071238984632135
quartic,20.0,12,20,2000,4.0,PAC hyperprior,0.9072577011921286,,,,,,,,,,,,,0.0,0.5,2.356326868986172,10.0,,,True,2.939998127779271
quartic,20.0,12,20,2000,4.0,PAC hyperprior,0.9432429770968345,,,,,,,,,,,,,0.0,1.0,3.387711424474019,10.0,,,False,3.9762900620910546
quartic,20.0,12,20,2000,4.0,PAC hyperposterior,1.20798080134849,,,,1.1647322565613014,,,,,,,,0.005982421875,1.0,0.125,1.2321712934977456,10.0,9.23729886895267,9.037482930898248,,
quartic,20.0,12,20,2000,4.0,PAC hyperprior,1.205346220629981,,,,,,,,,,,,,1.0,0.125,1.2333128948856025,10.0,,,True,1.3890788056399828
quartic,20.0,12,20,2000,4.0,PAC hyperprior,1.2171970840133408,,,,,,,,,,,,,1.0,0.25,1.2732538397710176,10.0,,,False,1.503023240013599
quartic,20.0,12,20,2000,4.0,PAC hyperprior,1.2401537517329717,,,,,,,,,,,,,1.0,0.5,1.482685852392366,10.0,,,False,1.923730634662565
quartic,20.0,12,20,2000,4.0,PAC hyperprior,1.385514231116378,,,,,,,,,,,,,1.0,1.0,2.2525460522135385,10.0,,,False,2.8627992484739604
quartic,20.0,13,20,2000,4.0,fitted ellipse,0.46496971635226636,1.4150194056406886,4.961184426671183,4.725943333285457,-6.905973558232357,2.701809577528693,9.680344001221918,3.95571932830118,0.2527985220906609,0.7531249497141633,1.3278009185322226,34.38824127288266,0.032,,,,,,,,
quartic,20.0,13,20,2000,4.0,PAC hyperposterior,0.7750666896972105,,,,1.1647322565613014,,,,,,,,0.04381787109375,0.0,0.125,0.788160029397653,10.0,9.240308205499257,9.037535063953118,,
quartic,20.0,13,20,2000,4.0,PAC hyperprior,0.7722335496734621,,,,,,,,,,,,,0.0,0.125,0.7858707699272688,10.0,,,True,0.9397770062385522
quartic,20.0,13,20,2000,4.0,PAC hyperprior,0.7900717168827016,,,,,,,,,,,,,0.0,0.25,0.879231413238967,10.0,,,False,1.2772610901769461
quartic,20.0,13,20,2000,4.0,PAC hyperprior,0.8551740589299696,,,,,,,,,,,,,0.0,0.5,1.4963808078778247,10.0,,,False,2.0202852367480766
quartic,20.0,13,20,2000,4.0,PAC hyperprior,1.0213753495608537,,,,,,,,,,,,,0.0,1.0,2.3109619659273903,10.0,,,False,2.904534784724488
quartic,20.0,13,20,2000,4.0,PAC hyperposterior,0.26436648668430524,,,,1.1647322565613014,,,,,,,,0.0,1.0,0.125,0.26936061036391556,10.0,9.240308205499257,9.037535063953118,,
quartic,20.0,13,20,2000,4.0,PAC hyperprior,0.266766391590597,,,,,,,,,,,,,1.0,0.125,0.2732076189206995,10.0,,,True,0.4147489833827116
quartic,20.0,13,20,2000,4.0,PAC hyperprior,0.2831790323070177,,,,,,,,,,,,,1.0,0.25,0.42105338624798855,10.0,,,False,0.9631552852344232
quartic,20.0,13,20,2000,4.0,PAC hyperprior,0.32710589134030843,,,,,,,,,,,,,1.0,0.5,1.5574918401638354,10.0,,,False,2.1811282723526073
quartic,20.0,13,20,2000,4.0,PAC hyperprior,0.4367762130158205,,,,,,,,,,,,,1.0,1.0,2.2672731661496752,10.0,,,False,2.8780639833617574
quartic,20.0,14,20,2000,4.0,fitted ellipse,1.3162746369183278,3.6927429920896,5.070015569727746,4.049987594379364,-6.905973558232357,0.5481821881368123,9.680344001221918,3.9919963759867003,0.2505012294137743,1.5072777938636444,0.6634477095537075,34.38824127288266,0.1005,,,,,,,,
quartic,20.0,14,20,2000,4.0,PAC hyperposterior,0.44372740413119793,,,,1.1647322565613014,,,,,,,,0.04253125,0.0,0.125,0.45983618787334074,10.0,9.19834888021137,9.003400371370866,,
quartic,20.0,14,20,2000,4.0,PAC hyperprior,0.445330686307091,,,,,,,,,,,,,0.0,0.125,0.4725496132756978,10.0,,,True,0.8763852717400038
quartic,20.0,14,20,2000,4.0,PAC hyperprior,0.467570460189996,,,,,,,,,,,,,0.0,0.25,0.6037517928352927,10.0,,,False,0.9581472406364657
quartic,20.0,14,20,2000,4.0,PAC hyperprior,0.5392370925428323,,,,,,,,,,,,,0.0,0.5,1.460220899757014,10.0,,,False,2.0610820006594732
quartic,20.0,14,20,2000,4.0,PAC hyperprior,0.6572447256274375,,,,,,,,,,,,,0.0,1.0,2.741807829940787,10.0,,,False,3.3630417799262577
quartic,20.0,14,20,2000,4.0,PAC hyperposterior,1.0077500739944745,,,,1.1647322565613014,,,,,,,,0.0073828125,1.0,1.0,1.0584967430672212,10.0,9.19834888021137,9.003400371370866,,
quartic,20.0,14,20,2000,4.0,PAC hyperprior,1.2838482933679876,,,,,,,,,,,,,1.0,0.125,1.2938008525885825,10.0,,,False,1.451317032861354
quartic,20.0,14,20,2000,4.0,PAC hyperprior,1.2793341877351265,,,,,,,,,,,,,1.0,0.25,1.3370992419946404,10.0,,,False,1.6908778914282632
quartic,20.0,14,20,2000,4.0,PAC hyperprior,1.280921774733637,,,,,,,,,,,,,1.0,0.5,1.6620427126496893,10.0,,,False,2.1987788031311943
quartic,20.0,14,20,2000,4.0,PAC hyperprior,1.3332853648038787,,,,,,,,,,,,,1.0,1.0,3.500945879298886,10.0,,,True,4.110762310562135
quartic,20.0,15,20,2000,4.0,fitted ellipse,1.3548199178794906,3.132084076084152,5.1928725233324835,4.785771329196695,-6.905973558232357,0.4933958080795915,9.680344001221918,4.032948693854947,0.24795753080710206,1.5664922384176307,0.6383689465388832,34.38824127288266,0.0935,,,,,,,,
quartic,20.0,15,20,2000,4.0,PAC hyperposterior,0.5893639194255083,,,,1.1647322565613014,,,,,,,,0.08946044921875,0.0,0.125,0.6022795759676526,10.0,9.223380771903521,9.016046795017136,,
quartic,20.0,15,20,2000,4.0,PAC hyperprior,0.5900104315550418,,,,,,,,,,,,,0.0,0.125,0.6076098250926487,10.0,,,True,0.8466026286580899
quartic,20.0,15,20,2000,4.0,PAC hyperprior,0.6056385767392256,,,,,,,,,,,,,0.0,0.25,0.7867766706610732,10.0,,,False,1.3182435702351736
quartic,20.0,15,20,2000,4.0,PAC hyperprior,0.6703401957551922,,,,,,,,,,,,,0.0,0.5,1.743105748902337,10.0,,,False,2.336514928173143
quartic,20.0,15,20,2000,4.0,PAC hyperprior,0.7288518032177115,,,,,,,,,,,,,0.0,1.0,2.9281101014000646,10.0,,,False,3.5484776114385514
quartic,20.0,15,20,2000,4.0,PAC hyperposterior,1.1060908892787107,,,,1.1647322565613014,,,,,,,,0.09934716796875,1.0,0.125,1.140101242234462,10.0,9.223380771903521,9.016046795017136,,
quartic,20.0,15,20,2000,4.0,PAC hyperprior,1.1104660898948524,,,,,,,,,,,,,1.0,0.125,1.148885324006042,10.0,,,True,1.3857037622136072
quartic,20.0,15,20,2000,4.0,PAC hyperprior,1.1262613083779756,,,,,,,,,,,,,1.0,0.25,1.330496142856091,10.0,,,False,1.7734667356655063
quartic,20.0,15,20,2000,4.0,PAC hyperprior,1.2030866268183273,,,,,,,,,,,,,1.0,0.5,2.246683519748678,10.0,,,False,2.7808450450739475
quartic,20.0,15,20,2000,4.0,PAC hyperprior,1.3291727382316347,,,,,,,,,,,,,1.0,1.0,2.992477230698238,10.0,,,False,3.5416180643439503
quartic,20.0,16,20,2000,4.0,fitted ellipse,0.9159980776200651,1.0825731983139322,4.615712938185411,4.533221867847359,-6.905973558232357,0.6571112473374923,9.680344001221918,3.840562165472589,0.2603785479610764,1.3195338969493065,0.7578433584100779,34.38824127288266,0.0,,,,,,,,
quartic,20.0,16,20,2000,4.0,PAC hyperposterior,0.9689948610350261,,,,1.1647322565613014,,,,,,,,0.0,0.0,0.125,0.9770813631638898,10.0,9.107414582316487,8.878387370511359,,
quartic,20.0,16,20,2000,4.0,PAC hyperprior,0.9652524385692276,,,,,,,,,,,,,0.0,0.125,0.9722902574434279,10.0,,,True,1.0868405933797636
quartic,20.0,16,20,2000,4.0,PAC hyperprior,0.9989395520728825,,,,,,,,,,,,,0.0,0.25,1.1838841262855564,10.0,,,False,1.6955033235827628
quartic,20.0,16,20,2000,4.0,PAC hyperprior,1.1144160374756353,,,,,,,,,,,,,0.0,0.5,1.9520391858787303,10.0,,,False,2.5098042731957975
quartic,20.0,16,20,2000,4.0,PAC hyperprior,1.3110720039767632,,,,,,,,,,,,,0.0,1.0,2.7412237496142002,10.0,,,False,3.360799726932436
quartic,20.0,16,20,2000,4.0,PAC hyperposterior,0.6949326643019336,,,,1.1647322565613014,,,,,,,,0.0168115234375,1.0,0.125,0.7106945070468978,10.0,9.107414582316487,8.878387370511359,,
quartic,20.0,16,20,2000,4.0,PAC hyperprior,0.6944999801661842,,,,,,,,,,,,,1.0,0.125,0.7102773624843647,10.0,,,True,0.8629873341111693
quartic,20.0,16,20,2000,4.0,PAC hyperprior,0.7115606818679696,,,,,,,,,,,,,1.0,0.25,0.7852106967998792,10.0,,,False,1.1440011795364473
quartic,20.0,16,20,2000,4.0,PAC hyperprior,0.7715399741588902,,,,,,,,,,,,,1.0,0.5,1.4176110939982745,10.0,,,False,1.9767905762156293
quartic,20.0,16,20,2000,4.0,PAC hyperprior,0.913083188829632,,,,,,,,,,,,,1.0,1.0,3.265668383172214,10.0,,,False,3.8888282538277164
quartic,20.0,17,20,2000,4.0,fitted ellipse,0.8167869533212073,1.8843755642597912,4.9809171231397755,4.224736749672704,-6.905973558232357,0.24089263621789753,9.680344001221918,3.962296893790711,0.2523788668050325,1.5800081623072926,0.6329081227907682,34.38824127288266,0.0165,,,,,,,,
quartic,20.0,17,20,2000,4.0,PAC hyperposterior,0.9789396369538554,,,,1.1647322565613014,,,,,,,,0.029404296875,0.0,1.0,1.4444844537318027,10.0,9.354604923237215,9.198626334266313,,
quartic,20.0,17,20,2000,4.0,PAC hyperprior,1.6639605761545804,,,,,,,,,,,,,0.0,0.125,1.691323125415489,10.0,,,False,1.8636041306240614
quartic,20.0,17,20,2000,4.0,PAC hyperprior,1.6450064426976936,,,,,,,,,,,,,0.0,0.25,1.8129764862857596,10.0,,,False,2.3071124978318753
quartic,20.0,17,20,2000,4.0,PAC hyperprior,1.6029326934276535,,,,,,,,,,,,,0.0,0.5,2.7425047746745617,10.0,,,False,3.2562517258706833
quartic,20.0,17,20,2000,4.0,PAC hyperprior,1.5191574139094208,,,,,,,,,,,,,0.0,1.0,3.828602990583845,10.0,,,True,4.422345035654745
quartic,20.0,17,20,2000,4.0,PAC hyperposterior,1.343245942315403,,,,1.1647322565613014,,,,,,,,0.05967333984375,1.0,1.0,1.660776128204398,10.0,9.354604923237215,9.198626334266313,,
quartic,20.0,17,20,2000,4.0,PAC hyperprior,1.7540936563547525,,,,,,,,,,,,,1.0,0.125,1.7820724598799949,10.0,,,False,1.9440495763382177
quartic,20.0,17,20,2000,4.0,PAC hyperprior,1.7506055346596836,,,,,,,,,,,,,1.0,0.25,2.3663249836970084,10.0,,,False,2.982873707474811
quartic,20.0,17,20,2000,4.0,PAC hyperprior,1.7444112677338837,,,,,,,,,,,,,1.0,0.5,3.4130222426119987,10.0,,,False,4.032066406227107
quartic,20.0,17,20,2000,4.0,PAC hyperprior,1.744341791409647,,,,,,,,,,,,,1.0,1.0,3.9987718738277813,10.0,,,True,4.593961266962129
quartic,20.0,18,20,2000,4.0,fitted ellipse,2.9771568009511515,3.6633825029221843,5.368439318451961,4.586214735399834,-6.905973558232357,-2.785117217407278,9.680344001221918,4.091470958894773,0.24441087570865458,2.7178521786197467,0.36793759714623153,34.38824127288266,0.1085,,,,,,,,
quartic,20.0,18,20,2000,4.0,PAC hyperposterior,0.41383090410608486,,,,1.1647322565613014,,,,,,,,0.018958984375,0.0,1.0,0.95901015220192,10.0,9.25193124662566,9.054143329505514,,
quartic,20.0,18,20,2000,4.0,PAC hyperprior,0.7092397976157132,,,,,,,,,,,,,0.0,0.125,0.7270265042819903,10.0,,,False,0.9650584796011898
quartic,20.0,18,20,2000,4.0,PAC hyperprior,0.7427929323606703,,,,,,,,,,,,,0.0,0.25,1.1287630041752041,10.0,,,False,1.6681257917095547
quartic,20.0,18,20,2000,4.0,PAC hyperprior,0.7829021719523417,,,,,,,,,,,,,0.0,0.5,1.5871886630906815,10.0,,,False,2.181662704047131
quartic,20.0,18,20,2000,4.0,PAC hyperprior,0.8646083495429933,,,,,,,,,,,,,0.0,1.0,3.009842750734408,10.0,,,True,3.633260576981913
quartic,20.0,18,20,2000,4.0,PAC hyperposterior,1.4184526178379044,,,,1.1647322565613014,,,,,,,,0.08435205078125,1.0,0.125,1.45308215739465,10.0,9.25193124662566,9.054143329505514,,
quartic,20.0,18,20,2000,4.0,PAC hyperprior,1.411193340786343,,,,,,,,,,,,,1.0,0.125,1.4442629183295677,10.0,,,True,1.6732632581160622
quartic,20.0,18,20,2000,4.0,PAC hyperprior,1.4007651377183894,,,,,,,,,,,,,1.0,0.25,1.6046342427663742,10.0,,,False,2.1856648522399365
quartic,20.0,18,20,2000,4.0,PAC hyperprior,1.4610506550762368,,,,,,,,,,,,,1.0,0.5,2.3568105120066134,10.0,,,False,2.923974778035687
quartic,20.0,18,20,2000,4.0,PAC hyperprior,1.6469040270307125,,,,,,,,,,,,,1.0,1.0,3.119572059113771,10.0,,,False,3.7231924894718507
quartic,20.0,19,20,2000,4.0,fitted ellipse,1.7572462386447416,2.132856412761874,5.013686138614079,4.673315220091192,-6.905973558232357,-1.3167506112062006,9.680344001221918,3.973219898948812,0.25168503768557293,2.1101455832734266,0.47390095163420903,34.38824127288266,0.0,,,,,,,,
quartic,20.0,19,20,2000,4.0,PAC hyperposterior,0.7780024526997785,,,,1.1647322565613014,,,,,,,,0.050537109375,0.0,1.0,1.039911414430716,10.0,9.269100447048107,9.072995140351734,,
quartic,20.0,19,20,2000,4.0,PAC hyperprior,1.0078953869228109,,,,,,,,,,,,,0.0,0.125,1.0530411980120182,10.0,,,False,1.2907459614103178
quartic,20.0,19,20,2000,4.0,PAC hyperprior,1.0393612025453578,,,,,,,,,,,,,0.0,0.25,1.2480131563084682,10.0,,,False,1.7210119007238962
quartic,20.0,19,20,2000,4.0,PAC hyperprior,1.0828939759280436,,,,,,,,,,,,,0.0,0.5,1.7982225742493945,10.0,,,False,2.3750381111277594
quartic,20.0,19,20,2000,4.0,PAC hyperprior,1.1872726381328318,,,,,,,,,,,,,0.0,1.0,2.803383285405549,10.0,,,True,3.425485774890518
quartic,20.0,19,20,2000,4.0,PAC hyperposterior,1.3938667708702475,,,,1.1647322565613014,,,,,,,,0.036166015625,1.0,0.125,1.4201239204516725,10.0,9.269100447048107,9.072995140351734,,
quartic,20.0,19,20,2000,4.0,PAC hyperprior,1.3973975233609737,,,,,,,,,,,,,1.0,0.125,1.4219472608174069,10.0,,,True,1.611123249090479
quartic,20.0,19,20,2000,4.0,PAC hyperprior,1.3831917587831344,,,,,,,,,,,,,1.0,0.25,1.4864652625021075,10.0,,,False,1.788349657894818
quartic,20.0,19,20,2000,4.0,PAC hyperprior,1.3554637695594136,,,,,,,,,,,,,1.0,0.5,1.8075930144793824,10.0,,,False,2.322165487377843
quartic,20.0,19,20,2000,4.0,PAC hyperprior,1.3841481191757774,,,,,,,,,,,,,1.0,1.0,2.755973723418791,10.0,,,False,3.3760184174434684
quartic,50.0,0,50,2000,10.0,fitted ellipse,0.920853076318938,1.0235191532915935,4.549847002865967,4.484410309582004,-6.905973558232357,0.43366421511264874,9.680344001221918,3.8186068536994413,0.2618756102192627,1.372060929251106,0.728830607067732,34.38824127288266,0.0,,,,,,,,
quartic,50.0,0,50,2000,10.0,PAC hyperposterior,0.7118143553253664,,,,1.1647322565613014,,,,,,,,0.0,0.0,0.125,0.7156023317078712,25.0,8.071085652622584,7.723361528262777,,
quartic,50.0,0,50,2000,10.0,PAC hyperprior,0.7119182799232195,,,,,,,,,,,,,0.0,0.125,0.7158677355805296,25.0,,,True,0.7787653261202596
quartic,50.0,0,50,2000,10.0,PAC hyperprior,0.7247538253594252,,,,,,,,,,,,,0.0,0.25,0.7813280888084709,25.0,,,False,0.9869936830121464
quartic,50.0,0,50,2000,10.0,PAC hyperprior,0.7649529870726939,,,,,,,,,,,,,0.0,0.5,1.782166536860357,25.0,,,False,2.0316753454219523
quartic,50.0,0,50,2000,10.0,PAC hyperprior,0.8922091456978233,,,,,,,,,,,,,0.0,1.0,3.5020889874525785,25.0,,,False,3.7515036418238523
quartic,50.0,0,50,2000,10.0,PAC hyperposterior,0.4409137072341254,,,,1.1647322565613014,,,,,,,,0.0,1.0,0.125,0.4545267761589724,25.0,8.071085652622584,7.723361528262777,,
quartic,50.0,0,50,2000,10.0,PAC hyperprior,0.4432125948917831,,,,,,,,,,,,,1.0,0.125,0.4561585651414706,25.0,,,True,0.5548472703721163
quartic,50.0,0,50,2000,10.0,PAC hyperprior,0.46122046946758355,,,,,,,,,,,,,1.0,0.25,0.6155914844907058,25.0,,,False,0.8539943845937685
quartic,50.0,0,50,2000,10.0,PAC hyperprior,0.5190338543558258,,,,,,,,,,,,,1.0,0.5,1.1527723589242602,25.0,,,False,1.3999877755881975
quartic,50.0,0,50,2000,10.0,PAC hyperprior,0.6500198014125889,,,,,,,,,,,,,1.0,1.0,2.8572198131841766,25.0,,,False,3.0883180495434743
quartic,50.0,1,50,2000,10.0,fitted ellipse,0.4796609522323294,0.7205768629366189,4.615437446804917,4.828512588503133,-6.905973558232357,2.1324821265463862,9.680344001221918,3.8404703350124243,0.2603847739385715,0.8276517734195101,1.208237609240441,34.38824127288266,0.0,,,,,,,,
quartic,50.0,1,50,2000,10.0,PAC hyperposterior,0.2611495728246396,,,,1.1647322565613014,,,,,,,,0.0,0.0,0.125,0.2706744641993157,25.0,8.292124377186196,7.963540862873207,,
quartic,50.0,1,50,2000,10.0,PAC hyperprior,0.2600259671911022,,,,,,,,,,,,,0.0,0.125,0.2679731566653008,25.0,,,True,0.3493088347575135
quartic,50.0,1,50,2000,10.0,PAC hyperprior,0.27629850262916894,,,,,,,,,,,,,0.0,0.25,0.6738460233206469,25.0,,,False,0.9232512465636962
quartic,50.0,1,50,2000,10.0,PAC hyperprior,0.37985380040949396,,,,,,,,,,,,,0.0,0.5,1.943247223955268,25.0,,,False,2.1927591589307838
quartic,50.0,1,50,2000,10.0,PAC hyperprior,0.5702180421567455,,,,,,,,,,,,,0.0,1.0,3.4644987678684824,25.0,,,False,3.7140317321095164
quartic,50.0,1,50,2000,10.0,PAC hyperposterior,0.4711769738104501,,,,1.1647322565613014,,,,,,,,1.66015625e-05,1.0,0.125,0.5095920514627492,25.0,8.292124377186196,7.963540862873207,,
quartic,50.0,1,50,2000,10.0,PAC hyperprior,0.47877304014524286,,,,,,,,,,,,,1.0,0.125,0.538890950951001,25.0,,,True,0.7477024323852106
quartic,50.0,1,50,2000,10.0,PAC hyperprior,0.4974724466909537,,,,,,,,,,,,,1.0,0.25,0.8995882310382493,25.0,,,False,1.1290282226230417
quartic,50.0,1,50,2000,10.0,PAC hyperprior,0.5549240144842761,,,,,,,,,,,,,1.0,0.5,1.6373881577660314,25.0,,,False,1.8862250443466877
quartic,50.0,1,50,2000,10.0,PAC hyperprior,0.6375851585343659,,,,,,,,,,,,,1.0,1.0,2.9258432487971486,25.0,,,False,3.1753691485544397
quartic,50.0,2,50,2000,10.0,fitted ellipse,0.8910007843997754,1.0457041969643666,4.571506092338767,4.118101732044424,-6.905973558232357,0.5981145506029323,9.680344001221918,3.8258265501903743,0.2613814261784136,1.3244638472452783,0.7550224961442903,34.38824127288266,0.0,,,,,,,,
quartic,50.0,2,50,2000,10.0,PAC hyperposterior,1.5562676413540613,,,,1.1647322565613014,,,,,,,,0.0,0.0,0.125,1.6030368953000231,25.0,8.023341218169254,7.674224416548531,,
quartic,50.0,2,50,2000,10.0,PAC hyperprior,1.5834939321328145,,,,,,,,,,,,,0.0,0.125,1.6870098556591284,25.0,,,True,1.922361039230955
quartic,50.0,2,50,2000,10.0,PAC hyperprior,1.594538467537757,,,,,,,,,,,,,0.0,0.25,2.014652164505718,25.0,,,False,2.2603236206602677
quartic,50.0,2,50,2000,10.0,PAC hyperprior,1.6908111963593115,,,,,,,,,,,,,0.0,0.5,2.51933382158318,25.0,,,False,2.7658118254376056
quartic,50.0,2,50,2000,10.0,PAC hyperprior,1.7828476226757457,,,,,,,,,,,,,0.0,1.0,2.683676044698109,25.0,,,False,2.883635740101438
quartic,50.0,2,50,2000,10.0,PAC hyperposterior,0.7411522173965747,,,,1.1647322565613014,,,,,,,,0.0,1.0,0.125,0.7552082629427476,25.0,8.023341218169254,7.674224416548531,,
quartic,50.0,2,50,2000,10.0,PAC hyperprior,0.740227136964341,,,,,,,,,,,,,1.0,0.125,0.7531349610122199,25.0,,,True,0.8368957066272564
quartic,50.0,2,50,2000,10.0,PAC hyperprior,0.7577674707003952,,,,,,,,,,,,,1.0,0.25,0.9991710710818893,25.0,,,False,1.2139484912288427
quartic,50.0,2,50,2000,10.0,PAC hyperprior,0.8245661148947996,,,,,,,,,,,,,1.0,0.5,2.6338982891931897,25.0,,,False,2.883431229937546
quartic,50.0,2,50,2000,10.0,PAC hyperprior,0.983857387902336,,,,,,,,,,,,,1.0,1.0,3.4374384609390978,25.0,,,False,3.684759472462078
quartic,50.0,3,50,2000,10.0,fitted ellipse,0.8879595760333299,1.013866134400586,4.554114964906317,4.47526383985167,-6.905973558232357,0.5032213095895692,9.680344001221918,3.8200295077128907,0.26177808259882135,1.3502978851055827,0.740577328181039,34.38824127288266,0.0,,,,,,,,
quartic,50.0,3,50,2000,10.0,PAC hyperposterior,0.3848603181841961,,,,1.1647322565613014,,,,,,,,0.0002705078125,0.0,0.125,0.4150554989579078,25.0,8.042490923298367,7.69243226101969,,
quartic,50.0,3,50,2000,10.0,PAC hyperprior,0.38587897251551045,,,,,,,,,,,,,0.0,0.125,0.4145900945032568,25.0,,,True,0.5807383563498796
quartic,50.0,3,50,2000,10.0,PAC hyperprior,0.3962214854633466,,,,,,,,,,,,,0.0,0.25,0.5085722937108623,25.0,,,False,0.7174074527419485
quartic,50.0,3,50,2000,10.0,PAC hyperprior,0.4373623986901961,,,,,,,,,,,,,0.0,0.5,1.3028705133931888,25.0,,,False,1.5465071935972947
quartic,50.0,3,50,2000,10.0,PAC hyperprior,0.5604648268768915,,,,,,,,,,,,,0.0,1.0,3.080522257240009,25.0,,,False,3.330055200639169
quartic,50.0,3,50,2000,10.0,PAC hyperposterior,0.7259816510475028,,,,1.1647322565613014,,,,,,,,0.0,1.0,0.125,0.7445487806428074,25.0,8.042490923298367,7.69243226101969,,
quartic,50.0,3,50,2000,10.0,PAC hyperprior,0.7250516997064482,,,,,,,,,,,,,1.0,0.125,0.7369531639280473,25.0,,,True,0.8266750616736314
quartic,50.0,3,50,2000,10.0,PAC hyperprior,0.7452577375920162,,,,,,,,,,,,,1.0,0.25,0.9757625290917926,25.0,,,False,1.1883485673023326
quartic,50.0,3,50,2000,10.0,PAC hyperprior,0.8304745283220305,,,,,,,,,,,,,1.0,0.5,2.15419152971416,25.0,,,False,2.401968667878151
quartic,50.0,3,50,2000,10.0,PAC hyperprior,1.0264004033482943,,,,,,,,,,,,,1.0,1.0,3.6352585242393873,25.0,,,False,3.8847219799981314
quartic,50.0,4,50,2000,10.0,fitted ellipse,0.9797069558640334,1.1152557661565903,4.581049258000326,4.454227625186937,-6.905973558232357,0.28625859838225526,9.680344001221918,3.829007605410894,0.2611642762440241,1.4315968865393571,0.6985206585754252,34.38824127288266,0.0,,,,,,,,
quartic,50.0,4,50,2000,10.0,PAC hyperposterior,0.3711140130109692,,,,1.1647322565613014,,,,,,,,0.0,0.0,0.125,0.3798545224174573,25.0,8.086165058011144,7.742097121244814,,
quartic,50.0,4,50,2000,10.0,PAC hyperprior,0.3678518146797067,,,,,,,,,,,,,0.0,0.125,0.3761889801838329,25.0,,,True,0.45284697644818017
quartic,50.0,4,50,2000,10.0,PAC hyperprior,0.38009034466172864,,,,,,,,,,,,,0.0,0.25,0.5081274792114325,25.0,,,False,0.746588505692511
quartic,50.0,4,50,2000,10.0,PAC hyperprior,0.4334988145406087,,,,,,,,,,,,,0.0,0.5,1.2552806040536881,25.0,,,False,1.4834508487417537
quartic,50.0,4,50,2000,10.0,PAC hyperprior,0.5279123731638498,,,,,,,,,,,,,0.0,1.0,3.1357763312503835,25.0,,,False,3.3851195056734884
quartic,50.0,4,50,2000,10.0,PAC hyperposterior,0.8999864607824011,,,,1.1647322565613014,,,,,,,,0.0,1.0,0.125,0.9107519830200675,25.0,8.086165058011144,7.742097121244814,,
quartic,50.0,4,50,2000,10.0,PAC hyperprior,0.9052984644584545,,,,,,,,,,,,,1.0,0.125,0.9155746309306152,25.0,,,True,1.0000162434392674
quartic,50.0,4,50,2000,10.0,PAC hyperprior,0.9189879845187563,,,,,,,,,,,,,1.0,0.25,1.0544668675717226,25.0,,,False,1.2850453865309959
quartic,50.0,4,50,2000,10.0,PAC hyperprior,0.9640106176312373,,,,,,,,,,,,,1.0,0.5,1.668930234244145,25.0,,,False,1.8880025799426292
quartic,50.0,4,50,2000,10.0,PAC hyperprior,1.0795958560296748,,,,,,,,,,,,,1.0,1.0,2.498600514733878,25.0,,,False,2.7457202617894225
quartic,50.0,5,50,2000,10.0,fitted ellipse,0.9110600386921899,1.091572090234959,4.602222195333714,4.6246392977406785,-6.905973558232357,0.4491667985488324,9.680344001221918,3.8360652511886904,0.26068378260513886,1.3843517989282939,0.7223597359964117,34.38824127288266,0.0,,,,,,,,
quartic,50.0,5,50,2000,10.0,PAC hyperposterior,0.7823007950214169,,,,1.1647322565613014,,,,,,,,9.765625e-07,0.0,0.125,0.8465092874785834,25.0,8.108916899178169,7.764017847388495,,
quartic,50.0,5,50,2000,10.0,PAC hyperprior,0.804777400340297,,,,,,,,,,,,,0.0,0.125,0.9662676465152412,25.0,,,True,1.1968430956964244
quartic,50.0,5,50,2000,10.0,PAC hyperprior,0.8650380091409973,,,,,,,,,,,,,0.0,0.25,1.4937338068656902,25.0,,,False,1.7333208374954605
quartic,50.0,5,50,2000,10.0,PAC hyperprior,0.9804332943190235,,,,,,,,,,,,,0.0,0.5,2.2822819303843263,25.0,,,False,2.523605487071112
quartic,50.0,5,50,2000,10.0,PAC hyperprior,1.0812216806783939,,,,,,,,,,,,,0.0,1.0,3.5058328604112767,25.0,,,False,3.7371145162246844
quartic,50.0,5,50,2000,10.0,PAC hyperposterior,0.7164958303600433,,,,1.1647322565613014,,,,,,,,0.0,1.0,0.125,0.7201733694754404,25.0,8.108916899178169,7.764017847388495,,
quartic,50.0,5,50,2000,10.0,PAC hyperprior,0.7166009999004073,,,,,,,,,,,,,1.0,0.125,0.7204171937022734,25.0,,,True,0.7956440448247566
quartic,50.0,5,50,2000,10.0,PAC hyperprior,0.7286016077076762,,,,,,,,,,,,,1.0,0.25,0.806271912766189,25.0,,,False,1.010652537419011
quartic,50.0,5,50,2000,10.0,PAC hyperprior,0.7657559757402761,,,,,,,,,,,,,1.0,0.5,1.967328133343214,25.0,,,False,2.2168611151665214
quartic,50.0,5,50,2000,10.0,PAC hyperprior,0.8688228460139624,,,,,,,,,,,,,1.0,1.0,2.8497114380155666,25.0,,,False,3.0929492173578677
quartic,50.0,6,50,2000,10.0,fitted ellipse,0.9996176061175976,1.2844695871813046,4.772304951447582,4.777449313027133,-6.905973558232357,0.5606886084361727,9.680344001221918,3.892759503226646,0.25688717712232567,1.4038721143371367,0.7123155946951535,34.38824127288266,0.0,,,,,,,,
quartic,50.0,6,50,2000,10.0,PAC hyperposterior,0.8974264002811044,,,,1.1647322565613014,,,,,,,,0.0,0.0,0.125,0.9145421482793799,25.0,8.184359419181277,7.845969065899007,,
quartic,50.0,6,50,2000,10.0,PAC hyperprior,0.8977581397018776,,,,,,,,,,,,,0.0,0.125,0.9105153856412811,25.0,,,True,0.9983714323745634
quartic,50.0,6,50,2000,10.0,PAC hyperprior,0.909169802759337,,,,,,,,,,,,,0.0,0.25,1.0583892909995258,25.0,,,False,1.2794799190318997
quartic,50.0,6,50,2000,10.0,PAC hyperprior,0.9707286137225961,,,,,,,,,,,,,0.0,0.5,1.7146667493668293,25.0,,,False,1.9435576290289074
quartic,50.0,6,50,2000,10.0,PAC hyperprior,1.1074628824986306,,,,,,,,,,,,,0.0,1.0,3.013895128535945,25.0,,,False,3.2594114634058418
quartic,50.0,6,50,2000,10.0,PAC hyperposterior,0.9083079990414364,,,,1.1647322565613014,,,,,,,,0.0,1.0,0.125,0.9186171833310032,25.0,8.184359419181277,7.845969065899007,,
quartic,50.0,6,50,2000,10.0,PAC hyperprior,0.9102637493715644,,,,,,,,,,,,,1.0,0.125,0.9213896923678976,25.0,,,True,1.0275699387815376
quartic,50.0,6,50,2000,10.0,PAC hyperprior,0.9101750191221429,,,,,,,,,,,,,1.0,0.25,0.9656578504829316,25.0,,,False,1.1656420894498876
quartic,50.0,6,50,2000,10.0,PAC hyperprior,0.958493004714396,,,,,,,,,,,,,1.0,0.5,1.39788879992411,25.0,,,False,1.6369502527325732
quartic,50.0,6,50,2000,10.0,PAC hyperprior,1.0288648347796507,,,,,,,,,,,,,1.0,1.0,2.962985646911504,25.0,,,False,3.2124987179632747
quartic,50.0,7,50,2000,10.0,fitted ellipse,0.8898598131970274,0.9890932025749924,4.542400119384391,4.274364863029481,-6.905973558232357,0.5739168826685608,9.680344001221918,3.816124559205582,0.2620459538166055,1.3228277455719433,0.7559563241301958,34.38824127288266,0.0,,,,,,,,
quartic,50.0,7,50,2000,10.0,PAC hyperposterior,0.8292882012487255,,,,1.1647322565613014,,,,,,,,0.050162109375,0.0,1.0,2.3330096255871933,25.0,8.0173774627747,7.667567506586739,,
quartic,50.0,7,50,2000,10.0,PAC hyperprior,1.0407307094608957,,,,,,,,,,,,,0.0,0.125,1.1273440568916717,25.0,,,False,1.3506531556926635
quartic,50.0,7,50,2000,10.0,PAC hyperprior,1.0279569478812145,,,,,,,,,,,,,0.0,0.25,1.3873560193274384,25.0,,,False,1.6186052896078085
quartic,50.0,7,50,2000,10.0,PAC hyperprior,1.0658937053480613,,,,,,,,,,,,,0.0,0.5,3.270802424404695,25.0,,,False,3.52033539227641
quartic,50.0,7,50,2000,10.0,PAC hyperprior,1.1189683112970235,,,,,,,,,,,,,0.0,1.0,3.6083187879828027,25.0,,,True,3.850030230639474
quartic,50.0,7,50,2000,10.0,PAC hyperposterior,0.7818744611316513,,,,1.1647322565613014,,,,,,,,0.0,1.0,0.125,0.788093836460678,25.0,8.0173774627747,7.667567506586739,,
quartic,50.0,7,50,2000,10.0,PAC hyperprior,0.7812776198626927,,,,,,,,,,,,,1.0,0.125,0.7878553376517645,25.0,,,True,0.8538687039518393
quartic,50.0,7,50,2000,10.0,PAC hyperprior,0.7867218809692914,,,,,,,,,,,,,1.0,0.25,0.8185423060028547,25.0,,,False,0.969637810650136
quartic,50.0,7,50,2000,10.0,PAC hyperprior,0.8182243637727251,,,,,,,,,,,,,1.0,0.5,2.2232154801001816,25.0,,,False,2.472748465060951
quartic,50.0,7,50,2000,10.0,PAC hyperprior,0.9145877438943648,,,,,,,,,,,,,1.0,1.0,3.395754152403646,25.0,,,False,3.643817455158109
quartic,50.0,8,50,2000,10.0,fitted ellipse,0.9069015237403573,1.0309695484784072,4.5785667834957,4.561281883625603,-6.905973558232357,0.591752592206608,9.680344001221918,3.8281801139093523,0.26122072897421644,1.3289380637630306,0.7524805160357834,34.38824127288266,0.0,,,,,,,,
quartic,50.0,8,50,2000,10.0,PAC hyperposterior,0.4140638406556147,,,,1.1647322565613014,,,,,,,,0.0162529296875,0.0,1.0,1.888413781139489,25.0,8.283261850642283,7.954114318598417,,
quartic,50.0,8,50,2000,10.0,PAC hyperprior,0.5977998478144239,,,,,,,,,,,,,0.0,0.125,0.6394801163079721,25.0,,,False,0.8038844452702545
quartic,50.0,8,50,2000,10.0,PAC hyperprior,0.6094746137477883,,,,,,,,,,,,,0.0,0.25,1.0805519479828005,25.0,,,False,1.3212076732910347
quartic,50.0,8,50,2000,10.0,PAC hyperprior,0.6537817670153355,,,,,,,,,,,,,0.0,0.5,1.9817557663749046,25.0,,,False,2.2306880040466037
quartic,50.0,8,50,2000,10.0,PAC hyperprior,0.6857628970835439,,,,,,,,,,,,,0.0,1.0,3.0032494967990844,25.0,,,True,3.2523308556869193
quartic,50.0,8,50,2000,10.0,PAC hyperposterior,0.7432292330717586,,,,1.1647322565613014,,,,,,,,0.0,1.0,0.125,0.7478502578439591,25.0,8.283261850642283,7.954114318598417,,
quartic,50.0,8,50,2000,10.0,PAC hyperprior,0.7424604937663959,,,,,,,,,,,,,1.0,0.125,0.7470850953753709,25.0,,,True,0.8094160018882928
quartic,50.0,8,50,2000,10.0,PAC hyperprior,0.7555621787152027,,,,,,,,,,,,,1.0,0.25,0.7815879264924976,25.0,,,False,0.9095142333138728
quartic,50.0,8,50,2000,10.0,PAC hyperprior,0.7861379283665868,,,,,,,,,,,,,1.0,0.5,1.5858933636813544,25.0,,,False,1.8354234084828835
quartic,50.0,8,50,2000,10.0,PAC hyperprior,0.9054015406498843,,,,,,,,,,,,,1.0,1.0,2.434838929955097,25.0,,,False,2.6763522844277734
quartic,50.0,9,50,2000,10.0,fitted ellipse,0.9316388034147121,1.0708603156552476,4.554762654184595,4.367990306088445,-6.905973558232357,0.4467211641739875,9.680344001221918,3.8202454041389835,0.26176328853548675,1.369347163336869,0.7302750002148235,34.38824127288266,0.0,,,,,,,,
quartic,50.0,9,50,2000,10.0,PAC hyperposterior,0.8314545666068313,,,,1.1647322565613014,,,,,,,,0.0,0.0,0.125,0.8468164657415113,25.0,8.189287429524317,7.852623422000713,,
quartic,50.0,9,50,2000,10.0,PAC hyperprior,0.8327401305146002,,,,,,,,,,,,,0.0,0.125,0.8463828670936239,25.0,,,True,0.9440651995443705
quartic,50.0,9,50,2000,10.0,PAC hyperprior,0.8362068947935878,,,,,,,,,,,,,0.0,0.25,0.8993027757814516,25.0,,,False,1.0657403925695998
quartic,50.0,9,50,2000,10.0,PAC hyperprior,0.8848584092210522,,,,,,,,,,,,,0.0,0.5,2.0523176802136054,25.0,,,False,2.3018500398230906
quartic,50.0,9,50,2000,10.0,PAC hyperprior,0.9924840413168086,,,,,,,,,,,,,0.0,1.0,2.9882852433422022,25.0,,,False,3.2123927927694833
quartic,50.0,9,50,2000,10.0,PAC hyperposterior,0.795811919523471,,,,1.1647322565613014,,,,,,,,0.01446533203125,1.0,1.0,2.4299147118028115,25.0,8.189287429524317,7.852623422000713,,
quartic,50.0,9,50,2000,10.0,PAC hyperprior,1.2345871595197333,,,,,,,,,,,,,1.0,0.125,1.3158908734425219,25.0,,,False,1.460324588692151
quartic,50.0,9,50,2000,10.0,PAC hyperprior,1.25682168805267,,,,,,,,,,,,,1.0,0.25,2.0638076653487984,25.0,,,False,2.3133359440891166
quartic,50.0,9,50,2000,10.0,PAC hyperprior,1.3224299322221893,,,,,,,,,,,,,1.0,0.5,3.4217584801080903,25.0,,,False,3.6706822764346327
quartic,50.0,9,50,2000,10.0,PAC hyperprior,1.2690609374684931,,,,,,,,,,,,,1.0,1.0,3.8268514553636517,25.0,,,True,4.073698126184848
quartic,50.0,10,50,2000,10.0,fitted ellipse,0.9150848250630208,1.050209598093324,4.580995272929214,4.465144254024969,-6.905973558232357,0.3338782099408229,9.680344001221918,3.82898961038719,0.26116550363240065,1.415705687662797,0.7063615048767024,34.38824127288266,0.0,,,,,,,,
quartic,50.0,10,50,2000,10.0,PAC hyperposterior,0.8331070273856909,,,,1.1647322565613014,,,,,,,,0.01644921875,0.0,0.5,1.3876777826212596,25.0,8.136880957216794,7.79461955928014,,
quartic,50.0,10,50,2000,10.0,PAC hyperprior,0.9888153429121787,,,,,,,,,,,,,0.0,0.125,1.0400683944535178,25.0,,,False,1.186498017293589
quartic,50.0,10,50,2000,10.0,PAC hyperprior,0.9932651040066921,,,,,,,,,,,,,0.0,0.25,1.4528386282246233,25.0,,,False,1.6979697090418124
quartic,50.0,10,50,2000,10.0,PAC hyperprior,1.0302549528495015,,,,,,,,,,,,,0.0,0.5,2.5912212697818426,25.0,,,True,2.8402699466926897
quartic,50.0,10,50,2000,10.0,PAC hyperprior,1.1247268442440421,,,,,,,,,,,,,0.0,1.0,3.7017527563965693,25.0,,,False,3.951285694482845
quartic,50.0,10,50,2000,10.0,PAC hyperposterior,0.8365247821780895,,,,1.1647322565613014,,,,,,,,0.0,1.0,0.125,0.8507491914438559,25.0,8.136880957216794,7.79461955928014,,
quartic,50.0,10,50,2000,10.0,PAC hyperprior,0.8327797086805229,,,,,,,,,,,,,1.0,0.125,0.8488319105775127,25.0,,,True,0.9907168473457713
quartic,50.0,10,50,2000,10.0,PAC hyperprior,0.8491104262711562,,,,,,,,,,,,,1.0,0.25,1.2782276605550436,25.0,,,False,1.5277367153689791
quartic,50.0,10,50,2000,10.0,PAC hyperprior,0.9325214074486818,,,,,,,,,,,,,1.0,0.5,2.0371169727474654,25.0,,,False,2.2865049496367096
quartic,50.0,10,50,2000,10.0,PAC hyperprior,1.0258902391339437,,,,,,,,,,,,,1.0,1.0,3.1429894244408514,25.0,,,False,3.3925103042271463
quartic,50.0,11,50,2000,10.0,fitted ellipse,0.7212581082488345,0.8956457722402509,4.6057372876286715,4.620168309420768,-6.905973558232357,0.6052515183794959,9.680344001221918,3.8372369486203426,0.260604183007136,1.333495256416392,0.7499089293256128,34.38824127288266,0.0,,,,,,,,
quartic,50.0,11,50,2000,10.0,PAC hyperposterior,0.8166969349937079,,,,1.1647322565613014,,,,,,,,0.0,0.0,0.125,0.8580265329760831,25.0,8.26440162073206,7.932906617665182,,
quartic,50.0,11,50,2000,10.0,PAC hyperprior,0.8164186341758013,,,,,,,,,,,,,0.0,0.125,0.8405257363508746,25.0,,,True,0.9864832856264236
quartic,50.0,11,50,2000,10.0,PAC hyperprior,0.8512655826019498,,,,,,,,,,,,,0.0,0.25,1.1544636853257766,25.0,,,False,1.373633922046885
quartic,50.0,11,50,2000,10.0,PAC hyperprior,0.932462190224246,,,,,,,,,,,,,0.0,0.5,2.415860251561376,25.0,,,False,2.665393103804657
quartic,50.0,11,50,2000,10.0,PAC hyperprior,1.0536444169178916,,,,,,,,,,,,,0.0,1.0,3.001412474056941,25.0,,,False,3.2350372987844285
quartic,50.0,11,50,2000,10.0,PAC hyperposterior,0.7379169687892677,,,,1.1647322565613014,,,,,,,,0.0,1.0,0.125,0.7484590854755964,25.0,8.26440162073206,7.932906617665182,,
quartic,50.0,11,50,2000,10.0,PAC hyperprior,0.7430947979537856,,,,,,,,,,,,,1.0,0.125,0.7546293539731924,25.0,,,True,0.8715766313608562
quartic,50.0,11,50,2000,10.0,PAC hyperprior,0.7470308990066075,,,,,,,,,,,,,1.0,0.25,0.7997593302995333,25.0,,,False,0.9468598941015127
quartic,50.0,11,50,2000,10.0,PAC hyperprior,0.7869982664496458,,,,,,,,,,,,,1.0,0.5,1.270944749744909,25.0,,,False,1.501085979347236
quartic,50.0,11,50,2000,10.0,PAC hyperprior,0.8968657380205682,,,,,,,,,,,,,1.0,1.0,3.225324475774658,25.0,,,False,3.474323078967968
quartic,50.0,12,50,2000,10.0,fitted ellipse,0.8910255315408424,1.0274049688884894,4.583495399634983,4.550824014552206,-6.905973558232357,0.5819399051114817,9.680344001221918,3.8298229859557797,0.2611086736037325,1.3338518315078336,0.7497084581497815,34.38824127288266,0.0,,,,,,,,
quartic,50.0,12,50,2000,10.0,PAC hyperposterior,0.8183921008467698,,,,1.1647322565613014,,,,,,,,4.345703125e-05,0.0,0.125,0.9941292106549134,25.0,8.109541445100549,7.76566601986522,,
quartic,50.0,12,50,2000,10.0,PAC hyperprior,0.8285270757862189,,,,,,,,,,,,,0.0,0.125,0.9271117447348323,25.0,,,True,1.1017279974261633
quartic,50.0,12,50,2000,10.0,PAC hyperprior,0.8671149272143897,,,,,,,,,,,,,0.0,0.25,1.7702131574124624,25.0,,,False,2.01974347604059
quartic,50.0,12,50,2000,10.0,PAC hyperprior,0.963112960395016,,,,,,,,,,,,,0.0,0.5,2.9283964055138365,25.0,,,False,3.174782752673531
quartic,50.0,12,50,2000,10.0,PAC hyperprior,1.0019942824029533,,,,,,,,,,,,,0.0,1.0,3.8309003347400226,25.0,,,False,4.080416253895928
quartic,50.0,12,50,2000,10.0,PAC hyperposterior,0.6887161264980076,,,,1.1647322565613014,,,,,,,,0.0,1.0,0.125,0.693711783706526,25.0,8.109541445100549,7.76566601986522,,
quartic,50.0,12,50,2000,10.0,PAC hyperprior,0.6866642522988282,,,,,,,,,,,,,1.0,0.125,0.691400773505226,25.0,,,True,0.7732841661186303
quartic,50.0,12,50,2000,10.0,PAC hyperprior,0.6968491721473284,,,,,,,,,,,,,1.0,0.25,0.7296404112793259,25.0,,,False,0.8983078373973754
quartic,50.0,12,50,2000,10.0,PAC hyperprior,0.7378273636764521,,,,,,,,,,,,,1.0,0.5,1.3970589008759708,25.0,,,False,1.6455559884650715
quartic,50.0,12,50,2000,10.0,PAC hyperprior,0.8721090474881249,,,,,,,,,,,,,1.0,1.0,2.78940872845483,25.0,,,False,3.0354516890938523
quartic,50.0,13,50,2000,10.0,fitted ellipse,1.059733521734774,1.0564129822823056,4.60502945232226,4.65695598560001,-6.905973558232357,0.020579845050915813,9.680344001221918,3.8370010035182056,0.2606202080956154,1.5281498690904478,0.6543860783727962,34.38824127288266,0.0,,,,,,,,
quartic,50.0,13,50,2000,10.0,PAC hyperposterior,0.3483587349315328,,,,1.1647322565613014,,,,,,,,0.00037646484375,0.0,0.125,0.4103011709009934,25.0,8.419406739367405,8.10470933437216,,
quartic,50.0,13,50,2000,10.0,PAC hyperprior,0.35185192356772954,,,,,,,,,,,,,0.0,0.125,0.4085605521521308,25.0,,,True,0.5900353546083945
quartic,50.0,13,50,2000,10.0,PAC hyperprior,0.3735863027632995,,,,,,,,,,,,,0.0,0.25,0.82586169131732,25.0,,,False,1.0742372751952782
quartic,50.0,13,50,2000,10.0,PAC hyperprior,0.44163134124285996,,,,,,,,,,,,,0.0,0.5,1.3925255356086594,25.0,,,False,1.6365933453928854
quartic,50.0,13,50,2000,10.0,PAC hyperprior,0.5319802903106218,,,,,,,,,,,,,0.0,1.0,2.4753702124388806,25.0,,,False,2.7248813013841016
quartic,50.0,13,50,2000,10.0,PAC hyperposterior,1.040251832171415,,,,1.1647322565613014,,,,,,,,0.05163720703125,1.0,1.0,2.54715744008034,25.0,8.419406739367405,8.10470933437216,,
quartic,50.0,13,50,2000,10.0,PAC hyperprior,1.3283682130509589,,,,,,,,,,,,,1.0,0.125,1.403160237384809,25.0,,,False,1.5953642527080785
quartic,50.0,13,50,2000,10.0,PAC hyperprior,1.3654756366991068,,,,,,,,,,,,,1.0,0.25,1.8377867955227698,25.0,,,False,2.0869353104478083
quartic,50.0,13,50,2000,10.0,PAC hyperprior,1.4434412774851024,,,,,,,,,,,,,1.0,0.5,3.0485777761225474,25.0,,,False,3.2981107608266402
quartic,50.0,13,50,2000,10.0,PAC hyperprior,1.5839034376630599,,,,,,,,,,,,,1.0,1.0,3.833659024982846,25.0,,,True,4.081180366339689
quartic,50.0,14,50,2000,10.0,fitted ellipse,0.8778424654399775,1.0180580350426538,4.605241505155477,4.58539178198337,-6.905973558232357,0.7178350710263671,9.680344001221918,3.8370716877959445,0.26061540710343384,1.2958021447097032,0.7717227541894743,34.38824127288266,0.0,,,,,,,,
quartic,50.0,14,50,2000,10.0,PAC hyperposterior,0.8374952709401648,,,,1.1647322565613014,,,,,,,,8.056640625e-05,0.0,0.125,0.8588454072353008,25.0,8.111678236976426,7.767003730934,,
quartic,50.0,14,50,2000,10.0,PAC hyperprior,0.8420415145618355,,,,,,,,,,,,,0.0,0.125,0.8813699795618324,25.0,,,True,1.0655034122702745
quartic,50.0,14,50,2000,10.0,PAC hyperprior,0.8695670606158231,,,,,,,,,,,,,0.0,0.25,1.0456829827849752,25.0,,,False,1.2616517106802654
quartic,50.0,14,50,2000,10.0,PAC hyperprior,0.947071350420024,,,,,,,,,,,,,0.0,0.5,2.273208356273277,25.0,,,False,2.522736941494985
quartic,50.0,14,50,2000,10.0,PAC hyperprior,1.0776054860239173,,,,,,,,,,,,,0.0,1.0,3.395247913393695,25.0,,,False,3.6439495003046307
quartic,50.0,14,50,2000,10.0,PAC hyperposterior,0.7647748046774459,,,,1.1647322565613014,,,,,,,,1.7578125e-05,1.0,0.125,0.8079495982290236,25.0,8.111678236976426,7.767003730934,,
quartic,50.0,14,50,2000,10.0,PAC hyperprior,0.7680621098498954,,,,,,,,,,,,,1.0,0.125,0.7974782553809251,25.0,,,True,0.9631963607712759
quartic,50.0,14,50,2000,10.0,PAC hyperprior,0.8017859534063289,,,,,,,,,,,,,1.0,0.25,1.218236578836857,25.0,,,False,1.4657699389213317
quartic,50.0,14,50,2000,10.0,PAC hyperprior,0.9167725440350265,,,,,,,,,,,,,1.0,0.5,2.026469005818372,25.0,,,False,2.275930350521941
quartic,50.0,14,50,2000,10.0,PAC hyperprior,1.0967121162313562,,,,,,,,,,,,,1.0,1.0,4.0317735673809985,25.0,,,False,4.281305509194384
quartic,50.0,15,50,2000,10.0,fitted ellipse,0.905784816993016,1.0516699417239044,4.601589446130362,4.4676863915453096,-6.905973558232357,0.796418844928498,9.680344001221918,3.835854334787573,0.26069811643548224,1.2683902004006213,0.7884009192787439,34.38824127288266,0.0,,,,,,,,
quartic,50.0,15,50,2000,10.0,PAC hyperposterior,0.7220013494557622,,,,1.1647322565613014,,,,,,,,0.06868408203125,0.0,0.125,0.7505257086193937,25.0,8.071852733690985,7.724609670028311,,
quartic,50.0,15,50,2000,10.0,PAC hyperprior,0.7218668030773673,,,,,,,,,,,,,0.0,0.125,0.7524746493982387,25.0,,,True,0.9047601855011482
quartic,50.0,15,50,2000,10.0,PAC hyperprior,0.733258899956045,,,,,,,,,,,,,0.0,0.25,0.9393313811096187,25.0,,,False,1.1732097343689016
quartic,50.0,15,50,2000,10.0,PAC hyperprior,0.7594408051215388,,,,,,,,,,,,,0.0,0.5,2.0699506726483614,25.0,,,False,2.319428163859408
quartic,50.0,15,50,2000,10.0,PAC hyperprior,0.8361150813865127,,,,,,,,,,,,,0.0,1.0,3.0521263921506323,25.0,,,False,3.297822996324774
quartic,50.0,15,50,2000,10.0,PAC hyperposterior,0.8231179960999357,,,,1.1647322565613014,,,,,,,,0.0,1.0,0.125,0.861274283435203,25.0,8.071852733690985,7.724609670028311,,
quartic,50.0,15,50,2000,10.0,PAC hyperprior,0.8257613621577653,,,,,,,,,,,,,1.0,0.125,0.8656001374418244,25.0,,,True,1.0524417405119078
quartic,50.0,15,50,2000,10.0,PAC hyperprior,0.8618703097761833,,,,,,,,,,,,,1.0,0.25,1.3622807495311409,25.0,,,False,1.6032499814709986
quartic,50.0,15,50,2000,10.0,PAC hyperprior,0.9565721894494051,,,,,,,,,,,,,1.0,0.5,2.0814463391532327,25.0,,,False,2.305959445607064
quartic,50.0,15,50,2000,10.0,PAC hyperprior,1.1237305683355252,,,,,,,,,,,,,1.0,1.0,3.4597020254918567,25.0,,,False,3.7077985115959073
quartic,50.0,16,50,2000,10.0,fitted ellipse,0.8171889160920269,0.9759032957744602,4.57923092006745,4.574262252313642,-6.905973558232357,0.7235911733760283,9.680344001221918,3.828401492766602,0.2612056237804222,1.2852132488971406,0.7780809922852211,34.38824127288266,0.0,,,,,,,,
quartic,50.0,16,50,2000,10.0,PAC hyperposterior,0.6333605917547114,,,,1.1647322565613014,,,,,,,,0.0,0.0,0.125,0.638160032767622,25.0,8.342451269812837,8.018766464575359,,
quartic,50.0,16,50,2000,10.0,PAC hyperprior,0.6340558067929423,,,,,,,,,,,,,0.0,0.125,0.6388936685900319,25.0,,,True,0.7216706992199242
quartic,50.0,16,50,2000,10.0,PAC hyperprior,0.6460750422381435,,,,,,,,,,,,,0.0,0.25,0.6961086846144212,25.0,,,False,0.8694458372002991
quartic,50.0,16,50,2000,10.0,PAC hyperprior,0.7165764687079726,,,,,,,,,,,,,0.0,0.5,1.6522254685263988,25.0,,,False,1.8935222830700216
quartic,50.0,16,50,2000,10.0,PAC hyperprior,0.8363444960457674,,,,,,,,,,,,,0.0,1.0,2.7994000384977085,25.0,,,False,3.0371875999376474
quartic,50.0,16,50,2000,10.0,PAC hyperposterior,0.46994384931377065,,,,1.1647322565613014,,,,,,,,0.03865234375,1.0,1.0,1.5614121363198792,25.0,8.342451269812837,8.018766464575359,,
quartic,50.0,16,50,2000,10.0,PAC hyperprior,1.1995169373778967,,,,,,,,,,,,,1.0,0.125,1.5412334217490788,25.0,,,False,1.7831354848471346
quartic,50.0,16,50,2000,10.0,PAC hyperprior,1.2278418238343232,,,,,,,,,,,,,1.0,0.25,1.8046114141796097,25.0,,,False,2.033228049153287
quartic,50.0,16,50,2000,10.0,PAC hyperprior,1.2122298779129812,,,,,,,,,,,,,1.0,0.5,2.5201313925277047,25.0,,,False,2.7484567394125055
quartic,50.0,16,50,2000,10.0,PAC hyperprior,1.1210086721435728,,,,,,,,,,,,,1.0,1.0,3.7532993836397277,25.0,,,True,3.9951519032416307
quartic,50.0,17,50,2000,10.0,fitted ellipse,0.8447558406705102,1.216633794594621,4.600192240315144,4.557068350976959,-6.905973558232357,0.5261429035440618,9.680344001221918,3.835388599515833,0.26072977328196595,1.3580164455903605,0.7363681075049702,34.38824127288266,0.0,,,,,,,,
quartic,50.0,17,50,2000,10.0,PAC hyperposterior,0.6799362054260444,,,,1.1647322565613014,,,,,,,,0.0,0.0,0.125,0.694329518400901,25.0,8.063390003432225,7.714984325510722,,
quartic,50.0,17,50,2000,10.0,PAC hyperprior,0.6809730830429623,,,,,,,,,,,,,0.0,0.125,0.6985803610347121,25.0,,,True,0.7953490118156203
quartic,50.0,17,50,2000,10.0,PAC hyperprior,0.696416367144427,,,,,,,,,,,,,0.0,0.25,1.1075585822250766,25.0,,,False,1.3480075335536679
quartic,50.0,17,50,2000,10.0,PAC hyperprior,0.7590716200465099,,,,,,,,,,,,,0.0,0.5,2.0100118779170675,25.0,,,False,2.2552849836540254
quartic,50.0,17,50,2000,10.0,PAC hyperprior,0.9455619763000054,,,,,,,,,,,,,0.0,1.0,3.726602753293276,25.0,,,False,3.976101376986561
quartic,50.0,17,50,2000,10.0,PAC hyperposterior,0.7787649255987714,,,,1.1647322565613014,,,,,,,,0.01170703125,1.0,0.125,0.8051425077958504,25.0,8.063390003432225,7.714984325510722,,
quartic,50.0,17,50,2000,10.0,PAC hyperprior,0.7784949337264012,,,,,,,,,,,,,1.0,0.125,0.802558722671031,25.0,,,True,0.9531676705916627
quartic,50.0,17,50,2000,10.0,PAC hyperprior,0.7902470416204684,,,,,,,,,,,,,1.0,0.25,1.2891193487448431,25.0,,,False,1.5384934267427557
quartic,50.0,17,50,2000,10.0,PAC hyperprior,0.8305469518890236,,,,,,,,,,,,,1.0,0.5,2.0704324034957686,25.0,,,False,2.31996283794812
quartic,50.0,17,50,2000,10.0,PAC hyperprior,0.944257598188526,,,,,,,,,,,,,1.0,1.0,3.803418154898135,25.0,,,False,4.052951139793487
quartic,50.0,18,50,2000,10.0,fitted ellipse,0.9569465944520825,1.1174143284711235,4.614422528907565,4.639923177560409,-6.905973558232357,0.6790909126943871,9.680344001221918,3.8401320290466407,0.2604077131817424,1.3117772054043926,0.7623245745391052,34.38824127288266,0.0,,,,,,,,
quartic,50.0,18,50,2000,10.0,PAC hyperposterior,0.9571103881083809,,,,1.1647322565613014,,,,,,,,0.06620361328125,0.0,0.5,2.0646687366568885,25.0,8.286370769386457,7.957702766596034,,
quartic,50.0,18,50,2000,10.0,PAC hyperprior,1.28074725077788,,,,,,,,,,,,,0.0,0.125,1.4239408445060986,25.0,,,False,1.6533325633173224
quartic,50.0,18,50,2000,10.0,PAC hyperprior,1.2746287392800617,,,,,,,,,,,,,0.0,0.25,1.9840124665910133,25.0,,,False,2.2233022831492804
quartic,50.0,18,50,2000,10.0,PAC hyperprior,1.2517387873099932,,,,,,,,,,,,,0.0,0.5,2.5265913120330934,25.0,,,True,2.7738782009043508
quartic,50.0,18,50,2000,10.0,PAC hyperprior,1.2113757353465973,,,,,,,,,,,,,0.0,1.0,3.3232768522973664,25.0,,,False,3.543593630668248
quartic,50.0,18,50,2000,10.0,PAC hyperposterior,0.8050973970675062,,,,1.1647322565613014,,,,,,,,0.0,1.0,0.125,0.8193881367606033,25.0,8.286370769386457,7.957702766596034,,
quartic,50.0,18,50,2000,10.0,PAC hyperprior,0.8041607926607646,,,,,,,,,,,,,1.0,0.125,0.8162797869181843,25.0,,,True,0.9550517445290811
quartic,50.0,18,50,2000,10.0,PAC hyperprior,0.8153208202715764,,,,,,,,,,,,,1.0,0.25,1.0512488977021697,25.0,,,False,1.2991025825372962
quartic,50.0,18,50,2000,10.0,PAC hyperprior,0.8955848612738062,,,,,,,,,,,,,1.0,0.5,2.379550959628444,25.0,,,False,2.6290839384022835
quartic,50.0,18,50,2000,10.0,PAC hyperprior,1.014630745490435,,,,,,,,,,,,,1.0,1.0,3.25906281265956,25.0,,,False,3.504034752096592
quartic,50.0,19,50,2000,10.0,fitted ellipse,0.9300854888859593,1.1041847281074462,4.6250319774848805,4.606970402697672,-6.905973558232357,0.6186306501473369,9.680344001221918,3.843668511905746,0.26016811723032424,1.3354671091125148,0.7488016688516952,34.38824127288266,0.0,,,,,,,,
quartic,50.0,19,50,2000,10.0,PAC hyperposterior,0.5930846821636493,,,,1.1647322565613014,,,,,,,,0.0,0.0,0.125,0.6056315708781199,25.0,8.236145189990491,7.903808436429277,,
quartic,50.0,19,50,2000,10.0,PAC hyperprior,0.5965649408743046,,,,,,,,,,,,,0.0,0.125,0.6109915779100145,25.0,,,True,0.7091654016360369
quartic,50.0,19,50,2000,10.0,PAC hyperprior,0.6042223528392134,,,,,,,,,,,,,0.0,0.25,0.6871373261419272,25.0,,,False,0.8812856003413021
quartic,50.0,19,50,2000,10.0,PAC hyperprior,0.6587019492209837,,,,,,,,,,,,,0.0,0.5,1.1453929718316334,25.0,,,False,1.370390622756263
quartic,50.0,19,50,2000,10.0,PAC hyperprior,0.7915132761559696,,,,,,,,,,,,,0.0,1.0,3.087169272365478,25.0,,,False,3.336702235561498
quartic,50.0,19,50,2000,10.0,PAC hyperposterior,1.0190935512708799,,,,1.1647322565613014,,,,,,,,0.020701171875,1.0,0.5,1.582042331932779,25.0,8.236145189990491,7.903808436429277,,
quartic,50.0,19,50,2000,10.0,PAC hyperprior,1.3075046214107162,,,,,,,,,,,,,1.0,0.125,1.3304537675716852,25.0,,,False,1.4951967419624754
quartic,50.0,19,50,2000,10.0,PAC hyperprior,1.3064407979071786,,,,,,,,,,,,,1.0,0.25,1.5356797975416254,25.0,,,False,1.772611467671684
quartic,50.0,19,50,2000,10.0,PAC hyperprior,1.2858326001512466,,,,,,,,,,,,,1.0,0.5,2.1748311424221067,25.0,,,True,2.4160851276320994
quartic,50.0,19,50,2000,10.0,PAC hyperprior,1.2532449083399184,,,,,,,,,,,,,1.0,1.0,3.3474989562425876,25.0,,,False,3.597031933518055
quartic,100.0,0,100,2000,20.0,fitted ellipse,0.907762667723647,1.0412087609942438,4.564900714201737,4.6093613577191235,-6.905973558232357,0.47416191217679476,9.680344001221918,3.823624757478031,0.2615319398286288,1.3635796006749805,0.7333638604632936,34.38824127288266,0.0,,,,,,,,
quartic,100.0,0,100,2000,20.0,PAC hyperposterior,0.7094211894617752,,,,1.1647322565613014,,,,,,,,0.0,0.0,0.125,0.7223907893187387,50.0,7.366048746766076,6.974392669246684,,
quartic,100.0,0,100,2000,20.0,PAC hyperprior,0.7102629366674351,,,,,,,,,,,,,0.0,0.125,0.7228295861378642,50.0,,,True,0.784965363668686
quartic,100.0,0,100,2000,20.0,PAC hyperprior,0.7210920915232361,,,,,,,,,,,,,0.0,0.25,0.8850960192844289,50.0,,,False,0.994365109229923
quartic,100.0,0,100,2000,20.0,PAC hyperprior,0.7575465528099038,,,,,,,,,,,,,0.0,0.5,1.902573880699481,50.0,,,False,2.0169687827251312
quartic,100.0,0,100,2000,20.0,PAC hyperprior,0.8688714627128453,,,,,,,,,,,,,0.0,1.0,3.6941004945938163,50.0,,,False,3.8188668801277412
quartic,100.0,0,100,2000,20.0,PAC hyperposterior,0.7190807124195515,,,,1.1647322565613014,,,,,,,,0.0,1.0,0.125,0.7661651551210749,50.0,7.366048746766076,6.974392669246684,,
quartic,100.0,0,100,2000,20.0,PAC hyperprior,0.7203675869033901,,,,,,,,,,,,,1.0,0.125,0.7993350026481849,50.0,,,True,0.9168121225176584
quartic,100.0,0,100,2000,20.0,PAC hyperprior,0.7480460607928008,,,,,,,,,,,,,1.0,0.25,1.334004083449924,50.0,,,False,1.4587705533566737
quartic,100.0,0,100,2000,20.0,PAC hyperprior,0.8191383830445598,,,,,,,,,,,,,1.0,0.5,2.501069229000227,50.0,,,False,2.625835721496184
quartic,100.0,0,100,2000,20.0,PAC hyperprior,0.9775123214263782,,,,,,,,,,,,,1.0,1.0,3.8411415181331883,50.0,,,False,3.965905405303058
quartic,100.0,1,100,2000,20.0,fitted ellipse,0.8731722567794069,0.9864061972548609,4.551773473929894,4.706060190705765,-6.905973558232357,0.507407461921368,9.680344001221918,3.81924901072075,0.2618315792431887,1.3481220040028419,0.7417726266842329,34.38824127288266,0.0,,,,,,,,
quartic,100.0,1,100,2000,20.0,PAC hyperposterior,0.7356548787334134,,,,1.1647322565613014,,,,,,,,0.0,0.0,0.125,0.7450913968016052,50.0,7.476220100911717,7.090575652955866,,
quartic,100.0,1,100,2000,20.0,PAC hyperprior,0.7351043889073511,,,,,,,,,,,,,0.0,0.125,0.7417262655262651,50.0,,,True,0.7952301111138507
quartic,100.0,1,100,2000,20.0,PAC hyperprior,0.7443808198353689,,,,,,,,,,,,,0.0,0.25,0.9648436136052319,50.0,,,False,1.0789568515614416
quartic,100.0,1,100,2000,20.0,PAC hyperprior,0.7864903455129266,,,,,,,,,,,,,0.0,0.5,1.7324936164334759,50.0,,,False,1.8557272900518083
quartic,100.0,1,100,2000,20.0,PAC hyperprior,0.9099416462585611,,,,,,,,,,,,,0.0,1.0,3.0933654779698387,50.0,,,False,3.217677460437896
quartic,100.0,1,100,2000,20.0,PAC hyperposterior,0.5293104447284744,,,,1.1647322565613014,,,,,,,,0.0,1.0,0.125,0.570316995821896,50.0,7.476220100911717,7.090575652955866,,
quartic,100.0,1,100,2000,20.0,PAC hyperprior,0.5309598096365067,,,,,,,,,,,,,1.0,0.125,0.5970849566535071,50.0,,,True,0.7094111082185943
quartic,100.0,1,100,2000,20.0,PAC hyperprior,0.5373586161401291,,,,,,,,,,,,,1.0,0.25,0.8860833873974343,50.0,,,False,1.0089368859266035
quartic,100.0,1,100,2000,20.0,PAC hyperprior,0.5819477194224493,,,,,,,,,,,,,1.0,0.5,2.2312141481975956,50.0,,,False,2.355980640551925
quartic,100.0,1,100,2000,20.0,PAC hyperprior,0.6826234651301222,,,,,,,,,,,,,1.0,1.0,3.497642469357276,50.0,,,False,3.6224088453730836
quartic,100.0,2,100,2000,20.0,fitted ellipse,0.9178146993446958,1.0663636058354828,4.57079513106275,4.302995553297442,-6.905973558232357,0.5639392944300121,9.680344001221918,3.8255895630983687,0.2613976181987735,1.3356186122109126,0.7487167301035531,34.38824127288266,0.0,,,,,,,,
quartic,100.0,2,100,2000,20.0,PAC hyperposterior,0.7608386277725596,,,,1.1647322565613014,,,,,,,,0.0,0.0,0.125,0.764276038940283,50.0,7.170664353192006,6.770086710981091,,
quartic,100.0,2,100,2000,20.0,PAC hyperprior,0.7608838753212115,,,,,,,,,,,,,0.0,0.125,0.764798817749858,50.0,,,True,0.8138823914771347
quartic,100.0,2,100,2000,20.0,PAC hyperprior,0.7682590912793997,,,,,,,,,,,,,0.0,0.25,0.7977956643337483,50.0,,,False,0.8893617100761642
quartic,100.0,2,100,2000,20.0,PAC hyperprior,0.8123853338144058,,,,,,,,,,,,,0.0,0.5,2.041946426966403,50.0,,,False,2.166712603477441
quartic,100.0,2,100,2000,20.0,PAC hyperprior,0.9289152733535904,,,,,,,,,,,,,0.0,1.0,3.074322161061186,50.0,,,False,3.199087928991137
quartic,100.0,2,100,2000,20.0,PAC hyperposterior,0.7544750921993009,,,,1.1647322565613014,,,,,,,,0.0,1.0,0.125,0.8049262755063813,50.0,7.170664353192006,6.770086710981091,,
quartic,100.0,2,100,2000,20.0,PAC hyperprior,0.7557398550322094,,,,,,,,,,,,,1.0,0.125,0.7846354178036817,50.0,,,True,0.8633023174279817
quartic,100.0,2,100,2000,20.0,PAC hyperprior,0.7823359080405932,,,,,,,,,,,,,1.0,0.25,1.2515274382219141,50.0,,,False,1.3702954795107996
quartic,100.0,2,100,2000,20.0,PAC hyperprior,0.8828378011217644,,,,,,,,,,,,,1.0,0.5,2.9223897516728403,50.0,,,False,3.04715624417363
quartic,100.0,2,100,2000,20.0,PAC hyperprior,1.030300150992726,,,,,,,,,,,,,1.0,1.0,3.7892220665825294,50.0,,,False,3.9139885589306296
quartic,100.0,3,100,2000,20.0,fitted ellipse,0.8928961171684406,1.0439317879578434,4.543275165796376,4.467936158766598,-6.905973558232357,0.4728554163985588,9.680344001221918,3.816416241342911,0.26202592609450864,1.3568065831326057,0.7370247258759551,34.38824127288266,0.0,,,,,,,,
quartic,100.0,3,100,2000,20.0,PAC hyperposterior,0.6780583807234539,,,,1.1647322565613014,,,,,,,,0.0,0.0,0.125,0.6937552990292352,50.0,7.432159729580205,7.04618822864748,,
quartic,100.0,3,100,2000,20.0,PAC hyperprior,0.6780040899344862,,,,,,,,,,,,,0.0,0.125,0.6905301481827404,50.0,,,True,0.7543705095910322
quartic,100.0,3,100,2000,20.0,PAC hyperprior,0.687251712682047,,,,,,,,,,,,,0.0,0.25,0.918756757452418,50.0,,,False,1.0324660727880666
quartic,100.0,3,100,2000,20.0,PAC hyperprior,0.7495650622512733,,,,,,,,,,,,,0.0,0.5,1.9472262452362512,50.0,,,False,2.0718375059262133
quartic,100.0,3,100,2000,20.0,PAC hyperprior,0.8982543865180401,,,,,,,,,,,,,0.0,1.0,3.685743189778538,50.0,,,False,3.8100539464287255
quartic,100.0,3,100,2000,20.0,PAC hyperposterior,0.6504785524594774,,,,1.1647322565613014,,,,,,,,0.0205625,1.0,1.0,2.063259325859568,50.0,7.432159729580205,7.04618822864748,,
quartic,100.0,3,100,2000,20.0,PAC hyperprior,0.8489302208218708,,,,,,,,,,,,,1.0,0.125,1.0294266788006186,50.0,,,False,1.153844922198644
quartic,100.0,3,100,2000,20.0,PAC hyperprior,0.8792226542531172,,,,,,,,,,,,,1.0,0.25,1.7957724158544988,50.0,,,False,1.9205388677828577
quartic,100.0,3,100,2000,20.0,PAC hyperprior,1.0252320584866088,,,,,,,,,,,,,1.0,0.5,3.037285427181441,50.0,,,False,3.1620448235112377
quartic,100.0,3,100,2000,20.0,PAC hyperprior,1.1842091742822038,,,,,,,,,,,,,1.0,1.0,4.110776275952208,50.0,,,True,4.235542761232878
quartic,100.0,4,100,2000,20.0,fitted ellipse,0.9489593325452486,1.0761761722933074,4.548439881883132,4.36424204511793,-6.905973558232357,0.37329893140896653,9.680344001221918,3.818137813371829,0.26190778041007684,1.3917136501580554,0.7185386159620056,34.38824127288266,0.0,,,,,,,,
quartic,100.0,4,100,2000,20.0,PAC hyperposterior,0.7399833757463058,,,,1.1647322565613014,,,,,,,,0.0,0.0,0.125,0.8127215902217622,50.0,7.1800494889439435,6.780256011810415,,
quartic,100.0,4,100,2000,20.0,PAC hyperprior,0.7397896987912826,,,,,,,,,,,,,0.0,0.125,0.7878649311721722,50.0,,,True,0.8675326767259381
quartic,100.0,4,100,2000,20.0,PAC hyperprior,0.756519792038723,,,,,,,,,,,,,0.0,0.25,1.4916994838908397,50.0,,,False,1.616443116314544
quartic,100.0,4,100,2000,20.0,PAC hyperprior,0.8193840486646204,,,,,,,,,,,,,0.0,0.5,2.611898217423307,50.0,,,False,2.736397662357808
quartic,100.0,4,100,2000,20.0,PAC hyperprior,0.913158854761835,,,,,,,,,,,,,0.0,1.0,3.8596667341010034,50.0,,,False,3.984430455737142
quartic,100.0,4,100,2000,20.0,PAC hyperposterior,0.7410473000821642,,,,1.1647322565613014,,,,,,,,0.0,1.0,0.125,0.7558646302536283,50.0,7.1800494889439435,6.780256011810415,,
quartic,100.0,4,100,2000,20.0,PAC hyperprior,0.741940580783659,,,,,,,,,,,,,1.0,0.125,0.7568086684824223,50.0,,,True,0.8381850606290868
quartic,100.0,4,100,2000,20.0,PAC hyperprior,0.757815418007695,,,,,,,,,,,,,1.0,0.25,1.1328516861408817,50.0,,,False,1.257615766132
quartic,100.0,4,100,2000,20.0,PAC hyperprior,0.8175309328032673,,,,,,,,,,,,,1.0,0.5,1.6409036412605689,50.0,,,False,1.7585540759095775
quartic,100.0,4,100,2000,20.0,PAC hyperprior,0.9616932282677495,,,,,,,,,,,,,1.0,1.0,2.909214071387617,50.0,,,False,3.033978918981374
quartic,100.0,5,100,2000,20.0,fitted ellipse,0.8809250904582768,1.02928429412327,4.5703189074288115,4.526507394031034,-6.905973558232357,0.5015347798101626,9.680344001221918,3.8254308218870556,0.2614084652318213,1.356261375872883,0.7373210044829339,34.38824127288266,0.0,,,,,,,,
quartic,100.0,5,100,2000,20.0,PAC hyperposterior,0.6783242105699098,,,,1.1647322565613014,,,,,,,,0.0,0.0,0.125,0.6898583413580865,50.0,7.322680937493001,6.929489247453343,,
quartic,100.0,5,100,2000,20.0,PAC hyperprior,0.6784404341571084,,,,,,,,,,,,,0.0,0.125,0.6922322721297549,50.0,,,True,0.7621287362242324
quartic,100.0,5,100,2000,20.0,PAC hyperprior,0.6930662443051356,,,,,,,,,,,,,0.0,0.25,1.1144722920480319,50.0,,,False,1.2392387639955764
quartic,100.0,5,100,2000,20.0,PAC hyperprior,0.7609601884090074,,,,,,,,,,,,,0.0,0.5,2.0487948720727465,50.0,,,False,2.1735613355484382
quartic,100.0,5,100,2000,20.0,PAC hyperprior,0.8882614381478176,,,,,,,,,,,,,0.0,1.0,3.525070483488879,50.0,,,False,3.647840590226096
quartic,100.0,5,100,2000,20.0,PAC hyperposterior,0.7525902150735175,,,,1.1647322565613014,,,,,,,,1.220703125e-05,1.0,0.125,0.8800634825219409,50.0,7.322680937493001,6.929489247453343,,
quartic,100.0,5,100,2000,20.0,PAC hyperprior,0.7615409029784221,,,,,,,,,,,,,1.0,0.125,0.9479003123061887,50.0,,,True,1.065328603807835
quartic,100.0,5,100,2000,20.0,PAC hyperprior,0.7926832243548205,,,,,,,,,,,,,1.0,0.25,1.6196251369907912,50.0,,,False,1.7443702494491138
quartic,100.0,5,100,2000,20.0,PAC hyperprior,0.8379232771103655,,,,,,,,,,,,,1.0,0.5,2.2045105067898962,50.0,,,False,2.329262225174805
quartic,100.0,5,100,2000,20.0,PAC hyperprior,0.9314413937426466,,,,,,,,,,,,,1.0,1.0,3.815701768259832,50.0,,,False,3.940468253252737
quartic,100.0,6,100,2000,20.0,fitted ellipse,0.9438827687980353,1.0585009949727773,4.573992110318366,4.588924526168519,-6.905973558232357,0.41556366309242154,9.680344001221918,3.8266552228502406,0.26132482331532375,1.3861428157419813,0.7214263845278562,34.38824127288266,0.0,,,,,,,,
quartic,100.0,6,100,2000,20.0,PAC hyperposterior,0.676026080013181,,,,1.1647322565613014,,,,,,,,0.0,0.0,0.125,0.6890199920930925,50.0,7.364936844763825,6.973188262487762,,
quartic,100.0,6,100,2000,20.0,PAC hyperprior,0.6749923472567272,,,,,,,,,,,,,0.0,0.125,0.6888662784397351,50.0,,,True,0.765881004034231
quartic,100.0,6,100,2000,20.0,PAC hyperprior,0.688705310792761,,,,,,,,,,,,,0.0,0.25,1.1059869636914916,50.0,,,False,1.230753373037464
quartic,100.0,6,100,2000,20.0,PAC hyperprior,0.7549863253166512,,,,,,,,,,,,,0.0,0.5,2.0964082985776735,50.0,,,False,2.221020949121989
quartic,100.0,6,100,2000,20.0,PAC hyperprior,0.8875132366879008,,,,,,,,,,,,,0.0,1.0,3.4394744251975577,50.0,,,False,3.5642406052729623
quartic,100.0,6,100,2000,20.0,PAC hyperposterior,0.7952341161329434,,,,1.1647322565613014,,,,,,,,0.0,1.0,0.125,0.8174927135506617,50.0,7.364936844763825,6.973188262487762,,
quartic,100.0,6,100,2000,20.0,PAC hyperprior,0.7963380255518346,,,,,,,,,,,,,1.0,0.125,0.8229058406125802,50.0,,,True,0.9181711945642679
quartic,100.0,6,100,2000,20.0,PAC hyperprior,0.8098297682137239,,,,,,,,,,,,,1.0,0.25,1.21969690176059,50.0,,,False,1.3376084734435612
quartic,100.0,6,100,2000,20.0,PAC hyperprior,0.9059080493719445,,,,,,,,,,,,,1.0,0.5,2.2288909672910777,50.0,,,False,2.353657448839007
quartic,100.0,6,100,2000,20.0,PAC hyperprior,1.0236121034231833,,,,,,,,,,,,,1.0,1.0,3.5655385674037223,50.0,,,False,3.6903050599041833
quartic,100.0,7,100,2000,20.0,fitted ellipse,0.8887314085071658,1.0256539594114789,4.547264892352931,4.336270990984257,-6.905973558232357,0.6366672820148164,9.680344001221918,3.8177461501950964,0.26193464957037477,1.3035325367793715,0.7671461753234735,34.38824127288266,0.0,,,,,,,,
quartic,100.0,7,100,2000,20.0,PAC hyperposterior,0.7148926563485534,,,,1.1647322565613014,,,,,,,,0.0,0.0,0.125,0.737293757174872,50.0,7.120893460165552,6.718239730233013,,
quartic,100.0,7,100,2000,20.0,PAC hyperprior,0.7165285629953289,,,,,,,,,,,,,0.0,0.125,0.750299596377308,50.0,,,True,0.8627565726143533
quartic,100.0,7,100,2000,20.0,PAC hyperprior,0.7370135706870675,,,,,,,,,,,,,0.0,0.25,1.1706276885617743,50.0,,,False,1.29534811344487
quartic,100.0,7,100,2000,20.0,PAC hyperprior,0.829146378910981,,,,,,,,,,,,,0.0,0.5,2.3866347889633395,50.0,,,False,2.511401272439567
quartic,100.0,7,100,2000,20.0,PAC hyperprior,0.9870255718209421,,,,,,,,,,,,,0.0,1.0,2.9701183843764274,50.0,,,False,3.08474008646831
quartic,100.0,7,100,2000,20.0,PAC hyperposterior,0.7070395771922913,,,,1.1647322565613014,,,,,,,,0.0,1.0,0.125,0.7280488049532362,50.0,7.120893460165552,6.718239730233013,,
quartic,100.0,7,100,2000,20.0,PAC hyperprior,0.7055875793168491,,,,,,,,,,,,,1.0,0.125,0.722389933105905,50.0,,,True,0.7978880841254874
quartic,100.0,7,100,2000,20.0,PAC hyperprior,0.7199612067536734,,,,,,,,,,,,,1.0,0.25,1.5235400840902125,50.0,,,False,1.6483065765909952
quartic,100.0,7,100,2000,20.0,PAC hyperprior,0.7869927290630515,,,,,,,,,,,,,1.0,0.5,3.0385595917116057,50.0,,,False,3.1633260842123665
quartic,100.0,7,100,2000,20.0,PAC hyperprior,0.9302332214753082,,,,,,,,,,,,,1.0,1.0,3.9313339945421615,50.0,,,False,4.055829108489869
quartic,100.0,8,100,2000,20.0,fitted ellipse,0.9010066514887161,1.0449262089308782,4.571644667536373,4.430541419783117,-6.905973558232357,0.5023059616786151,9.680344001221918,3.8258727419229097,0.2613782703858031,1.3564462352859195,0.737220520789174,34.38824127288266,0.0,,,,,,,,
quartic,100.0,8,100,2000,20.0,PAC hyperposterior,0.7015817321009937,,,,1.1647322565613014,,,,,,,,0.0,0.0,0.125,0.7267859619122742,50.0,7.239562342692631,6.842429594473179,,
quartic,100.0,8,100,2000,20.0,PAC hyperprior,0.702343722130936,,,,,,,,,,,,,0.0,0.125,0.7234918241235649,50.0,,,True,0.8090961753143553
quartic,100.0,8,100,2000,20.0,PAC hyperprior,0.7175383967224097,,,,,,,,,,,,,0.0,0.25,1.2243837255041294,50.0,,,False,1.3491472340126212
quartic,100.0,8,100,2000,20.0,PAC hyperprior,0.7691513701270881,,,,,,,,,,,,,0.0,0.5,1.559157446251643,50.0,,,False,1.6834258793502794
quartic,100.0,8,100,2000,20.0,PAC hyperprior,0.8920200600234933,,,,,,,,,,,,,0.0,1.0,3.8962431518186396,50.0,,,False,4.021009644319429
quartic,100.0,8,100,2000,20.0,PAC hyperposterior,0.7553399812804262,,,,1.1647322565613014,,,,,,,,0.0,1.0,0.125,0.8979053257048376,50.0,7.239562342692631,6.842429594473179,,
quartic,100.0,8,100,2000,20.0,PAC hyperprior,0.7545238275821693,,,,,,,,,,,,,1.0,0.125,0.8616265581410595,50.0,,,True,0.9749390861689609
quartic,100.0,8,100,2000,20.0,PAC hyperprior,0.7961693456680358,,,,,,,,,,,,,1.0,0.25,1.6304771049052655,50.0,,,False,1.7552428617113502
quartic,100.0,8,100,2000,20.0,PAC hyperprior,0.88106217199392,,,,,,,,,,,,,1.0,0.5,2.567566302013962,50.0,,,False,2.69233275945267
quartic,100.0,8,100,2000,20.0,PAC hyperprior,1.0638319398415204,,,,,,,,,,,,,1.0,1.0,3.473543147094702,50.0,,,False,3.5983091474030022
quartic,100.0,9,100,2000,20.0,fitted ellipse,0.8927105670303686,1.0475714272141863,4.555100146166234,4.302255599719315,-6.905973558232357,0.5133641535557675,9.680344001221918,3.820357901466197,0.2617555804434487,1.3472453308701555,0.7422553094721972,34.38824127288266,0.0,,,,,,,,
quartic,100.0,9,100,2000,20.0,PAC hyperposterior,0.734742188973429,,,,1.1647322565613014,,,,,,,,0.0,0.0,0.125,0.7589560192087029,50.0,7.135490851867951,6.733545127803226,,
quartic,100.0,9,100,2000,20.0,PAC hyperprior,0.7370695403625713,,,,,,,,,,,,,0.0,0.125,0.7733967776098133,50.0,,,True,0.8856480821460995
quartic,100.0,9,100,2000,20.0,PAC hyperprior,0.7597997172069594,,,,,,,,,,,,,0.0,0.25,1.0446607897791524,50.0,,,False,1.1644501384958552
quartic,100.0,9,100,2000,20.0,PAC hyperprior,0.8460896150527162,,,,,,,,,,,,,0.0,0.5,2.4173753200268777,50.0,,,False,2.542141812527653
quartic,100.0,9,100,2000,20.0,PAC hyperprior,0.9619008908686613,,,,,,,,,,,,,0.0,1.0,3.239128252316415,50.0,,,False,3.3632309320942664
quartic,100.0,9,100,2000,20.0,PAC hyperposterior,0.7131442437960652,,,,1.1647322565613014,,,,,,,,0.0,1.0,0.125,0.727075158376713,50.0,7.135490851867951,6.733545127803226,,
quartic,100.0,9,100,2000,20.0,PAC hyperprior,0.7130845679181652,,,,,,,,,,,,,1.0,0.125,0.7259443744178172,50.0,,,True,0.7893770702156004
quartic,100.0,9,100,2000,20.0,PAC hyperprior,0.7266809822848956,,,,,,,,,,,,,1.0,0.25,0.9615515062734654,50.0,,,False,1.0685129357194558
quartic,100.0,9,100,2000,20.0,PAC hyperprior,0.8207261383005563,,,,,,,,,,,,,1.0,0.5,2.4930262359813384,50.0,,,False,2.617792246162008
quartic,100.0,9,100,2000,20.0,PAC hyperprior,0.9452635666849569,,,,,,,,,,,,,1.0,1.0,3.4189737330287953,50.0,,,False,3.543740224293451
quartic,100.0,10,100,2000,20.0,fitted ellipse,0.9183061907916557,1.0175019362311755,4.550298157041812,4.443832336404963,-6.905973558232357,0.4476518020232325,9.680344001221918,3.8187572384247233,0.2618652974161066,1.3675487850061934,0.7312353394365169,34.38824127288266,0.0,,,,,,,,
quartic,100.0,10,100,2000,20.0,PAC hyperposterior,0.7443246896269633,,,,1.1647322565613014,,,,,,,,0.0,0.0,0.125,0.7673381749325278,50.0,7.245547533541645,6.848287872704886,,
quartic,100.0,10,100,2000,20.0,PAC hyperprior,0.7439927906509982,,,,,,,,,,,,,0.0,0.125,0.7730721220902634,50.0,,,True,0.8650729926607053
quartic,100.0,10,100,2000,20.0,PAC hyperprior,0.765044439774112,,,,,,,,,,,,,0.0,0.25,1.253809053894053,50.0,,,False,1.3785066732071058
quartic,100.0,10,100,2000,20.0,PAC hyperprior,0.8678497207032778,,,,,,,,,,,,,0.0,0.5,2.810253785170934,50.0,,,False,2.934970061432711
quartic,100.0,10,100,2000,20.0,PAC hyperprior,1.0205283595976733,,,,,,,,,,,,,0.0,1.0,3.490783502888674,50.0,,,False,3.615549995028024
quartic,100.0,10,100,2000,20.0,PAC hyperposterior,0.7024247143373652,,,,1.1647322565613014,,,,,,,,0.0,1.0,0.125,0.7195232435165703,50.0,7.245547533541645,6.848287872704886,,
quartic,100.0,10,100,2000,20.0,PAC hyperprior,0.7033727520375954,,,,,,,,,,,,,1.0,0.125,0.7361357240052999,50.0,,,True,0.8485594403992831
quartic,100.0,10,100,2000,20.0,PAC hyperprior,0.7118077396316859,,,,,,,,,,,,,1.0,0.25,0.9164362387778353,50.0,,,False,1.0364736776246293
quartic,100.0,10,100,2000,20.0,PAC hyperprior,0.7774613355184393,,,,,,,,,,,,,1.0,0.5,2.584262376822817,50.0,,,False,2.7090288691771445
quartic,100.0,10,100,2000,20.0,PAC hyperprior,0.8236892651496753,,,,,,,,,,,,,1.0,1.0,3.6768475716000633,50.0,,,False,3.8016106595609642
quartic,100.0,11,100,2000,20.0,fitted ellipse,0.8040113337233716,0.9584308953259846,4.588895900582257,4.596895849260959,-6.905973558232357,0.4281675092694708,9.680344001221918,3.8316231529382043,0.2609859999497001,1.3869094637709285,0.7210275985002341,34.38824127288266,0.0,,,,,,,,
quartic,100.0,11,100,2000,20.0,PAC hyperposterior,0.6661275105476512,,,,1.1647322565613014,,,,,,,,0.0,0.0,0.125,0.6895936714041097,50.0,7.346903995677332,6.954590708097566,,
quartic,100.0,11,100,2000,20.0,PAC hyperprior,0.6648007227341817,,,,,,,,,,,,,0.0,0.125,0.688752774264867,50.0,,,True,0.7644369232939656
quartic,100.0,11,100,2000,20.0,PAC hyperprior,0.680018894413638,,,,,,,,,,,,,0.0,0.25,1.0207594573567536,50.0,,,False,1.1406722551234392
quartic,100.0,11,100,2000,20.0,PAC hyperprior,0.7336874420809942,,,,,,,,,,,,,0.0,0.5,2.251480769194756,50.0,,,False,2.375203815823294
quartic,100.0,11,100,2000,20.0,PAC hyperprior,0.8423059087129032,,,,,,,,,,,,,0.0,1.0,3.2853541571972538,50.0,,,False,3.409375884092933
quartic,100.0,11,100,2000,20.0,PAC hyperposterior,0.7857463492831889,,,,1.1647322565613014,,,,,,,,0.00025927734375,1.0,0.125,0.9106191158873651,50.0,7.346903995677332,6.954590708097566,,
quartic,100.0,11,100,2000,20.0,PAC hyperprior,0.7950785482034488,,,,,,,,,,,,,1.0,0.125,0.9122396556093415,50.0,,,True,1.0149019153863943
quartic,100.0,11,100,2000,20.0,PAC hyperprior,0.8054599862760227,,,,,,,,,,,,,1.0,0.25,1.5534936795138063,50.0,,,False,1.678249718394019
quartic,100.0,11,100,2000,20.0,PAC hyperprior,0.8476147548805936,,,,,,,,,,,,,1.0,0.5,2.211554580158701,50.0,,,False,2.3363210725830754
quartic,100.0,11,100,2000,20.0,PAC hyperprior,0.9395190036621615,,,,,,,,,,,,,1.0,1.0,3.6472208413998497,50.0,,,False,3.771965021062959
quartic,100.0,12,100,2000,20.0,fitted ellipse,0.94940390150113,1.0671463189460806,4.585904822691915,4.456566361639595,-6.905973558232357,0.5291861532120119,9.680344001221918,3.830626126974757,0.26105392874499905,1.352239556493301,0.7395139383388938,34.38824127288266,0.0,,,,,,,,
quartic,100.0,12,100,2000,20.0,PAC hyperposterior,0.7298852401054052,,,,1.1647322565613014,,,,,,,,0.0,0.0,0.125,0.7835137963524873,50.0,7.250024625276663,6.853111924969856,,
quartic,100.0,12,100,2000,20.0,PAC hyperprior,0.7286060568028054,,,,,,,,,,,,,0.0,0.125,0.7444424397631644,50.0,,,True,0.8088583606955648
quartic,100.0,12,100,2000,20.0,PAC hyperprior,0.750109110224598,,,,,,,,,,,,,0.0,0.25,1.203057512643778,50.0,,,False,1.3277298240926019
quartic,100.0,12,100,2000,20.0,PAC hyperprior,0.8033161484734832,,,,,,,,,,,,,0.0,0.5,2.8388363601991347,50.0,,,False,2.9636028526999247
quartic,100.0,12,100,2000,20.0,PAC hyperprior,0.8786705097318626,,,,,,,,,,,,,0.0,1.0,3.802383712266273,50.0,,,False,3.927150204431447
quartic,100.0,12,100,2000,20.0,PAC hyperposterior,0.7437556783053199,,,,1.1647322565613014,,,,,,,,0.0,1.0,0.125,0.794265934938022,50.0,7.250024625276663,6.853111924969856,,
quartic,100.0,12,100,2000,20.0,PAC hyperprior,0.7460814044534638,,,,,,,,,,,,,1.0,0.125,0.7859523355420284,50.0,,,True,0.899243687592632
quartic,100.0,12,100,2000,20.0,PAC hyperprior,0.7723840982070324,,,,,,,,,,,,,1.0,0.25,1.2284021583377662,50.0,,,False,1.3479600775672331
quartic,100.0,12,100,2000,20.0,PAC hyperprior,0.8428883923159232,,,,,,,,,,,,,1.0,0.5,2.068622069834666,50.0,,,False,2.1933885391267456
quartic,100.0,12,100,2000,20.0,PAC hyperprior,1.01667863085247,,,,,,,,,,,,,1.0,1.0,3.0358868075680983,50.0,,,False,3.1504815435252738
quartic,100.0,13,100,2000,20.0,fitted ellipse,0.9160293079058537,1.0111453790579648,4.548044430997166,4.666336711355765,-6.905973558232357,0.47191976835790306,9.680344001221918,3.818005996409841,0.2619168227971153,1.3587082208797543,0.7359931916453017,34.38824127288266,0.0,,,,,,,,
quartic,100.0,13,100,2000,20.0,PAC hyperposterior,0.7376967870810125,,,,1.1647322565613014,,,,,,,,0.0,0.0,0.125,0.7566100640598283,50.0,7.42833309242637,7.039970243076401,,
quartic,100.0,13,100,2000,20.0,PAC hyperprior,0.7428483100301346,,,,,,,,,,,,,0.0,0.125,0.773803068298598,50.0,,,True,0.8666738270091958
quartic,100.0,13,100,2000,20.0,PAC hyperprior,0.7536717900257471,,,,,,,,,,,,,0.0,0.25,1.0543758519141986,50.0,,,False,1.177048878799864
quartic,100.0,13,100,2000,20.0,PAC hyperprior,0.8142167362612838,,,,,,,,,,,,,0.0,0.5,1.772324356927868,50.0,,,False,1.896307658794088
quartic,100.0,13,100,2000,20.0,PAC hyperprior,0.9310381678343798,,,,,,,,,,,,,0.0,1.0,2.840897443327658,50.0,,,False,2.95147090704082
quartic,100.0,13,100,2000,20.0,PAC hyperposterior,0.7020576872115074,,,,1.1647322565613014,,,,,,,,0.0,1.0,0.125,0.7162027329787003,50.0,7.42833309242637,7.039970243076401,,
quartic,100.0,13,100,2000,20.0,PAC hyperprior,0.7034369375558178,,,,,,,,,,,,,1.0,0.125,0.718523142003465,50.0,,,True,0.7926226470215934
quartic,100.0,13,100,2000,20.0,PAC hyperprior,0.7164908243101962,,,,,,,,,,,,,1.0,0.25,1.0485683712965297,50.0,,,False,1.163763475387368
quartic,100.0,13,100,2000,20.0,PAC hyperprior,0.7656467359902442,,,,,,,,,,,,,1.0,0.5,2.1897317545140873,50.0,,,False,2.3144982469912225
quartic,100.0,13,100,2000,20.0,PAC hyperprior,0.8862620701647126,,,,,,,,,,,,,1.0,1.0,3.6608594133465617,50.0,,,False,3.7854122811831328
quartic,100.0,14,100,2000,20.0,fitted ellipse,0.9219347393173187,1.0517315240584302,4.58019491039373,4.476443595169006,-6.905973558232357,0.6139263046697727,9.680344001221918,3.828722822875362,0.2611837017883165,1.3220895352413191,0.7563784247165011,34.38824127288266,0.0,,,,,,,,
quartic,100.0,14,100,2000,20.0,PAC hyperposterior,0.8460062729590149,,,,1.1647322565613014,,,,,,,,0.0,0.0,0.125,0.8634173970277617,50.0,7.313490345888441,6.919310303054027,,
quartic,100.0,14,100,2000,20.0,PAC hyperprior,0.8479857908261408,,,,,,,,,,,,,0.0,0.125,0.8645177429060169,50.0,,,True,0.9241000106554704
quartic,100.0,14,100,2000,20.0,PAC hyperprior,0.8590017018179632,,,,,,,,,,,,,0.0,0.25,1.1046421492433003,50.0,,,False,1.2292535191438976
quartic,100.0,14,100,2000,20.0,PAC hyperprior,0.9134131034984367,,,,,,,,,,,,,0.0,0.5,2.0012569625398995,50.0,,,False,2.1260234495988772
quartic,100.0,14,100,2000,20.0,PAC hyperprior,1.0004751677886776,,,,,,,,,,,,,0.0,1.0,2.992506643393106,50.0,,,False,3.1172731358693095
quartic,100.0,14,100,2000,20.0,PAC hyperposterior,0.7465265556373153,,,,1.1647322565613014,,,,,,,,0.0,1.0,0.125,0.7597354360318902,50.0,7.313490345888441,6.919310303054027,,
quartic,100.0,14,100,2000,20.0,PAC hyperprior,0.747073919750874,,,,,,,,,,,,,1.0,0.125,0.7614073148534426,50.0,,,True,0.8388069212965092
quartic,100.0,14,100,2000,20.0,PAC hyperprior,0.7544833862386655,,,,,,,,,,,,,1.0,0.25,0.9188379073143459,50.0,,,False,1.03804317078089
quartic,100.0,14,100,2000,20.0,PAC hyperprior,0.8097151410581703,,,,,,,,,,,,,1.0,0.5,1.8527089667051928,50.0,,,False,1.9675376476911932
quartic,100.0,14,100,2000,20.0,PAC hyperprior,0.9629294285857586,,,,,,,,,,,,,1.0,1.0,4.0074674117660685,50.0,,,False,4.13223390321158
quartic,100.0,15,100,2000,20.0,fitted ellipse,0.9004402280118509,1.0055462489278586,4.541298914225918,4.486030641913163,-6.905973558232357,0.5831675339509329,9.680344001221918,3.815757490819425,0.2620711621233697,1.3193771267583285,0.7579334063922808,34.38824127288266,0.0,,,,,,,,
quartic,100.0,15,100,2000,20.0,PAC hyperposterior,0.7201936020919988,,,,1.1647322565613014,,,,,,,,0.0,0.0,0.125,0.7345711999472745,50.0,7.248921813457744,6.851885201977546,,
quartic,100.0,15,100,2000,20.0,PAC hyperprior,0.7191476195506585,,,,,,,,,,,,,0.0,0.125,0.7292700186334529,50.0,,,True,0.801451565573446
quartic,100.0,15,100,2000,20.0,PAC hyperprior,0.7376134962048684,,,,,,,,,,,,,0.0,0.25,0.934121991355324,50.0,,,False,1.0465101605853206
quartic,100.0,15,100,2000,20.0,PAC hyperprior,0.8289275814611365,,,,,,,,,,,,,0.0,0.5,2.4339606861763388,50.0,,,False,2.558727178625931
quartic,100.0,15,100,2000,20.0,PAC hyperprior,0.9804108713059674,,,,,,,,,,,,,0.0,1.0,3.4079653590299652,50.0,,,False,3.5321235549501626
quartic,100.0,15,100,2000,20.0,PAC hyperposterior,0.7263179804272132,,,,1.1647322565613014,,,,,,,,0.0,1.0,0.125,0.7467493280544777,50.0,7.248921813457744,6.851885201977546,,
quartic,100.0,15,100,2000,20.0,PAC hyperprior,0.7274477583391936,,,,,,,,,,,,,1.0,0.125,0.7550155009389341,50.0,,,True,0.8524371779495947
quartic,100.0,15,100,2000,20.0,PAC hyperprior,0.7517347421654735,,,,,,,,,,,,,1.0,0.25,1.1626604017344961,50.0,,,False,1.287395219093467
quartic,100.0,15,100,2000,20.0,PAC hyperprior,0.8345462389897218,,,,,,,,,,,,,1.0,0.5,1.9913977505379918,50.0,,,False,2.109703777535559
quartic,100.0,15,100,2000,20.0,PAC hyperprior,1.0371195322870208,,,,,,,,,,,,,1.0,1.0,3.7013211635853365,50.0,,,False,3.8260621480984813
quartic,100.0,16,100,2000,20.0,fitted ellipse,0.8826968693461428,0.9976718677585373,4.548171986961341,4.632436606530913,-6.905973558232357,0.4815587081135651,9.680344001221918,3.8180485150645658,0.2619139060319377,1.3555377596159255,0.7377146028623632,34.38824127288266,0.0,,,,,,,,
quartic,100.0,16,100,2000,20.0,PAC hyperposterior,0.6678735716027322,,,,1.1647322565613014,,,,,,,,0.0,0.0,0.125,0.6801443341226264,50.0,7.432743796620234,7.0447109895946145,,
quartic,100.0,16,100,2000,20.0,PAC hyperprior,0.6696454864103365,,,,,,,,,,,,,0.0,0.125,0.6854998364141,50.0,,,True,0.777496334926834
quartic,100.0,16,100,2000,20.0,PAC hyperprior,0.6802096857392459,,,,,,,,,,,,,0.0,0.25,0.8099930874014791,50.0,,,False,0.9194002057367516
quartic,100.0,16,100,2000,20.0,PAC hyperprior,0.7421508748108618,,,,,,,,,,,,,0.0,0.5,2.6571164981111504,50.0,,,False,2.7818829906119387
quartic,100.0,16,100,2000,20.0,PAC hyperprior,0.849067466970626,,,,,,,,,,,,,0.0,1.0,3.4430760452115123,50.0,,,False,3.567839515831352
quartic,100.0,16,100,2000,20.0,PAC hyperposterior,0.7876225738631593,,,,1.1647322565613014,,,,,,,,0.0,1.0,0.125,0.8205785617788476,50.0,7.432743796620234,7.0447109895946145,,
quartic,100.0,16,100,2000,20.0,PAC hyperprior,0.7853685572819735,,,,,,,,,,,,,1.0,0.125,0.8135200684309568,50.0,,,True,0.8893873601093727
quartic,100.0,16,100,2000,20.0,PAC hyperprior,0.8034688811822921,,,,,,,,,,,,,1.0,0.25,1.122926731071659,50.0,,,False,1.2476497712612762
quartic,100.0,16,100,2000,20.0,PAC hyperprior,0.8697165227478678,,,,,,,,,,,,,1.0,0.5,2.290048829353812,50.0,,,False,2.4148153199506392
quartic,100.0,16,100,2000,20.0,PAC hyperprior,0.99050495528286,,,,,,,,,,,,,1.0,1.0,3.506039095662448,50.0,,,False,3.617140633131255
quartic,100.0,17,100,2000,20.0,fitted ellipse,0.8226912600530447,0.9616117646368003,4.547320036642692,4.548106267571213,-6.905973558232357,0.5882428696381881,9.680344001221918,3.8177645316250164,0.2619333884309397,1.319692389001501,0.7577523431476444,34.38824127288266,0.0,,,,,,,,
quartic,100.0,17,100,2000,20.0,PAC hyperposterior,0.7309853067711475,,,,1.1647322565613014,,,,,,,,0.0,0.0,0.125,0.75279413134296,50.0,7.389816599116067,6.999346632243981,,
quartic,100.0,17,100,2000,20.0,PAC hyperprior,0.7332756526572844,,,,,,,,,,,,,0.0,0.125,0.7646348514394837,50.0,,,True,0.8593769613668929
quartic,100.0,17,100,2000,20.0,PAC hyperprior,0.7419060431824908,,,,,,,,,,,,,0.0,0.25,0.923681896238726,50.0,,,False,1.0282762325988397
quartic,100.0,17,100,2000,20.0,PAC hyperprior,0.7764716143877953,,,,,,,,,,,,,0.0,0.5,1.9016419296936735,50.0,,,False,2.014627373293761
quartic,100.0,17,100,2000,20.0,PAC hyperprior,0.9121480406821982,,,,,,,,,,,,,0.0,1.0,3.680800703024133,50.0,,,False,3.80556719552491
quartic,100.0,17,100,2000,20.0,PAC hyperposterior,0.7192448553187527,,,,1.1647322565613014,,,,,,,,0.0,1.0,0.125,0.7499178034760066,50.0,7.389816599116067,6.999346632243981,,
quartic,100.0,17,100,2000,20.0,PAC hyperprior,0.71945617091763,,,,,,,,,,,,,1.0,0.125,0.7456510115229839,50.0,,,True,0.8278599406858316
quartic,100.0,17,100,2000,20.0,PAC hyperprior,0.7332286085805967,,,,,,,,,,,,,1.0,0.25,1.1901124180841804,50.0,,,False,1.3148779924697926
quartic,100.0,17,100,2000,20.0,PAC hyperprior,0.7778892427432292,,,,,,,,,,,,,1.0,0.5,3.103866104638296,50.0,,,False,3.228632597139086
quartic,100.0,17,100,2000,20.0,PAC hyperprior,0.8763257557260113,,,,,,,,,,,,,1.0,1.0,4.109547617957297,50.0,,,False,4.234314110458085
quartic,100.0,18,100,2000,20.0,fitted ellipse,1.0015008736672826,1.1290514365011564,4.60890430977365,4.521205078527386,-6.905973558232357,0.5194504012589171,9.680344001221918,3.838292622668669,0.2605325071085187,1.3631513028382445,0.7335942810734803,34.38824127288266,0.0,,,,,,,,
quartic,100.0,18,100,2000,20.0,PAC hyperposterior,0.7921015163470533,,,,1.1647322565613014,,,,,,,,0.0,0.0,0.125,0.8821621540119275,50.0,7.2719044548730905,6.87580677390635,,
quartic,100.0,18,100,2000,20.0,PAC hyperprior,0.7959483652626698,,,,,,,,,,,,,0.0,0.125,0.9181548484493682,50.0,,,True,1.0291444787675061
quartic,100.0,18,100,2000,20.0,PAC hyperprior,0.8173409872141177,,,,,,,,,,,,,0.0,0.25,1.6387382663060273,50.0,,,False,1.7635040405411484
quartic,100.0,18,100,2000,20.0,PAC hyperprior,0.9021878312171935,,,,,,,,,,,,,0.0,0.5,2.716857639391174,50.0,,,False,2.841622508309701
quartic,100.0,18,100,2000,20.0,PAC hyperprior,1.003176926303683,,,,,,,,,,,,,0.0,1.0,3.4932354356724007,50.0,,,False,3.6179835185874953
quartic,100.0,18,100,2000,20.0,PAC hyperposterior,0.8001194795531965,,,,1.1647322565613014,,,,,,,,0.0,1.0,0.125,0.9952605158291995,50.0,7.2719044548730905,6.87580677390635,,
quartic,100.0,18,100,2000,20.0,PAC hyperprior,0.8004551857053226,,,,,,,,,,,,,1.0,0.125,0.9270797845128799,50.0,,,True,1.0488112205671367
quartic,100.0,18,100,2000,20.0,PAC hyperprior,0.8159315805996015,,,,,,,,,,,,,1.0,0.25,1.5562551140294272,50.0,,,False,1.6810216053053182
quartic,100.0,18,100,2000,20.0,PAC hyperprior,0.9206601098075193,,,,,,,,,,,,,1.0,0.5,2.9590163744770788,50.0,,,False,3.0837828669778684
quartic,100.0,18,100,2000,20.0,PAC hyperprior,1.007934413849846,,,,,,,,,,,,,1.0,1.0,3.539447891215358,50.0,,,False,3.653213608350123
quartic,100.0,19,100,2000,20.0,fitted ellipse,0.9440191872833434,1.0337084361908813,4.544873957448799,4.594920126246185,-6.905973558232357,0.31914197844489234,9.680344001221918,3.8169491718937185,0.2619893414781486,1.4085773263346357,0.7099361755326381,34.38824127288266,0.0,,,,,,,,
quartic,100.0,19,100,2000,20.0,PAC hyperposterior,0.7052863002198385,,,,1.1647322565613014,,,,,,,,0.0,0.0,0.125,0.724827815133442,50.0,7.3490925150674355,6.9568742678469135,,
quartic,100.0,19,100,2000,20.0,PAC hyperprior,0.705950023450832,,,,,,,,,,,,,0.0,0.125,0.7239504908200435,50.0,,,True,0.788337264322422
quartic,100.0,19,100,2000,20.0,PAC hyperprior,0.715995848264743,,,,,,,,,,,,,0.0,0.25,0.9531469625659511,50.0,,,False,1.0775281714606972
quartic,100.0,19,100,2000,20.0,PAC hyperprior,0.7691419621135925,,,,,,,,,,,,,0.0,0.5,1.5712658830332538,50.0,,,False,1.6958014779883168
quartic,100.0,19,100,2000,20.0,PAC hyperprior,0.8885037961819444,,,,,,,,,,,,,0.0,1.0,3.5742631130280005,50.0,,,False,3.6990296055183407
quartic,100.0,19,100,2000,20.0,PAC hyperposterior,0.7446581532623575,,,,1.1647322565613014,,,,,,,,0.0,1.0,0.125,0.7609307916607431,50.0,7.3490925150674355,6.9568742678469135,,
quartic,100.0,19,100,2000,20.0,PAC hyperprior,0.744925957142875,,,,,,,,,,,,,1.0,0.125,0.8050684681958907,50.0,,,True,0.9258967621889624
quartic,100.0,19,100,2000,20.0,PAC hyperprior,0.7642362959632594,,,,,,,,,,,,,1.0,0.25,1.1387821434941976,50.0,,,False,1.2635268473565713
quartic,100.0,19,100,2000,20.0,PAC hyperprior,0.8267336162147529,,,,,,,,,,,,,1.0,0.5,2.185548929466941,50.0,,,False,2.310315223106704
quartic,100.0,19,100,2000,20.0,PAC hyperprior,0.926873793798979,,,,,,,,,,,,,1.0,1.0,3.69707887141681,50.0,,,False,3.8218453639175998
quartic,300.0,0,300,2000,60.0,fitted ellipse,0.9100303308664248,1.026868484747019,4.549589355728984,4.605307786237592,-6.905973558232357,0.5173892466006229,9.680344001221918,3.818520971320447,0.2618815000652463,1.344066703042787,0.7440106936182065,34.38824127288266,0.0,,,,,,,,
quartic,300.0,0,300,2000,60.0,PAC hyperposterior,0.7128089755973032,,,,1.1647322565613014,,,,,,,,0.0,0.0,0.125,0.8901633491556885,150.0,6.473309228926085,6.050376971510054,,
quartic,300.0,0,300,2000,60.0,PAC hyperprior,0.7124694647950579,,,,,,,,,,,,,0.0,0.125,0.8138578962581523,150.0,,,True,0.8536605591812325
quartic,300.0,0,300,2000,60.0,PAC hyperprior,0.7452676313128235,,,,,,,,,,,,,0.0,0.25,1.2535647015268514,150.0,,,False,1.2951530548309176
quartic,300.0,0,300,2000,60.0,PAC hyperprior,0.8217659202946646,,,,,,,,,,,,,0.0,0.5,2.2848475174868432,150.0,,,False,2.32643634832044
quartic,300.0,0,300,2000,60.0,PAC hyperprior,0.9598488622868339,,,,,,,,,,,,,0.0,1.0,3.979716164941364,150.0,,,False,4.02130499577496
quartic,300.0,0,300,2000,60.0,PAC hyperposterior,0.7141676360456422,,,,1.1647322565613014,,,,,,,,0.0,1.0,0.125,0.7659451302971969,150.0,6.473309228926085,6.050376971510054,,
quartic,300.0,0,300,2000,60.0,PAC hyperprior,0.7143411991238484,,,,,,,,,,,,,1.0,0.125,0.7962760807790643,150.0,,,True,0.835791790070898
quartic,300.0,0,300,2000,60.0,PAC hyperprior,0.7370021731894602,,,,,,,,,,,,,1.0,0.25,1.2359809510380306,150.0,,,False,1.2775697818715965
quartic,300.0,0,300,2000,60.0,PAC hyperprior,0.8347866888670714,,,,,,,,,,,,,1.0,0.5,2.4370542669936124,150.0,,,False,2.4786430978272094
quartic,300.0,0,300,2000,60.0,PAC hyperprior,1.017681293047163,,,,,,,,,,,,,1.0,1.0,3.8873141424811553,150.0,,,False,3.9289029733147522
quartic,300.0,1,300,2000,60.0,fitted ellipse,0.812099773067251,0.9747356028797606,4.547496474411253,4.635582103111427,-6.905973558232357,0.8515065764225698,9.680344001221918,3.8178233442145366,0.2619293534142649,1.2319966326628944,0.8116905302237344,34.38824127288266,0.0,,,,,,,,
quartic,300.0,1,300,2000,60.0,PAC hyperposterior,0.7021629517384027,,,,1.1647322565613014,,,,,,,,0.0,0.0,0.125,0.7892574381820854,150.0,6.505381933233836,6.0831561215150876,,
quartic,300.0,1,300,2000,60.0,PAC hyperprior,0.7019133326397669,,,,,,,,,,,,,0.0,0.125,0.7507004922672467,150.0,,,True,0.787043520297745
quartic,300.0,1,300,2000,60.0,PAC hyperprior,0.7176103582156718,,,,,,,,,,,,,0.0,0.25,1.1264155905514641,150.0,,,False,1.167977398956129
quartic,300.0,1,300,2000,60.0,PAC hyperprior,0.7788579917201132,,,,,,,,,,,,,0.0,0.5,2.5093172395321752,150.0,,,False,2.550906065377095
quartic,300.0,1,300,2000,60.0,PAC hyperprior,0.9077895690724753,,,,,,,,,,,,,0.0,1.0,3.666577032072975,150.0,,,False,3.7081658629065704
quartic,300.0,1,300,2000,60.0,PAC hyperposterior,0.7177141615465437,,,,1.1647322565613014,,,,,,,,0.0,1.0,0.125,0.7687820393926404,150.0,6.505381933233836,6.0831561215150876,,
quartic,300.0,1,300,2000,60.0,PAC hyperprior,0.7196029726976487,,,,,,,,,,,,,1.0,0.125,0.8633330074909557,150.0,,,True,0.904872715656774
quartic,300.0,1,300,2000,60.0,PAC hyperprior,0.7368524693436055,,,,,,,,,,,,,1.0,0.25,1.3822105847359418,150.0,,,False,1.4237994155695386
quartic,300.0,1,300,2000,60.0,PAC hyperprior,0.829298781627642,,,,,,,,,,,,,1.0,0.5,2.589018717627737,150.0,,,False,2.630607545359039
quartic,300.0,1,300,2000,60.0,PAC hyperprior,1.0625842160961425,,,,,,,,,,,,,1.0,1.0,3.978830946846772,150.0,,,False,4.0204197776803685
quartic,300.0,2,300,2000,60.0,fitted ellipse,0.9074851129150865,1.0213281505743257,4.547060251244855,4.480796471445137,-6.905973558232357,0.5302423022893251,9.680344001221918,3.817677936492404,0.26193932977981305,1.33893931631851,0.7468598373446506,34.38824127288266,0.0,,,,,,,,
quartic,300.0,2,300,2000,60.0,PAC hyperposterior,0.7104366176970256,,,,1.1647322565613014,,,,,,,,0.0,0.0,0.125,0.7955362327218283,150.0,6.364279437686335,5.939099377021133,,
quartic,300.0,2,300,2000,60.0,PAC hyperprior,0.7102560824739163,,,,,,,,,,,,,0.0,0.125,0.8592925406627688,150.0,,,True,0.9008802209806941
quartic,300.0,2,300,2000,60.0,PAC hyperprior,0.7363635186359014,,,,,,,,,,,,,0.0,0.25,1.0224828650236473,150.0,,,False,1.0610114889686901
quartic,300.0,2,300,2000,60.0,PAC hyperprior,0.8487763117024625,,,,,,,,,,,,,0.0,0.5,2.590374387697736,150.0,,,False,2.6319630673417205
quartic,300.0,2,300,2000,60.0,PAC hyperprior,1.00220543969846,,,,,,,,,,,,,0.0,1.0,3.900795014593986,150.0,,,False,3.94238384542758
quartic,300.0,2,300,2000,60.0,PAC hyperposterior,0.7042889200457629,,,,1.1647322565613014,,,,,,,,0.0,1.0,0.125,0.8284652074265331,150.0,6.364279437686335,5.939099377021133,,
quartic,300.0,2,300,2000,60.0,PAC hyperprior,0.7076867797631599,,,,,,,,,,,,,1.0,0.125,0.8119527592408983,150.0,,,True,0.8516109225619903
quartic,300.0,2,300,2000,60.0,PAC hyperprior,0.7234299016743597,,,,,,,,,,,,,1.0,0.25,1.360438553256358,150.0,,,False,1.4020273840899549
quartic,300.0,2,300,2000,60.0,PAC hyperprior,0.831168803440061,,,,,,,,,,,,,1.0,0.5,2.775626186813779,150.0,,,False,2.817215017241793
quartic,300.0,2,300,2000,60.0,PAC hyperprior,0.9315511966302031,,,,,,,,,,,,,1.0,1.0,4.111803882511657,150.0,,,False,4.153392713345253
quartic,300.0,3,300,2000,60.0,fitted ellipse,0.9140538271421512,1.046066094517497,4.5430429910559145,4.489007574260943,-6.905973558232357,0.4694404097014173,9.680344001221918,3.8163388497627566,0.26203123972132747,1.3578675271181657,0.7364488656138082,34.38824127288266,0.0,,,,,,,,
quartic,300.0,3,300,2000,60.0,PAC hyperposterior,0.6907539971670609,,,,1.1647322565613014,,,,,,,,0.0,0.0,0.125,0.7677484016549486,150.0,6.357915503285928,5.932513309919248,,
quartic,300.0,3,300,2000,60.0,PAC hyperprior,0.6905871593125639,,,,,,,,,,,,,0.0,0.125,0.7623042405019873,150.0,,,True,0.79966359411425
quartic,300.0,3,300,2000,60.0,PAC hyperprior,0.701260549053045,,,,,,,,,,,,,0.0,0.25,1.202579150165131,150.0,,,False,1.244167980776039
quartic,300.0,3,300,2000,60.0,PAC hyperprior,0.7657216492419403,,,,,,,,,,,,,0.0,0.5,2.6890352471556698,150.0,,,False,2.730624077989262
quartic,300.0,3,300,2000,60.0,PAC hyperprior,0.8879353165936188,,,,,,,,,,,,,0.0,1.0,4.059386478877133,150.0,,,False,4.10097530971073
quartic,300.0,3,300,2000,60.0,PAC hyperposterior,0.7162307048494354,,,,1.1647322565613014,,,,,,,,0.0,1.0,0.125,0.8073932149173985,150.0,6.357915503285928,5.932513309919248,,
quartic,300.0,3,300,2000,60.0,PAC hyperprior,0.7184380207813739,,,,,,,,,,,,,1.0,0.125,0.8404021476797358,150.0,,,True,0.8819896601474451
quartic,300.0,3,300,2000,60.0,PAC hyperprior,0.7502315338187853,,,,,,,,,,,,,1.0,0.25,1.4397983777759686,150.0,,,False,1.481387208609565
quartic,300.0,3,300,2000,60.0,PAC hyperprior,0.8873931271920092,,,,,,,,,,,,,1.0,0.5,2.7682401848936347,150.0,,,False,2.807535734066592
quartic,300.0,3,300,2000,60.0,PAC hyperprior,1.106833125686926,,,,,,,,,,,,,1.0,1.0,4.094886594447468,150.0,,,False,4.1364754252810645
quartic,300.0,4,300,2000,60.0,fitted ellipse,0.8925513586846261,1.0434835366655388,4.533083703823244,4.499148078497283,-6.905973558232357,0.6317568866522242,9.680344001221918,3.813019087351867,0.26225937428876017,1.3004422723903397,0.768969158593947,34.38824127288266,0.0,,,,,,,,
quartic,300.0,4,300,2000,60.0,PAC hyperposterior,0.7223514885582154,,,,1.1647322565613014,,,,,,,,0.0,0.0,0.125,0.9040109402132146,150.0,6.406398673572897,5.981970666174774,,
quartic,300.0,4,300,2000,60.0,PAC hyperprior,0.7261300105331355,,,,,,,,,,,,,0.0,0.125,0.8567735963316092,150.0,,,True,0.8983484086654681
quartic,300.0,4,300,2000,60.0,PAC hyperprior,0.7642876716357743,,,,,,,,,,,,,0.0,0.25,1.367950958810496,150.0,,,False,1.4095397442185167
quartic,300.0,4,300,2000,60.0,PAC hyperprior,0.8936179643734959,,,,,,,,,,,,,0.0,0.5,2.6913586201514677,150.0,,,False,2.732946826264511
quartic,300.0,4,300,2000,60.0,PAC hyperprior,1.0299043221855744,,,,,,,,,,,,,0.0,1.0,4.016343735286553,150.0,,,False,4.057932565775289
quartic,300.0,4,300,2000,60.0,PAC hyperposterior,0.7123987391929346,,,,1.1647322565613014,,,,,,,,0.0,1.0,0.125,0.831851238802015,150.0,6.406398673572897,5.981970666174774,,
quartic,300.0,4,300,2000,60.0,PAC hyperprior,0.7134563039034245,,,,,,,,,,,,,1.0,0.125,0.8203600336914121,150.0,,,True,0.8613477982826776
quartic,300.0,4,300,2000,60.0,PAC hyperprior,0.7289367457439074,,,,,,,,,,,,,1.0,0.25,1.0847996715189583,150.0,,,False,1.1263506351175092
quartic,300.0,4,300,2000,60.0,PAC hyperprior,0.8200170571126797,,,,,,,,,,,,,1.0,0.5,2.2604951806700386,150.0,,,False,2.299839571628068
quartic,300.0,4,300,2000,60.0,PAC hyperprior,0.9583246905296454,,,,,,,,,,,,,1.0,1.0,3.732829034693172,150.0,,,False,3.7744178655267664
quartic,300.0,5,300,2000,60.0,fitted ellipse,0.8930241574702169,1.008526416174426,4.554194439499514,4.591499371722763,-6.905973558232357,0.4894824629861602,9.680344001221918,3.820055999243957,0.261776267206008,1.354903992171118,0.7380596749128958,34.38824127288266,0.0,,,,,,,,
quartic,300.0,5,300,2000,60.0,PAC hyperposterior,0.7186978643719344,,,,1.1647322565613014,,,,,,,,0.0,0.0,0.125,0.8162438336386618,150.0,6.453948357362873,6.030566358573198,,
quartic,300.0,5,300,2000,60.0,PAC hyperprior,0.719728574590903,,,,,,,,,,,,,0.0,0.125,0.8259364834438456,150.0,,,True,0.8669075641160813
quartic,300.0,5,300,2000,60.0,PAC hyperprior,0.7515143970797538,,,,,,,,,,,,,0.0,0.25,1.6956450017495557,150.0,,,False,1.7372338325831524
quartic,300.0,5,300,2000,60.0,PAC hyperprior,0.8662766427320727,,,,,,,,,,,,,0.0,0.5,2.311592710108389,150.0,,,False,2.3531815409419856
quartic,300.0,5,300,2000,60.0,PAC hyperprior,0.9503242597982041,,,,,,,,,,,,,0.0,1.0,3.7432973568865653,150.0,,,False,3.784649431440675
quartic,300.0,5,300,2000,60.0,PAC hyperposterior,0.7110087934737572,,,,1.1647322565613014,,,,,,,,0.0,1.0,0.125,0.8086421363553411,150.0,6.453948357362873,6.030566358573198,,
quartic,300.0,5,300,2000,60.0,PAC hyperprior,0.7092637603126766,,,,,,,,,,,,,1.0,0.125,0.8084180241019886,150.0,,,True,0.8495898663133641
quartic,300.0,5,300,2000,60.0,PAC hyperprior,0.7307054503639108,,,,,,,,,,,,,1.0,0.25,1.4827837582902683,150.0,,,False,1.5243725891237325
quartic,300.0,5,300,2000,60.0,PAC hyperprior,0.7845644079899976,,,,,,,,,,,,,1.0,0.5,2.220406553878102,150.0,,,False,2.2617635191661467
quartic,300.0,5,300,2000,60.0,PAC hyperprior,0.9248048147643539,,,,,,,,,,,,,1.0,1.0,3.8111657563038714,150.0,,,False,3.85250104696318
quartic,300.0,6,300,2000,60.0,fitted ellipse,0.887463005769245,1.0041264532803096,4.557555928798282,4.635133767391579,-6.905973558232357,0.5001886647046194,9.680344001221918,3.821176495676879,0.26169950567092587,1.3524557546978873,0.739395722578282,34.38824127288266,0.0,,,,,,,,
quartic,300.0,6,300,2000,60.0,PAC hyperposterior,0.6895597069728662,,,,1.1647322565613014,,,,,,,,0.0,0.0,0.125,0.7839698166603867,150.0,6.496105538114227,6.073760963409493,,
quartic,300.0,6,300,2000,60.0,PAC hyperprior,0.6901469740022845,,,,,,,,,,,,,0.0,0.125,0.7898986012326804,150.0,,,True,0.8313823681737471
quartic,300.0,6,300,2000,60.0,PAC hyperprior,0.7039066513192612,,,,,,,,,,,,,0.0,0.25,1.0112261784747838,150.0,,,False,1.0526892977093674
quartic,300.0,6,300,2000,60.0,PAC hyperprior,0.769757886950464,,,,,,,,,,,,,0.0,0.5,2.3975869428775742,150.0,,,False,2.4381090009647526
quartic,300.0,6,300,2000,60.0,PAC hyperprior,0.9147741476410001,,,,,,,,,,,,,0.0,1.0,3.985277253856978,150.0,,,False,4.026866084690575
quartic,300.0,6,300,2000,60.0,PAC hyperposterior,0.7187033962970482,,,,1.1647322565613014,,,,,,,,0.0,1.0,0.125,0.7897776758058208,150.0,6.496105538114227,6.073760963409493,,
quartic,300.0,6,300,2000,60.0,PAC hyperprior,0.718517578789919,,,,,,,,,,,,,1.0,0.125,0.8121187717619238,150.0,,,True,0.8535836873327121
quartic,300.0,6,300,2000,60.0,PAC hyperprior,0.7414984503428398,,,,,,,,,,,,,1.0,0.25,1.0733927410047406,150.0,,,False,1.1145365895482815
quartic,300.0,6,300,2000,60.0,PAC hyperprior,0.829712400245531,,,,,,,,,,,,,1.0,0.5,2.3747391485435196,150.0,,,False,2.4163279793440715
quartic,300.0,6,300,2000,60.0,PAC hyperprior,0.9528946577571382,,,,,,,,,,,,,1.0,1.0,3.7855302241177857,150.0,,,False,3.82711905495138
quartic,300.0,7,300,2000,60.0,fitted ellipse,0.9240474991479246,1.0380851095955919,4.541492624249215,4.544636841434885,-6.905973558232357,0.5294273948425349,9.680344001221918,3.8158220608271907,0.26206672744672505,1.3373550764688933,0.7477445725486502,34.38824127288266,0.0,,,,,,,,
quartic,300.0,7,300,2000,60.0,PAC hyperposterior,0.7321052816014801,,,,1.1647322565613014,,,,,,,,2.490234375e-05,0.0,0.125,0.8077449313340931,150.0,6.4136302193950545,5.989351839364863,,
quartic,300.0,7,300,2000,60.0,PAC hyperprior,0.7407370250520673,,,,,,,,,,,,,0.0,0.125,0.8992351384001885,150.0,,,True,0.9408234975583181
quartic,300.0,7,300,2000,60.0,PAC hyperprior,0.7596080903960096,,,,,,,,,,,,,0.0,0.25,1.1500801443654525,150.0,,,False,1.1916678830770024
quartic,300.0,7,300,2000,60.0,PAC hyperprior,0.8382169975165519,,,,,,,,,,,,,0.0,0.5,3.1208640391663405,150.0,,,False,3.162452869999937
quartic,300.0,7,300,2000,60.0,PAC hyperprior,0.9743597682361897,,,,,,,,,,,,,0.0,1.0,3.7824429453170456,150.0,,,False,3.824031776150628
quartic,300.0,7,300,2000,60.0,PAC hyperposterior,0.7192906243915667,,,,1.1647322565613014,,,,,,,,0.0,1.0,0.125,0.8613242167322839,150.0,6.4136302193950545,5.989351839364863,,
quartic,300.0,7,300,2000,60.0,PAC hyperprior,0.719592219989317,,,,,,,,,,,,,1.0,0.125,0.7711203015183924,150.0,,,True,0.805488957649013
quartic,300.0,7,300,2000,60.0,PAC hyperprior,0.7401372523668464,,,,,,,,,,,,,1.0,0.25,1.2499412802745582,150.0,,,False,1.2915296021535188
quartic,300.0,7,300,2000,60.0,PAC hyperprior,0.8068145677502244,,,,,,,,,,,,,1.0,0.5,2.918064404435675,150.0,,,False,2.959653235269272
quartic,300.0,7,300,2000,60.0,PAC hyperprior,0.957557241045022,,,,,,,,,,,,,1.0,1.0,4.136099280540455,150.0,,,False,4.177688111374051
quartic,300.0,8,300,2000,60.0,fitted ellipse,0.9434847605535506,1.0650119176724606,4.559429539184526,4.443404817935194,-6.905973558232357,0.49740452412667024,9.680344001221918,3.821801032472294,0.2616567402393284,1.3540083383526185,0.7385478890157132,34.38824127288266,0.0,,,,,,,,
quartic,300.0,8,300,2000,60.0,PAC hyperposterior,0.7351235399235543,,,,1.1647322565613014,,,,,,,,0.0,0.0,0.125,0.8228691117831336,150.0,6.346344680940683,5.9209112519660145,,
quartic,300.0,8,300,2000,60.0,PAC hyperprior,0.7347402847313087,,,,,,,,,,,,,0.0,0.125,0.8313027266017015,150.0,,,True,0.8726363570521531
quartic,300.0,8,300,2000,60.0,PAC hyperprior,0.7512829631226781,,,,,,,,,,,,,0.0,0.25,1.401783017193919,150.0,,,False,1.4433718480275157
quartic,300.0,8,300,2000,60.0,PAC hyperprior,0.8116066633701224,,,,,,,,,,,,,0.0,0.5,1.8808227327219205,150.0,,,False,1.922411560321807
quartic,300.0,8,300,2000,60.0,PAC hyperprior,0.9453586555576989,,,,,,,,,,,,,0.0,1.0,4.119799728493886,150.0,,,False,4.161388559327483
quartic,300.0,8,300,2000,60.0,PAC hyperposterior,0.7590877454421052,,,,1.1647322565613014,,,,,,,,0.0,1.0,0.125,0.9954075912226926,150.0,6.346344680940683,5.9209112519660145,,
quartic,300.0,8,300,2000,60.0,PAC hyperprior,0.7757582112158676,,,,,,,,,,,,,1.0,0.125,1.0271708934840191,150.0,,,True,1.0664367336553635
quartic,300.0,8,300,2000,60.0,PAC hyperprior,0.8301904556848977,,,,,,,,,,,,,1.0,0.25,1.7970504726688856,150.0,,,False,1.8386393035024824
quartic,300.0,8,300,2000,60.0,PAC hyperprior,0.95886529280407,,,,,,,,,,,,,1.0,0.5,2.7534827917248665,150.0,,,False,2.795025556060038
quartic,300.0,8,300,2000,60.0,PAC hyperprior,1.1130999736966722,,,,,,,,,,,,,1.0,1.0,3.9940607332931815,150.0,,,False,4.03564956412677
quartic,300.0,9,300,2000,60.0,fitted ellipse,0.895409484664361,1.022681687295604,4.544484159097003,4.4899245020230785,-6.905973558232357,0.5075786631881162,9.680344001221918,3.816819239109787,0.2619982601621014,1.3456351653029621,0.7431434803317255,34.38824127288266,0.0,,,,,,,,
quartic,300.0,9,300,2000,60.0,PAC hyperposterior,0.7110575306363432,,,,1.1647322565613014,,,,,,,,0.00161474609375,0.0,0.125,0.8144205852558104,150.0,6.4171971636868275,5.993011586342069,,
quartic,300.0,9,300,2000,60.0,PAC hyperprior,0.717705188369347,,,,,,,,,,,,,0.0,0.125,0.9054492758209786,150.0,,,True,0.9470380968005969
quartic,300.0,9,300,2000,60.0,PAC hyperprior,0.7261220185960817,,,,,,,,,,,,,0.0,0.25,1.21087921559127,150.0,,,False,1.252468046319402
quartic,300.0,9,300,2000,60.0,PAC hyperprior,0.7665840837666233,,,,,,,,,,,,,0.0,0.5,2.4634652652331748,150.0,,,False,2.5050540960667718
quartic,300.0,9,300,2000,60.0,PAC hyperprior,0.8728085949303168,,,,,,,,,,,,,0.0,1.0,3.830710356768444,150.0,,,False,3.8722991876020405
quartic,300.0,9,300,2000,60.0,PAC hyperposterior,0.7511510359260805,,,,1.1647322565613014,,,,,,,,2.44140625e-05,1.0,0.125,0.8952245350296671,150.0,6.4171971636868275,5.993011586342069,,
quartic,300.0,9,300,2000,60.0,PAC hyperprior,0.751892509516271,,,,,,,,,,,,,1.0,0.125,0.8700781751708446,150.0,,,True,0.9113791533236668
quartic,300.0,9,300,2000,60.0,PAC hyperprior,0.7767731938230167,,,,,,,,,,,,,1.0,0.25,1.6843353930938585,150.0,,,False,1.7259242239274553
quartic,300.0,9,300,2000,60.0,PAC hyperprior,0.8870221911032081,,,,,,,,,,,,,1.0,0.5,3.256985594786887,150.0,,,False,3.2985744253837357
quartic,300.0,9,300,2000,60.0,PAC hyperprior,0.9936656028104819,,,,,,,,,,,,,1.0,1.0,3.709807504629074,150.0,,,False,3.7513963354626707
quartic,300.0,10,300,2000,60.0,fitted ellipse,0.8860116270688625,1.0055454669215238,4.543010399237459,4.534561005041772,-6.905973558232357,0.506624622727997,9.680344001221918,3.8163279858232717,0.26203198564556196,1.3454619255031541,0.7432391664491258,34.38824127288266,0.0,,,,,,,,
quartic,300.0,10,300,2000,60.0,PAC hyperposterior,0.7007924646069419,,,,1.1647322565613014,,,,,,,,9.765625e-07,0.0,0.125,0.8418578807820083,150.0,6.400037938079401,5.975568823380074,,
quartic,300.0,10,300,2000,60.0,PAC hyperprior,0.699553042035777,,,,,,,,,,,,,0.0,0.125,0.7993402237929466,150.0,,,True,0.840576821728769
quartic,300.0,10,300,2000,60.0,PAC hyperprior,0.7136649874213176,,,,,,,,,,,,,0.0,0.25,1.4876328022947263,150.0,,,False,1.5292216331283228
quartic,300.0,10,300,2000,60.0,PAC hyperprior,0.7864740764380943,,,,,,,,,,,,,0.0,0.5,3.140814523609676,150.0,,,False,3.1824033544432684
quartic,300.0,10,300,2000,60.0,PAC hyperprior,0.9577087271904858,,,,,,,,,,,,,0.0,1.0,3.8570187502015667,150.0,,,False,3.8986075810351632
quartic,300.0,10,300,2000,60.0,PAC hyperposterior,0.7093828352553285,,,,1.1647322565613014,,,,,,,,0.0,1.0,0.125,0.9884467928070635,150.0,6.400037938079401,5.975568823380074,,
quartic,300.0,10,300,2000,60.0,PAC hyperprior,0.7104231721358675,,,,,,,,,,,,,1.0,0.125,0.8597903238561624,150.0,,,True,0.9013762725330032
quartic,300.0,10,300,2000,60.0,PAC hyperprior,0.7220851623757607,,,,,,,,,,,,,1.0,0.25,1.4622458618346368,150.0,,,False,1.5038346926682333
quartic,300.0,10,300,2000,60.0,PAC hyperprior,0.8207353554515071,,,,,,,,,,,,,1.0,0.5,3.06309541355983,150.0,,,False,3.104684244393427
quartic,300.0,10,300,2000,60.0,PAC hyperprior,0.9245106073505405,,,,,,,,,,,,,1.0,1.0,4.083951211934764,150.0,,,False,4.12554004276836
quartic,300.0,11,300,2000,60.0,fitted ellipse,0.9039787167306077,1.024784612582933,4.547092671497519,4.527419444934594,-6.905973558232357,0.45278784724283094,9.680344001221918,3.8176887432432918,0.26193858830682376,1.3647682747515626,0.7327251215463931,34.38824127288266,0.0,,,,,,,,
quartic,300.0,11,300,2000,60.0,PAC hyperposterior,0.721027548612299,,,,1.1647322565613014,,,,,,,,9.765625e-06,0.0,0.125,0.8696109847146218,150.0,6.39401929918244,5.969346015851101,,
quartic,300.0,11,300,2000,60.0,PAC hyperprior,0.7246925157340323,,,,,,,,,,,,,0.0,0.125,0.8370390688918342,150.0,,,True,0.876188796003353
quartic,300.0,11,300,2000,60.0,PAC hyperprior,0.7471472034645146,,,,,,,,,,,,,0.0,0.25,1.5433048690729956,150.0,,,False,1.5848936999065923
quartic,300.0,11,300,2000,60.0,PAC hyperprior,0.815787357636798,,,,,,,,,,,,,0.0,0.5,2.7419134233829463,150.0,,,False,2.7835022542165433
quartic,300.0,11,300,2000,60.0,PAC hyperprior,0.9370417239160558,,,,,,,,,,,,,0.0,1.0,3.86638088922661,150.0,,,False,3.9079697200602066
quartic,300.0,11,300,2000,60.0,PAC hyperposterior,0.7187078779515349,,,,1.1647322565613014,,,,,,,,0.0,1.0,0.125,0.7964632297776777,150.0,6.39401929918244,5.969346015851101,,
quartic,300.0,11,300,2000,60.0,PAC hyperprior,0.7160841772063352,,,,,,,,,,,,,1.0,0.125,0.7777875560197131,150.0,,,True,0.8157476503975847
quartic,300.0,11,300,2000,60.0,PAC hyperprior,0.7328167157993248,,,,,,,,,,,,,1.0,0.25,1.53726925479479,150.0,,,False,1.5788580856283865
quartic,300.0,11,300,2000,60.0,PAC hyperprior,0.8026175664528878,,,,,,,,,,,,,1.0,0.5,3.0254918834819633,150.0,,,False,3.0670807143155603
quartic,300.0,11,300,2000,60.0,PAC hyperprior,0.939600917463753,,,,,,,,,,,,,1.0,1.0,4.057525349444799,150.0,,,False,4.099114158287035
quartic,300.0,12,300,2000,60.0,fitted ellipse,0.8978239167480471,1.0359315459044907,4.542427593036462,4.5399327475009565,-6.905973558232357,0.743318009770392,9.680344001221918,3.816133717089606,0.2620453249637843,1.26636986108869,0.7896587171936534,34.38824127288266,0.0,,,,,,,,
quartic,300.0,12,300,2000,60.0,PAC hyperposterior,0.7165652786416117,,,,1.1647322565613014,,,,,,,,0.0,0.0,0.125,0.8047231198081204,150.0,6.424247086412023,6.0002770824919835,,
quartic,300.0,12,300,2000,60.0,PAC hyperprior,0.7139761355428528,,,,,,,,,,,,,0.0,0.125,0.7824891603731144,150.0,,,True,0.820986993354694
quartic,300.0,12,300,2000,60.0,PAC hyperprior,0.7453825932888184,,,,,,,,,,,,,0.0,0.25,1.6033620098481869,150.0,,,False,1.6449500475264838
quartic,300.0,12,300,2000,60.0,PAC hyperprior,0.8305849654794104,,,,,,,,,,,,,0.0,0.5,3.194103707859289,150.0,,,False,3.235692538692886
quartic,300.0,12,300,2000,60.0,PAC hyperprior,0.9126176280759585,,,,,,,,,,,,,0.0,1.0,3.9803490937360295,150.0,,,False,4.021937924567727
quartic,300.0,12,300,2000,60.0,PAC hyperposterior,0.728594154792588,,,,1.1647322565613014,,,,,,,,0.0,1.0,0.125,0.7840656883828487,150.0,6.424247086412023,6.0002770824919835,,
quartic,300.0,12,300,2000,60.0,PAC hyperprior,0.7297393684739333,,,,,,,,,,,,,1.0,0.125,0.8147391714849128,150.0,,,True,0.8545734644546386
quartic,300.0,12,300,2000,60.0,PAC hyperprior,0.750620368755339,,,,,,,,,,,,,1.0,0.25,1.3137630534913085,150.0,,,False,1.3553518818191304
quartic,300.0,12,300,2000,60.0,PAC hyperprior,0.8097381636749781,,,,,,,,,,,,,1.0,0.5,2.8229341057927164,150.0,,,False,2.8645229366263134
quartic,300.0,12,300,2000,60.0,PAC hyperprior,0.9609169440689255,,,,,,,,,,,,,1.0,1.0,3.7737447724859075,150.0,,,False,3.8153336033195036
quartic,300.0,13,300,2000,60.0,fitted ellipse,0.9179073313195776,1.044751009027416,4.545450886503232,4.665447439792561,-6.905973558232357,0.5571291570857639,9.680344001221918,3.81714148157853,0.26197614231119953,1.3294405764724895,0.7521960873598275,34.38824127288266,0.0,,,,,,,,
quartic,300.0,13,300,2000,60.0,PAC hyperposterior,0.7182503118496278,,,,1.1647322565613014,,,,,,,,0.0,0.0,0.125,0.7906964255034374,150.0,6.53126805176433,6.109629629618744,,
quartic,300.0,13,300,2000,60.0,PAC hyperprior,0.7185376918152611,,,,,,,,,,,,,0.0,0.125,0.7886258901344113,150.0,,,True,0.8232335427898114
quartic,300.0,13,300,2000,60.0,PAC hyperprior,0.7347925384263364,,,,,,,,,,,,,0.0,0.25,1.1876432252082436,150.0,,,False,1.2292309114527082
quartic,300.0,13,300,2000,60.0,PAC hyperprior,0.8109056964252311,,,,,,,,,,,,,0.0,0.5,2.5534254864506365,150.0,,,False,2.5950143172842335
quartic,300.0,13,300,2000,60.0,PAC hyperprior,0.9520636075545061,,,,,,,,,,,,,0.0,1.0,3.422086977955947,150.0,,,False,3.4636757952929873
quartic,300.0,13,300,2000,60.0,PAC hyperposterior,0.7100844808533013,,,,1.1647322565613014,,,,,,,,0.0,1.0,0.125,0.7736195301800012,150.0,6.53126805176433,6.109629629618744,,
quartic,300.0,13,300,2000,60.0,PAC hyperprior,0.7100389286916589,,,,,,,,,,,,,1.0,0.125,0.7803425688292954,150.0,,,True,0.8181842366851182
quartic,300.0,13,300,2000,60.0,PAC hyperprior,0.7348557849186232,,,,,,,,,,,,,1.0,0.25,1.2225687255360962,150.0,,,False,1.2641575548537993
quartic,300.0,13,300,2000,60.0,PAC hyperprior,0.8231461376699414,,,,,,,,,,,,,1.0,0.5,2.7606691154757796,150.0,,,False,2.8022579463093766
quartic,300.0,13,300,2000,60.0,PAC hyperprior,0.9958010276883863,,,,,,,,,,,,,1.0,1.0,3.9219176942578042,150.0,,,False,3.9635065250914003
quartic,300.0,14,300,2000,60.0,fitted ellipse,0.9166386007861469,1.0380372594995448,4.554935681197843,4.432872696284981,-6.905973558232357,0.5681216908551012,9.680344001221918,3.820303079810067,0.2617593366570583,1.328937996780914,0.7524805539628633,34.38824127288266,0.0,,,,,,,,
quartic,300.0,14,300,2000,60.0,PAC hyperposterior,0.7199071245046147,,,,1.1647322565613014,,,,,,,,0.0,0.0,0.125,0.7896225563799122,150.0,6.35385284193605,5.928388751046357,,
quartic,300.0,14,300,2000,60.0,PAC hyperprior,0.7220443785931496,,,,,,,,,,,,,0.0,0.125,0.8179386787540395,150.0,,,True,0.8542101597659038
quartic,300.0,14,300,2000,60.0,PAC hyperprior,0.7423658972694251,,,,,,,,,,,,,0.0,0.25,1.0435538690895902,150.0,,,False,1.0851424124116722
quartic,300.0,14,300,2000,60.0,PAC hyperprior,0.8165886461435141,,,,,,,,,,,,,0.0,0.5,2.4804836031086737,150.0,,,False,2.52207243394227
quartic,300.0,14,300,2000,60.0,PAC hyperprior,0.9520201519815112,,,,,,,,,,,,,0.0,1.0,3.6026557442781937,150.0,,,False,3.642565775506478
quartic,300.0,14,300,2000,60.0,PAC hyperposterior,0.7417438226874451,,,,1.1647322565613014,,,,,,,,0.0,1.0,0.125,0.7895538696536153,150.0,6.35385284193605,5.928388751046357,,
quartic,300.0,14,300,2000,60.0,PAC hyperprior,0.7414818264734091,,,,,,,,,,,,,1.0,0.125,0.812000920040383,150.0,,,True,0.8535630505625438
quartic,300.0,14,300,2000,60.0,PAC hyperprior,0.75596249328131,,,,,,,,,,,,,1.0,0.25,1.081349228378904,150.0,,,False,1.1229380160060618
quartic,300.0,14,300,2000,60.0,PAC hyperprior,0.82680213770146,,,,,,,,,,,,,1.0,0.5,1.8880281408880315,150.0,,,False,1.9296169717118499
quartic,300.0,14,300,2000,60.0,PAC hyperprior,0.970380627707044,,,,,,,,,,,,,1.0,1.0,4.166923520021442,150.0,,,False,4.208512350855038
quartic,300.0,15,300,2000,60.0,fitted ellipse,0.9241025330752652,1.0336164238382715,4.5443958992556555,4.569265991144423,-6.905973558232357,0.5237239872706879,9.680344001221918,3.8167898191626706,0.26200027965369616,1.3402239706616559,0.746143944512729,34.38824127288266,0.0,,,,,,,,
quartic,300.0,15,300,2000,60.0,PAC hyperposterior,0.7154317976425613,,,,1.1647322565613014,,,,,,,,0.0,0.0,0.125,0.7589743796346193,150.0,6.440780958454409,6.017122123849283,,
quartic,300.0,15,300,2000,60.0,PAC hyperprior,0.7140478958046051,,,,,,,,,,,,,0.0,0.125,0.7884250638212342,150.0,,,True,0.82612666985084
quartic,300.0,15,300,2000,60.0,PAC hyperprior,0.7293902344689027,,,,,,,,,,,,,0.0,0.25,1.2668844430232915,150.0,,,False,1.3084732725602866
quartic,300.0,15,300,2000,60.0,PAC hyperprior,0.8105018573121457,,,,,,,,,,,,,0.0,0.5,2.8670601590917406,150.0,,,False,2.9086489898729955
quartic,300.0,15,300,2000,60.0,PAC hyperprior,0.915894902383153,,,,,,,,,,,,,0.0,1.0,3.8699103604646568,150.0,,,False,3.911499191298253
quartic,300.0,15,300,2000,60.0,PAC hyperposterior,0.7340732238015129,,,,1.1647322565613014,,,,,,,,0.0,1.0,0.125,0.8954639909855014,150.0,6.440780958454409,6.017122123849283,,
quartic,300.0,15,300,2000,60.0,PAC hyperprior,0.7350524336216722,,,,,,,,,,,,,1.0,0.125,0.8557365470876043,150.0,,,True,0.8972603861556294
quartic,300.0,15,300,2000,60.0,PAC hyperprior,0.7536750143756199,,,,,,,,,,,,,1.0,0.25,1.3630311088936977,150.0,,,False,1.4046199336878527
quartic,300.0,15,300,2000,60.0,PAC hyperprior,0.8235658900077742,,,,,,,,,,,,,1.0,0.5,2.7154476044872022,150.0,,,False,2.7570364353207992
quartic,300.0,15,300,2000,60.0,PAC hyperprior,0.9583638909463448,,,,,,,,,,,,,1.0,1.0,3.9558622613536456,150.0,,,False,3.9970182293734275
quartic,300.0,16,300,2000,60.0,fitted ellipse,0.853040542350243,1.003501981512586,4.5487664007040545,4.613077520103636,-6.905973558232357,0.6345937903980488,9.680344001221918,3.8182466529788037,0.26190031469545066,1.3047242034353352,0.7664455042429678,34.38824127288266,0.0,,,,,,,,
quartic,300.0,16,300,2000,60.0,PAC hyperposterior,0.6980632083161364,,,,1.1647322565613014,,,,,,,,0.0,0.0,0.125,0.7771272794188209,150.0,6.485423517056467,6.062787789232284,,
quartic,300.0,16,300,2000,60.0,PAC hyperprior,0.699414114032054,,,,,,,,,,,,,0.0,0.125,0.7631511390580806,150.0,,,True,0.8021238456277775
quartic,300.0,16,300,2000,60.0,PAC hyperprior,0.7138220855988187,,,,,,,,,,,,,0.0,0.25,1.0077851329231262,150.0,,,False,1.0493696388906013
quartic,300.0,16,300,2000,60.0,PAC hyperprior,0.7738618828933079,,,,,,,,,,,,,0.0,0.5,2.575015073172979,150.0,,,False,2.6166038391153013
quartic,300.0,16,300,2000,60.0,PAC hyperprior,0.8820669023373298,,,,,,,,,,,,,0.0,1.0,3.3926927057203233,150.0,,,False,3.4342815365014765
quartic,300.0,16,300,2000,60.0,PAC hyperposterior,0.6994765356791417,,,,1.1647322565613014,,,,,,,,0.0,1.0,0.125,0.8370346371744469,150.0,6.485423517056467,6.062787789232284,,
quartic,300.0,16,300,2000,60.0,PAC hyperprior,0.7062495104113515,,,,,,,,,,,,,1.0,0.125,0.8618495969526311,150.0,,,True,0.9034134210412965
quartic,300.0,16,300,2000,60.0,PAC hyperprior,0.7377584297840132,,,,,,,,,,,,,1.0,0.25,1.2357759586902364,150.0,,,False,1.2773644919397285
quartic,300.0,16,300,2000,60.0,PAC hyperprior,0.8413450241310285,,,,,,,,,,,,,1.0,0.5,2.741642056073745,150.0,,,False,2.783230886907342
quartic,300.0,16,300,2000,60.0,PAC hyperprior,0.9725875284882928,,,,,,,,,,,,,1.0,1.0,3.9566612864035204,150.0,,,False,3.998250112211224
quartic,300.0,17,300,2000,60.0,fitted ellipse,0.9027291303537464,1.01920784553736,4.547188466419706,4.524327936901058,-6.905973558232357,0.5255239376041142,9.680344001221918,3.8177206748840207,0.26193639743703334,1.3405548429385306,0.7459597831954226,34.38824127288266,0.0,,,,,,,,
quartic,300.0,17,300,2000,60.0,PAC hyperposterior,0.7269442774426905,,,,1.1647322565613014,,,,,,,,0.0,0.0,0.125,0.8060377280894664,150.0,6.408234299234861,5.983873260379129,,
quartic,300.0,17,300,2000,60.0,PAC hyperprior,0.7268361437003509,,,,,,,,,,,,,0.0,0.125,0.8331877099932053,150.0,,,True,0.8747710002607452
quartic,300.0,17,300,2000,60.0,PAC hyperprior,0.7580166560915882,,,,,,,,,,,,,0.0,0.25,1.5957476385232634,150.0,,,False,1.637336469356848
quartic,300.0,17,300,2000,60.0,PAC hyperprior,0.8591080172592304,,,,,,,,,,,,,0.0,0.5,2.671937740715256,150.0,,,False,2.7135265715488526
quartic,300.0,17,300,2000,60.0,PAC hyperprior,1.010772913985443,,,,,,,,,,,,,0.0,1.0,3.952649601688598,150.0,,,False,3.9942383274120985
quartic,300.0,17,300,2000,60.0,PAC hyperposterior,0.7151543886994531,,,,1.1647322565613014,,,,,,,,0.0,1.0,0.125,0.8436241073068956,150.0,6.408234299234861,5.983873260379129,,
quartic,300.0,17,300,2000,60.0,PAC hyperprior,0.7156435831676713,,,,,,,,,,,,,1.0,0.125,0.8044579254619247,150.0,,,True,0.8438820743537168
quartic,300.0,17,300,2000,60.0,PAC hyperprior,0.7613420090105276,,,,,,,,,,,,,1.0,0.25,1.6824179664467724,150.0,,,False,1.724006797280369
quartic,300.0,17,300,2000,60.0,PAC hyperprior,0.8551862755321691,,,,,,,,,,,,,1.0,0.5,3.029184648664616,150.0,,,False,3.0707734794982127
quartic,300.0,17,300,2000,60.0,PAC hyperprior,0.980412005044522,,,,,,,,,,,,,1.0,1.0,4.2034815785788044,150.0,,,False,4.245070409412401
quartic,300.0,18,300,2000,60.0,fitted ellipse,0.9258310324028738,1.042564532630193,4.563358014112205,4.508263833154562,-6.905973558232357,0.6003323020703746,9.680344001221918,3.823110524114854,0.26156711758458123,1.32100857068061,0.7569973595892568,34.38824127288266,0.0,,,,,,,,
quartic,300.0,18,300,2000,60.0,PAC hyperposterior,0.7431990038031804,,,,1.1647322565613014,,,,,,,,0.0,0.0,0.125,0.9292892306929341,150.0,6.376800092557697,5.951809950094468,,
quartic,300.0,18,300,2000,60.0,PAC hyperprior,0.7449128001905745,,,,,,,,,,,,,0.0,0.125,0.9031522501772306,150.0,,,True,0.9447406485316652
quartic,300.0,18,300,2000,60.0,PAC hyperprior,0.7936777163689326,,,,,,,,,,,,,0.0,0.25,1.8455604427231658,150.0,,,False,1.887149273556732
quartic,300.0,18,300,2000,60.0,PAC hyperprior,0.9220350301533378,,,,,,,,,,,,,0.0,0.5,2.8086246362630454,150.0,,,False,2.8502134670713364
quartic,300.0,18,300,2000,60.0,PAC hyperprior,1.0993364234262133,,,,,,,,,,,,,0.0,1.0,3.837449172817882,150.0,,,False,3.8790376866844856
quartic,300.0,18,300,2000,60.0,PAC hyperposterior,0.7380687423863521,,,,1.1647322565613014,,,,,,,,0.0,1.0,0.125,0.9198912010138546,150.0,6.376800092557697,5.951809950094468,,
quartic,300.0,18,300,2000,60.0,PAC hyperprior,0.7398452483742746,,,,,,,,,,,,,1.0,0.125,0.8985236660349322,150.0,,,True,0.9401100825881006
quartic,300.0,18,300,2000,60.0,PAC hyperprior,0.7510540481848335,,,,,,,,,,,,,1.0,0.25,1.922713816006565,150.0,,,False,1.9643026468401619
quartic,300.0,18,300,2000,60.0,PAC hyperprior,0.8543463497123164,,,,,,,,,,,,,1.0,0.5,3.219250079178717,150.0,,,False,3.260838910012314
quartic,300.0,18,300,2000,60.0,PAC hyperprior,1.0120030513417952,,,,,,,,,,,,,1.0,1.0,4.038612854930225,150.0,,,False,4.0802016857638215
quartic,300.0,19,300,2000,60.0,fitted ellipse,0.9310360288368997,1.0393843030421912,4.543502464035089,4.577462330844544,-6.905973558232357,0.4757293725194316,9.680344001221918,3.816492007422482,0.2620207242816586,1.3559243638385523,0.7375042640055904,34.38824127288266,0.0,,,,,,,,
quartic,300.0,19,300,2000,60.0,PAC hyperposterior,0.7206687332403993,,,,1.1647322565613014,,,,,,,,0.0,0.0,0.125,0.800767436220431,150.0,6.447035561339327,6.023491110710966,,
quartic,300.0,19,300,2000,60.0,PAC hyperprior,0.7204561274580823,,,,,,,,,,,,,0.0,0.125,0.7689558576388565,150.0,,,True,0.8029675645514995
quartic,300.0,19,300,2000,60.0,PAC hyperprior,0.7317709933941899,,,,,,,,,,,,,0.0,0.25,1.1651501842420742,150.0,,,False,1.2067390140148326
quartic,300.0,19,300,2000,60.0,PAC hyperprior,0.7811401208931823,,,,,,,,,,,,,0.0,0.5,2.415788422376307,150.0,,,False,2.457377253209904
quartic,300.0,19,300,2000,60.0,PAC hyperprior,0.8797404223212415,,,,,,,,,,,,,0.0,1.0,3.94991825194917,150.0,,,False,3.991507082782766
quartic,300.0,19,300,2000,60.0,PAC hyperposterior,0.7128899269485572,,,,1.1647322565613014,,,,,,,,0.0,1.0,0.125,0.796360313310834,150.0,6.447035561339327,6.023491110710966,,
quartic,300.0,19,300,2000,60.0,PAC hyperprior,0.7170202210888245,,,,,,,,,,,,,1.0,0.125,0.87426824909128,150.0,,,True,0.9157846591061567
quartic,300.0,19,300,2000,60.0,PAC hyperprior,0.7496080873266349,,,,,,,,,,,,,1.0,0.25,1.504237120945662,150.0,,,False,1.5458259517722315
quartic,300.0,19,300,2000,60.0,PAC hyperprior,0.8701470541391313,,,,,,,,,,,,,1.0,0.5,2.8079961339087602,150.0,,,False,2.8495849647423572
quartic,300.0,19,300,2000,60.0,PAC hyperprior,0.9949799113514415,,,,,,,,,,,,,1.0,1.0,3.9403001859077436,150.0,,,False,3.9818890167413397
burgers,8.0,0,8,120,1.0,fitted ellipse,1.0566809365842245,3.9651132309762924,-0.9785751607503955,-3.166903079269872,-7.094950955559812,-7.094950955559812,5.560681631015528,2.038791931603139,0.4904865398469975,2.038791931603139,0.4904865398469975,20.020629520798455,0.12447916666666667,,,,,,,,
burgers,8.0,0,8,120,1.0,PAC hyperposterior,0.6257434760199347,,,,-3.1438698904954574,,,,,,,,0.084991455078125,0.0,1.0,0.6737755395926224,4.0,5.199955486421451,5.022683189224686,,
burgers,8.0,0,8,120,1.0,PAC hyperprior,1.5751855592476678,,,,,,,,,,,,,0.0,0.125,1.5780513257116373,4.0,,,False,1.6685308474157994
burgers,8.0,0,8,120,1.0,PAC hyperprior,1.5611250791710263,,,,,,,,,,,,,0.0,0.25,1.573560574649244,4.0,,,False,1.7774921193537958
burgers,8.0,0,8,120,1.0,PAC hyperprior,1.5204821595451687,,,,,,,,,,,,,0.0,0.5,1.566034379178389,4.0,,,False,1.8343826356297646
burgers,8.0,0,8,120,1.0,PAC hyperprior,1.299492699731679,,,,,,,,,,,,,0.0,1.0,1.4793279234731982,4.0,,,True,1.870312816030947
burgers,8.0,0,8,120,1.0,PAC hyperposterior,1.173185995155031,,,,-3.1438698904954574,,,,,,,,0.1353724161783854,1.0,1.0,1.6313798271198332,4.0,5.199955486421451,5.022683189224686,,
burgers,8.0,0,8,120,1.0,PAC hyperprior,1.552870207436163,,,,,,,,,,,,,1.0,0.125,1.5663406841597858,4.0,,,False,1.783098462418713
burgers,8.0,0,8,120,1.0,PAC hyperprior,1.5175590965345713,,,,,,,,,,,,,1.0,0.25,1.5696469037728684,4.0,,,False,1.878434888247293
burgers,8.0,0,8,120,1.0,PAC hyperprior,1.3970236215641285,,,,,,,,,,,,,1.0,0.5,1.5734005893677343,4.0,,,False,2.0756804865163065
burgers,8.0,0,8,120,1.0,PAC hyperprior,1.1874973706745748,,,,,,,,,,,,,1.0,1.0,1.7611115716580634,4.0,,,True,2.6114658317140647
burgers,8.0,1,8,120,1.0,fitted ellipse,1.6235966367321089,4.091118292758815,0.1107276218472486,-2.6095229251086236,-7.094950955559812,-7.094950955559812,5.560681631015528,2.4018928591356867,0.41633830426551444,2.4018928591356867,0.41633830426551444,20.020629520798455,0.17916666666666667,,,,,,,,
burgers,8.0,1,8,120,1.0,PAC hyperposterior,0.5931707553722334,,,,-3.1438698904954574,,,,,,,,0.015967814127604167,0.0,1.0,0.5934661392603855,4.0,5.456809409436939,5.382462662191776,,
burgers,8.0,1,8,120,1.0,PAC hyperprior,2.6410427034458124,,,,,,,,,,,,,0.0,0.125,2.641073574447616,4.0,,,False,2.650015413255101
burgers,8.0,1,8,120,1.0,PAC hyperprior,2.6408000596127796,,,,,,,,,,,,,0.0,0.25,2.6409301641847795,4.0,,,False,2.654733931416833
burgers,8.0,1,8,120,1.0,PAC hyperprior,2.631374941233753,,,,,,,,,,,,,0.0,0.5,2.6332525140692757,4.0,,,False,2.6578123680801644
burgers,8.0,1,8,120,1.0,PAC hyperprior,2.5928682183393335,,,,,,,,,,,,,0.0,1.0,2.611708898299482,4.0,,,True,2.659446665143385
burgers,8.0,1,8,120,1.0,PAC hyperposterior,0.41636057744533683,,,,-3.1438698904954574,,,,,,,,0.029146830240885418,1.0,0.125,0.41679000455474147,4.0,5.456809409436939,5.382462662191776,,
burgers,8.0,1,8,120,1.0,PAC hyperprior,0.4163554215150422,,,,,,,,,,,,,1.0,0.125,0.4167121821035158,4.0,,,True,0.4564471765899656
burgers,8.0,1,8,120,1.0,PAC hyperprior,0.4206734466822808,,,,,,,,,,,,,1.0,0.25,0.42240757267752915,4.0,,,False,0.5323126768823032
burgers,8.0,1,8,120,1.0,PAC hyperprior,0.42861556377267784,,,,,,,,,,,,,1.0,0.5,0.4392551104878766,4.0,,,False,0.9848389181481014
burgers,8.0,1,8,120,1.0,PAC hyperprior,0.4408418378317448,,,,,,,,,,,,,1.0,1.0,0.4711844468215365,4.0,,,False,1.015300424026523
burgers,8.0,2,8,120,1.0,fitted ellipse,0.5184285093963492,1.507631101610548,-0.9290882293751367,-2.743915612991274,-7.094950955559812,-7.094950955559812,5.560681631015528,2.0552875753948916,0.48654991737974457,2.0552875753948916,0.48654991737974457,20.020629520798455,0.0578125,,,,,,,,
burgers,8.0,2,8,120,1.0,PAC hyperposterior,0.7034393617508488,,,,-3.1438698904954574,,,,,,,,0.0737152099609375,0.0,1.0,0.7738202689005169,4.0,5.545939646471612,5.510176125740522,,
burgers,8.0,2,8,120,1.0,PAC hyperprior,2.3412705024880074,,,,,,,,,,,,,0.0,0.125,2.3413717318104172,4.0,,,False,2.3530907687730336
burgers,8.0,2,8,120,1.0,PAC hyperprior,2.3381456054109733,,,,,,,,,,,,,0.0,0.25,2.33857272583342,4.0,,,False,2.3617404634030033
burgers,8.0,2,8,120,1.0,PAC hyperprior,2.3226672090877214,,,,,,,,,,,,,0.0,0.5,2.3266367619210158,4.0,,,False,2.3682306283324897
burgers,8.0,2,8,120,1.0,PAC hyperprior,2.2158820838710414,,,,,,,,,,,,,0.0,1.0,2.2770766119042145,4.0,,,True,2.3789783719068236
burgers,8.0,2,8,120,1.0,PAC hyperposterior,0.4437980584979787,,,,-3.1438698904954574,,,,,,,,0.06256510416666666,1.0,1.0,0.445497085647099,4.0,5.545939646471612,5.510176125740522,,
burgers,8.0,2,8,120,1.0,PAC hyperprior,1.7350750824643257,,,,,,,,,,,,,1.0,0.125,1.7350779713091578,4.0,,,False,1.737959481026933
burgers,8.0,2,8,120,1.0,PAC hyperprior,1.7344569253800945,,,,,,,,,,,,,1.0,0.25,1.7344715070624896,4.0,,,False,1.7387281217309356
burgers,8.0,2,8,120,1.0,PAC hyperprior,1.7321522247667394,,,,,,,,,,,,,1.0,0.5,1.73226515462049,4.0,,,False,1.7397761248926695
burgers,8.0,2,8,120,1.0,PAC hyperprior,1.7185595018614421,,,,,,,,,,,,,1.0,1.0,1.7212844369945655,4.0,,,True,1.740206058610779
burgers,8.0,3,8,120,1.0,fitted ellipse,0.659415265902485,2.0472267837171896,-1.2364420956111062,-3.036702593672435,-7.094950955559812,-7.094950955559812,5.560681631015528,1.9528362866495685,0.5120756956619618,1.9528362866495685,0.5120756956619618,20.020629520798455,0.0984375,,,,,,,,
burgers,8.0,3,8,120,1.0,PAC hyperposterior,0.3605817207621433,,,,-3.1438698904954574,,,,,,,,0.05974222819010417,0.0,1.0,0.3684297320424028,4.0,5.465780530616577,5.389020861511217,,
burgers,8.0,3,8,120,1.0,PAC hyperprior,1.031771475878088,,,,,,,,,,,,,0.0,0.125,1.0317754437842008,4.0,,,False,1.0351670911340793
burgers,8.0,3,8,120,1.0,PAC hyperprior,1.0308301123337174,,,,,,,,,,,,,0.0,0.25,1.0308495142899428,4.0,,,False,1.036510554545134
burgers,8.0,3,8,120,1.0,PAC hyperprior,1.0269716590460727,,,,,,,,,,,,,0.0,0.5,1.0271793014546222,4.0,,,False,1.037995698242872
burgers,8.0,3,8,120,1.0,PAC hyperprior,0.9977142770082306,,,,,,,,,,,,,0.0,1.0,1.0028121706563151,4.0,,,True,1.0385537332222565
burgers,8.0,3,8,120,1.0,PAC hyperposterior,0.6161054614319331,,,,-3.1438698904954574,,,,,,,,0.017536417643229166,1.0,0.125,0.6172967308366755,4.0,5.465780530616577,5.389020861511217,,
burgers,8.0,3,8,120,1.0,PAC hyperprior,0.6165846213357747,,,,,,,,,,,,,1.0,0.125,0.6179023142509956,4.0,,,True,0.7347097366448718
burgers,8.0,3,8,120,1.0,PAC hyperprior,0.6246796365272245,,,,,,,,,,,,,1.0,0.25,0.6302826500165988,4.0,,,False,0.8524241536304835
burgers,8.0,3,8,120,1.0,PAC hyperprior,0.6341801961134175,,,,,,,,,,,,,1.0,0.5,0.6520703020501764,4.0,,,False,0.9828512128414815
burgers,8.0,3,8,120,1.0,PAC hyperprior,0.6596610705895969,,,,,,,,,,,,,1.0,1.0,0.7000846053008882,4.0,,,False,1.0536162162843956
burgers,8.0,4,8,120,1.0,fitted ellipse,0.3938819580794668,1.0413574972446682,-1.345298173175441,-2.3383291597182563,-7.094950955559812,-7.094950955559812,5.560681631015528,1.916550927461457,0.5217706379055302,1.916550927461457,0.5217706379055302,20.020629520798455,0.06145833333333333,,,,,,,,
burgers,8.0,4,8,120,1.0,PAC hyperposterior,0.3609892770573386,,,,-3.1438698904954574,,,,,,,,0.03283335367838542,0.0,0.125,0.3646895132137875,4.0,5.3125964510838495,5.153873020368945,,
burgers,8.0,4,8,120,1.0,PAC hyperprior,0.365746106416369,,,,,,,,,,,,,0.0,0.125,0.3694289556550756,4.0,,,True,0.5343781423558056
burgers,8.0,4,8,120,1.0,PAC hyperprior,0.36584684707087944,,,,,,,,,,,,,0.0,0.25,0.38177069066564107,4.0,,,False,0.7099331967290512
burgers,8.0,4,8,120,1.0,PAC hyperprior,0.3764860822114159,,,,,,,,,,,,,0.0,0.5,0.4626483913407389,4.0,,,False,1.2794920110431143
burgers,8.0,4,8,120,1.0,PAC hyperprior,0.35988236273921337,,,,,,,,,,,,,0.0,1.0,0.6711229475900427,4.0,,,False,1.6833316370696947
burgers,8.0,4,8,120,1.0,PAC hyperposterior,0.3240192631334842,,,,-3.1438698904954574,,,,,,,,0.0032857259114583335,1.0,0.125,0.3243181998264204,4.0,5.3125964510838495,5.153873020368945,,
burgers,8.0,4,8,120,1.0,PAC hyperprior,0.3248175046236601,,,,,,,,,,,,,1.0,0.125,0.32513548700827233,4.0,,,True,0.37078405352421306
burgers,8.0,4,8,120,1.0,PAC hyperprior,0.3271233670180038,,,,,,,,,,,,,1.0,0.25,0.32835576256302645,4.0,,,False,0.40476793668764355
burgers,8.0,4,8,120,1.0,PAC hyperprior,0.3403741530397938,,,,,,,,,,,,,1.0,0.5,0.3451057485165596,4.0,,,False,0.4800644069603903
burgers,8.0,4,8,120,1.0,PAC hyperprior,0.37855005957707866,,,,,,,,,,,,,1.0,1.0,0.3894566020518262,4.0,,,False,0.5626122100957103
burgers,8.0,5,8,120,1.0,fitted ellipse,0.7466290937661277,1.7820852007648866,-1.1820659995379266,-2.680691830418035,-7.094950955559812,-7.094950955559812,5.560681631015528,1.970961652007295,0.5073665431194796,1.970961652007295,0.5073665431194796,20.020629520798455,0.08177083333333333,,,,,,,,
burgers,8.0,5,8,120,1.0,PAC hyperposterior,0.3191034560710711,,,,-3.1438698904954574,,,,,,,,0.0144317626953125,0.0,0.125,0.3191799598117664,4.0,5.295660740196675,5.1303147066521495,,
burgers,8.0,5,8,120,1.0,PAC hyperprior,0.31908559856459595,,,,,,,,,,,,,0.0,0.125,0.31916204479908394,4.0,,,True,0.3438786607694748
burgers,8.0,5,8,120,1.0,PAC hyperprior,0.32556838489206097,,,,,,,,,,,,,0.0,0.25,0.32592403478691834,4.0,,,False,0.3766952245882562
burgers,8.0,5,8,120,1.0,PAC hyperprior,0.348455422255867,,,,,,,,,,,,,0.0,0.5,0.35060879754941077,4.0,,,False,0.4426649867985297
burgers,8.0,5,8,120,1.0,PAC hyperprior,0.4036161996301292,,,,,,,,,,,,,0.0,1.0,0.42168510234293866,4.0,,,False,1.0388533662329085
burgers,8.0,5,8,120,1.0,PAC hyperposterior,0.5670248714049754,,,,-3.1438698904954574,,,,,,,,0.057774861653645836,1.0,1.0,0.6704788523276755,4.0,5.295660740196675,5.1303147066521495,,
burgers,8.0,5,8,120,1.0,PAC hyperprior,1.5489482702252104,,,,,,,,,,,,,1.0,0.125,1.6123818881856449,4.0,,,False,1.996648214189956
burgers,8.0,5,8,120,1.0,PAC hyperprior,1.5327531317201415,,,,,,,,,,,,,1.0,0.25,1.7204054409121154,4.0,,,False,2.346117367536171
burgers,8.0,5,8,120,1.0,PAC hyperprior,1.464783376066396,,,,,,,,,,,,,1.0,0.5,1.9450256286259646,4.0,,,False,2.7723222451721607
burgers,8.0,5,8,120,1.0,PAC hyperprior,1.3597197255637234,,,,,,,,,,,,,1.0,1.0,2.2319873470839715,4.0,,,True,2.928880265261612
burgers,8.0,6,8,120,1.0,fitted ellipse,1.8447991810097832,5.919760337253062,0.31774554930785764,-3.396925405148314,-7.094950955559812,-7.094950955559812,5.560681631015528,2.47089883495589,0.40471102493269495,2.47089883495589,0.40471102493269495,20.020629520798455,0.2635416666666667,,,,,,,,
burgers,8.0,6,8,120,1.0,PAC hyperposterior,0.9971979387548866,,,,-3.1438698904954574,,,,,,,,0.15152079264322918,0.0,0.125,1.0067171790938427,4.0,5.242005716832887,5.119791698972467,,
burgers,8.0,6,8,120,1.0,PAC hyperprior,1.0003499332493682,,,,,,,,,,,,,0.0,0.125,1.00950923061939,4.0,,,True,1.2029513018995655
burgers,8.0,6,8,120,1.0,PAC hyperprior,1.0074787045781335,,,,,,,,,,,,,0.0,0.25,1.038964877797403,4.0,,,False,1.3658096331030007
burgers,8.0,6,8,120,1.0,PAC hyperprior,1.0161742933913636,,,,,,,,,,,,,0.0,0.5,1.1198862680280535,4.0,,,False,1.5653525490001146
burgers,8.0,6,8,120,1.0,PAC hyperprior,0.988322130943003,,,,,,,,,,,,,0.0,1.0,1.2128769888628776,4.0,,,False,1.824225795322051
burgers,8.0,6,8,120,1.0,PAC hyperposterior,0.20209763098382555,,,,-3.1438698904954574,,,,,,,,0.016444905598958334,1.0,1.0,0.20217141837606256,4.0,5.242005716832887,5.119791698972467,,
burgers,8.0,6,8,120,1.0,PAC hyperprior,1.1366258542767704,,,,,,,,,,,,,1.0,0.125,1.1366258739256303,4.0,,,False,1.1368625695664356
burgers,8.0,6,8,120,1.0,PAC hyperprior,1.136570740125454,,,,,,,,,,,,,1.0,0.25,1.1365708340845606,4.0,,,False,1.136983956669945
burgers,8.0,6,8,120,1.0,PAC hyperprior,1.1363492545188527,,,,,,,,,,,,,1.0,0.5,1.1363501351969825,4.0,,,False,1.1370644131862564
burgers,8.0,6,8,120,1.0,PAC hyperprior,1.133927933176307,,,,,,,,,,,,,1.0,1.0,1.1340505103826561,4.0,,,True,1.137123016173991
burgers,8.0,7,8,120,1.0,fitted ellipse,1.0620912198349108,3.023819255370939,-0.6847908981599147,-3.4759430050501003,-7.094950955559812,-7.094950955559812,5.560681631015528,2.136720019133299,0.46800703463508625,2.136720019133299,0.46800703463508625,20.020629520798455,0.15989583333333332,,,,,,,,
burgers,8.0,7,8,120,1.0,PAC hyperposterior,0.5296474384160844,,,,-3.1438698904954574,,,,,,,,0.06366729736328125,0.0,1.0,0.5632635070841678,4.0,5.558807282818225,5.539506019178076,,
burgers,8.0,7,8,120,1.0,PAC hyperprior,3.092116418685526,,,,,,,,,,,,,0.0,0.125,3.092453602927981,4.0,,,False,3.125610774434837
burgers,8.0,7,8,120,1.0,PAC hyperprior,3.0830316782472575,,,,,,,,,,,,,0.0,0.25,3.084886144506024,4.0,,,False,3.1538681404147804
burgers,8.0,7,8,120,1.0,PAC hyperprior,3.0397111598566813,,,,,,,,,,,,,0.0,0.5,3.053662068407787,4.0,,,False,3.1636829423124118
burgers,8.0,7,8,120,1.0,PAC hyperprior,2.7712226597050806,,,,,,,,,,,,,0.0,1.0,2.946709475906906,4.0,,,True,3.180032541502716
burgers,8.0,7,8,120,1.0,PAC hyperposterior,0.5827735549264019,,,,-3.1438698904954574,,,,,,,,0.04110666910807292,1.0,1.0,0.5832563650565497,4.0,5.558807282818225,5.539506019178076,,
burgers,8.0,7,8,120,1.0,PAC hyperprior,3.519493182175532,,,,,,,,,,,,,1.0,0.125,3.520799122246756,4.0,,,False,3.5830634265313988
burgers,8.0,7,8,120,1.0,PAC hyperprior,3.5099575158925176,,,,,,,,,,,,,1.0,0.25,3.5168554199320425,4.0,,,False,3.624143044173848
burgers,8.0,7,8,120,1.0,PAC hyperprior,3.4261572454223543,,,,,,,,,,,,,1.0,0.5,3.4749519563913864,4.0,,,False,3.6490704053565226
burgers,8.0,7,8,120,1.0,PAC hyperprior,3.0935382483032474,,,,,,,,,,,,,1.0,1.0,3.3765481480730886,4.0,,,True,3.666406157738588
burgers,8.0,8,8,120,1.0,fitted ellipse,0.41339565555909363,1.314635835029921,-1.1203709348287063,-2.3665252732937567,-7.094950955559812,-7.094950955559812,5.560681631015528,1.9915266735770352,0.5021273444477009,1.9915266735770352,0.5021273444477009,20.020629520798455,0.035416666666666666,,,,,,,,
burgers,8.0,8,8,120,1.0,PAC hyperposterior,0.5163565659133639,,,,-3.1438698904954574,,,,,,,,0.0011439005533854167,0.0,1.0,0.5264246135413677,4.0,5.5606816308634,5.55793959063399,,
burgers,8.0,8,8,120,1.0,PAC hyperprior,0.6078127926645485,,,,,,,,,,,,,0.0,0.125,0.6079926998185348,4.0,,,False,0.6327007966607221
burgers,8.0,8,8,120,1.0,PAC hyperprior,0.603242263373759,,,,,,,,,,,,,0.0,0.25,0.6038693624554055,4.0,,,False,0.6506850685829191
burgers,8.0,8,8,120,1.0,PAC hyperprior,0.592936799766391,,,,,,,,,,,,,0.0,0.5,0.5954369052529136,4.0,,,False,0.6716079431572171
burgers,8.0,8,8,120,1.0,PAC hyperprior,0.5654546593980776,,,,,,,,,,,,,0.0,1.0,0.5746151611994661,4.0,,,True,0.6895805703017954
burgers,8.0,8,8,120,1.0,PAC hyperposterior,0.651292702923217,,,,-3.1438698904954574,,,,,,,,0.09160817464192708,1.0,1.0,0.6538131993835459,4.0,5.5606816308634,5.55793959063399,,
burgers,8.0,8,8,120,1.0,PAC hyperprior,2.03524190562603,,,,,,,,,,,,,1.0,0.125,2.0475272800903657,4.0,,,False,2.2127821918047177
burgers,8.0,8,8,120,1.0,PAC hyperprior,2.0204449232248893,,,,,,,,,,,,,1.0,0.25,2.060989778561015,4.0,,,False,2.2805614437916395
burgers,8.0,8,8,120,1.0,PAC hyperprior,1.944875997344653,,,,,,,,,,,,,1.0,0.5,2.090750511854007,4.0,,,False,2.3833288117667433
burgers,8.0,8,8,120,1.0,PAC hyperprior,1.7855860370860506,,,,,,,,,,,,,1.0,1.0,2.1246413179808394,4.0,,,True,2.4198568047109354
burgers,8.0,9,8,120,1.0,fitted ellipse,0.7392058598887816,2.090061843628368,-0.776362977129066,-2.7238155739034924,-7.094950955559812,-7.094950955559812,5.560681631015528,2.1061959928102483,0.4747896223398105,2.1061959928102483,0.4747896223398105,20.020629520798455,0.10833333333333334,,,,,,,,
burgers,8.0,9,8,120,1.0,PAC hyperposterior,0.6033356215872054,,,,-3.1438698904954574,,,,,,,,0.09191538492838541,0.0,1.0,0.9193145305627388,4.0,5.335045011320054,5.187967225155245,,
burgers,8.0,9,8,120,1.0,PAC hyperprior,0.7200952289680949,,,,,,,,,,,,,0.0,0.125,0.7286413667056386,4.0,,,False,0.9337766664895248
burgers,8.0,9,8,120,1.0,PAC hyperprior,0.7116298203263594,,,,,,,,,,,,,0.0,0.25,0.7530288361283406,4.0,,,False,1.3444627540646712
burgers,8.0,9,8,120,1.0,PAC hyperprior,0.6620377786293415,,,,,,,,,,,,,0.0,0.5,0.7971792940668061,4.0,,,False,1.4386986302759288
burgers,8.0,9,8,120,1.0,PAC hyperprior,0.5814338416449384,,,,,,,,,,,,,0.0,1.0,0.9848727873112251,4.0,,,True,1.8589224946107787
burgers,8.0,9,8,120,1.0,PAC hyperposterior,0.5713210593052587,,,,-3.1438698904954574,,,,,,,,0.06245218912760417,1.0,1.0,0.5767607956103735,4.0,5.335045011320054,5.187967225155245,,
burgers,8.0,9,8,120,1.0,PAC hyperprior,1.3154850750774978,,,,,,,,,,,,,1.0,0.125,1.3180801770083732,4.0,,,False,1.4227542709439227
burgers,8.0,9,8,120,1.0,PAC hyperprior,1.307923164735469,,,,,,,,,,,,,1.0,0.25,1.3180202653107245,4.0,,,False,1.4730602159654547
burgers,8.0,9,8,120,1.0,PAC hyperprior,1.2780386298402862,,,,,,,,,,,,,1.0,0.5,1.3148381892032146,4.0,,,False,1.5662181719162538
burgers,8.0,9,8,120,1.0,PAC hyperprior,1.15744799017259,,,,,,,,,,,,,1.0,1.0,1.279278642433425,4.0,,,True,1.6656555952738143
burgers,8.0,10,8,120,1.0,fitted ellipse,1.4182157441073722,3.7279394129344827,-0.8967877294248177,-3.47647595635092,-7.094950955559812,-7.094950955559812,5.560681631015528,2.066054408711665,0.4840143588588128,2.066054408711665,0.4840143588588128,20.020629520798455,0.16979166666666667,,,,,,,,
burgers,8.0,10,8,120,1.0,PAC hyperposterior,0.556381280983917,,,,-3.1438698904954574,,,,,,,,0.07513020833333334,0.0,1.0,0.6403838113614746,4.0,5.074082092287199,4.869357789373321,,
burgers,8.0,10,8,120,1.0,PAC hyperprior,0.7978458100406133,,,,,,,,,,,,,0.0,0.125,0.8081294101446905,4.0,,,False,1.0003140950016043
burgers,8.0,10,8,120,1.0,PAC hyperprior,0.8182188981878717,,,,,,,,,,,,,0.0,0.25,0.873866994981692,4.0,,,False,1.4220530926032522
burgers,8.0,10,8,120,1.0,PAC hyperprior,0.8612321388337816,,,,,,,,,,,,,0.0,0.5,1.133788073930648,4.0,,,False,1.9480474510788799
burgers,8.0,10,8,120,1.0,PAC hyperprior,0.7944839923318704,,,,,,,,,,,,,0.0,1.0,1.4549986415743368,4.0,,,True,2.368113233191072
burgers,8.0,10,8,120,1.0,PAC hyperposterior,1.2686560919992977,,,,-3.1438698904954574,,,,,,,,0.18902435302734374,1.0,1.0,1.2686784093106642,4.0,5.074082092287199,4.869357789373321,,
burgers,8.0,10,8,120,1.0,PAC hyperprior,1.2702996854975175,,,,,,,,,,,,,1.0,0.125,1.2702996895537548,4.0,,,False,1.270407307149334
burgers,8.0,10,8,120,1.0,PAC hyperprior,1.2702634495998728,,,,,,,,,,,,,1.0,0.25,1.2702634691265364,4.0,,,False,1.2704533850117103
burgers,8.0,10,8,120,1.0,PAC hyperprior,1.2701082587309434,,,,,,,,,,,,,1.0,0.5,1.2701085001072767,4.0,,,False,1.2705285562674042
burgers,8.0,10,8,120,1.0,PAC hyperprior,1.2685224146008165,,,,,,,,,,,,,1.0,1.0,1.2685516515346509,4.0,,,True,1.2705691556443144
burgers,8.0,11,8,120,1.0,fitted ellipse,0.9271162047239025,2.6262086490283187,-1.2717275860929305,-3.533498542714997,-7.094950955559812,-7.094950955559812,5.560681631015528,1.9410744564889602,0.5151785891865336,1.9410744564889602,0.5151785891865336,20.020629520798455,0.11458333333333333,,,,,,,,
burgers,8.0,11,8,120,1.0,PAC hyperposterior,1.0387638766640699,,,,-3.1438698904954574,,,,,,,,0.17184295654296874,0.0,0.125,1.0463511230202844,4.0,5.193290363368574,5.009389671211208,,
burgers,8.0,11,8,120,1.0,PAC hyperprior,1.0439554936985043,,,,,,,,,,,,,0.0,0.125,1.0512779002562362,4.0,,,True,1.1831493085261053
burgers,8.0,11,8,120,1.0,PAC hyperprior,1.0240478246385807,,,,,,,,,,,,,0.0,0.25,1.0527726127440997,4.0,,,False,1.3131582879700323
burgers,8.0,11,8,120,1.0,PAC hyperprior,0.9986336923376533,,,,,,,,,,,,,0.0,0.5,1.0787146776347576,4.0,,,False,1.384270647786348
burgers,8.0,11,8,120,1.0,PAC hyperprior,0.9209719899797677,,,,,,,,,,,,,0.0,1.0,1.099170858347789,4.0,,,False,1.4743130387370904
burgers,8.0,11,8,120,1.0,PAC hyperposterior,0.5643222497850272,,,,-3.1438698904954574,,,,,,,,0.11996002197265625,1.0,1.0,0.5906372046874149,4.0,5.193290363368574,5.009389671211208,,
burgers,8.0,11,8,120,1.0,PAC hyperprior,0.884432871289464,,,,,,,,,,,,,1.0,0.125,0.8874719843305321,4.0,,,False,1.0027884921777712
burgers,8.0,11,8,120,1.0,PAC hyperprior,0.8851551759457433,,,,,,,,,,,,,1.0,0.25,0.8968625179473178,4.0,,,False,1.0807761412446615
burgers,8.0,11,8,120,1.0,PAC hyperprior,0.8724764511807634,,,,,,,,,,,,,1.0,0.5,0.9171582054396803,4.0,,,False,1.2838739457719255
burgers,8.0,11,8,120,1.0,PAC hyperprior,0.8607331781211364,,,,,,,,,,,,,1.0,1.0,1.0008283296328944,4.0,,,True,1.4524657560577792
burgers,8.0,12,8,120,1.0,fitted ellipse,0.49139738472507677,1.5562732328354323,-1.5450532094952163,-2.2617345680363545,-7.094950955559812,-7.094950955559812,5.560681631015528,1.849965915354865,0.5405504997145731,1.849965915354865,0.5405504997145731,20.020629520798455,0.03802083333333333,,,,,,,,
burgers,8.0,12,8,120,1.0,PAC hyperposterior,0.20049633801121375,,,,-3.1438698904954574,,,,,,,,0.018919881184895834,0.0,0.25,0.2005442097871002,4.0,5.39126253829339,5.2758838072298735,,
burgers,8.0,12,8,120,1.0,PAC hyperprior,0.20020706514710623,,,,,,,,,,,,,0.0,0.125,0.20022075136290418,4.0,,,False,0.2071549753374482
burgers,8.0,12,8,120,1.0,PAC hyperprior,0.20068586195739874,,,,,,,,,,,,,0.0,0.25,0.20073512733610643,4.0,,,True,0.22821353998333915
burgers,8.0,12,8,120,1.0,PAC hyperprior,0.2049652123082718,,,,,,,,,,,,,0.0,0.5,0.20536226323567952,4.0,,,False,0.2916839225702592
burgers,8.0,12,8,120,1.0,PAC hyperprior,0.22475155671550479,,,,,,,,,,,,,0.0,1.0,0.23159048597041743,4.0,,,False,0.6123982038608977
burgers,8.0,12,8,120,1.0,PAC hyperposterior,0.39815239024230986,,,,-3.1438698904954574,,,,,,,,0.043365478515625,1.0,1.0,0.40158267111634527,4.0,5.39126253829339,5.2758838072298735,,
burgers,8.0,12,8,120,1.0,PAC hyperprior,0.6185063632961507,,,,,,,,,,,,,1.0,0.125,0.6202828223930303,4.0,,,False,0.7392955772615704
burgers,8.0,12,8,120,1.0,PAC hyperprior,0.6263637274791438,,,,,,,,,,,,,1.0,0.25,0.6350217858535891,4.0,,,False,0.8853383400298593
burgers,8.0,12,8,120,1.0,PAC hyperprior,0.6321231494285988,,,,,,,,,,,,,1.0,0.5,0.6750499681373177,4.0,,,False,1.2761564278344908
burgers,8.0,12,8,120,1.0,PAC hyperprior,0.6418722828230294,,,,,,,,,,,,,1.0,1.0,0.8680247467137983,4.0,,,True,1.6808773752209403
burgers,8.0,13,8,120,1.0,fitted ellipse,0.4134074884839718,1.3050487680988374,-1.0355453944833686,-2.4136577962209005,-7.094950955559812,-7.094950955559812,5.560681631015528,2.019801853692148,0.49509807022506924,2.019801853692148,0.49509807022506924,20.020629520798455,0.0453125,,,,,,,,
burgers,8.0,13,8,120,1.0,PAC hyperposterior,0.24507744766922576,,,,-3.1438698904954574,,,,,,,,0.013139851888020833,0.0,1.0,0.25571141467256275,4.0,5.513006428457856,5.459945339438371,,
burgers,8.0,13,8,120,1.0,PAC hyperprior,0.2675189952232112,,,,,,,,,,,,,0.0,0.125,0.2678165574595943,4.0,,,False,0.32876594681666216
burgers,8.0,13,8,120,1.0,PAC hyperprior,0.2676582584361722,,,,,,,,,,,,,0.0,0.25,0.26883845394964623,4.0,,,False,0.3765613088135309
burgers,8.0,13,8,120,1.0,PAC hyperprior,0.2776661526328813,,,,,,,,,,,,,0.0,0.5,0.2848569869164579,4.0,,,False,0.5723743155199355
burgers,8.0,13,8,120,1.0,PAC hyperprior,0.28466267110502164,,,,,,,,,,,,,0.0,1.0,0.3271658548957961,4.0,,,True,1.115478741635882
burgers,8.0,13,8,120,1.0,PAC hyperposterior,0.18890115769485494,,,,-3.1438698904954574,,,,,,,,0.027141316731770834,1.0,1.0,0.1890306693109587,4.0,5.513006428457856,5.459945339438371,,
burgers,8.0,13,8,120,1.0,PAC hyperprior,1.8619294405810534,,,,,,,,,,,,,1.0,0.125,1.8619297886389903,4.0,,,False,1.8635594287219144
burgers,8.0,13,8,120,1.0,PAC hyperprior,1.862002147207939,,,,,,,,,,,,,1.0,0.25,1.8620039574095897,4.0,,,False,1.8663627076911498
burgers,8.0,13,8,120,1.0,PAC hyperprior,1.8622130676616897,,,,,,,,,,,,,1.0,0.5,1.862228114343864,4.0,,,False,1.8881054038279759
burgers,8.0,13,8,120,1.0,PAC hyperprior,1.8697566246754072,,,,,,,,,,,,,1.0,1.0,1.871589668143965,4.0,,,True,2.038161828530969
burgers,8.0,14,8,120,1.0,fitted ellipse,0.5857757809733766,1.2282490477666583,-1.1150451957406553,-3.189408581417097,-7.094950955559812,-7.094950955559812,5.560681631015528,1.9933019199397188,0.5016801468942758,1.9933019199397188,0.5016801468942758,20.020629520798455,0.07083333333333333,,,,,,,,
burgers,8.0,14,8,120,1.0,PAC hyperposterior,0.4298935933513266,,,,-3.1438698904954574,,,,,,,,0.05967559814453125,0.0,0.125,0.4300199387897756,4.0,5.349791684091449,5.2062037443707725,,
burgers,8.0,14,8,120,1.0,PAC hyperprior,0.4306628512843894,,,,,,,,,,,,,0.0,0.125,0.43079624560836205,4.0,,,True,0.4558837765132795
burgers,8.0,14,8,120,1.0,PAC hyperprior,0.42974539742481893,,,,,,,,,,,,,0.0,0.25,0.4303505916095416,4.0,,,False,0.5114069824591994
burgers,8.0,14,8,120,1.0,PAC hyperprior,0.43157283621135545,,,,,,,,,,,,,0.0,0.5,0.4344919807861296,4.0,,,False,0.6102625900369807
burgers,8.0,14,8,120,1.0,PAC hyperprior,0.44445694362651783,,,,,,,,,,,,,0.0,1.0,0.49426685656554636,4.0,,,False,1.5692248808959777
burgers,8.0,14,8,120,1.0,PAC hyperposterior,0.9266294426842605,,,,-3.1438698904954574,,,,,,,,0.09897562662760416,1.0,1.0,1.1330438668756353,4.0,5.349791684091449,5.2062037443707725,,
burgers,8.0,14,8,120,1.0,PAC hyperprior,1.7813958308645517,,,,,,,,,,,,,1.0,0.125,1.7988273795913263,4.0,,,False,1.996192159634604
burgers,8.0,14,8,120,1.0,PAC hyperprior,1.7655782952925345,,,,,,,,,,,,,1.0,0.25,1.8175807549833587,4.0,,,False,2.157297167016444
burgers,8.0,14,8,120,1.0,PAC hyperprior,1.7452156327948782,,,,,,,,,,,,,1.0,0.5,1.8804538050755821,4.0,,,False,2.1820732857407874
burgers,8.0,14,8,120,1.0,PAC hyperprior,1.6340531548392387,,,,,,,,,,,,,1.0,1.0,1.901653099850077,4.0,,,True,2.2160090873868805
burgers,8.0,15,8,120,1.0,fitted ellipse,0.5548167595651341,1.5911739353673962,-1.102753082779285,-2.5613166121256867,-7.094950955559812,-7.094950955559812,5.560681631015528,1.997399290926842,0.5006510238300803,1.997399290926842,0.5006510238300803,20.020629520798455,0.0796875,,,,,,,,
burgers,8.0,15,8,120,1.0,PAC hyperposterior,0.17484499884335197,,,,-3.1438698904954574,,,,,,,,0.006866963704427084,0.0,0.25,0.175066370574799,4.0,5.395088588932688,5.288409116497144,,
burgers,8.0,15,8,120,1.0,PAC hyperprior,0.17163711860314051,,,,,,,,,,,,,0.0,0.125,0.17168084579628062,4.0,,,False,0.18804113501229747
burgers,8.0,15,8,120,1.0,PAC hyperprior,0.17467549750352068,,,,,,,,,,,,,0.0,0.25,0.17490682835706028,4.0,,,True,0.22816712141950557
burgers,8.0,15,8,120,1.0,PAC hyperprior,0.18648672579714806,,,,,,,,,,,,,0.0,0.5,0.18821810424298002,4.0,,,False,0.36234131680389936
burgers,8.0,15,8,120,1.0,PAC hyperprior,0.22014778743726368,,,,,,,,,,,,,0.0,1.0,0.2313324300246824,4.0,,,False,0.649343212649371
burgers,8.0,15,8,120,1.0,PAC hyperposterior,0.46818658352428155,,,,-3.1438698904954574,,,,,,,,0.10029856363932292,1.0,1.0,0.49124714513698575,4.0,5.395088588932688,5.288409116497144,,
burgers,8.0,15,8,120,1.0,PAC hyperprior,1.2484517633392147,,,,,,,,,,,,,1.0,0.125,1.2484546218700785,4.0,,,False,1.2529166050160603
burgers,8.0,15,8,120,1.0,PAC hyperprior,1.248994823280372,,,,,,,,,,,,,1.0,0.25,1.2490107780657438,4.0,,,False,1.2619280787429785
burgers,8.0,15,8,120,1.0,PAC hyperprior,1.2510942137777854,,,,,,,,,,,,,1.0,0.5,1.2512467921461174,4.0,,,False,1.296802173316939
burgers,8.0,15,8,120,1.0,PAC hyperprior,1.2526175423466102,,,,,,,,,,,,,1.0,1.0,1.2543365576615753,4.0,,,True,1.2989132780876131
burgers,8.0,16,8,120,1.0,fitted ellipse,1.532035268937519,4.625513048870448,-0.19146483862571648,-3.5650957169138278,-7.094950955559812,-7.094950955559812,5.560681631015528,2.3011620389780316,0.43456305251937394,2.3011620389780316,0.43456305251937394,20.020629520798455,0.2546875,,,,,,,,
burgers,8.0,16,8,120,1.0,PAC hyperposterior,0.8876063979553905,,,,-3.1438698904954574,,,,,,,,0.09598541259765625,0.0,1.0,1.0134641897330792,4.0,5.196509489025465,5.0080003214495825,,
burgers,8.0,16,8,120,1.0,PAC hyperprior,1.8682614205793444,,,,,,,,,,,,,0.0,0.125,1.86860413081868,4.0,,,False,1.9008262356555319
burgers,8.0,16,8,120,1.0,PAC hyperprior,1.8560625911581659,,,,,,,,,,,,,0.0,0.25,1.8578445858749235,4.0,,,False,1.9196964939563994
burgers,8.0,16,8,120,1.0,PAC hyperprior,1.8188814847003616,,,,,,,,,,,,,0.0,0.5,1.830632891823403,4.0,,,False,1.9421393012154473
burgers,8.0,16,8,120,1.0,PAC hyperprior,1.5903839664121584,,,,,,,,,,,,,0.0,1.0,1.7148783663211942,4.0,,,True,1.9732539268638494
burgers,8.0,16,8,120,1.0,PAC hyperposterior,1.782469467023677,,,,-3.1438698904954574,,,,,,,,0.33111979166666666,1.0,1.0,1.7829517049331678,4.0,5.196509489025465,5.0080003214495825,,
burgers,8.0,16,8,120,1.0,PAC hyperprior,1.7867263873109729,,,,,,,,,,,,,1.0,0.125,1.786726416104058,4.0,,,False,1.7870100560506197
burgers,8.0,16,8,120,1.0,PAC hyperprior,1.7866580219939412,,,,,,,,,,,,,1.0,0.25,1.7866581573551616,4.0,,,False,1.7871391230150424
burgers,8.0,16,8,120,1.0,PAC hyperprior,1.7863668414487173,,,,,,,,,,,,,1.0,0.5,1.7863680831651318,4.0,,,False,1.7872476982458538
burgers,8.0,16,8,120,1.0,PAC hyperprior,1.7821828797716979,,,,,,,,,,,,,1.0,1.0,1.7827065569625196,4.0,,,True,1.7873367539664011
burgers,8.0,17,8,120,1.0,fitted ellipse,0.7839363587143247,1.6343562074790972,-0.45678412634831356,-3.0369352963346583,-7.094950955559812,-7.094950955559812,5.560681631015528,2.2127222764038326,0.4519319982737387,2.2127222764038326,0.4519319982737387,20.020629520798455,0.12395833333333334,,,,,,,,
burgers,8.0,17,8,120,1.0,PAC hyperposterior,0.6391301191667988,,,,-3.1438698904954574,,,,,,,,0.07184092203776042,0.0,1.0,0.7244771394448943,4.0,5.558387803462318,5.539692566690812,,
burgers,8.0,17,8,120,1.0,PAC hyperprior,2.2086544182385555,,,,,,,,,,,,,0.0,0.125,2.222910194150807,4.0,,,False,2.429592157628795
burgers,8.0,17,8,120,1.0,PAC hyperprior,2.1906368495179427,,,,,,,,,,,,,0.0,0.25,2.245346211093371,4.0,,,False,2.5394726387897597
burgers,8.0,17,8,120,1.0,PAC hyperprior,2.1152129679378815,,,,,,,,,,,,,0.0,0.5,2.268633168397945,4.0,,,False,2.5878805620623835
burgers,8.0,17,8,120,1.0,PAC hyperprior,1.916387602093744,,,,,,,,,,,,,0.0,1.0,2.29981860757613,4.0,,,True,2.6297724623585674
burgers,8.0,17,8,120,1.0,PAC hyperposterior,0.5556883465776596,,,,-3.1438698904954574,,,,,,,,0.06186269124348958,1.0,1.0,0.5827715869695498,4.0,5.558387803462318,5.539692566690812,,
burgers,8.0,17,8,120,1.0,PAC hyperprior,1.5451275351066478,,,,,,,,,,,,,1.0,0.125,1.5465740615308057,4.0,,,False,1.6195233577239012
burgers,8.0,17,8,120,1.0,PAC hyperprior,1.5413401817025583,,,,,,,,,,,,,1.0,0.25,1.5475690341444828,4.0,,,False,1.6575560475847562
burgers,8.0,17,8,120,1.0,PAC hyperprior,1.5120121010732441,,,,,,,,,,,,,1.0,0.5,1.536419788209862,4.0,,,False,1.6927987412037444
burgers,8.0,17,8,120,1.0,PAC hyperprior,1.400115795309624,,,,,,,,,,,,,1.0,1.0,1.4981064958072403,4.0,,,True,1.7084395153985978
burgers,8.0,18,8,120,1.0,fitted ellipse,1.8019517395498434,4.9736759290094925,-0.03863422232955527,-3.6704806692149896,-7.094950955559812,-7.094950955559812,5.560681631015528,2.3521055777434188,0.42515098363883297,2.3521055777434188,0.42515098363883297,20.020629520798455,0.290625,,,,,,,,
burgers,8.0,18,8,120,1.0,PAC hyperposterior,1.267653155827346,,,,-3.1438698904954574,,,,,,,,0.17591145833333333,0.0,1.0,1.278422206140225,4.0,5.550912505899433,5.523096437358306,,
burgers,8.0,18,8,120,1.0,PAC hyperprior,1.4833187901374065,,,,,,,,,,,,,0.0,0.125,1.483318790859146,4.0,,,False,1.4833608442090904
burgers,8.0,18,8,120,1.0,PAC hyperprior,1.4833084328980732,,,,,,,,,,,,,0.0,0.25,1.4833084373323622,4.0,,,False,1.483383416688432
burgers,8.0,18,8,120,1.0,PAC hyperprior,1.4832661808593979,,,,,,,,,,,,,0.0,0.5,1.4832662279988902,4.0,,,False,1.4833993770903398
burgers,8.0,18,8,120,1.0,PAC hyperprior,1.4825918835481373,,,,,,,,,,,,,0.0,1.0,1.4826271320141038,4.0,,,True,1.4834091275115124
burgers,8.0,18,8,120,1.0,PAC hyperposterior,0.3261459869998774,,,,-3.1438698904954574,,,,,,,,0.03648325602213542,1.0,1.0,0.326227049942011,4.0,5.550912505899433,5.523096437358306,,
burgers,8.0,18,8,120,1.0,PAC hyperprior,2.3647001641541205,,,,,,,,,,,,,1.0,0.125,2.364733873116279,4.0,,,False,2.3737348413809256
burgers,8.0,18,8,120,1.0,PAC hyperprior,2.363442855117759,,,,,,,,,,,,,1.0,0.25,2.3635752978632265,4.0,,,False,2.3758642447024725
burgers,8.0,18,8,120,1.0,PAC hyperprior,2.352742771084538,,,,,,,,,,,,,1.0,0.5,2.355032030825563,4.0,,,False,2.3792230727692925
burgers,8.0,18,8,120,1.0,PAC hyperprior,2.3002957815418155,,,,,,,,,,,,,1.0,1.0,2.3308683839188014,4.0,,,True,2.3806506952578816
burgers,8.0,19,8,120,1.0,fitted ellipse,0.8022362920032426,2.486577218184406,-1.1819075842039202,-2.8148226422119706,-7.094950955559812,-7.094950955559812,5.560681631015528,1.9710144571186305,0.5073529503491675,1.9710144571186305,0.5073529503491675,20.020629520798455,0.06875,,,,,,,,
burgers,8.0,19,8,120,1.0,PAC hyperposterior,0.2955121519514313,,,,-3.1438698904954574,,,,,,,,0.028718058268229166,0.0,0.125,0.2981290598462245,4.0,5.3716549050418685,5.253353730508979,,
burgers,8.0,19,8,120,1.0,PAC hyperprior,0.2953767226125793,,,,,,,,,,,,,0.0,0.125,0.2981618044041965,4.0,,,True,0.42555688510997136
burgers,8.0,19,8,120,1.0,PAC hyperprior,0.29485646597263276,,,,,,,,,,,,,0.0,0.25,0.30824987409213267,4.0,,,False,0.5825266191962628
burgers,8.0,19,8,120,1.0,PAC hyperprior,0.31086354146105927,,,,,,,,,,,,,0.0,0.5,0.3727101778629913,4.0,,,False,1.0247497585510255
burgers,8.0,19,8,120,1.0,PAC hyperprior,0.2973767307106148,,,,,,,,,,,,,0.0,1.0,0.4277894924241308,4.0,,,False,1.1354498293366593
burgers,8.0,19,8,120,1.0,PAC hyperposterior,0.7156653116428386,,,,-3.1438698904954574,,,,,,,,0.05334421793619792,1.0,1.0,0.8312751893572365,4.0,5.3716549050418685,5.253353730508979,,
burgers,8.0,19,8,120,1.0,PAC hyperprior,2.4739322850240733,,,,,,,,,,,,,1.0,0.125,2.4739384258854518,4.0,,,False,2.4778567736938317
burgers,8.0,19,8,120,1.0,PAC hyperprior,2.47323338752237,,,,,,,,,,,,,1.0,0.25,2.4732654682923085,4.0,,,False,2.480524005476247
burgers,8.0,19,8,120,1.0,PAC hyperprior,2.4694263994754513,,,,,,,,,,,,,1.0,0.5,2.4696658544797865,4.0,,,False,2.4813728743994075
burgers,8.0,19,8,120,1.0,PAC hyperprior,2.4309844284768904,,,,,,,,,,,,,1.0,1.0,2.443577071402175,4.0,,,True,2.482730208750353
burgers,16.0,0,16,120,2.0,fitted ellipse,0.6100087896098989,1.6127471404050004,-1.553354363958601,-3.155225794874922,-7.094950955559812,-7.094950955559812,5.560681631015528,1.8471988638670702,0.5413602290261926,1.8471988638670702,0.5413602290261926,20.020629520798455,0.043229166666666666,,,,,,,,
burgers,16.0,0,16,120,2.0,PAC hyperposterior,0.3066136833183635,,,,-3.1438698904954574,,,,,,,,0.04105987548828125,0.0,0.125,0.3120548662136883,8.0,3.7042492909461546,3.3336819325978673,,
burgers,16.0,0,16,120,2.0,PAC hyperprior,0.31117786403672293,,,,,,,,,,,,,0.0,0.125,0.3172446292480092,8.0,,,True,0.4427882520544335
burgers,16.0,0,16,120,2.0,PAC hyperprior,0.3172461886450666,,,,,,,,,,,,,0.0,0.25,0.3483459381111279,8.0,,,False,0.6940186871792546
burgers,16.0,0,16,120,2.0,PAC hyperprior,0.34110846732326094,,,,,,,,,,,,,0.0,0.5,0.4852752841806459,8.0,,,False,0.9434716057024461
burgers,16.0,0,16,120,2.0,PAC hyperprior,0.3678343897198644,,,,,,,,,,,,,0.0,1.0,0.658951826135198,8.0,,,False,1.0671718342056877
burgers,16.0,0,16,120,2.0,PAC hyperposterior,0.4886873002080227,,,,-3.1438698904954574,,,,,,,,0.024393208821614585,1.0,0.125,0.5160734548432774,8.0,3.7042492909461546,3.3336819325978673,,
burgers,16.0,0,16,120,2.0,PAC hyperprior,0.48950758329311334,,,,,,,,,,,,,1.0,0.125,0.5139396140236213,8.0,,,True,0.7459271083670975
burgers,16.0,0,16,120,2.0,PAC hyperprior,0.5176077368653738,,,,,,,,,,,,,1.0,0.25,0.7340388359069344,8.0,,,False,1.2584501656411868
burgers,16.0,0,16,120,2.0,PAC hyperprior,0.5892411405829443,,,,,,,,,,,,,1.0,0.5,1.3031749978700238,8.0,,,False,1.8608392773655833
burgers,16.0,0,16,120,2.0,PAC hyperprior,0.6857840045034266,,,,,,,,,,,,,1.0,1.0,1.7100767700443216,8.0,,,False,2.261754672338318
burgers,16.0,1,16,120,2.0,fitted ellipse,0.2882313145997344,0.6126795523065449,-1.391413886000052,-1.9420585976574087,-7.094950955559812,-7.094950955559812,5.560681631015528,1.9011790231865866,0.525989392794735,1.9011790231865866,0.525989392794735,20.020629520798455,0.005729166666666666,,,,,,,,
burgers,16.0,1,16,120,2.0,PAC hyperposterior,0.18017365429916893,,,,-3.1438698904954574,,,,,,,,0.008060709635416666,0.0,1.0,0.2152797426669496,8.0,4.517240161042514,4.222103523685165,,
burgers,16.0,1,16,120,2.0,PAC hyperprior,1.291572914604116,,,,,,,,,,,,,0.0,0.125,1.3723711398558147,8.0,,,False,1.6871418576730868
burgers,16.0,1,16,120,2.0,PAC hyperprior,1.2974351706809486,,,,,,,,,,,,,0.0,0.25,1.562280348095443,8.0,,,False,2.0198962586689264
burgers,16.0,1,16,120,2.0,PAC hyperprior,1.1518044154149183,,,,,,,,,,,,,0.0,0.5,1.7914564039975596,8.0,,,False,2.4260125809005935
burgers,16.0,1,16,120,2.0,PAC hyperprior,0.9370039137914044,,,,,,,,,,,,,0.0,1.0,2.0451026420709755,8.0,,,True,2.5674869694937783
burgers,16.0,1,16,120,2.0,PAC hyperposterior,0.20017511136121935,,,,-3.1438698904954574,,,,,,,,0.012359619140625,1.0,0.5,0.2084012495086217,8.0,4.517240161042514,4.222103523685165,,
burgers,16.0,1,16,120,2.0,PAC hyperprior,0.1831819494334173,,,,,,,,,,,,,1.0,0.125,0.18331315917515156,8.0,,,False,0.2126345835710879
burgers,16.0,1,16,120,2.0,PAC hyperprior,0.1866059609430545,,,,,,,,,,,,,1.0,0.25,0.18726480742317475,8.0,,,False,0.2526720250181915
burgers,16.0,1,16,120,2.0,PAC hyperprior,0.19740759921418133,,,,,,,,,,,,,1.0,0.5,0.20336966468300544,8.0,,,True,0.44941600090680645
burgers,16.0,1,16,120,2.0,PAC hyperprior,0.22704376031477297,,,,,,,,,,,,,1.0,1.0,0.6109703410637698,8.0,,,False,1.3789783394163626
burgers,16.0,2,16,120,2.0,fitted ellipse,0.6178204216321577,1.7388416048927817,-1.6502005100566166,-2.6481347646989946,-7.094950955559812,-7.094950955559812,5.560681631015528,1.8149168151677317,0.5509894402006417,1.8149168151677317,0.5509894402006417,20.020629520798455,0.0375,,,,,,,,
burgers,16.0,2,16,120,2.0,PAC hyperposterior,0.2837144511568449,,,,-3.1438698904954574,,,,,,,,0.031717936197916664,0.0,1.0,0.31372297822067996,8.0,4.071388459682518,3.7292403363896467,,
burgers,16.0,2,16,120,2.0,PAC hyperprior,0.983075473040214,,,,,,,,,,,,,0.0,0.125,1.0053594084380562,8.0,,,False,1.1691110408792778
burgers,16.0,2,16,120,2.0,PAC hyperprior,0.9651907708502023,,,,,,,,,,,,,0.0,0.25,1.0295790848799276,8.0,,,False,1.268307600696808
burgers,16.0,2,16,120,2.0,PAC hyperprior,0.9093728300709403,,,,,,,,,,,,,0.0,0.5,1.085716313833196,8.0,,,False,1.3826577769816746
burgers,16.0,2,16,120,2.0,PAC hyperprior,0.7579881801306485,,,,,,,,,,,,,0.0,1.0,1.108328210102755,8.0,,,True,1.4464021790401853
burgers,16.0,2,16,120,2.0,PAC hyperposterior,0.23082449346542425,,,,-3.1438698904954574,,,,,,,,0.0073130289713541664,1.0,0.125,0.23464720043686926,8.0,4.071388459682518,3.7292403363896467,,
burgers,16.0,2,16,120,2.0,PAC hyperprior,0.23343889050768796,,,,,,,,,,,,,1.0,0.125,0.23695231323012955,8.0,,,True,0.32702289349707137
burgers,16.0,2,16,120,2.0,PAC hyperprior,0.2429879720436145,,,,,,,,,,,,,1.0,0.25,0.2600649886161229,8.0,,,False,0.5405649373534711
burgers,16.0,2,16,120,2.0,PAC hyperprior,0.2818707685188798,,,,,,,,,,,,,1.0,0.5,0.5077960294028335,8.0,,,False,1.1900990383996772
burgers,16.0,2,16,120,2.0,PAC hyperprior,0.3476318705576772,,,,,,,,,,,,,1.0,1.0,1.012958089012896,8.0,,,False,1.6768474992610223
burgers,16.0,3,16,120,2.0,fitted ellipse,0.3675425385830984,0.9921648220171495,-1.5245740872150018,-2.6210869276458233,-7.094950955559812,-7.094950955559812,5.560681631015528,1.85679228944827,0.5385632015399748,1.85679228944827,0.5385632015399748,20.020629520798455,0.05260416666666667,,,,,,,,
burgers,16.0,3,16,120,2.0,PAC hyperposterior,0.18449587541081,,,,-3.1438698904954574,,,,,,,,0.00791015625,0.0,1.0,0.18693996108963218,8.0,4.848254011464455,4.60160880335313,,
burgers,16.0,3,16,120,2.0,PAC hyperprior,0.18820114149780867,,,,,,,,,,,,,0.0,0.125,0.18846755392095949,8.0,,,False,0.22387811650312184
burgers,16.0,3,16,120,2.0,PAC hyperprior,0.1905904618020172,,,,,,,,,,,,,0.0,0.25,0.19178954089371114,8.0,,,False,0.33529781473926157
burgers,16.0,3,16,120,2.0,PAC hyperprior,0.207322473377622,,,,,,,,,,,,,0.0,0.5,0.2323327853259286,8.0,,,False,0.6991329668212574
burgers,16.0,3,16,120,2.0,PAC hyperprior,0.2285075006920129,,,,,,,,,,,,,0.0,1.0,0.5287887373071348,8.0,,,True,1.2465818471274277
burgers,16.0,3,16,120,2.0,PAC hyperposterior,0.39870039422120473,,,,-3.1438698904954574,,,,,,,,0.048650105794270836,1.0,1.0,0.4055496386203422,8.0,4.848254011464455,4.60160880335313,,
burgers,16.0,3,16,120,2.0,PAC hyperprior,1.3056996488325994,,,,,,,,,,,,,1.0,0.125,1.3058916215470462,8.0,,,False,1.326910477337063
burgers,16.0,3,16,120,2.0,PAC hyperprior,1.3018609867061182,,,,,,,,,,,,,1.0,0.25,1.3027854670670886,8.0,,,False,1.3307249393758953
burgers,16.0,3,16,120,2.0,PAC hyperprior,1.2829225539522375,,,,,,,,,,,,,1.0,0.5,1.2880294778514019,8.0,,,False,1.3409334085534388
burgers,16.0,3,16,120,2.0,PAC hyperprior,1.2034277373900313,,,,,,,,,,,,,1.0,1.0,1.245172597724875,8.0,,,True,1.3511537060509937
burgers,16.0,4,16,120,2.0,fitted ellipse,0.3694719054026132,0.7880899133106039,-1.636015379638936,-2.609309791273054,-7.094950955559812,-7.094950955559812,5.560681631015528,1.8196451919736252,0.5495576854273327,1.8196451919736252,0.5495576854273327,20.020629520798455,0.03229166666666667,,,,,,,,
burgers,16.0,4,16,120,2.0,PAC hyperposterior,0.3613090259172023,,,,-3.1438698904954574,,,,,,,,0.04740193684895833,0.0,0.25,0.3965447573294293,8.0,4.315839324259411,3.9965306156825537,,
burgers,16.0,4,16,120,2.0,PAC hyperprior,0.3555890795818668,,,,,,,,,,,,,0.0,0.125,0.36153722459743054,8.0,,,False,0.5023802537914683
burgers,16.0,4,16,120,2.0,PAC hyperprior,0.3674339812480639,,,,,,,,,,,,,0.0,0.25,0.4034260261648338,8.0,,,True,0.7453134738783298
burgers,16.0,4,16,120,2.0,PAC hyperprior,0.3943553640378062,,,,,,,,,,,,,0.0,0.5,0.7493751711730386,8.0,,,False,1.3293362504742419
burgers,16.0,4,16,120,2.0,PAC hyperprior,0.4271670339382543,,,,,,,,,,,,,0.0,1.0,1.005972025090014,8.0,,,False,1.4908137630463454
burgers,16.0,4,16,120,2.0,PAC hyperposterior,0.30856369200376843,,,,-3.1438698904954574,,,,,,,,0.013706461588541666,1.0,1.0,0.31149028481912355,8.0,4.315839324259411,3.9965306156825537,,
burgers,16.0,4,16,120,2.0,PAC hyperprior,0.6496879725817976,,,,,,,,,,,,,1.0,0.125,0.6580320283028666,8.0,,,False,0.7820906148265312
burgers,16.0,4,16,120,2.0,PAC hyperprior,0.6480078530013322,,,,,,,,,,,,,1.0,0.25,0.6768436870686091,8.0,,,False,0.8661823839843352
burgers,16.0,4,16,120,2.0,PAC hyperprior,0.6314655784707779,,,,,,,,,,,,,1.0,0.5,0.7412577378882103,8.0,,,False,1.0917497332047033
burgers,16.0,4,16,120,2.0,PAC hyperprior,0.6075872074628343,,,,,,,,,,,,,1.0,1.0,0.8332343628158984,8.0,,,True,1.2616244074524285
burgers,16.0,5,16,120,2.0,fitted ellipse,0.507784059034714,1.2573727720377874,-1.639657239103027,-2.7632675096926196,-7.094950955559812,-7.094950955559812,5.560681631015528,1.8184312388189283,0.5499245606061521,1.8184312388189283,0.5499245606061521,20.020629520798455,0.04114583333333333,,,,,,,,
burgers,16.0,5,16,120,2.0,PAC hyperposterior,0.43172756924198263,,,,-3.1438698904954574,,,,,,,,0.033477783203125,0.0,0.5,0.7291673072634323,8.0,4.581497995713791,4.312553653200533,,
burgers,16.0,5,16,120,2.0,PAC hyperprior,0.5165615325618509,,,,,,,,,,,,,0.0,0.125,0.5468811858722845,8.0,,,False,0.8071812170770922
burgers,16.0,5,16,120,2.0,PAC hyperprior,0.5334709987238293,,,,,,,,,,,,,0.0,0.25,0.6439289856168732,8.0,,,False,1.0376855577241573
burgers,16.0,5,16,120,2.0,PAC hyperprior,0.5255499809998818,,,,,,,,,,,,,0.0,0.5,0.9202229515543082,8.0,,,True,1.4740060346569503
burgers,16.0,5,16,120,2.0,PAC hyperprior,0.5243141967917808,,,,,,,,,,,,,0.0,1.0,1.3215929132144986,8.0,,,False,1.9181774482376364
burgers,16.0,5,16,120,2.0,PAC hyperposterior,0.27214730791422054,,,,-3.1438698904954574,,,,,,,,0.00933837890625,1.0,1.0,0.2732917479117246,8.0,4.581497995713791,4.312553653200533,,
burgers,16.0,5,16,120,2.0,PAC hyperprior,0.9296924451732225,,,,,,,,,,,,,1.0,0.125,0.9451734015976893,8.0,,,False,1.0976745019704852
burgers,16.0,5,16,120,2.0,PAC hyperprior,0.9239187839175909,,,,,,,,,,,,,1.0,0.25,0.9820591810609761,8.0,,,False,1.2670479158858656
burgers,16.0,5,16,120,2.0,PAC hyperprior,0.9038225440168908,,,,,,,,,,,,,1.0,0.5,1.106736708831626,8.0,,,False,1.5736962902993898
burgers,16.0,5,16,120,2.0,PAC hyperprior,0.8707500952718197,,,,,,,,,,,,,1.0,1.0,1.3117892847743624,8.0,,,True,1.721983064753764
burgers,16.0,6,16,120,2.0,fitted ellipse,0.36599079564216197,1.0189204763221191,-1.5993588624720878,-2.425178088214364,-7.094950955559812,-7.094950955559812,5.560681631015528,1.8318640310292411,0.5458920438751916,1.8318640310292411,0.5458920438751916,20.020629520798455,0.0546875,,,,,,,,
burgers,16.0,6,16,120,2.0,PAC hyperposterior,0.14640529428707352,,,,-3.1438698904954574,,,,,,,,0.0172882080078125,0.0,1.0,0.1472908108044232,8.0,5.1341742759488,4.938081233587272,,
burgers,16.0,6,16,120,2.0,PAC hyperprior,0.9440145397280202,,,,,,,,,,,,,0.0,0.125,0.9440774288939603,8.0,,,False,0.9537098574876177
burgers,16.0,6,16,120,2.0,PAC hyperprior,0.9415102757448122,,,,,,,,,,,,,0.0,0.25,0.941783493609441,8.0,,,False,0.9597080134537226
burgers,16.0,6,16,120,2.0,PAC hyperprior,0.9305029806105425,,,,,,,,,,,,,0.0,0.5,0.9323021823655179,8.0,,,False,0.9661829175314809
burgers,16.0,6,16,120,2.0,PAC hyperprior,0.8725765823319447,,,,,,,,,,,,,0.0,1.0,0.8928352862755117,8.0,,,True,0.9677505465656564
burgers,16.0,6,16,120,2.0,PAC hyperposterior,0.22236526142773083,,,,-3.1438698904954574,,,,,,,,0.005417378743489584,1.0,1.0,0.22365463748965608,8.0,5.1341742759488,4.938081233587272,,
burgers,16.0,6,16,120,2.0,PAC hyperprior,0.38295982701309883,,,,,,,,,,,,,1.0,0.125,0.3875833615070067,8.0,,,False,0.5192926713196107
burgers,16.0,6,16,120,2.0,PAC hyperprior,0.38130516337971476,,,,,,,,,,,,,1.0,0.25,0.4000307822844308,8.0,,,False,0.7042143266248084
burgers,16.0,6,16,120,2.0,PAC hyperprior,0.3989082251296989,,,,,,,,,,,,,1.0,0.5,0.5669597950658719,8.0,,,False,1.1604127624981508
burgers,16.0,6,16,120,2.0,PAC hyperprior,0.3921132827904757,,,,,,,,,,,,,1.0,1.0,1.0908487120417845,8.0,,,True,1.8442272442341396
burgers,16.0,7,16,120,2.0,fitted ellipse,0.35059823371690424,0.766533914033081,-1.8231819177185389,-2.661378298991324,-7.094950955559812,-7.094950955559812,5.560681631015528,1.7572563459470907,0.5690689365307371,1.7572563459470907,0.5690689365307371,20.020629520798455,0.009375,,,,,,,,
burgers,16.0,7,16,120,2.0,PAC hyperposterior,0.16214752543280175,,,,-3.1438698904954574,,,,,,,,0.02162322998046875,0.0,1.0,0.16311319479814224,8.0,4.74233793427553,4.525150236989958,,
burgers,16.0,7,16,120,2.0,PAC hyperprior,0.8440582471237703,,,,,,,,,,,,,0.0,0.125,0.8548594992380928,8.0,,,False,0.9818470075054337
burgers,16.0,7,16,120,2.0,PAC hyperprior,0.8285295626654647,,,,,,,,,,,,,0.0,0.25,0.8605780205625065,8.0,,,False,1.0377343615615384
burgers,16.0,7,16,120,2.0,PAC hyperprior,0.8140321284247671,,,,,,,,,,,,,0.0,0.5,0.8884582861560556,8.0,,,False,1.1003843045611967
burgers,16.0,7,16,120,2.0,PAC hyperprior,0.7305819593400976,,,,,,,,,,,,,0.0,1.0,0.885888927560223,8.0,,,True,1.1324514132623458
burgers,16.0,7,16,120,2.0,PAC hyperposterior,0.19262753833527851,,,,-3.1438698904954574,,,,,,,,0.004152933756510417,1.0,0.125,0.19274111385131854,8.0,4.74233793427553,4.525150236989958,,
burgers,16.0,7,16,120,2.0,PAC hyperprior,0.19225487568954805,,,,,,,,,,,,,1.0,0.125,0.1923517129819935,8.0,,,True,0.2178513200548684
burgers,16.0,7,16,120,2.0,PAC hyperprior,0.1974759595804263,,,,,,,,,,,,,1.0,0.25,0.1984197685309369,8.0,,,False,0.2721024532129661
burgers,16.0,7,16,120,2.0,PAC hyperprior,0.2144665128827824,,,,,,,,,,,,,1.0,0.5,0.22643737635386507,8.0,,,False,0.4841622516955981
burgers,16.0,7,16,120,2.0,PAC hyperprior,0.2543246085519406,,,,,,,,,,,,,1.0,1.0,0.32487888017042843,8.0,,,False,0.7732083414419453
burgers,16.0,8,16,120,2.0,fitted ellipse,0.525868081341593,1.1244499017178249,-1.7572480034620293,-2.5173007566585666,-7.094950955559812,-7.094950955559812,5.560681631015528,1.7792343173659273,0.5620395190446039,1.7792343173659273,0.5620395190446039,20.020629520798455,0.0171875,,,,,,,,
burgers,16.0,8,16,120,2.0,PAC hyperposterior,0.331088820889505,,,,-3.1438698904954574,,,,,,,,0.014151509602864583,0.0,0.125,0.3391467181346598,8.0,4.55060406208008,4.281117118103524,,
burgers,16.0,8,16,120,2.0,PAC hyperprior,0.33022437302615515,,,,,,,,,,,,,0.0,0.125,0.33641765511468946,8.0,,,True,0.45574642410505994
burgers,16.0,8,16,120,2.0,PAC hyperprior,0.3410524654172543,,,,,,,,,,,,,0.0,0.25,0.3993025473088071,8.0,,,False,0.8887084174866633
burgers,16.0,8,16,120,2.0,PAC hyperprior,0.3642659646452344,,,,,,,,,,,,,0.0,0.5,0.9592922820239124,8.0,,,False,1.6256602152395532
burgers,16.0,8,16,120,2.0,PAC hyperprior,0.4632069383528442,,,,,,,,,,,,,0.0,1.0,1.6058389298195723,8.0,,,False,2.2365348886161103
burgers,16.0,8,16,120,2.0,PAC hyperposterior,0.27246798245053705,,,,-3.1438698904954574,,,,,,,,0.022127278645833335,1.0,1.0,0.27310361586784515,8.0,4.55060406208008,4.281117118103524,,
burgers,16.0,8,16,120,2.0,PAC hyperprior,1.2371479243532733,,,,,,,,,,,,,1.0,0.125,1.2402903285424403,8.0,,,False,1.3103603355064442
burgers,16.0,8,16,120,2.0,PAC hyperprior,1.2323347587678088,,,,,,,,,,,,,1.0,0.25,1.243028755023953,8.0,,,False,1.3349280237411651
burgers,16.0,8,16,120,2.0,PAC hyperprior,1.2039363228616744,,,,,,,,,,,,,1.0,0.5,1.2444465565050975,8.0,,,False,1.367620873732462
burgers,16.0,8,16,120,2.0,PAC hyperprior,1.084467835088215,,,,,,,,,,,,,1.0,1.0,1.2139513990413033,8.0,,,True,1.3833177207195453
burgers,16.0,9,16,120,2.0,fitted ellipse,0.412474867504133,0.9253058844307767,-1.8255471469264402,-2.3318780216125354,-7.094950955559812,-7.094950955559812,5.560681631015528,1.7564679362111237,0.5693243693119155,1.7564679362111237,0.5693243693119155,20.020629520798455,0.016145833333333335,,,,,,,,
burgers,16.0,9,16,120,2.0,PAC hyperposterior,0.2957885419475866,,,,-3.1438698904954574,,,,,,,,0.025054423014322917,0.0,1.0,0.2960852285342058,8.0,4.609885347982761,4.364266694359669,,
burgers,16.0,9,16,120,2.0,PAC hyperprior,1.6200256606880787,,,,,,,,,,,,,0.0,0.125,1.6200563647998432,8.0,,,False,1.6264170095329353
burgers,16.0,9,16,120,2.0,PAC hyperprior,1.6185375408041338,,,,,,,,,,,,,0.0,0.25,1.6186940049644378,8.0,,,False,1.6305668224738659
burgers,16.0,9,16,120,2.0,PAC hyperprior,1.609803176904593,,,,,,,,,,,,,0.0,0.5,1.6115044117268869,8.0,,,False,1.6317563683066139
burgers,16.0,9,16,120,2.0,PAC hyperprior,1.5600464804415748,,,,,,,,,,,,,0.0,1.0,1.5829892562177967,8.0,,,True,1.6338760609219793
burgers,16.0,9,16,120,2.0,PAC hyperposterior,0.25111739211061473,,,,-3.1438698904954574,,,,,,,,0.004056803385416667,1.0,0.125,0.25136303668462123,8.0,4.609885347982761,4.364266694359669,,
burgers,16.0,9,16,120,2.0,PAC hyperprior,0.2508980888286395,,,,,,,,,,,,,1.0,0.125,0.2511436145930962,8.0,,,True,0.27973319860823764
burgers,16.0,9,16,120,2.0,PAC hyperprior,0.25432600133173955,,,,,,,,,,,,,1.0,0.25,0.2557063651874337,8.0,,,False,0.32587166399885614
burgers,16.0,9,16,120,2.0,PAC hyperprior,0.2673448602059756,,,,,,,,,,,,,1.0,0.5,0.2770265421007664,8.0,,,False,0.4806057908241872
burgers,16.0,9,16,120,2.0,PAC hyperprior,0.30345533216903975,,,,,,,,,,,,,1.0,1.0,0.41181741000207917,8.0,,,False,0.9487167845193749
burgers,16.0,10,16,120,2.0,fitted ellipse,0.4417317169853492,1.0667043628771993,-1.8755502833401956,-2.3476556880285977,-7.094950955559812,-7.094950955559812,5.560681631015528,1.7398002240732053,0.5747786361693923,1.7398002240732053,0.5747786361693923,20.020629520798455,0.019791666666666666,,,,,,,,
burgers,16.0,10,16,120,2.0,PAC hyperposterior,0.4309257752801128,,,,-3.1438698904954574,,,,,,,,0.044854227701822916,0.0,1.0,0.773624441025975,8.0,4.327274567048617,4.008829481208808,,
burgers,16.0,10,16,120,2.0,PAC hyperprior,0.5502803708014304,,,,,,,,,,,,,0.0,0.125,0.5590862058052971,8.0,,,False,0.7031501848105641
burgers,16.0,10,16,120,2.0,PAC hyperprior,0.5625621957421978,,,,,,,,,,,,,0.0,0.25,0.6083480123011459,8.0,,,False,0.9386846541559457
burgers,16.0,10,16,120,2.0,PAC hyperprior,0.5723455385814444,,,,,,,,,,,,,0.0,0.5,0.7457280190138683,8.0,,,False,1.1781375961409548
burgers,16.0,10,16,120,2.0,PAC hyperprior,0.4937950726632773,,,,,,,,,,,,,0.0,1.0,0.9740573903963828,8.0,,,True,1.5205872763316517
burgers,16.0,10,16,120,2.0,PAC hyperposterior,0.343259691566523,,,,-3.1438698904954574,,,,,,,,0.023669942220052084,1.0,0.25,0.3509073578985654,8.0,4.327274567048617,4.008829481208808,,
burgers,16.0,10,16,120,2.0,PAC hyperprior,0.34237718665783573,,,,,,,,,,,,,1.0,0.125,0.3440958850013488,8.0,,,False,0.415335623522175
burgers,16.0,10,16,120,2.0,PAC hyperprior,0.34183303890969685,,,,,,,,,,,,,1.0,0.25,0.3481323208410573,8.0,,,True,0.46428031248753143
burgers,16.0,10,16,120,2.0,PAC hyperprior,0.35541373151712086,,,,,,,,,,,,,1.0,0.5,0.4032368973261272,8.0,,,False,0.8377475513809118
burgers,16.0,10,16,120,2.0,PAC hyperprior,0.3621197890066632,,,,,,,,,,,,,1.0,1.0,0.5209756677755634,8.0,,,False,1.0147350102077617
burgers,16.0,11,16,120,2.0,fitted ellipse,0.5539888679282692,1.6220212836469412,-1.5882353063369967,-2.616930914401571,-7.094950955559812,-7.094950955559812,5.560681631015528,1.8355718830742715,0.5447893428859727,1.8355718830742715,0.5447893428859727,20.020629520798455,0.04375,,,,,,,,
burgers,16.0,11,16,120,2.0,PAC hyperposterior,0.509388364977482,,,,-3.1438698904954574,,,,,,,,0.06994832356770833,0.0,1.0,0.9930315178039274,8.0,4.52203484100569,4.22601050381366,,
burgers,16.0,11,16,120,2.0,PAC hyperprior,0.8646742948785829,,,,,,,,,,,,,0.0,0.125,0.8929858994413963,8.0,,,False,1.1374366655217507
burgers,16.0,11,16,120,2.0,PAC hyperprior,0.854260634500287,,,,,,,,,,,,,0.0,0.25,0.9947883849237203,8.0,,,False,1.4829306151380317
burgers,16.0,11,16,120,2.0,PAC hyperprior,0.8399998313487633,,,,,,,,,,,,,0.0,0.5,1.3394919215830665,8.0,,,False,1.982142751093872
burgers,16.0,11,16,120,2.0,PAC hyperprior,0.7066614730279634,,,,,,,,,,,,,0.0,1.0,1.716221261295483,8.0,,,True,2.332049217760723
burgers,16.0,11,16,120,2.0,PAC hyperposterior,0.42418071379770933,,,,-3.1438698904954574,,,,,,,,0.054335530598958334,1.0,1.0,0.4595645231148141,8.0,4.52203484100569,4.22601050381366,,
burgers,16.0,11,16,120,2.0,PAC hyperprior,0.9214686433926369,,,,,,,,,,,,,1.0,0.125,0.9274881740132844,8.0,,,False,1.0429377379820162
burgers,16.0,11,16,120,2.0,PAC hyperprior,0.9221407223807387,,,,,,,,,,,,,1.0,0.25,0.9422662995697563,8.0,,,False,1.1099360242089142
burgers,16.0,11,16,120,2.0,PAC hyperprior,0.9032851891745121,,,,,,,,,,,,,1.0,0.5,0.9674096902307551,8.0,,,False,1.1725107472458154
burgers,16.0,11,16,120,2.0,PAC hyperprior,0.8292248983129604,,,,,,,,,,,,,1.0,1.0,0.9767976340666148,8.0,,,True,1.2183742153041424
burgers,16.0,12,16,120,2.0,fitted ellipse,0.3514800284712587,0.7587530051490357,-1.8450803886433307,-2.6341249039497563,-7.094950955559812,-7.094950955559812,5.560681631015528,1.7499568556388272,0.571442659730572,1.7499568556388272,0.571442659730572,20.020629520798455,0.009895833333333333,,,,,,,,
burgers,16.0,12,16,120,2.0,PAC hyperposterior,0.17164184674930652,,,,-3.1438698904954574,,,,,,,,0.008660888671875,0.0,1.0,0.18738558243387582,8.0,4.775773932331857,4.515427724684191,,
burgers,16.0,12,16,120,2.0,PAC hyperprior,0.4206841230249816,,,,,,,,,,,,,0.0,0.125,0.4285771140480098,8.0,,,False,0.5662602031375643
burgers,16.0,12,16,120,2.0,PAC hyperprior,0.4129675589352141,,,,,,,,,,,,,0.0,0.25,0.44416209591012834,8.0,,,False,0.6965989433290813
burgers,16.0,12,16,120,2.0,PAC hyperprior,0.409569506889112,,,,,,,,,,,,,0.0,0.5,0.5532064996466498,8.0,,,False,1.0509025624010402
burgers,16.0,12,16,120,2.0,PAC hyperprior,0.3906946108523872,,,,,,,,,,,,,0.0,1.0,0.8291532896127026,8.0,,,True,1.4032448356000256
burgers,16.0,12,16,120,2.0,PAC hyperposterior,0.28927273140145654,,,,-3.1438698904954574,,,,,,,,0.0102508544921875,1.0,1.0,0.2909134914433694,8.0,4.775773932331857,4.515427724684191,,
burgers,16.0,12,16,120,2.0,PAC hyperprior,1.2628265312552278,,,,,,,,,,,,,1.0,0.125,1.2879631158348945,8.0,,,False,1.499136464851416
burgers,16.0,12,16,120,2.0,PAC hyperprior,1.2560464143680008,,,,,,,,,,,,,1.0,0.25,1.3456426192477804,8.0,,,False,1.6957125366124455
burgers,16.0,12,16,120,2.0,PAC hyperprior,1.1967529474024632,,,,,,,,,,,,,1.0,0.5,1.4436915376390154,8.0,,,False,1.8398121181905704
burgers,16.0,12,16,120,2.0,PAC hyperprior,1.033157013404582,,,,,,,,,,,,,1.0,1.0,1.5801011269750243,8.0,,,True,1.9381992942484976
burgers,16.0,13,16,120,2.0,fitted ellipse,0.3487639630199766,0.8419962457986311,-1.9270638801502546,-2.5532600343591687,-7.094950955559812,-7.094950955559812,5.560681631015528,1.722629025136519,0.5805080405636086,1.722629025136519,0.5805080405636086,20.020629520798455,0.016666666666666666,,,,,,,,
burgers,16.0,13,16,120,2.0,PAC hyperposterior,0.4210714889445527,,,,-3.1438698904954574,,,,,,,,0.038092549641927084,0.0,1.0,0.47585820787004673,8.0,4.721154041479279,4.452688265246937,,
burgers,16.0,13,16,120,2.0,PAC hyperprior,1.1036217980149052,,,,,,,,,,,,,0.0,0.125,1.1097208519144668,8.0,,,False,1.1893359783494821
burgers,16.0,13,16,120,2.0,PAC hyperprior,1.0936803092588228,,,,,,,,,,,,,0.0,0.25,1.11400508877542,8.0,,,False,1.2300982138537622
burgers,16.0,13,16,120,2.0,PAC hyperprior,1.0694441984877041,,,,,,,,,,,,,0.0,0.5,1.131511790084431,8.0,,,False,1.2805701898940436
burgers,16.0,13,16,120,2.0,PAC hyperprior,0.9984467005031092,,,,,,,,,,,,,0.0,1.0,1.1220999908753937,8.0,,,True,1.300659169189239
burgers,16.0,13,16,120,2.0,PAC hyperposterior,0.23106258004449992,,,,-3.1438698904954574,,,,,,,,0.010847981770833333,1.0,0.125,0.2347052224955325,8.0,4.721154041479279,4.452688265246937,,
burgers,16.0,13,16,120,2.0,PAC hyperprior,0.23328275857258093,,,,,,,,,,,,,1.0,0.125,0.2369050664645561,8.0,,,True,0.33698984590590264
burgers,16.0,13,16,120,2.0,PAC hyperprior,0.23739559848899588,,,,,,,,,,,,,1.0,0.25,0.2500605449844281,8.0,,,False,0.44636552480747316
burgers,16.0,13,16,120,2.0,PAC hyperprior,0.2437164194428437,,,,,,,,,,,,,1.0,0.5,0.35398314848291423,8.0,,,False,0.9468458564376849
burgers,16.0,13,16,120,2.0,PAC hyperprior,0.2765607228591545,,,,,,,,,,,,,1.0,1.0,0.6705786465601052,8.0,,,False,1.208737870192838
burgers,16.0,14,16,120,2.0,fitted ellipse,0.8230027576981032,2.622028800810175,-1.369715417614508,-3.089745099636993,-7.094950955559812,-7.094950955559812,5.560681631015528,1.908411845981768,0.5239959090096497,1.908411845981768,0.5239959090096497,20.020629520798455,0.0859375,,,,,,,,
burgers,16.0,14,16,120,2.0,PAC hyperposterior,0.3124435224768685,,,,-3.1438698904954574,,,,,,,,0.04168853759765625,0.0,1.0,0.31753436336520224,8.0,4.378147196073896,4.099522180180926,,
burgers,16.0,14,16,120,2.0,PAC hyperprior,0.9212467813401624,,,,,,,,,,,,,0.0,0.125,0.923201133966446,8.0,,,False,0.9775349403625517
burgers,16.0,14,16,120,2.0,PAC hyperprior,0.9180215390602887,,,,,,,,,,,,,0.0,0.25,0.9245350838244027,8.0,,,False,1.0265206127753066
burgers,16.0,14,16,120,2.0,PAC hyperprior,0.9020983095579624,,,,,,,,,,,,,0.0,0.5,0.925930070702225,8.0,,,False,1.0564386421299243
burgers,16.0,14,16,120,2.0,PAC hyperprior,0.8254495445283718,,,,,,,,,,,,,0.0,1.0,0.9054962280641033,8.0,,,True,1.0794791328670534
burgers,16.0,14,16,120,2.0,PAC hyperposterior,0.3652807017572111,,,,-3.1438698904954574,,,,,,,,0.05028483072916667,1.0,0.125,0.37118028736296094,8.0,4.378147196073896,4.099522180180926,,
burgers,16.0,14,16,120,2.0,PAC hyperprior,0.3665489932384517,,,,,,,,,,,,,1.0,0.125,0.37272948220468105,8.0,,,True,0.4802036214454821
burgers,16.0,14,16,120,2.0,PAC hyperprior,0.3638466256450019,,,,,,,,,,,,,1.0,0.25,0.38847133779145093,8.0,,,False,0.7218588676379367
burgers,16.0,14,16,120,2.0,PAC hyperprior,0.3682223995521676,,,,,,,,,,,,,1.0,0.5,0.4490505201153995,8.0,,,False,0.745871847197999
burgers,16.0,14,16,120,2.0,PAC hyperprior,0.34342170619791307,,,,,,,,,,,,,1.0,1.0,0.5874819688429226,8.0,,,False,1.093970037958277
burgers,16.0,15,16,120,2.0,fitted ellipse,0.509994215522565,1.27856020498296,-1.5347387648793354,-2.918297073247933,-7.094950955559812,-7.094950955559812,5.560681631015528,1.8534040635601585,0.5395477541357735,1.8534040635601585,0.5395477541357735,20.020629520798455,0.07604166666666666,,,,,,,,
burgers,16.0,15,16,120,2.0,PAC hyperposterior,0.3243459281836382,,,,-3.1438698904954574,,,,,,,,0.04263254801432292,0.0,1.0,0.3709717174681765,8.0,4.847405119267814,4.593001548653671,,
burgers,16.0,15,16,120,2.0,PAC hyperprior,1.0040460136872795,,,,,,,,,,,,,0.0,0.125,1.0144745859738542,8.0,,,False,1.1754240253399733
burgers,16.0,15,16,120,2.0,PAC hyperprior,1.0012316735130171,,,,,,,,,,,,,0.0,0.25,1.0431187478261998,8.0,,,False,1.2759226697185193
burgers,16.0,15,16,120,2.0,PAC hyperprior,0.9478001029058456,,,,,,,,,,,,,0.0,0.5,1.0988088462444967,8.0,,,False,1.460424990336337
burgers,16.0,15,16,120,2.0,PAC hyperprior,0.8335682818972932,,,,,,,,,,,,,0.0,1.0,1.1737056516879778,8.0,,,True,1.587084787996142
burgers,16.0,15,16,120,2.0,PAC hyperposterior,0.3289617663298722,,,,-3.1438698904954574,,,,,,,,0.034926350911458334,1.0,1.0,0.33965508374355,8.0,4.847405119267814,4.593001548653671,,
burgers,16.0,15,16,120,2.0,PAC hyperprior,0.8910630818556153,,,,,,,,,,,,,1.0,0.125,0.9043639174763077,8.0,,,False,1.0563532095249952
burgers,16.0,15,16,120,2.0,PAC hyperprior,0.880512024791969,,,,,,,,,,,,,1.0,0.25,0.9296692995709498,8.0,,,False,1.1705495907782755
burgers,16.0,15,16,120,2.0,PAC hyperprior,0.8583598251859277,,,,,,,,,,,,,1.0,0.5,1.0081888833709982,8.0,,,False,1.395570765630687
burgers,16.0,15,16,120,2.0,PAC hyperprior,0.717825920311981,,,,,,,,,,,,,1.0,1.0,1.0585934510371353,8.0,,,True,1.5779993651291022
burgers,16.0,16,16,120,2.0,fitted ellipse,0.5874871807515749,1.7505367342794018,-1.6088597102392344,-2.4127186263098706,-7.094950955559812,-7.094950955559812,5.560681631015528,1.8286970817735257,0.5468374231943159,1.8286970817735257,0.5468374231943159,20.020629520798455,0.04895833333333333,,,,,,,,
burgers,16.0,16,16,120,2.0,PAC hyperposterior,0.7391263586835299,,,,-3.1438698904954574,,,,,,,,0.08821004231770833,0.0,0.5,0.9804774626949703,8.0,4.580318445547906,4.295881288409798,,
burgers,16.0,16,16,120,2.0,PAC hyperprior,0.888009237320138,,,,,,,,,,,,,0.0,0.125,0.9319633138093945,8.0,,,False,1.2305987449370033
burgers,16.0,16,16,120,2.0,PAC hyperprior,0.894598228422594,,,,,,,,,,,,,0.0,0.25,1.078003684772427,8.0,,,False,1.6519568212514235
burgers,16.0,16,16,120,2.0,PAC hyperprior,0.9086459636107175,,,,,,,,,,,,,0.0,0.5,1.4071985571570722,8.0,,,True,1.9879617988163343
burgers,16.0,16,16,120,2.0,PAC hyperprior,0.8471083689922903,,,,,,,,,,,,,0.0,1.0,1.5979533446619865,8.0,,,False,2.100533521816671
burgers,16.0,16,16,120,2.0,PAC hyperposterior,0.28540712273996094,,,,-3.1438698904954574,,,,,,,,0.05183868408203125,1.0,1.0,0.2952926453564705,8.0,4.580318445547906,4.295881288409798,,
burgers,16.0,16,16,120,2.0,PAC hyperprior,0.9336953459780141,,,,,,,,,,,,,1.0,0.125,0.938915484853612,8.0,,,False,1.0245109812993958
burgers,16.0,16,16,120,2.0,PAC hyperprior,0.9221135502897464,,,,,,,,,,,,,1.0,0.25,0.940592087235529,8.0,,,False,1.1050009857718814
burgers,16.0,16,16,120,2.0,PAC hyperprior,0.8864556379441466,,,,,,,,,,,,,1.0,0.5,0.9534192548215182,8.0,,,False,1.1595580713589149
burgers,16.0,16,16,120,2.0,PAC hyperprior,0.7574683337010786,,,,,,,,,,,,,1.0,1.0,0.9377970887923798,8.0,,,True,1.2276771023425326
burgers,16.0,17,16,120,2.0,fitted ellipse,0.4219571591922273,0.998484444041381,-1.9181351245573839,-2.702957993063734,-7.094950955559812,-7.094950955559812,5.560681631015528,1.725605277000809,0.579506804556168,1.725605277000809,0.579506804556168,20.020629520798455,0.0109375,,,,,,,,
burgers,16.0,17,16,120,2.0,PAC hyperposterior,0.2645979968163631,,,,-3.1438698904954574,,,,,,,,0.013672892252604167,0.0,0.125,0.2652345192752442,8.0,4.050879974012663,3.7088574068638445,,
burgers,16.0,17,16,120,2.0,PAC hyperprior,0.2625605947159396,,,,,,,,,,,,,0.0,0.125,0.2631333098153611,8.0,,,True,0.31541135293230926
burgers,16.0,17,16,120,2.0,PAC hyperprior,0.26821034228427876,,,,,,,,,,,,,0.0,0.25,0.27185780838955054,8.0,,,False,0.4361949955913662
burgers,16.0,17,16,120,2.0,PAC hyperprior,0.27893907823878106,,,,,,,,,,,,,0.0,0.5,0.2970816321874409,8.0,,,False,0.5640232171919886
burgers,16.0,17,16,120,2.0,PAC hyperprior,0.31401807166288515,,,,,,,,,,,,,0.0,1.0,0.45332965945096093,8.0,,,False,0.9821997559175424
burgers,16.0,17,16,120,2.0,PAC hyperposterior,0.2097990324071493,,,,-3.1438698904954574,,,,,,,,0.012533060709635417,1.0,1.0,0.22908719500172514,8.0,4.050879974012663,3.7088574068638445,,
burgers,16.0,17,16,120,2.0,PAC hyperprior,0.35773982544577515,,,,,,,,,,,,,1.0,0.125,0.36595921893510475,8.0,,,False,0.5469057366560248
burgers,16.0,17,16,120,2.0,PAC hyperprior,0.37802618376944186,,,,,,,,,,,,,1.0,0.25,0.43712420744088043,8.0,,,False,0.8496875836543687
burgers,16.0,17,16,120,2.0,PAC hyperprior,0.40242352238524987,,,,,,,,,,,,,1.0,0.5,0.7344939529480851,8.0,,,False,1.3165593725571911
burgers,16.0,17,16,120,2.0,PAC hyperprior,0.4215937078560626,,,,,,,,,,,,,1.0,1.0,1.0430608035915188,8.0,,,True,1.7059764139313085
burgers,16.0,18,16,120,2.0,fitted ellipse,0.36223898765557117,0.7094576965161214,-1.8223501755700255,-2.5296037841084744,-7.094950955559812,-7.094950955559812,5.560681631015528,1.7575335933299288,0.568979167052699,1.7575335933299288,0.568979167052699,20.020629520798455,0.0026041666666666665,,,,,,,,
burgers,16.0,18,16,120,2.0,PAC hyperposterior,0.3142964218914346,,,,-3.1438698904954574,,,,,,,,0.0202972412109375,0.0,1.0,0.3974595428693074,8.0,4.260948268943304,3.9371083184514815,,
burgers,16.0,18,16,120,2.0,PAC hyperprior,0.8692104807918444,,,,,,,,,,,,,0.0,0.125,0.8883040791513143,8.0,,,False,1.1053070944407208
burgers,16.0,18,16,120,2.0,PAC hyperprior,0.8571899968687584,,,,,,,,,,,,,0.0,0.25,0.9304334061355933,8.0,,,False,1.2229347357327898
burgers,16.0,18,16,120,2.0,PAC hyperprior,0.8156315305712365,,,,,,,,,,,,,0.0,0.5,0.987693298955738,8.0,,,False,1.314404881054533
burgers,16.0,18,16,120,2.0,PAC hyperprior,0.7305247590814943,,,,,,,,,,,,,0.0,1.0,1.0442508016755503,8.0,,,True,1.3502413951855292
burgers,16.0,18,16,120,2.0,PAC hyperposterior,0.3676394814984704,,,,-3.1438698904954574,,,,,,,,0.0088043212890625,1.0,0.125,0.3739187294995564,8.0,4.260948268943304,3.9371083184514815,,
burgers,16.0,18,16,120,2.0,PAC hyperprior,0.38250121978330637,,,,,,,,,,,,,1.0,0.125,0.3915299226200736,8.0,,,True,0.6163323055346694
burgers,16.0,18,16,120,2.0,PAC hyperprior,0.39808707541336835,,,,,,,,,,,,,1.0,0.25,0.4528783747167463,8.0,,,False,0.8714426300577474
burgers,16.0,18,16,120,2.0,PAC hyperprior,0.4639451393248424,,,,,,,,,,,,,1.0,0.5,1.200985180042021,8.0,,,False,1.9165943867501918
burgers,16.0,18,16,120,2.0,PAC hyperprior,0.5665625293911205,,,,,,,,,,,,,1.0,1.0,1.6600681997073279,8.0,,,False,2.3446623070018706
burgers,16.0,19,16,120,2.0,fitted ellipse,0.8064060530154658,2.360719434085498,-1.4589897379193402,-2.6625351507140547,-7.094950955559812,-7.094950955559812,5.560681631015528,1.8786537392134903,0.5322960687894811,1.8786537392134903,0.5322960687894811,20.020629520798455,0.08333333333333333,,,,,,,,
burgers,16.0,19,16,120,2.0,PAC hyperposterior,0.35006831240045283,,,,-3.1438698904954574,,,,,,,,0.05253245035807292,0.0,1.0,0.3643426378202489,8.0,4.5196439491386595,4.241038733725054,,
burgers,16.0,19,16,120,2.0,PAC hyperprior,0.9844300785231115,,,,,,,,,,,,,0.0,0.125,0.9846462847086789,8.0,,,False,1.002480314990808
burgers,16.0,19,16,120,2.0,PAC hyperprior,0.9806633938653107,,,,,,,,,,,,,0.0,0.25,0.9816197123973865,8.0,,,False,1.0104719905582957
burgers,16.0,19,16,120,2.0,PAC hyperprior,0.9680886071052381,,,,,,,,,,,,,0.0,0.5,0.9735766360532957,8.0,,,False,1.0212882463604283
burgers,16.0,19,16,120,2.0,PAC hyperprior,0.881830796586327,,,,,,,,,,,,,0.0,1.0,0.9324160536378433,8.0,,,True,1.0228871684239458
burgers,16.0,19,16,120,2.0,PAC hyperposterior,0.44453879089714066,,,,-3.1438698904954574,,,,,,,,0.048628743489583334,1.0,1.0,0.6032337490309699,8.0,4.5196439491386595,4.241038733725054,,
burgers,16.0,19,16,120,2.0,PAC hyperprior,0.7224598872804788,,,,,,,,,,,,,1.0,0.125,0.737681651755837,8.0,,,False,0.8831275417534687
burgers,16.0,19,16,120,2.0,PAC hyperprior,0.7203757826637509,,,,,,,,,,,,,1.0,0.25,0.7790947182581153,8.0,,,False,1.134060926371193
burgers,16.0,19,16,120,2.0,PAC hyperprior,0.7037099798897787,,,,,,,,,,,,,1.0,0.5,0.8682763702059572,8.0,,,False,1.2791456138215258
burgers,16.0,19,16,120,2.0,PAC hyperprior,0.6285708112266143,,,,,,,,,,,,,1.0,1.0,0.962324880365354,8.0,,,True,1.3515060305200919
burgers,24.0,0,24,120,3.0,fitted ellipse,0.42479906874660234,1.1067503745764522,-1.8961693659898833,-2.713720339861087,-7.094950955559812,-7.094950955559812,5.560681631015528,1.7329271965233095,0.5770582872761493,1.7329271965233095,0.5770582872761493,20.020629520798455,0.019270833333333334,,,,,,,,
burgers,24.0,0,24,120,3.0,PAC hyperposterior,0.24504081625794472,,,,-3.1438698904954574,,,,,,,,0.021075439453125,0.0,0.125,0.24629965314430055,12.0,3.120085295395403,2.716791995071031,,
burgers,24.0,0,24,120,3.0,PAC hyperprior,0.2438010563886877,,,,,,,,,,,,,0.0,0.125,0.2449758046540155,12.0,,,True,0.2984753158358213
burgers,24.0,0,24,120,3.0,PAC hyperprior,0.24669430589871344,,,,,,,,,,,,,0.0,0.25,0.2524170680504118,12.0,,,False,0.3749617869063844
burgers,24.0,0,24,120,3.0,PAC hyperprior,0.2604243297981333,,,,,,,,,,,,,0.0,0.5,0.3049602087079451,12.0,,,False,0.6163529175762985
burgers,24.0,0,24,120,3.0,PAC hyperprior,0.2757582258934005,,,,,,,,,,,,,0.0,1.0,0.5343378418356214,12.0,,,False,0.9796920522545953
burgers,24.0,0,24,120,3.0,PAC hyperposterior,0.4005123038573738,,,,-3.1438698904954574,,,,,,,,0.016263326009114582,1.0,0.25,0.4921591033346488,12.0,3.120085295395403,2.716791995071031,,
burgers,24.0,0,24,120,3.0,PAC hyperprior,0.429415346303941,,,,,,,,,,,,,1.0,0.125,0.4465489028512082,12.0,,,False,0.5808621854954596
burgers,24.0,0,24,120,3.0,PAC hyperprior,0.44317241654611494,,,,,,,,,,,,,1.0,0.25,0.5772633022038621,12.0,,,True,0.978653135583416
burgers,24.0,0,24,120,3.0,PAC hyperprior,0.45542813783113895,,,,,,,,,,,,,1.0,0.5,1.0353090481233902,12.0,,,False,1.4132387199211527
burgers,24.0,0,24,120,3.0,PAC hyperprior,0.4907328823472988,,,,,,,,,,,,,1.0,1.0,1.7696857171614935,12.0,,,False,2.2853469319459947
burgers,24.0,1,24,120,3.0,fitted ellipse,0.2544421998157649,0.5244307460911938,-1.6527255192503605,-2.06698782672299,-7.094950955559812,-7.094950955559812,5.560681631015528,1.8140751454364838,0.5512450807319729,1.8140751454364838,0.5512450807319729,20.020629520798455,0.004166666666666667,,,,,,,,
burgers,24.0,1,24,120,3.0,PAC hyperposterior,0.3085935223754439,,,,-3.1438698904954574,,,,,,,,0.008477783203125,0.0,0.5,0.6156617049797932,12.0,3.6111544699615603,3.234269271544916,,
burgers,24.0,1,24,120,3.0,PAC hyperprior,0.41625403046873477,,,,,,,,,,,,,0.0,0.125,0.49290393957872375,12.0,,,False,0.7846205246801423
burgers,24.0,1,24,120,3.0,PAC hyperprior,0.4677959955996437,,,,,,,,,,,,,0.0,0.25,0.7850206366590721,12.0,,,False,1.1365497097473973
burgers,24.0,1,24,120,3.0,PAC hyperprior,0.5033822384149165,,,,,,,,,,,,,0.0,0.5,1.150412145210873,12.0,,,True,1.4894823175434428
burgers,24.0,1,24,120,3.0,PAC hyperprior,0.5802450781305474,,,,,,,,,,,,,0.0,1.0,1.3880907136623988,12.0,,,False,1.7481220143412397
burgers,24.0,1,24,120,3.0,PAC hyperposterior,0.23831112623518746,,,,-3.1438698904954574,,,,,,,,0.007201639811197916,1.0,0.125,0.2392702972814662,12.0,3.6111544699615603,3.234269271544916,,
burgers,24.0,1,24,120,3.0,PAC hyperprior,0.24361078954739732,,,,,,,,,,,,,1.0,0.125,0.2450781216033028,12.0,,,True,0.32945586452027165
burgers,24.0,1,24,120,3.0,PAC hyperprior,0.2475248397869198,,,,,,,,,,,,,1.0,0.25,0.25616630740801277,12.0,,,False,0.42774504598852214
burgers,24.0,1,24,120,3.0,PAC hyperprior,0.26115552335236636,,,,,,,,,,,,,1.0,0.5,0.5148266949240556,12.0,,,False,1.0101310307407543
burgers,24.0,1,24,120,3.0,PAC hyperprior,0.28715357130242203,,,,,,,,,,,,,1.0,1.0,1.4303088851650918,12.0,,,False,1.9190767307133978
burgers,24.0,2,24,120,3.0,fitted ellipse,0.46706785595547284,1.635570182114932,-1.6514860968709721,-2.2685071816567626,-7.094950955559812,-7.094950955559812,5.560681631015528,1.8144882862296132,0.5511195677531399,1.8144882862296132,0.5511195677531399,20.020629520798455,0.030208333333333334,,,,,,,,
burgers,24.0,2,24,120,3.0,PAC hyperposterior,0.20514596071801794,,,,-3.1438698904954574,,,,,,,,0.0062220255533854164,0.0,1.0,0.22202794540492898,12.0,3.350496151894273,2.9592966358516293,,
burgers,24.0,2,24,120,3.0,PAC hyperprior,0.5619892964295277,,,,,,,,,,,,,0.0,0.125,0.5852100945883404,12.0,,,False,0.7462065500480897
burgers,24.0,2,24,120,3.0,PAC hyperprior,0.5613564004699008,,,,,,,,,,,,,0.0,0.25,0.6444489495447158,12.0,,,False,0.9105667278046043
burgers,24.0,2,24,120,3.0,PAC hyperprior,0.5575716545457239,,,,,,,,,,,,,0.0,0.5,0.8200534619487355,12.0,,,False,1.134447923650928
burgers,24.0,2,24,120,3.0,PAC hyperprior,0.5145074098251141,,,,,,,,,,,,,0.0,1.0,0.9767254926930651,12.0,,,True,1.3008439487465457
burgers,24.0,2,24,120,3.0,PAC hyperposterior,0.2572013559881994,,,,-3.1438698904954574,,,,,,,,0.010448710123697916,1.0,0.125,0.2622392463704349,12.0,3.350496151894273,2.9592966358516293,,
burgers,24.0,2,24,120,3.0,PAC hyperprior,0.2561274853136698,,,,,,,,,,,,,1.0,0.125,0.2604631356191928,12.0,,,True,0.34260155056518027
burgers,24.0,2,24,120,3.0,PAC hyperprior,0.255543534166099,,,,,,,,,,,,,1.0,0.25,0.27231367720437505,12.0,,,False,0.4373340421285503
burgers,24.0,2,24,120,3.0,PAC hyperprior,0.2796352389569108,,,,,,,,,,,,,1.0,0.5,0.5585574306897686,12.0,,,False,1.0349223674935981
burgers,24.0,2,24,120,3.0,PAC hyperprior,0.3071197873265908,,,,,,,,,,,,,1.0,1.0,0.8884017965053319,12.0,,,False,1.3136958455119574
burgers,24.0,3,24,120,3.0,fitted ellipse,0.300858583276602,0.6841602859037466,-1.8115518077012733,-2.3098426847016125,-7.094950955559812,-7.094950955559812,5.560681631015528,1.7611330492861794,0.5678162705567981,1.7611330492861794,0.5678162705567981,20.020629520798455,0.014583333333333334,,,,,,,,
burgers,24.0,3,24,120,3.0,PAC hyperposterior,0.295364882021625,,,,-3.1438698904954574,,,,,,,,0.009351603190104167,0.0,0.5,0.3213053815038501,12.0,4.104717120783861,3.765497602991714,,
burgers,24.0,3,24,120,3.0,PAC hyperprior,0.33538687657926797,,,,,,,,,,,,,0.0,0.125,0.3384817259204463,12.0,,,False,0.4231218051760548
burgers,24.0,3,24,120,3.0,PAC hyperprior,0.33236938322307696,,,,,,,,,,,,,0.0,0.25,0.34462613563409056,12.0,,,False,0.5779403888637278
burgers,24.0,3,24,120,3.0,PAC hyperprior,0.3356342448984214,,,,,,,,,,,,,0.0,0.5,0.4399601827984884,12.0,,,True,0.837623193905606
burgers,24.0,3,24,120,3.0,PAC hyperprior,0.32898232289540164,,,,,,,,,,,,,0.0,1.0,0.9800105277906898,12.0,,,False,1.4481320398349995
burgers,24.0,3,24,120,3.0,PAC hyperposterior,0.2713829129417069,,,,-3.1438698904954574,,,,,,,,0.022745768229166668,1.0,1.0,0.27402224668237224,12.0,4.104717120783861,3.765497602991714,,
burgers,24.0,3,24,120,3.0,PAC hyperprior,0.5321414434016047,,,,,,,,,,,,,1.0,0.125,0.5510713385647363,12.0,,,False,0.7084783618740866
burgers,24.0,3,24,120,3.0,PAC hyperprior,0.5379503869388497,,,,,,,,,,,,,1.0,0.25,0.6029315142298912,12.0,,,False,0.8694288408015591
burgers,24.0,3,24,120,3.0,PAC hyperprior,0.5254721110959377,,,,,,,,,,,,,1.0,0.5,0.738265612055265,12.0,,,False,1.0832731736656402
burgers,24.0,3,24,120,3.0,PAC hyperprior,0.5091806450001031,,,,,,,,,,,,,1.0,1.0,0.8531566446480232,12.0,,,True,1.1508963023760606
burgers,24.0,4,24,120,3.0,fitted ellipse,0.46200261593808456,1.1431780508148728,-1.8178036199969627,-2.555623105020302,-7.094950955559812,-7.094950955559812,5.560681631015528,1.759049111854283,0.5684889598937124,1.759049111854283,0.5684889598937124,20.020629520798455,0.0265625,,,,,,,,
burgers,24.0,4,24,120,3.0,PAC hyperposterior,0.29164790961730325,,,,-3.1438698904954574,,,,,,,,0.017800394694010416,0.0,0.125,0.2960924474337045,12.0,3.8758668391906252,3.546517010118599,,
burgers,24.0,4,24,120,3.0,PAC hyperprior,0.2902725489522795,,,,,,,,,,,,,0.0,0.125,0.294795522470444,12.0,,,True,0.3734491117176928
burgers,24.0,4,24,120,3.0,PAC hyperprior,0.28796189522972904,,,,,,,,,,,,,0.0,0.25,0.3071673856899219,12.0,,,False,0.47537871273174215
burgers,24.0,4,24,120,3.0,PAC hyperprior,0.28916289165294434,,,,,,,,,,,,,0.0,0.5,0.4119216777172369,12.0,,,False,0.7765916903185515
burgers,24.0,4,24,120,3.0,PAC hyperprior,0.2944862593458311,,,,,,,,,,,,,0.0,1.0,0.640393388352735,12.0,,,False,1.049687253403131
burgers,24.0,4,24,120,3.0,PAC hyperposterior,0.3466861177704837,,,,-3.1438698904954574,,,,,,,,0.023810323079427084,1.0,1.0,0.35658056356086826,12.0,3.8758668391906252,3.546517010118599,,
burgers,24.0,4,24,120,3.0,PAC hyperprior,1.2759220227380976,,,,,,,,,,,,,1.0,0.125,1.2760071174072136,12.0,,,False,1.2853133227881468
burgers,24.0,4,24,120,3.0,PAC hyperprior,1.2735444283092416,,,,,,,,,,,,,1.0,0.25,1.2739983269705286,12.0,,,False,1.2887269330931765
burgers,24.0,4,24,120,3.0,PAC hyperprior,1.2602087870153085,,,,,,,,,,,,,1.0,0.5,1.2639998342462526,12.0,,,False,1.294711875087823
burgers,24.0,4,24,120,3.0,PAC hyperprior,1.1954293554981337,,,,,,,,,,,,,1.0,1.0,1.2315857860924988,12.0,,,True,1.2980340439656448
burgers,24.0,5,24,120,3.0,fitted ellipse,0.397867364945264,0.8611027124393323,-1.8662145862532786,-2.425941744981808,-7.094950955559812,-7.094950955559812,5.560681631015528,1.7429121231021778,0.5737523921860834,1.7429121231021778,0.5737523921860834,20.020629520798455,0.016145833333333335,,,,,,,,
burgers,24.0,5,24,120,3.0,PAC hyperposterior,0.2499152832379844,,,,-3.1438698904954574,,,,,,,,0.009864298502604167,0.0,1.0,0.35892228715294094,12.0,3.4598008344090854,3.073740156349529,,
burgers,24.0,5,24,120,3.0,PAC hyperprior,0.3205364994601906,,,,,,,,,,,,,0.0,0.125,0.32807708392256224,12.0,,,False,0.4623465903881412
burgers,24.0,5,24,120,3.0,PAC hyperprior,0.32785183091707776,,,,,,,,,,,,,0.0,0.25,0.3619460678328157,12.0,,,False,0.5882748830541944
burgers,24.0,5,24,120,3.0,PAC hyperprior,0.3393328596785473,,,,,,,,,,,,,0.0,0.5,0.6712967303772311,12.0,,,False,1.1714834611016158
burgers,24.0,5,24,120,3.0,PAC hyperprior,0.3954242012600888,,,,,,,,,,,,,0.0,1.0,0.9247911612547043,12.0,,,True,1.3123752111105746
burgers,24.0,5,24,120,3.0,PAC hyperposterior,0.2678474582137852,,,,-3.1438698904954574,,,,,,,,0.018957010904947915,1.0,1.0,0.4517181856776722,12.0,3.4598008344090854,3.073740156349529,,
burgers,24.0,5,24,120,3.0,PAC hyperprior,0.4189612309323264,,,,,,,,,,,,,1.0,0.125,0.4303977158346281,12.0,,,False,0.5511583560429871
burgers,24.0,5,24,120,3.0,PAC hyperprior,0.4227290249628786,,,,,,,,,,,,,1.0,0.25,0.4663218583914486,12.0,,,False,0.6956139094044804
burgers,24.0,5,24,120,3.0,PAC hyperprior,0.4225055152269327,,,,,,,,,,,,,1.0,0.5,0.6256798534411867,12.0,,,False,1.0115548222662385
burgers,24.0,5,24,120,3.0,PAC hyperprior,0.42400424691060457,,,,,,,,,,,,,1.0,1.0,0.8947599051388954,12.0,,,True,1.3197771020209066
burgers,24.0,6,24,120,3.0,fitted ellipse,0.40437258025773914,0.8302887498690155,-1.7560102000805944,-2.230588341021844,-7.094950955559812,-7.094950955559812,5.560681631015528,1.7796469184930723,0.56190921334371,1.7796469184930723,0.56190921334371,20.020629520798455,0.0109375,,,,,,,,
burgers,24.0,6,24,120,3.0,PAC hyperposterior,0.24220338287123971,,,,-3.1438698904954574,,,,,,,,0.004706827799479166,0.0,0.125,0.24240583593998136,12.0,3.3327149263483458,2.9398245747047946,,
burgers,24.0,6,24,120,3.0,PAC hyperprior,0.2425640055110996,,,,,,,,,,,,,0.0,0.125,0.242785163836303,12.0,,,True,0.26957570789861407
burgers,24.0,6,24,120,3.0,PAC hyperprior,0.24524942603592062,,,,,,,,,,,,,0.0,0.25,0.24646595130156754,12.0,,,False,0.3190959800324604
burgers,24.0,6,24,120,3.0,PAC hyperprior,0.25836227885662555,,,,,,,,,,,,,0.0,0.5,0.2809918722743403,12.0,,,False,0.5183080252518657
burgers,24.0,6,24,120,3.0,PAC hyperprior,0.29256204331042696,,,,,,,,,,,,,0.0,1.0,0.7238655635104484,12.0,,,False,1.2225897934785195
burgers,24.0,6,24,120,3.0,PAC hyperposterior,0.2930687615828754,,,,-3.1438698904954574,,,,,,,,0.016390482584635418,1.0,0.5,0.30634796365820827,12.0,3.3327149263483458,2.9398245747047946,,
burgers,24.0,6,24,120,3.0,PAC hyperprior,0.3690995962729698,,,,,,,,,,,,,1.0,0.125,0.3750205672864833,12.0,,,False,0.5037052500696761
burgers,24.0,6,24,120,3.0,PAC hyperprior,0.36841667945184775,,,,,,,,,,,,,1.0,0.25,0.40458954052728946,12.0,,,False,0.7683016181870359
burgers,24.0,6,24,120,3.0,PAC hyperprior,0.3902367839983201,,,,,,,,,,,,,1.0,0.5,0.6960597169394491,12.0,,,True,1.1473883964917508
burgers,24.0,6,24,120,3.0,PAC hyperprior,0.38956995150119156,,,,,,,,,,,,,1.0,1.0,1.3101754316675818,12.0,,,False,1.7471644334722614
burgers,24.0,7,24,120,3.0,fitted ellipse,0.3998588912952794,0.8894989790666834,-1.9546787035966886,-2.89802554963743,-7.094950955559812,-7.094950955559812,5.560681631015528,1.7134240839877075,0.5836266744148171,1.7134240839877075,0.5836266744148171,20.020629520798455,0.005208333333333333,,,,,,,,
burgers,24.0,7,24,120,3.0,PAC hyperposterior,0.8339135197312822,,,,-3.1438698904954574,,,,,,,,0.1344482421875,0.0,1.0,0.906250818573481,12.0,3.23431575053034,2.846309600024281,,
burgers,24.0,7,24,120,3.0,PAC hyperprior,1.689786684279311,,,,,,,,,,,,,0.0,0.125,1.6962801880628744,12.0,,,False,1.7821375058083335
burgers,24.0,7,24,120,3.0,PAC hyperprior,1.6793329371815426,,,,,,,,,,,,,0.0,0.25,1.7004003458165549,12.0,,,False,1.8259861373228432
burgers,24.0,7,24,120,3.0,PAC hyperprior,1.657470064363054,,,,,,,,,,,,,0.0,0.5,1.7219870518430156,12.0,,,False,1.8777795063097402
burgers,24.0,7,24,120,3.0,PAC hyperprior,1.5261053375384406,,,,,,,,,,,,,0.0,1.0,1.72582000259251,12.0,,,True,1.9063518448024297
burgers,24.0,7,24,120,3.0,PAC hyperposterior,0.26636132791691725,,,,-3.1438698904954574,,,,,,,,0.009073384602864583,1.0,0.125,0.2757203277817491,12.0,3.23431575053034,2.846309600024281,,
burgers,24.0,7,24,120,3.0,PAC hyperprior,0.262252228990384,,,,,,,,,,,,,1.0,0.125,0.26935235091316323,12.0,,,True,0.4182198858952004
burgers,24.0,7,24,120,3.0,PAC hyperprior,0.2802456021752204,,,,,,,,,,,,,1.0,0.25,0.33564162899145855,12.0,,,False,0.5908783149654893
burgers,24.0,7,24,120,3.0,PAC hyperprior,0.31411157726634387,,,,,,,,,,,,,1.0,0.5,0.7528509331460439,12.0,,,False,1.182025472231663
burgers,24.0,7,24,120,3.0,PAC hyperprior,0.3638360053308126,,,,,,,,,,,,,1.0,1.0,0.9872352912049364,12.0,,,False,1.37396811008598
burgers,24.0,8,24,120,3.0,fitted ellipse,0.6630053516457286,1.4731940494711886,-1.8699012952625897,-3.0062090854272987,-7.094950955559812,-7.094950955559812,5.560681631015528,1.741683220099074,0.5741572224271162,1.741683220099074,0.5741572224271162,20.020629520798455,0.0171875,,,,,,,,
burgers,24.0,8,24,120,3.0,PAC hyperposterior,0.43847970497084665,,,,-3.1438698904954574,,,,,,,,0.033219401041666666,0.0,0.5,0.5858535066007782,12.0,2.7612124187160427,2.343451066354165,,
burgers,24.0,8,24,120,3.0,PAC hyperprior,0.5105377237619126,,,,,,,,,,,,,0.0,0.125,0.5333155248527209,12.0,,,False,0.7098836953743444
burgers,24.0,8,24,120,3.0,PAC hyperprior,0.5115006144111292,,,,,,,,,,,,,0.0,0.25,0.6233914092873661,12.0,,,False,0.9619203324475816
burgers,24.0,8,24,120,3.0,PAC hyperprior,0.4874828985740873,,,,,,,,,,,,,0.0,0.5,0.8004743718720384,12.0,,,True,1.232962939357777
burgers,24.0,8,24,120,3.0,PAC hyperprior,0.48745439679349023,,,,,,,,,,,,,0.0,1.0,1.0809997057874432,12.0,,,False,1.4542010018957257
burgers,24.0,8,24,120,3.0,PAC hyperposterior,0.5351765047379602,,,,-3.1438698904954574,,,,,,,,0.038503011067708336,1.0,1.0,0.9042544523092536,12.0,2.7612124187160427,2.343451066354165,,
burgers,24.0,8,24,120,3.0,PAC hyperprior,1.133786961741135,,,,,,,,,,,,,1.0,0.125,1.2118598991614575,12.0,,,False,1.4918618452530206
burgers,24.0,8,24,120,3.0,PAC hyperprior,1.1392786466031193,,,,,,,,,,,,,1.0,0.25,1.3521186528646167,12.0,,,False,1.6506990686672376
burgers,24.0,8,24,120,3.0,PAC hyperprior,1.1170340580341662,,,,,,,,,,,,,1.0,0.5,1.5734447138078955,12.0,,,False,1.8964016609177055
burgers,24.0,8,24,120,3.0,PAC hyperprior,0.97119337222291,,,,,,,,,,,,,1.0,1.0,1.6929347702847168,12.0,,,True,2.0101650559858246
burgers,24.0,9,24,120,3.0,fitted ellipse,0.5139371623485776,1.2912949033276822,-1.749356537919021,-2.51842377207818,-7.094950955559812,-7.094950955559812,5.560681631015528,1.7818648058802635,0.561209804862826,1.7818648058802635,0.561209804862826,20.020629520798455,0.024479166666666666,,,,,,,,
burgers,24.0,9,24,120,3.0,PAC hyperposterior,0.30235084093584175,,,,-3.1438698904954574,,,,,,,,0.010822550455729166,0.0,0.125,0.30320639695673424,12.0,3.3959783787496796,3.016806486754097,,
burgers,24.0,9,24,120,3.0,PAC hyperprior,0.3034272394366023,,,,,,,,,,,,,0.0,0.125,0.3044454386267042,12.0,,,True,0.36640190231707503
burgers,24.0,9,24,120,3.0,PAC hyperprior,0.31128650297606014,,,,,,,,,,,,,0.0,0.25,0.32378771754208713,12.0,,,False,0.571813327981153
burgers,24.0,9,24,120,3.0,PAC hyperprior,0.3282878243159028,,,,,,,,,,,,,0.0,0.5,0.4097691344251922,12.0,,,False,0.8448501884507582
burgers,24.0,9,24,120,3.0,PAC hyperprior,0.3785417109895911,,,,,,,,,,,,,0.0,1.0,0.7646964692088352,12.0,,,False,1.2364664597441806
burgers,24.0,9,24,120,3.0,PAC hyperposterior,0.2425949762681845,,,,-3.1438698904954574,,,,,,,,0.004877726236979167,1.0,1.0,0.2442132316770549,12.0,3.3959783787496796,3.016806486754097,,
burgers,24.0,9,24,120,3.0,PAC hyperprior,0.6965703607597519,,,,,,,,,,,,,1.0,0.125,0.7111159739956454,12.0,,,False,0.8613056594418049
burgers,24.0,9,24,120,3.0,PAC hyperprior,0.695083423788665,,,,,,,,,,,,,1.0,0.25,0.7512871185485958,12.0,,,False,0.9314269031629427
burgers,24.0,9,24,120,3.0,PAC hyperprior,0.6815794267081459,,,,,,,,,,,,,1.0,0.5,0.8040262169145169,12.0,,,False,1.009846686796311
burgers,24.0,9,24,120,3.0,PAC hyperprior,0.6120347465765869,,,,,,,,,,,,,1.0,1.0,0.8342335774136332,12.0,,,True,1.074280190853858
burgers,24.0,10,24,120,3.0,fitted ellipse,0.2455426537723584,0.4917645859881817,-1.8986152215655845,-2.095741130702466,-7.094950955559812,-7.094950955559812,5.560681631015528,1.732111911331409,0.5773299019873016,1.732111911331409,0.5773299019873016,20.020629520798455,0.008333333333333333,,,,,,,,
burgers,24.0,10,24,120,3.0,PAC hyperposterior,0.13168506657954376,,,,-3.1438698904954574,,,,,,,,0.005979410807291667,0.0,1.0,0.13564041094844495,12.0,3.843987075168336,3.4831631209007314,,
burgers,24.0,10,24,120,3.0,PAC hyperprior,0.2983713027321768,,,,,,,,,,,,,0.0,0.125,0.31063505729749835,12.0,,,False,0.43354891313864297
burgers,24.0,10,24,120,3.0,PAC hyperprior,0.3125404553708288,,,,,,,,,,,,,0.0,0.25,0.37871848110685513,12.0,,,False,0.6776132392663108
burgers,24.0,10,24,120,3.0,PAC hyperprior,0.3400105490173419,,,,,,,,,,,,,0.0,0.5,0.5836480066459772,12.0,,,False,0.9107352973023852
burgers,24.0,10,24,120,3.0,PAC hyperprior,0.32124423688036113,,,,,,,,,,,,,0.0,1.0,0.8299844656566826,12.0,,,True,1.2139410645170505
burgers,24.0,10,24,120,3.0,PAC hyperposterior,0.18639681855035017,,,,-3.1438698904954574,,,,,,,,0.011797587076822916,1.0,1.0,0.21587503533104768,12.0,3.843987075168336,3.4831631209007314,,
burgers,24.0,10,24,120,3.0,PAC hyperprior,0.25845932546282163,,,,,,,,,,,,,1.0,0.125,0.26318417532615573,12.0,,,False,0.35573693391856853
burgers,24.0,10,24,120,3.0,PAC hyperprior,0.2601100737528542,,,,,,,,,,,,,1.0,0.25,0.27517995617938884,12.0,,,False,0.4202000791528704
burgers,24.0,10,24,120,3.0,PAC hyperprior,0.2863551253074521,,,,,,,,,,,,,1.0,0.5,0.629167806944854,12.0,,,False,1.128385649473607
burgers,24.0,10,24,120,3.0,PAC hyperprior,0.3172417479483839,,,,,,,,,,,,,1.0,1.0,0.9481606716034706,12.0,,,True,1.3902791524162978
burgers,24.0,11,24,120,3.0,fitted ellipse,0.20391000855672647,0.42763684005039426,-1.406337410669272,-1.820249066246438,-7.094950955559812,-7.094950955559812,5.560681631015528,1.8962045149635134,0.5273692748375519,1.8962045149635134,0.5273692748375519,20.020629520798455,0.0109375,,,,,,,,
burgers,24.0,11,24,120,3.0,PAC hyperposterior,0.2459059716104409,,,,-3.1438698904954574,,,,,,,,0.009158833821614584,0.0,0.125,0.24620892048706122,12.0,4.191410688757717,3.8693735823523694,,
burgers,24.0,11,24,120,3.0,PAC hyperprior,0.24585843961319975,,,,,,,,,,,,,0.0,0.125,0.2461783770538235,12.0,,,True,0.277065395127984
burgers,24.0,11,24,120,3.0,PAC hyperprior,0.24817606294278913,,,,,,,,,,,,,0.0,0.25,0.24972370331023153,12.0,,,False,0.32419910174894806
burgers,24.0,11,24,120,3.0,PAC hyperprior,0.2559404540607924,,,,,,,,,,,,,0.0,0.5,0.26426370543368366,12.0,,,False,0.4777143256320544
burgers,24.0,11,24,120,3.0,PAC hyperprior,0.2838484703351526,,,,,,,,,,,,,0.0,1.0,0.37561016541291453,12.0,,,False,0.716023345339539
burgers,24.0,11,24,120,3.0,PAC hyperposterior,0.28560842486358956,,,,-3.1438698904954574,,,,,,,,0.0035888671875,1.0,1.0,0.2871272329476795,12.0,4.191410688757717,3.8693735823523694,,
burgers,24.0,11,24,120,3.0,PAC hyperprior,0.36244990411574135,,,,,,,,,,,,,1.0,0.125,0.36785239073293935,12.0,,,False,0.47657420287547314
burgers,24.0,11,24,120,3.0,PAC hyperprior,0.36521028302436803,,,,,,,,,,,,,1.0,0.25,0.38631189268871674,12.0,,,False,0.5880593081585026
burgers,24.0,11,24,120,3.0,PAC hyperprior,0.36702429072960563,,,,,,,,,,,,,1.0,0.5,0.46789344420663626,12.0,,,False,0.8175053011469151
burgers,24.0,11,24,120,3.0,PAC hyperprior,0.36151450344770686,,,,,,,,,,,,,1.0,1.0,0.7889557286388268,12.0,,,True,1.1945041368047322
burgers,24.0,12,24,120,3.0,fitted ellipse,0.8843501723150462,2.6896157037443573,-1.6379421808894548,-2.8848294302099142,-7.094950955559812,-7.094950955559812,5.560681631015528,1.8190029248901187,0.5497517273428284,1.8190029248901187,0.5497517273428284,20.020629520798455,0.0546875,,,,,,,,
burgers,24.0,12,24,120,3.0,PAC hyperposterior,0.4060578972055054,,,,-3.1438698904954574,,,,,,,,0.0349151611328125,0.0,1.0,0.7160050325962629,12.0,3.3227321126505043,2.9292061975598593,,
burgers,24.0,12,24,120,3.0,PAC hyperprior,0.4317788123812203,,,,,,,,,,,,,0.0,0.125,0.45081778446672244,12.0,,,False,0.6189392152299105
burgers,24.0,12,24,120,3.0,PAC hyperprior,0.4333370655658354,,,,,,,,,,,,,0.0,0.25,0.5204856845250628,12.0,,,False,0.8471286615859324
burgers,24.0,12,24,120,3.0,PAC hyperprior,0.4625911087844663,,,,,,,,,,,,,0.0,0.5,0.7308598400450856,12.0,,,False,1.0883232081604737
burgers,24.0,12,24,120,3.0,PAC hyperprior,0.4855611680995179,,,,,,,,,,,,,0.0,1.0,0.915006677559535,12.0,,,True,1.254644332007632
burgers,24.0,12,24,120,3.0,PAC hyperposterior,0.7579469748028631,,,,-3.1438698904954574,,,,,,,,0.11768849690755208,1.0,1.0,0.8067615792653635,12.0,3.3227321126505043,2.9292061975598593,,
burgers,24.0,12,24,120,3.0,PAC hyperprior,1.1006027524828823,,,,,,,,,,,,,1.0,0.125,1.1049883929012088,12.0,,,False,1.1675300119001344
burgers,24.0,12,24,120,3.0,PAC hyperprior,1.0932214342883775,,,,,,,,,,,,,1.0,0.25,1.1088970591768883,12.0,,,False,1.206857897013312
burgers,24.0,12,24,120,3.0,PAC hyperprior,1.0618975027414819,,,,,,,,,,,,,1.0,0.5,1.1083305579691585,12.0,,,False,1.2245233326991238
burgers,24.0,12,24,120,3.0,PAC hyperprior,0.9598655003843053,,,,,,,,,,,,,1.0,1.0,1.1012298638999536,12.0,,,True,1.2458713698104207
burgers,24.0,13,24,120,3.0,fitted ellipse,0.5453850141919814,1.3749526698168848,-1.6190836356255434,-2.392145915312078,-7.094950955559812,-7.094950955559812,5.560681631015528,1.825289106644756,0.547858416707586,1.825289106644756,0.547858416707586,20.020629520798455,0.04895833333333333,,,,,,,,
burgers,24.0,13,24,120,3.0,PAC hyperposterior,0.3404472187504234,,,,-3.1438698904954574,,,,,,,,0.036108907063802084,0.0,1.0,0.7351472280405718,12.0,3.470725383889659,3.086589234879783,,
burgers,24.0,13,24,120,3.0,PAC hyperprior,0.44612353968305735,,,,,,,,,,,,,0.0,0.125,0.45306105147339815,12.0,,,False,0.5695864943334144
burgers,24.0,13,24,120,3.0,PAC hyperprior,0.4453171312973725,,,,,,,,,,,,,0.0,0.25,0.47462198428157226,12.0,,,False,0.7133615098467772
burgers,24.0,13,24,120,3.0,PAC hyperprior,0.4598436894750183,,,,,,,,,,,,,0.0,0.5,0.8548731003131049,12.0,,,False,1.3592397742022504
burgers,24.0,13,24,120,3.0,PAC hyperprior,0.47076727512488614,,,,,,,,,,,,,0.0,1.0,1.7175162672807913,12.0,,,True,2.2194067012953864
burgers,24.0,13,24,120,3.0,PAC hyperposterior,0.27387779416697244,,,,-3.1438698904954574,,,,,,,,0.017705281575520832,1.0,0.5,0.3144602817265088,12.0,3.470725383889659,3.086589234879783,,
burgers,24.0,13,24,120,3.0,PAC hyperprior,0.3624940655721845,,,,,,,,,,,,,1.0,0.125,0.38042233322611624,12.0,,,False,0.5402020318446654
burgers,24.0,13,24,120,3.0,PAC hyperprior,0.3701959898723536,,,,,,,,,,,,,1.0,0.25,0.4676644138129907,12.0,,,False,0.7949963102590587
burgers,24.0,13,24,120,3.0,PAC hyperprior,0.39452016799649675,,,,,,,,,,,,,1.0,0.5,0.686681925737506,12.0,,,True,1.0855971329651508
burgers,24.0,13,24,120,3.0,PAC hyperprior,0.4217176617312962,,,,,,,,,,,,,1.0,1.0,0.8830951887489192,12.0,,,False,1.2425484334977774
burgers,24.0,14,24,120,3.0,fitted ellipse,0.3595726969481632,0.8619840361810297,-1.9474139612646948,-2.463439376050147,-7.094950955559812,-7.094950955559812,5.560681631015528,1.715845664765039,0.5828029994393091,1.715845664765039,0.5828029994393091,20.020629520798455,0.016145833333333335,,,,,,,,
burgers,24.0,14,24,120,3.0,PAC hyperposterior,0.20152281828233715,,,,-3.1438698904954574,,,,,,,,0.01226654052734375,0.0,1.0,0.20288015314391372,12.0,3.8005243046497483,3.4486666281833425,,
burgers,24.0,14,24,120,3.0,PAC hyperprior,0.9152439965233063,,,,,,,,,,,,,0.0,0.125,0.9351594606200466,12.0,,,False,1.0749215575980111
burgers,24.0,14,24,120,3.0,PAC hyperprior,0.9050803406827783,,,,,,,,,,,,,0.0,0.25,0.9696247574511734,12.0,,,False,1.199218498274118
burgers,24.0,14,24,120,3.0,PAC hyperprior,0.8656336473312811,,,,,,,,,,,,,0.0,0.5,1.042472382697784,12.0,,,False,1.2956108582347285
burgers,24.0,14,24,120,3.0,PAC hyperprior,0.7579892429981414,,,,,,,,,,,,,0.0,1.0,1.0926846693539127,12.0,,,True,1.3625099275705823
burgers,24.0,14,24,120,3.0,PAC hyperposterior,0.19622514679229003,,,,-3.1438698904954574,,,,,,,,0.010536702473958333,1.0,0.125,0.20023037212002262,12.0,3.8005243046497483,3.4486666281833425,,
burgers,24.0,14,24,120,3.0,PAC hyperprior,0.19819674939050577,,,,,,,,,,,,,1.0,0.125,0.2021437203053634,12.0,,,True,0.27916415810428674
burgers,24.0,14,24,120,3.0,PAC hyperprior,0.205211447290715,,,,,,,,,,,,,1.0,0.25,0.4104311386860689,12.0,,,False,0.9204338577170477
burgers,24.0,14,24,120,3.0,PAC hyperprior,0.2595406375303607,,,,,,,,,,,,,1.0,0.5,0.6315120559251042,12.0,,,False,1.114995621316739
burgers,24.0,14,24,120,3.0,PAC hyperprior,0.3101057466242198,,,,,,,,,,,,,1.0,1.0,1.2801346768915032,12.0,,,False,1.7597990760056712
burgers,24.0,15,24,120,3.0,fitted ellipse,0.3124448551459116,0.6427552788662726,-1.856088590862999,-2.4702098812891538,-7.094950955559812,-7.094950955559812,5.560681631015528,1.7462874548989376,0.5726434082743111,1.7462874548989376,0.5726434082743111,20.020629520798455,0.0067708333333333336,,,,,,,,
burgers,24.0,15,24,120,3.0,PAC hyperposterior,0.2615025610090419,,,,-3.1438698904954574,,,,,,,,0.009581502278645833,0.0,0.125,0.26222486286417585,12.0,3.254020821244275,2.8566898823462346,,
burgers,24.0,15,24,120,3.0,PAC hyperprior,0.26172591295398,,,,,,,,,,,,,0.0,0.125,0.26261350994260924,12.0,,,True,0.3432578211447268
burgers,24.0,15,24,120,3.0,PAC hyperprior,0.2708282372924903,,,,,,,,,,,,,0.0,0.25,0.2789273420853266,12.0,,,False,0.4691170613386557
burgers,24.0,15,24,120,3.0,PAC hyperprior,0.295795918574992,,,,,,,,,,,,,0.0,0.5,0.4557004274712035,12.0,,,False,0.8441148817156252
burgers,24.0,15,24,120,3.0,PAC hyperprior,0.34788121294219077,,,,,,,,,,,,,0.0,1.0,0.9455278659022616,12.0,,,False,1.3891101466529543
burgers,24.0,15,24,120,3.0,PAC hyperposterior,0.24129624133593397,,,,-3.1438698904954574,,,,,,,,0.0172821044921875,1.0,0.25,0.26761509920181425,12.0,3.254020821244275,2.8566898823462346,,
burgers,24.0,15,24,120,3.0,PAC hyperprior,0.23495059204592716,,,,,,,,,,,,,1.0,0.125,0.2390911216573012,12.0,,,False,0.36485625017742507
burgers,24.0,15,24,120,3.0,PAC hyperprior,0.24968121522523817,,,,,,,,,,,,,1.0,0.25,0.29110859292319957,12.0,,,True,0.5625323336900045
burgers,24.0,15,24,120,3.0,PAC hyperprior,0.2929153646631217,,,,,,,,,,,,,1.0,0.5,0.7822432911949407,12.0,,,False,1.2778476348681425
burgers,24.0,15,24,120,3.0,PAC hyperprior,0.33751756910622555,,,,,,,,,,,,,1.0,1.0,1.3279687791536168,12.0,,,False,1.8299930223913714
burgers,24.0,16,24,120,3.0,fitted ellipse,0.3918470489119965,0.9504180928549191,-1.799908453153198,-1.980415360362257,-7.094950955559812,-7.094950955559812,5.560681631015528,1.7650141674688713,0.5665676901812384,1.7650141674688713,0.5665676901812384,20.020629520798455,0.016666666666666666,,,,,,,,
burgers,24.0,16,24,120,3.0,PAC hyperposterior,0.2782731964231292,,,,-3.1438698904954574,,,,,,,,0.02065277099609375,0.0,0.125,0.28203046884493843,12.0,3.8951974323861456,3.5419070203678658,,
burgers,24.0,16,24,120,3.0,PAC hyperprior,0.27848380782120075,,,,,,,,,,,,,0.0,0.125,0.2822403384025524,12.0,,,True,0.3922216995134207
burgers,24.0,16,24,120,3.0,PAC hyperprior,0.28463462966790326,,,,,,,,,,,,,0.0,0.25,0.311280332965898,12.0,,,False,0.6182828788018728
burgers,24.0,16,24,120,3.0,PAC hyperprior,0.31238639319016315,,,,,,,,,,,,,0.0,0.5,0.5316585706151505,12.0,,,False,0.9808259835975033
burgers,24.0,16,24,120,3.0,PAC hyperprior,0.34324102810663704,,,,,,,,,,,,,0.0,1.0,0.8047519821087894,12.0,,,False,1.2054994275592792
burgers,24.0,16,24,120,3.0,PAC hyperposterior,0.13843908063589994,,,,-3.1438698904954574,,,,,,,,0.012085469563802083,1.0,1.0,0.14136157386137374,12.0,3.8951974323861456,3.5419070203678658,,
burgers,24.0,16,24,120,3.0,PAC hyperprior,0.35749101517822984,,,,,,,,,,,,,1.0,0.125,0.36478569781959186,12.0,,,False,0.47103476709341674
burgers,24.0,16,24,120,3.0,PAC hyperprior,0.35258596845177936,,,,,,,,,,,,,1.0,0.25,0.3796964960856672,12.0,,,False,0.5570711248609372
burgers,24.0,16,24,120,3.0,PAC hyperprior,0.3463333987644762,,,,,,,,,,,,,1.0,0.5,0.46979702133248363,12.0,,,False,0.7861874667741491
burgers,24.0,16,24,120,3.0,PAC hyperprior,0.32564594807719627,,,,,,,,,,,,,1.0,1.0,0.6445792920262637,12.0,,,True,1.0760484952584246
burgers,24.0,17,24,120,3.0,fitted ellipse,0.40755898152414005,0.9025015068606042,-1.7819636665056586,-2.4052554860149007,-7.094950955559812,-7.094950955559812,5.560681631015528,1.7709957630180508,0.564654089457473,1.7709957630180508,0.564654089457473,20.020629520798455,0.019270833333333334,,,,,,,,
burgers,24.0,17,24,120,3.0,PAC hyperposterior,0.39504720619665623,,,,-3.1438698904954574,,,,,,,,0.029117329915364584,0.0,0.125,0.4052606680480944,12.0,3.2322067085382837,2.833784646788675,,
burgers,24.0,17,24,120,3.0,PAC hyperprior,0.39882685831470216,,,,,,,,,,,,,0.0,0.125,0.4098823432521424,12.0,,,True,0.5397464779139556
burgers,24.0,17,24,120,3.0,PAC hyperprior,0.40486133558662496,,,,,,,,,,,,,0.0,0.25,0.48335108946281474,12.0,,,False,0.8683993329663657
burgers,24.0,17,24,120,3.0,PAC hyperprior,0.4089017295922621,,,,,,,,,,,,,0.0,0.5,0.7915614833627295,12.0,,,False,1.2173874472169492
burgers,24.0,17,24,120,3.0,PAC hyperprior,0.4042197794893983,,,,,,,,,,,,,0.0,1.0,1.2891044922130985,12.0,,,False,1.7963386195340965
burgers,24.0,17,24,120,3.0,PAC hyperposterior,0.2388348885701632,,,,-3.1438698904954574,,,,,,,,0.027231852213541668,1.0,0.125,0.2431357801441952,12.0,3.2322067085382837,2.833784646788675,,
burgers,24.0,17,24,120,3.0,PAC hyperprior,0.24096375012267524,,,,,,,,,,,,,1.0,0.125,0.245416313292362,12.0,,,True,0.32051874134634684
burgers,24.0,17,24,120,3.0,PAC hyperprior,0.24979076646954948,,,,,,,,,,,,,1.0,0.25,0.27184148566314764,12.0,,,False,0.48298377986160457
burgers,24.0,17,24,120,3.0,PAC hyperprior,0.2569605350343637,,,,,,,,,,,,,1.0,0.5,0.4018178621930655,12.0,,,False,0.7673402495068595
burgers,24.0,17,24,120,3.0,PAC hyperprior,0.27701348377299323,,,,,,,,,,,,,1.0,1.0,0.8049314546165345,12.0,,,False,1.30849027031263
burgers,24.0,18,24,120,3.0,fitted ellipse,0.37194955071877267,0.8209197972011898,-1.853008594840792,-2.817916318418647,-7.094950955559812,-7.094950955559812,5.560681631015528,1.7473141202396734,0.572306941503359,1.7473141202396734,0.572306941503359,20.020629520798455,0.036458333333333336,,,,,,,,
burgers,24.0,18,24,120,3.0,PAC hyperposterior,0.30260645150874244,,,,-3.1438698904954574,,,,,,,,0.017577616373697917,0.0,1.0,0.5454158783406917,12.0,3.679157332677255,3.306571060333978,,
burgers,24.0,18,24,120,3.0,PAC hyperprior,0.5755151541968493,,,,,,,,,,,,,0.0,0.125,0.5974308383651722,12.0,,,False,0.7937148896424686
burgers,24.0,18,24,120,3.0,PAC hyperprior,0.5696220832981324,,,,,,,,,,,,,0.0,0.25,0.6567381026230976,12.0,,,False,0.9591120304776419
burgers,24.0,18,24,120,3.0,PAC hyperprior,0.5417987764432823,,,,,,,,,,,,,0.0,0.5,0.8037731619344136,12.0,,,False,1.2268583975829213
burgers,24.0,18,24,120,3.0,PAC hyperprior,0.4904929384356605,,,,,,,,,,,,,0.0,1.0,1.0072756543492156,12.0,,,True,1.4243071036851012
burgers,24.0,18,24,120,3.0,PAC hyperposterior,0.26547060884422824,,,,-3.1438698904954574,,,,,,,,0.017536417643229166,1.0,1.0,0.27756043197710184,12.0,3.679157332677255,3.306571060333978,,
burgers,24.0,18,24,120,3.0,PAC hyperprior,0.8605639815677623,,,,,,,,,,,,,1.0,0.125,0.8756299053579767,12.0,,,False,1.0159653332761218
burgers,24.0,18,24,120,3.0,PAC hyperprior,0.8551244847417708,,,,,,,,,,,,,1.0,0.25,0.9073405784218153,12.0,,,False,1.0953240571605605
burgers,24.0,18,24,120,3.0,PAC hyperprior,0.8137369879468823,,,,,,,,,,,,,1.0,0.5,0.968846824944268,12.0,,,False,1.1919458530488871
burgers,24.0,18,24,120,3.0,PAC hyperprior,0.7428736435362653,,,,,,,,,,,,,1.0,1.0,1.0506359231818385,12.0,,,True,1.2858520778843179
burgers,24.0,19,24,120,3.0,fitted ellipse,0.8125535021878099,2.1505533657477116,-1.4354063741129666,-2.8668465720809153,-7.094950955559812,-7.094950955559812,5.560681631015528,1.8865148604822817,0.5300779871643063,1.8865148604822817,0.5300779871643063,20.020629520798455,0.059895833333333336,,,,,,,,
burgers,24.0,19,24,120,3.0,PAC hyperposterior,0.5495212339487996,,,,-3.1438698904954574,,,,,,,,0.06177520751953125,0.0,1.0,0.8378922473313907,12.0,2.759481510023986,2.3408455646700737,,
burgers,24.0,19,24,120,3.0,PAC hyperprior,0.7823226347035102,,,,,,,,,,,,,0.0,0.125,0.8149666282505574,12.0,,,False,1.0004923470053333
burgers,24.0,19,24,120,3.0,PAC hyperprior,0.773958655626573,,,,,,,,,,,,,0.0,0.25,0.8999443512697937,12.0,,,False,1.192449401199446
burgers,24.0,19,24,120,3.0,PAC hyperprior,0.7714978568789221,,,,,,,,,,,,,0.0,0.5,1.0508604996522977,12.0,,,False,1.3945842644848874
burgers,24.0,19,24,120,3.0,PAC hyperprior,0.6869924849379159,,,,,,,,,,,,,0.0,1.0,1.1402377541557238,12.0,,,True,1.4344015779845884
burgers,24.0,19,24,120,3.0,PAC hyperposterior,0.869029043261947,,,,-3.1438698904954574,,,,,,,,0.06709340413411459,1.0,0.125,0.9476491064118674,12.0,2.759481510023986,2.3408455646700737,,
burgers,24.0,19,24,120,3.0,PAC hyperprior,0.8695225881169335,,,,,,,,,,,,,1.0,0.125,0.9425732615292537,12.0,,,True,1.223223524252485
burgers,24.0,19,24,120,3.0,PAC hyperprior,0.8783041906070286,,,,,,,,,,,,,1.0,0.25,1.1825008649002406,12.0,,,False,1.6319745293391703
burgers,24.0,19,24,120,3.0,PAC hyperprior,0.8460756463931307,,,,,,,,,,,,,1.0,0.5,1.3734531626606072,12.0,,,False,1.7758997213605854
burgers,24.0,19,24,120,3.0,PAC hyperprior,0.7547421393218181,,,,,,,,,,,,,1.0,1.0,1.5861392002351382,12.0,,,False,1.9616716743325169
burgers,40.0,0,40,120,5.0,fitted ellipse,0.35042139002227035,0.771443679564734,-1.8809497439852711,-2.4461063242306267,-7.094950955559812,-7.094950955559812,5.560681631015528,1.7380004038581802,0.5753738593961796,1.7380004038581802,0.5753738593961796,20.020629520798455,0.016666666666666666,,,,,,,,
burgers,40.0,0,40,120,5.0,PAC hyperposterior,0.21023708377320377,,,,-3.1438698904954574,,,,,,,,0.00891571044921875,0.0,1.0,0.30402733690875744,20.0,2.2887182438696727,1.8567934002850532,,
burgers,40.0,0,40,120,5.0,PAC hyperprior,0.3996862172250863,,,,,,,,,,,,,0.0,0.125,0.4190355064036071,20.0,,,False,0.5272403497587455
burgers,40.0,0,40,120,5.0,PAC hyperprior,0.3993847073531026,,,,,,,,,,,,,0.0,0.25,0.5074144059298978,20.0,,,False,0.7682876920568793
burgers,40.0,0,40,120,5.0,PAC hyperprior,0.40247606162280997,,,,,,,,,,,,,0.0,0.5,0.7390322754894898,20.0,,,False,1.0235241613426629
burgers,40.0,0,40,120,5.0,PAC hyperprior,0.36986130862989464,,,,,,,,,,,,,0.0,1.0,1.1070734819196222,20.0,,,True,1.38946273938297
burgers,40.0,0,40,120,5.0,PAC hyperposterior,0.2259206976718869,,,,-3.1438698904954574,,,,,,,,0.0140411376953125,1.0,0.25,0.23015215980505918,20.0,2.2887182438696727,1.8567934002850532,,
burgers,40.0,0,40,120,5.0,PAC hyperprior,0.2373827910101301,,,,,,,,,,,,,1.0,0.125,0.24123563332410006,20.0,,,False,0.3092373771941572
burgers,40.0,0,40,120,5.0,PAC hyperprior,0.24419730013720337,,,,,,,,,,,,,1.0,0.25,0.2671077386909705,20.0,,,True,0.4402425652417028
burgers,40.0,0,40,120,5.0,PAC hyperprior,0.2600601597623311,,,,,,,,,,,,,1.0,0.5,0.5108470466517099,20.0,,,False,0.7850624898750072
burgers,40.0,0,40,120,5.0,PAC hyperprior,0.29140686119722503,,,,,,,,,,,,,1.0,1.0,1.1110704094293284,20.0,,,False,1.4210036753174977
burgers,40.0,1,40,120,5.0,fitted ellipse,0.3841112023603719,0.9818634729501805,-1.655773773337514,-1.9691877142820822,-7.094950955559812,-7.094950955559812,5.560681631015528,1.813059060740766,0.5515540125821536,1.813059060740766,0.5515540125821536,20.020629520798455,0.00625,,,,,,,,
burgers,40.0,1,40,120,5.0,PAC hyperposterior,0.2346975922012371,,,,-3.1438698904954574,,,,,,,,0.005859375,0.0,0.5,0.2401448442203582,20.0,2.6475387273104802,2.2252661780889555,,
burgers,40.0,1,40,120,5.0,PAC hyperprior,0.23267809786621574,,,,,,,,,,,,,0.0,0.125,0.23311064691915723,20.0,,,False,0.2509028574410843
burgers,40.0,1,40,120,5.0,PAC hyperprior,0.2338602710982183,,,,,,,,,,,,,0.0,0.25,0.2353293621048517,20.0,,,False,0.28328286037152584
burgers,40.0,1,40,120,5.0,PAC hyperprior,0.24464396890404985,,,,,,,,,,,,,0.0,0.5,0.2559414897319725,20.0,,,True,0.37497889486794733
burgers,40.0,1,40,120,5.0,PAC hyperprior,0.2736352560136781,,,,,,,,,,,,,0.0,1.0,0.7316788411546952,20.0,,,False,1.0078215125664443
burgers,40.0,1,40,120,5.0,PAC hyperposterior,0.20203518032057088,,,,-3.1438698904954574,,,,,,,,0.0015874226888020833,1.0,1.0,0.20922877065973808,20.0,2.6475387273104802,2.2252661780889555,,
burgers,40.0,1,40,120,5.0,PAC hyperprior,0.2712622125118745,,,,,,,,,,,,,1.0,0.125,0.2768096178924411,20.0,,,False,0.3691021855150636
burgers,40.0,1,40,120,5.0,PAC hyperprior,0.27222888050255045,,,,,,,,,,,,,1.0,0.25,0.3136493233904202,20.0,,,False,0.5161417315196237
burgers,40.0,1,40,120,5.0,PAC hyperprior,0.2855458719526458,,,,,,,,,,,,,1.0,0.5,0.6772943349349406,20.0,,,False,0.93092095283352
burgers,40.0,1,40,120,5.0,PAC hyperprior,0.30670508395807505,,,,,,,,,,,,,1.0,1.0,1.1139134717406731,20.0,,,True,1.4208469061889435
burgers,40.0,2,40,120,5.0,fitted ellipse,0.7279826364021451,1.978674344029741,-1.8131492535495075,-2.779723500977483,-7.094950955559812,-7.094950955559812,5.560681631015528,1.760600567336768,0.56798800281695,1.760600567336768,0.56798800281695,20.020629520798455,0.06458333333333334,,,,,,,,
burgers,40.0,2,40,120,5.0,PAC hyperposterior,0.4261768083700659,,,,-3.1438698904954574,,,,,,,,0.04224802652994792,0.0,0.5,0.6628275656758691,20.0,2.286831450761649,1.8577177527389694,,
burgers,40.0,2,40,120,5.0,PAC hyperprior,0.47966496088440447,,,,,,,,,,,,,0.0,0.125,0.5068887902237144,20.0,,,False,0.6292172090737829
burgers,40.0,2,40,120,5.0,PAC hyperprior,0.4785926374721098,,,,,,,,,,,,,0.0,0.25,0.582691058317716,20.0,,,False,0.789523982442299
burgers,40.0,2,40,120,5.0,PAC hyperprior,0.47674122751373693,,,,,,,,,,,,,0.0,0.5,0.7725830799690991,20.0,,,True,1.0233070437257146
burgers,40.0,2,40,120,5.0,PAC hyperprior,0.4414827983661628,,,,,,,,,,,,,0.0,1.0,0.9560474560782047,20.0,,,False,1.2533332962985524
burgers,40.0,2,40,120,5.0,PAC hyperposterior,0.3264951039751053,,,,-3.1438698904954574,,,,,,,,0.0375762939453125,1.0,1.0,0.33821605855678194,20.0,2.286831450761649,1.8577177527389694,,
burgers,40.0,2,40,120,5.0,PAC hyperprior,0.7092894853759087,,,,,,,,,,,,,1.0,0.125,0.7237960750587981,20.0,,,False,0.8178420547151424
burgers,40.0,2,40,120,5.0,PAC hyperprior,0.7035708165507322,,,,,,,,,,,,,1.0,0.25,0.7615229077240038,20.0,,,False,0.9537577978372589
burgers,40.0,2,40,120,5.0,PAC hyperprior,0.7055928034056469,,,,,,,,,,,,,1.0,0.5,0.9788326517131034,20.0,,,False,1.2210333001269333
burgers,40.0,2,40,120,5.0,PAC hyperprior,0.6538535587151313,,,,,,,,,,,,,1.0,1.0,1.0662729847128172,20.0,,,True,1.277881101979487
burgers,40.0,3,40,120,5.0,fitted ellipse,0.25833392451725157,0.6389374271391192,-1.8543084947193584,-2.3978880593607834,-7.094950955559812,-7.094950955559812,5.560681631015528,1.7468808202801511,0.5724488977099352,1.7468808202801511,0.5724488977099352,20.020629520798455,0.036458333333333336,,,,,,,,
burgers,40.0,3,40,120,5.0,PAC hyperposterior,0.25186451165745605,,,,-3.1438698904954574,,,,,,,,0.023984273274739582,0.0,0.125,0.2578741072279651,20.0,2.2199500092329343,1.7868971371838125,,
burgers,40.0,3,40,120,5.0,PAC hyperprior,0.24945840362332566,,,,,,,,,,,,,0.0,0.125,0.25656075447287974,20.0,,,True,0.35885145767872917
burgers,40.0,3,40,120,5.0,PAC hyperprior,0.25097002409958913,,,,,,,,,,,,,0.0,0.25,0.28927911737728135,20.0,,,False,0.5277484700676212
burgers,40.0,3,40,120,5.0,PAC hyperprior,0.26521112173999584,,,,,,,,,,,,,0.0,0.5,0.4437149000080732,20.0,,,False,0.7018881417542273
burgers,40.0,3,40,120,5.0,PAC hyperprior,0.2549542059965572,,,,,,,,,,,,,0.0,1.0,0.7135929071588203,20.0,,,False,0.9905333277278308
burgers,40.0,3,40,120,5.0,PAC hyperposterior,0.263850256194302,,,,-3.1438698904954574,,,,,,,,0.042786661783854166,1.0,1.0,0.41506256961115556,20.0,2.2199500092329343,1.7868971371838125,,
burgers,40.0,3,40,120,5.0,PAC hyperprior,0.4024875703090715,,,,,,,,,,,,,1.0,0.125,0.41548672370018397,20.0,,,False,0.527391456169612
burgers,40.0,3,40,120,5.0,PAC hyperprior,0.4040938592189637,,,,,,,,,,,,,1.0,0.25,0.45392506719991577,20.0,,,False,0.6435012582185573
burgers,40.0,3,40,120,5.0,PAC hyperprior,0.3883000102663095,,,,,,,,,,,,,1.0,0.5,0.571264574927808,20.0,,,False,0.822093633684708
burgers,40.0,3,40,120,5.0,PAC hyperprior,0.3654429327396622,,,,,,,,,,,,,1.0,1.0,0.7147221573342002,20.0,,,True,0.9302953008838459
burgers,40.0,4,40,120,5.0,fitted ellipse,0.4745505561097465,1.3600409268345786,-1.8843530914428652,-2.652548387899804,-7.094950955559812,-7.094950955559812,5.560681631015528,1.7368659547056489,0.575749669852601,1.7368659547056489,0.575749669852601,20.020629520798455,0.03229166666666667,,,,,,,,
burgers,40.0,4,40,120,5.0,PAC hyperposterior,0.4784815934980197,,,,-3.1438698904954574,,,,,,,,0.061077880859375,0.0,0.125,0.4939204625844381,20.0,1.5403361130070734,1.098120778099529,,
burgers,40.0,4,40,120,5.0,PAC hyperprior,0.4762846030422922,,,,,,,,,,,,,0.0,0.125,0.4921554764383755,20.0,,,True,0.6075665908783012
burgers,40.0,4,40,120,5.0,PAC hyperprior,0.481992895149871,,,,,,,,,,,,,0.0,0.25,0.5596918403210633,20.0,,,False,0.7812256583378927
burgers,40.0,4,40,120,5.0,PAC hyperprior,0.47941395374079165,,,,,,,,,,,,,0.0,0.5,0.7135221228355443,20.0,,,False,0.9250675798557078
burgers,40.0,4,40,120,5.0,PAC hyperprior,0.44780873796424536,,,,,,,,,,,,,0.0,1.0,0.7965112833361718,20.0,,,False,0.9884936179183983
burgers,40.0,4,40,120,5.0,PAC hyperposterior,0.38382865227575846,,,,-3.1438698904954574,,,,,,,,0.04038798014322917,1.0,0.125,0.3952581789983301,20.0,1.5403361130070734,1.098120778099529,,
burgers,40.0,4,40,120,5.0,PAC hyperprior,0.38313328500990573,,,,,,,,,,,,,1.0,0.125,0.39462982890283516,20.0,,,True,0.48673129844479135
burgers,40.0,4,40,120,5.0,PAC hyperprior,0.3819149327469818,,,,,,,,,,,,,1.0,0.25,0.4157093899203309,20.0,,,False,0.5195901397659028
burgers,40.0,4,40,120,5.0,PAC hyperprior,0.3693149081949642,,,,,,,,,,,,,1.0,0.5,0.48946872831299276,20.0,,,False,0.6893487807156573
burgers,40.0,4,40,120,5.0,PAC hyperprior,0.3508134819406061,,,,,,,,,,,,,1.0,1.0,0.5775121593345925,20.0,,,False,0.8205516286273484
burgers,40.0,5,40,120,5.0,fitted ellipse,0.4244730189013399,0.861196978657547,-1.94969192838376,-2.382409111339572,-7.094950955559812,-7.094950955559812,5.560681631015528,1.7150863423920173,0.5830610245576954,1.7150863423920173,0.5830610245576954,20.020629520798455,0.011458333333333333,,,,,,,,
burgers,40.0,5,40,120,5.0,PAC hyperposterior,0.22638376761143866,,,,-3.1438698904954574,,,,,,,,0.010426839192708334,0.0,0.125,0.22787599381535206,20.0,1.8954582983094128,1.456547515802039,,
burgers,40.0,5,40,120,5.0,PAC hyperprior,0.2258926539073514,,,,,,,,,,,,,0.0,0.125,0.22771386857632775,20.0,,,True,0.28483823048528567
burgers,40.0,5,40,120,5.0,PAC hyperprior,0.23091838607751464,,,,,,,,,,,,,0.0,0.25,0.23999336202148389,20.0,,,False,0.33509774737516285
burgers,40.0,5,40,120,5.0,PAC hyperprior,0.24566277858442373,,,,,,,,,,,,,0.0,0.5,0.5708481395292377,20.0,,,False,0.8818238067305186
burgers,40.0,5,40,120,5.0,PAC hyperprior,0.2991486400841484,,,,,,,,,,,,,0.0,1.0,1.1692994997330899,20.0,,,False,1.4800990181934548
burgers,40.0,5,40,120,5.0,PAC hyperposterior,0.27060039874637976,,,,-3.1438698904954574,,,,,,,,0.011171976725260416,1.0,0.125,0.2762337600711936,20.0,1.8954582983094128,1.456547515802039,,
burgers,40.0,5,40,120,5.0,PAC hyperprior,0.2748413499076533,,,,,,,,,,,,,1.0,0.125,0.28246915539679657,20.0,,,True,0.37196408881243403
burgers,40.0,5,40,120,5.0,PAC hyperprior,0.28326873467846936,,,,,,,,,,,,,1.0,0.25,0.33773038311271886,20.0,,,False,0.532618694841247
burgers,40.0,5,40,120,5.0,PAC hyperprior,0.31121481006520135,,,,,,,,,,,,,1.0,0.5,0.6530293047533495,20.0,,,False,0.928001952351627
burgers,40.0,5,40,120,5.0,PAC hyperprior,0.368295943083474,,,,,,,,,,,,,1.0,1.0,1.0865581592282476,20.0,,,False,1.3797167112735327
burgers,40.0,6,40,120,5.0,fitted ellipse,0.24551614172547165,0.4833513018477532,-1.8006419532736397,-2.1215473290841134,-7.094950955559812,-7.094950955559812,5.560681631015528,1.7647696674287239,0.5666461853104059,1.7647696674287239,0.5666461853104059,20.020629520798455,0.003125,,,,,,,,
burgers,40.0,6,40,120,5.0,PAC hyperposterior,0.1771582657786613,,,,-3.1438698904954574,,,,,,,,0.007626851399739583,0.0,1.0,0.344496101189887,20.0,2.8255288467737163,2.4093703764157306,,
burgers,40.0,6,40,120,5.0,PAC hyperprior,0.19607563887619608,,,,,,,,,,,,,0.0,0.125,0.1970560145135678,20.0,,,False,0.2418963159723928
burgers,40.0,6,40,120,5.0,PAC hyperprior,0.19807722462993682,,,,,,,,,,,,,0.0,0.25,0.20326072209162835,20.0,,,False,0.3077151654085304
burgers,40.0,6,40,120,5.0,PAC hyperprior,0.21203189820635987,,,,,,,,,,,,,0.0,0.5,0.35219749715339516,20.0,,,False,0.6198088764374772
burgers,40.0,6,40,120,5.0,PAC hyperprior,0.24419505466487867,,,,,,,,,,,,,0.0,1.0,0.9270095639410769,20.0,,,True,1.2388247983731366
burgers,40.0,6,40,120,5.0,PAC hyperposterior,0.23797120445615055,,,,-3.1438698904954574,,,,,,,,0.003780619303385417,1.0,1.0,0.2548477857495305,20.0,2.8255288467737163,2.4093703764157306,,
burgers,40.0,6,40,120,5.0,PAC hyperprior,0.7371585443815742,,,,,,,,,,,,,1.0,0.125,0.7734080609592512,20.0,,,False,0.896021581722148
burgers,40.0,6,40,120,5.0,PAC hyperprior,0.7349710853229486,,,,,,,,,,,,,1.0,0.25,0.8828749961427288,20.0,,,False,1.0921878182207587
burgers,40.0,6,40,120,5.0,PAC hyperprior,0.7233258086362513,,,,,,,,,,,,,1.0,0.5,1.1311778810469895,20.0,,,False,1.4120783439169369
burgers,40.0,6,40,120,5.0,PAC hyperprior,0.6689939079886927,,,,,,,,,,,,,1.0,1.0,1.3445877581218246,20.0,,,True,1.6121877649683523
burgers,40.0,7,40,120,5.0,fitted ellipse,0.28885712190235413,0.6169828755754226,-1.8960706559668083,-2.289931462543181,-7.094950955559812,-7.094950955559812,5.560681631015528,1.7329600998643346,0.5770473307944513,1.7329600998643346,0.5770473307944513,20.020629520798455,0.011458333333333333,,,,,,,,
burgers,40.0,7,40,120,5.0,PAC hyperposterior,0.24376511450442517,,,,-3.1438698904954574,,,,,,,,0.012483723958333333,0.0,0.125,0.24711637706198702,20.0,2.203923902372347,1.770098897836705,,
burgers,40.0,7,40,120,5.0,PAC hyperprior,0.24438135565189364,,,,,,,,,,,,,0.0,0.125,0.24778811851130986,20.0,,,True,0.31679527190097456
burgers,40.0,7,40,120,5.0,PAC hyperprior,0.2451929560608343,,,,,,,,,,,,,0.0,0.25,0.2618338463361882,20.0,,,False,0.4138194917689004
burgers,40.0,7,40,120,5.0,PAC hyperprior,0.2546690061742425,,,,,,,,,,,,,0.0,0.5,0.40974542162303607,20.0,,,False,0.6963276038842086
burgers,40.0,7,40,120,5.0,PAC hyperprior,0.2714957455421917,,,,,,,,,,,,,0.0,1.0,0.8955453557478368,20.0,,,False,1.167931178364971
burgers,40.0,7,40,120,5.0,PAC hyperposterior,0.22752134104886518,,,,-3.1438698904954574,,,,,,,,0.009018961588541667,1.0,0.125,0.2357206079633903,20.0,2.203923902372347,1.770098897836705,,
burgers,40.0,7,40,120,5.0,PAC hyperprior,0.22683867929202414,,,,,,,,,,,,,1.0,0.125,0.23443570200312122,20.0,,,True,0.33335349903009703
burgers,40.0,7,40,120,5.0,PAC hyperprior,0.2373132031281299,,,,,,,,,,,,,1.0,0.25,0.2822398046273137,20.0,,,False,0.45536524625465
burgers,40.0,7,40,120,5.0,PAC hyperprior,0.2530578176967748,,,,,,,,,,,,,1.0,0.5,0.540741971883202,20.0,,,False,0.8357596850737901
burgers,40.0,7,40,120,5.0,PAC hyperprior,0.2826388793649941,,,,,,,,,,,,,1.0,1.0,0.7810557496149713,20.0,,,False,1.0523986162771157
burgers,40.0,8,40,120,5.0,fitted ellipse,0.3888635175447108,0.867912798304788,-1.9690997842357472,-2.462729496716249,-7.094950955559812,-7.094950955559812,5.560681631015528,1.7086170571080215,0.585268650947793,1.7086170571080215,0.585268650947793,20.020629520798455,0.014583333333333334,,,,,,,,
burgers,40.0,8,40,120,5.0,PAC hyperposterior,0.2976297072883443,,,,-3.1438698904954574,,,,,,,,0.021674092610677084,0.0,1.0,0.583447037481104,20.0,2.453822223137542,2.0267897673731823,,
burgers,40.0,8,40,120,5.0,PAC hyperprior,0.3853633842286692,,,,,,,,,,,,,0.0,0.125,0.40769767534900386,20.0,,,False,0.5381974375532064
burgers,40.0,8,40,120,5.0,PAC hyperprior,0.3982450460741189,,,,,,,,,,,,,0.0,0.25,0.5378362218971361,20.0,,,False,0.7867592380430732
burgers,40.0,8,40,120,5.0,PAC hyperprior,0.40528354181828513,,,,,,,,,,,,,0.0,0.5,0.7536780944507656,20.0,,,False,1.0440077967149746
burgers,40.0,8,40,120,5.0,PAC hyperprior,0.44280834528037566,,,,,,,,,,,,,0.0,1.0,1.0640965245492275,20.0,,,True,1.3073570775095726
burgers,40.0,8,40,120,5.0,PAC hyperposterior,0.338657168932732,,,,-3.1438698904954574,,,,,,,,0.013902791341145833,1.0,0.5,0.4131640761837291,20.0,2.453822223137542,2.0267897673731823,,
burgers,40.0,8,40,120,5.0,PAC hyperprior,0.45362293830130107,,,,,,,,,,,,,1.0,0.125,0.47591507867188393,20.0,,,False,0.6468647616015106
burgers,40.0,8,40,120,5.0,PAC hyperprior,0.457546864224519,,,,,,,,,,,,,1.0,0.25,0.5964348761113003,20.0,,,False,0.8128988569175091
burgers,40.0,8,40,120,5.0,PAC hyperprior,0.4793659225976381,,,,,,,,,,,,,1.0,0.5,1.2634990243422322,20.0,,,True,1.5366229102978286
burgers,40.0,8,40,120,5.0,PAC hyperprior,0.4670606915113735,,,,,,,,,,,,,1.0,1.0,1.7628847370593541,20.0,,,False,2.0648913540239713
burgers,40.0,9,40,120,5.0,fitted ellipse,0.4125717107763309,0.8576270462242318,-1.819623760433744,-2.1015026419071,-7.094950955559812,-7.094950955559812,5.560681631015528,1.7584423983753557,0.5686851050247145,1.7584423983753557,0.5686851050247145,20.020629520798455,0.0046875,,,,,,,,
burgers,40.0,9,40,120,5.0,PAC hyperposterior,0.21679032107365193,,,,-3.1438698904954574,,,,,,,,0.0018086751302083333,0.0,0.125,0.2171789430331048,20.0,2.5669875880605817,2.14495045577431,,
burgers,40.0,9,40,120,5.0,PAC hyperprior,0.21703585936342445,,,,,,,,,,,,,0.0,0.125,0.21741706138792724,20.0,,,True,0.24445713567561977
burgers,40.0,9,40,120,5.0,PAC hyperprior,0.22293867550286384,,,,,,,,,,,,,0.0,0.25,0.22692044469001993,20.0,,,False,0.3304652683651499
burgers,40.0,9,40,120,5.0,PAC hyperprior,0.23795218199190815,,,,,,,,,,,,,0.0,0.5,0.27409109446462226,20.0,,,False,0.5202810906277424
burgers,40.0,9,40,120,5.0,PAC hyperprior,0.28173240387352094,,,,,,,,,,,,,0.0,1.0,0.7885723964484397,20.0,,,False,1.0998948109059423
burgers,40.0,9,40,120,5.0,PAC hyperposterior,0.19731815410690834,,,,-3.1438698904954574,,,,,,,,0.00481109619140625,1.0,1.0,0.20954362282891936,20.0,2.5669875880605817,2.14495045577431,,
burgers,40.0,9,40,120,5.0,PAC hyperprior,0.2854637501520517,,,,,,,,,,,,,1.0,0.125,0.30010310373302784,20.0,,,False,0.4689974027927324
burgers,40.0,9,40,120,5.0,PAC hyperprior,0.29817763923361207,,,,,,,,,,,,,1.0,0.25,0.406412501908439,20.0,,,False,0.640025987723444
burgers,40.0,9,40,120,5.0,PAC hyperprior,0.3308575712468652,,,,,,,,,,,,,1.0,0.5,0.8054003761063004,20.0,,,False,1.1074325664894173
burgers,40.0,9,40,120,5.0,PAC hyperprior,0.37356443622781765,,,,,,,,,,,,,1.0,1.0,1.5040555088868586,20.0,,,True,1.8101959121101654
burgers,40.0,10,40,120,5.0,fitted ellipse,0.3909253273833295,0.8589258444732863,-1.8871612011445267,-2.0193314650161662,-7.094950955559812,-7.094950955559812,5.560681631015528,1.7359299181384282,0.5760601217544411,1.7359299181384282,0.5760601217544411,20.020629520798455,0.0078125,,,,,,,,
burgers,40.0,10,40,120,5.0,PAC hyperposterior,0.17234382118473918,,,,-3.1438698904954574,,,,,,,,0.006850687662760416,0.0,0.25,0.17613184540933893,20.0,2.673470845193469,2.2530959449636287,,
burgers,40.0,10,40,120,5.0,PAC hyperprior,0.17955005938796378,,,,,,,,,,,,,0.0,0.125,0.18178845672118613,20.0,,,False,0.23550283559571206
burgers,40.0,10,40,120,5.0,PAC hyperprior,0.18737022606914147,,,,,,,,,,,,,0.0,0.25,0.20240640256402656,20.0,,,True,0.36237871736720617
burgers,40.0,10,40,120,5.0,PAC hyperprior,0.20793260671964597,,,,,,,,,,,,,0.0,0.5,0.3422392351973044,20.0,,,False,0.5750396558353907
burgers,40.0,10,40,120,5.0,PAC hyperprior,0.22665182118163976,,,,,,,,,,,,,0.0,1.0,0.8514512393895002,20.0,,,False,1.1268407954743207
burgers,40.0,10,40,120,5.0,PAC hyperposterior,0.21896921929906396,,,,-3.1438698904954574,,,,,,,,0.00481719970703125,1.0,1.0,0.2583746534349325,20.0,2.673470845193469,2.2530959449636287,,
burgers,40.0,10,40,120,5.0,PAC hyperprior,0.3104657279265027,,,,,,,,,,,,,1.0,0.125,0.33042740324286,20.0,,,False,0.45662723169886466
burgers,40.0,10,40,120,5.0,PAC hyperprior,0.3160898814362341,,,,,,,,,,,,,1.0,0.25,0.377611763381528,20.0,,,False,0.5492888667573759
burgers,40.0,10,40,120,5.0,PAC hyperprior,0.3522298334972864,,,,,,,,,,,,,1.0,0.5,0.8256701108891129,20.0,,,False,1.135086577244195
burgers,40.0,10,40,120,5.0,PAC hyperprior,0.3806898358884512,,,,,,,,,,,,,1.0,1.0,1.1208179545763053,20.0,,,True,1.4156673399870279
burgers,40.0,11,40,120,5.0,fitted ellipse,0.33912086444822176,0.7372964961772,-1.9459009494294146,-2.236721706515478,-7.094950955559812,-7.094950955559812,5.560681631015528,1.7163500020434654,0.5826317469102527,1.7163500020434654,0.5826317469102527,20.020629520798455,0.010416666666666666,,,,,,,,
burgers,40.0,11,40,120,5.0,PAC hyperposterior,0.11375823925936714,,,,-3.1438698904954574,,,,,,,,0.0176910400390625,0.0,1.0,0.11605763592677243,20.0,3.135120323197398,2.753971796308706,,
burgers,40.0,11,40,120,5.0,PAC hyperprior,0.6531917826752529,,,,,,,,,,,,,0.0,0.125,0.658098734647729,20.0,,,False,0.7190001730504507
burgers,40.0,11,40,120,5.0,PAC hyperprior,0.6420178190651458,,,,,,,,,,,,,0.0,0.25,0.662118785049613,20.0,,,False,0.763772802226347
burgers,40.0,11,40,120,5.0,PAC hyperprior,0.6184025017836998,,,,,,,,,,,,,0.0,0.5,0.6953080148393387,20.0,,,False,0.8794891273218548
burgers,40.0,11,40,120,5.0,PAC hyperprior,0.5046995203703776,,,,,,,,,,,,,0.0,1.0,0.7350895859820511,20.0,,,True,0.9467924529038827
burgers,40.0,11,40,120,5.0,PAC hyperposterior,0.34105598628820977,,,,-3.1438698904954574,,,,,,,,0.013678995768229167,1.0,0.125,0.3490094062096005,20.0,3.135120323197398,2.753971796308706,,
burgers,40.0,11,40,120,5.0,PAC hyperprior,0.3401283551909143,,,,,,,,,,,,,1.0,0.125,0.34864673285716363,20.0,,,True,0.47853601196182805
burgers,40.0,11,40,120,5.0,PAC hyperprior,0.34490963630809157,,,,,,,,,,,,,1.0,0.25,0.4501421012590674,20.0,,,False,0.7113739402856893
burgers,40.0,11,40,120,5.0,PAC hyperprior,0.36723889390626807,,,,,,,,,,,,,1.0,0.5,0.9622414936106857,20.0,,,False,1.2721830135061598
burgers,40.0,11,40,120,5.0,PAC hyperprior,0.40057365557776614,,,,,,,,,,,,,1.0,1.0,1.4777777141712234,20.0,,,False,1.7692941037552208
burgers,40.0,12,40,120,5.0,fitted ellipse,0.3175339912333017,0.6496965367614362,-1.992837306850628,-2.5159199839495017,-7.094950955559812,-7.094950955559812,5.560681631015528,1.7007045495697277,0.5879916063333849,1.7007045495697277,0.5879916063333849,20.020629520798455,0.008333333333333333,,,,,,,,
burgers,40.0,12,40,120,5.0,PAC hyperposterior,0.24811784827928512,,,,-3.1438698904954574,,,,,,,,0.008835856119791667,0.0,0.125,0.2496491227614483,20.0,2.169593674505761,1.7352065580517473,,
burgers,40.0,12,40,120,5.0,PAC hyperprior,0.24576077607649136,,,,,,,,,,,,,0.0,0.125,0.24736216983944953,20.0,,,True,0.29174347968793235
burgers,40.0,12,40,120,5.0,PAC hyperprior,0.24896586235404206,,,,,,,,,,,,,0.0,0.25,0.26053448523709755,20.0,,,False,0.42124353634623546
burgers,40.0,12,40,120,5.0,PAC hyperprior,0.26973515053531827,,,,,,,,,,,,,0.0,0.5,0.4583378196442432,20.0,,,False,0.7470510750948067
burgers,40.0,12,40,120,5.0,PAC hyperprior,0.30529277061450566,,,,,,,,,,,,,0.0,1.0,0.774455727274343,20.0,,,False,1.0403596581466426
burgers,40.0,12,40,120,5.0,PAC hyperposterior,0.22800608868033945,,,,-3.1438698904954574,,,,,,,,0.008109029134114583,1.0,1.0,0.238812070992014,20.0,2.169593674505761,1.7352065580517473,,
burgers,40.0,12,40,120,5.0,PAC hyperprior,0.3077277078713969,,,,,,,,,,,,,1.0,0.125,0.31398789865716076,20.0,,,False,0.40380966409512187
burgers,40.0,12,40,120,5.0,PAC hyperprior,0.31449068365306565,,,,,,,,,,,,,1.0,0.25,0.35201508708723056,20.0,,,False,0.5590072135175168
burgers,40.0,12,40,120,5.0,PAC hyperprior,0.3271932182493571,,,,,,,,,,,,,1.0,0.5,0.5807377811506417,20.0,,,False,0.8620823550639027
burgers,40.0,12,40,120,5.0,PAC hyperprior,0.37723394749690686,,,,,,,,,,,,,1.0,1.0,0.9788201100814987,20.0,,,True,1.2462064286475671
burgers,40.0,13,40,120,5.0,fitted ellipse,0.2982910726248589,0.5642461155699547,-1.6662162350765313,-1.88616239543138,-7.094950955559812,-7.094950955559812,5.560681631015528,1.8095782401610936,0.5526149562402879,1.8095782401610936,0.5526149562402879,20.020629520798455,0.0010416666666666667,,,,,,,,
burgers,40.0,13,40,120,5.0,PAC hyperposterior,0.18632891479426367,,,,-3.1438698904954574,,,,,,,,0.0018376668294270834,0.0,0.25,0.18796868934854696,20.0,2.657258620720155,2.236545160642527,,
burgers,40.0,13,40,120,5.0,PAC hyperprior,0.19085079342344818,,,,,,,,,,,,,0.0,0.125,0.1915594051308996,20.0,,,False,0.21935599513710802
burgers,40.0,13,40,120,5.0,PAC hyperprior,0.19368538611489255,,,,,,,,,,,,,0.0,0.25,0.1966329987816367,20.0,,,True,0.27050843988603557
burgers,40.0,13,40,120,5.0,PAC hyperprior,0.20613075425463306,,,,,,,,,,,,,0.0,0.5,0.22476346891742033,20.0,,,False,0.36526378766468337
burgers,40.0,13,40,120,5.0,PAC hyperprior,0.23682464914458007,,,,,,,,,,,,,0.0,1.0,0.7019192871247197,20.0,,,False,1.013713703221427
burgers,40.0,13,40,120,5.0,PAC hyperposterior,0.16957993872644955,,,,-3.1438698904954574,,,,,,,,0.002001953125,1.0,1.0,0.17484552218657323,20.0,2.657258620720155,2.236545160642527,,
burgers,40.0,13,40,120,5.0,PAC hyperprior,0.1976241630707405,,,,,,,,,,,,,1.0,0.125,0.1989717363226758,20.0,,,False,0.2358274781180798
burgers,40.0,13,40,120,5.0,PAC hyperprior,0.20065542530620306,,,,,,,,,,,,,1.0,0.25,0.20649236776815835,20.0,,,False,0.29532255252310335
burgers,40.0,13,40,120,5.0,PAC hyperprior,0.2102105388699017,,,,,,,,,,,,,1.0,0.5,0.24156144848916158,20.0,,,False,0.4151459442187848
burgers,40.0,13,40,120,5.0,PAC hyperprior,0.22747810358428272,,,,,,,,,,,,,1.0,1.0,0.4369509533964747,20.0,,,True,0.7009462250484271
burgers,40.0,14,40,120,5.0,fitted ellipse,0.5093430032823489,1.2471367047479371,-1.8634979499369595,-2.56747899765021,-7.094950955559812,-7.094950955559812,5.560681631015528,1.7438176685409505,0.5734544488453879,1.7438176685409505,0.5734544488453879,20.020629520798455,0.04114583333333333,,,,,,,,
burgers,40.0,14,40,120,5.0,PAC hyperposterior,0.36625905851649193,,,,-3.1438698904954574,,,,,,,,0.02721710205078125,0.0,0.125,0.38051372515989246,20.0,1.9600663094937532,1.5248366663700779,,
burgers,40.0,14,40,120,5.0,PAC hyperprior,0.3696257162164361,,,,,,,,,,,,,0.0,0.125,0.38438470015308607,20.0,,,True,0.5013756111465133
burgers,40.0,14,40,120,5.0,PAC hyperprior,0.37016988774487114,,,,,,,,,,,,,0.0,0.25,0.44512040317803014,20.0,,,False,0.6596681286904493
burgers,40.0,14,40,120,5.0,PAC hyperprior,0.3665116910079913,,,,,,,,,,,,,0.0,0.5,0.5951830445328623,20.0,,,False,0.8190207317117508
burgers,40.0,14,40,120,5.0,PAC hyperprior,0.3457308066096026,,,,,,,,,,,,,0.0,1.0,0.7947138222570326,20.0,,,False,1.0988882619735705
burgers,40.0,14,40,120,5.0,PAC hyperposterior,0.42931345655002773,,,,-3.1438698904954574,,,,,,,,0.05275726318359375,1.0,1.0,0.6902306840201741,20.0,1.9600663094937532,1.5248366663700779,,
burgers,40.0,14,40,120,5.0,PAC hyperprior,0.5058706719542475,,,,,,,,,,,,,1.0,0.125,0.5228356522387086,20.0,,,False,0.6105633465571989
burgers,40.0,14,40,120,5.0,PAC hyperprior,0.5009587346245665,,,,,,,,,,,,,1.0,0.25,0.5621252645464212,20.0,,,False,0.8007636756578078
burgers,40.0,14,40,120,5.0,PAC hyperprior,0.5032011525724726,,,,,,,,,,,,,1.0,0.5,0.64458831527252,20.0,,,False,0.8168504772283649
burgers,40.0,14,40,120,5.0,PAC hyperprior,0.47377218091565,,,,,,,,,,,,,1.0,1.0,0.8195331789167299,20.0,,,True,1.036810236914735
burgers,40.0,15,40,120,5.0,fitted ellipse,0.2767822659565917,0.5474226385999674,-1.7197332553503126,-2.086331098446628,-7.094950955559812,-7.094950955559812,5.560681631015528,1.791739233403166,0.5581169298283631,1.791739233403166,0.5581169298283631,20.020629520798455,0.0015625,,,,,,,,
burgers,40.0,15,40,120,5.0,PAC hyperposterior,0.21241461372339876,,,,-3.1438698904954574,,,,,,,,0.0017598470052083333,0.0,1.0,0.25163818002193045,20.0,2.516922130884147,2.09082194371119,,
burgers,40.0,15,40,120,5.0,PAC hyperprior,0.2492532761858119,,,,,,,,,,,,,0.0,0.125,0.255014508734745,20.0,,,False,0.33837169356523766
burgers,40.0,15,40,120,5.0,PAC hyperprior,0.2621710348363498,,,,,,,,,,,,,0.0,0.25,0.31369595089142643,20.0,,,False,0.5482827605104834
burgers,40.0,15,40,120,5.0,PAC hyperprior,0.2884817790701849,,,,,,,,,,,,,0.0,0.5,1.00293539854821,20.0,,,False,1.3142028102379477
burgers,40.0,15,40,120,5.0,PAC hyperprior,0.3623057850515734,,,,,,,,,,,,,0.0,1.0,1.60446175718281,20.0,,,True,1.9102238020833164
burgers,40.0,15,40,120,5.0,PAC hyperposterior,0.18072239227577097,,,,-3.1438698904954574,,,,,,,,0.0017171223958333333,1.0,0.25,0.1836340509915541,20.0,2.516922130884147,2.09082194371119,,
burgers,40.0,15,40,120,5.0,PAC hyperprior,0.17680047648117164,,,,,,,,,,,,,1.0,0.125,0.17702797296147862,20.0,,,False,0.19637807700570864
burgers,40.0,15,40,120,5.0,PAC hyperprior,0.18072943922690587,,,,,,,,,,,,,1.0,0.25,0.1825860960362094,20.0,,,True,0.25733668268297283
burgers,40.0,15,40,120,5.0,PAC hyperprior,0.19927332533370612,,,,,,,,,,,,,1.0,0.5,0.31062056169980434,20.0,,,False,0.5547847288762036
burgers,40.0,15,40,120,5.0,PAC hyperprior,0.23962720846738253,,,,,,,,,,,,,1.0,1.0,1.199281575866753,20.0,,,False,1.511165552520736
burgers,40.0,16,40,120,5.0,fitted ellipse,0.27516621243639694,0.5196855449783326,-1.7264229241559677,-1.59649263037985,-7.094950955559812,-7.094950955559812,5.560681631015528,1.7895093438012815,0.5588123937234084,1.7895093438012815,0.5588123937234084,20.020629520798455,0.0015625,,,,,,,,
burgers,40.0,16,40,120,5.0,PAC hyperposterior,0.14861920675756157,,,,-3.1438698904954574,,,,,,,,0.0012242635091145833,0.0,1.0,0.15418670278500152,20.0,2.9860970408131133,2.576622953948369,,
burgers,40.0,16,40,120,5.0,PAC hyperprior,0.2161709562921785,,,,,,,,,,,,,0.0,0.125,0.22729729809602328,20.0,,,False,0.35905482144254375
burgers,40.0,16,40,120,5.0,PAC hyperprior,0.2291210912905643,,,,,,,,,,,,,0.0,0.25,0.3770953637727533,20.0,,,False,0.6762093924385661
burgers,40.0,16,40,120,5.0,PAC hyperprior,0.2771667335646426,,,,,,,,,,,,,0.0,0.5,0.7782014382681794,20.0,,,False,1.0782121874533983
burgers,40.0,16,40,120,5.0,PAC hyperprior,0.3372423169384864,,,,,,,,,,,,,0.0,1.0,0.9747486353164406,20.0,,,True,1.211874385603842
burgers,40.0,16,40,120,5.0,PAC hyperposterior,0.21863185833796744,,,,-3.1438698904954574,,,,,,,,0.011565144856770833,1.0,0.5,0.2862499174772678,20.0,2.9860970408131133,2.576622953948369,,
burgers,40.0,16,40,120,5.0,PAC hyperprior,0.18555147817679546,,,,,,,,,,,,,1.0,0.125,0.18613480809971777,20.0,,,False,0.21719621362051278
burgers,40.0,16,40,120,5.0,PAC hyperprior,0.18720949248556684,,,,,,,,,,,,,1.0,0.25,0.18991575453136417,20.0,,,False,0.2647703293117667
burgers,40.0,16,40,120,5.0,PAC hyperprior,0.19563151152648295,,,,,,,,,,,,,1.0,0.5,0.2252097225505032,20.0,,,True,0.44153663951798183
burgers,40.0,16,40,120,5.0,PAC hyperprior,0.21533237233422392,,,,,,,,,,,,,1.0,1.0,0.7449566273632302,20.0,,,False,1.0342939859688345
burgers,40.0,17,40,120,5.0,fitted ellipse,0.3249932295920699,0.6559420476705415,-1.8683337342225381,-2.1096013023486657,-7.094950955559812,-7.094950955559812,5.560681631015528,1.7422057404457576,0.5739850218517486,1.7422057404457576,0.5739850218517486,20.020629520798455,0.003125,,,,,,,,
burgers,40.0,17,40,120,5.0,PAC hyperposterior,0.19717722326329928,,,,-3.1438698904954574,,,,,,,,0.0028711954752604165,0.0,1.0,0.20785950723765026,20.0,2.5599050304609747,2.137530224175989,,
burgers,40.0,17,40,120,5.0,PAC hyperprior,0.37055411754707995,,,,,,,,,,,,,0.0,0.125,0.39501978679856153,20.0,,,False,0.5469093069758371
burgers,40.0,17,40,120,5.0,PAC hyperprior,0.38817140898796687,,,,,,,,,,,,,0.0,0.25,0.5530013800869528,20.0,,,False,0.823917730479967
burgers,40.0,17,40,120,5.0,PAC hyperprior,0.410927380481773,,,,,,,,,,,,,0.0,0.5,0.834058518068159,20.0,,,False,1.1150994925629707
burgers,40.0,17,40,120,5.0,PAC hyperprior,0.41402509915830055,,,,,,,,,,,,,0.0,1.0,1.1426939032140608,20.0,,,True,1.4482779872524034
burgers,40.0,17,40,120,5.0,PAC hyperposterior,0.22065904431727412,,,,-3.1438698904954574,,,,,,,,0.0027394612630208333,1.0,0.125,0.22478794155507545,20.0,2.5599050304609747,2.137530224175989,,
burgers,40.0,17,40,120,5.0,PAC hyperprior,0.21886317061119656,,,,,,,,,,,,,1.0,0.125,0.2222093562394917,20.0,,,True,0.2848248636629558
burgers,40.0,17,40,120,5.0,PAC hyperprior,0.23118867647712876,,,,,,,,,,,,,1.0,0.25,0.2604629387249525,20.0,,,False,0.4490819275821609
burgers,40.0,17,40,120,5.0,PAC hyperprior,0.2512285372699373,,,,,,,,,,,,,1.0,0.5,0.5187176260131527,20.0,,,False,0.7834396191065078
burgers,40.0,17,40,120,5.0,PAC hyperprior,0.3071394192335782,,,,,,,,,,,,,1.0,1.0,1.4379910597015129,20.0,,,False,1.7498993794828221
burgers,40.0,18,40,120,5.0,fitted ellipse,0.31929292441601564,0.7716509520944496,-1.823606466732437,-2.079584195375069,-7.094950955559812,-7.094950955559812,5.560681631015528,1.7571148296091248,0.5691147687954196,1.7571148296091248,0.5691147687954196,20.020629520798455,0.009895833333333333,,,,,,,,
burgers,40.0,18,40,120,5.0,PAC hyperposterior,0.1777511117848789,,,,-3.1438698904954574,,,,,,,,0.004546610514322916,0.0,1.0,0.19457476241614108,20.0,2.8655831701701056,2.4508625601491887,,
burgers,40.0,18,40,120,5.0,PAC hyperprior,0.21187213910557495,,,,,,,,,,,,,0.0,0.125,0.21677314918000917,20.0,,,False,0.3212725131963543
burgers,40.0,18,40,120,5.0,PAC hyperprior,0.2213930175341981,,,,,,,,,,,,,0.0,0.25,0.26337057495427846,20.0,,,False,0.49439047348085463
burgers,40.0,18,40,120,5.0,PAC hyperprior,0.24418823253512,,,,,,,,,,,,,0.0,0.5,0.6282581734554809,20.0,,,False,0.9320450084950931
burgers,40.0,18,40,120,5.0,PAC hyperprior,0.2927083210888318,,,,,,,,,,,,,0.0,1.0,0.9385201022931229,20.0,,,True,1.2328540378262032
burgers,40.0,18,40,120,5.0,PAC hyperposterior,0.21892792921826157,,,,-3.1438698904954574,,,,,,,,0.013385009765625,1.0,1.0,0.29496785888452687,20.0,2.8655831701701056,2.4508625601491887,,
burgers,40.0,18,40,120,5.0,PAC hyperprior,0.3166539043488606,,,,,,,,,,,,,1.0,0.125,0.3215310088053055,20.0,,,False,0.4017733472842071
burgers,40.0,18,40,120,5.0,PAC hyperprior,0.3136323348737357,,,,,,,,,,,,,1.0,0.25,0.3323915450735063,20.0,,,False,0.44486429480524503
burgers,40.0,18,40,120,5.0,PAC hyperprior,0.30575243026361343,,,,,,,,,,,,,1.0,0.5,0.40183323759357614,20.0,,,False,0.6325671708718374
burgers,40.0,18,40,120,5.0,PAC hyperprior,0.29237157881498654,,,,,,,,,,,,,1.0,1.0,0.58363462819993,20.0,,,True,0.8489390972173476
burgers,40.0,19,40,120,5.0,fitted ellipse,0.4418934371871073,1.1933101731353266,-1.72634612104055,-2.396288036788424,-7.094950955559812,-7.094950955559812,5.560681631015528,1.789534944839754,0.5588043993684326,1.789534944839754,0.5588043993684326,20.020629520798455,0.06197916666666667,,,,,,,,
burgers,40.0,19,40,120,5.0,PAC hyperposterior,0.3201940736360374,,,,-3.1438698904954574,,,,,,,,0.025613911946614585,0.0,0.5,0.3654821406425518,20.0,2.417405452783006,1.9902736800063785,,
burgers,40.0,19,40,120,5.0,PAC hyperprior,0.350532903970898,,,,,,,,,,,,,0.0,0.125,0.35793658272708007,20.0,,,False,0.4457953927484235
burgers,40.0,19,40,120,5.0,PAC hyperprior,0.3521853789038417,,,,,,,,,,,,,0.0,0.25,0.40143600322760464,20.0,,,False,0.5751257689561982
burgers,40.0,19,40,120,5.0,PAC hyperprior,0.3656570424587612,,,,,,,,,,,,,0.0,0.5,0.6247096244341096,20.0,,,True,0.9247281270656424
burgers,40.0,19,40,120,5.0,PAC hyperprior,0.359554247246216,,,,,,,,,,,,,0.0,1.0,0.7853923238150509,20.0,,,False,1.03943126555707
burgers,40.0,19,40,120,5.0,PAC hyperposterior,0.2803705715363974,,,,-3.1438698904954574,,,,,,,,0.04703318277994792,1.0,1.0,0.3458986003498611,20.0,2.417405452783006,1.9902736800063785,,
burgers,40.0,19,40,120,5.0,PAC hyperprior,0.47048302969298084,,,,,,,,,,,,,1.0,0.125,0.49341935652213637,20.0,,,False,0.6185697099289778
burgers,40.0,19,40,120,5.0,PAC hyperprior,0.476284705354299,,,,,,,,,,,,,1.0,0.25,0.5735186492735688,20.0,,,False,0.8077339658676248
burgers,40.0,19,40,120,5.0,PAC hyperprior,0.47014920376946273,,,,,,,,,,,,,1.0,0.5,0.668890184658323,20.0,,,False,0.8945034342492821
burgers,40.0,19,40,120,5.0,PAC hyperprior,0.4260286095916126,,,,,,,,,,,,,1.0,1.0,0.793959298634112,20.0,,,True,1.0524989810126488
burgers,80.0,0,80,120,10.0,fitted ellipse,0.2731086639609215,0.5422829822556056,-1.8616844098022782,-2.0058122926010453,-7.094950955559812,-7.094950955559812,5.560681631015528,1.7444221819191779,0.5732557235082968,1.7444221819191779,0.5732557235082968,20.020629520798455,0.003125,,,,,,,,
burgers,80.0,0,80,120,10.0,PAC hyperposterior,0.20672569692365622,,,,-3.1438698904954574,,,,,,,,0.0024408976236979167,0.0,0.125,0.20836727638271962,40.0,1.2909606008623111,0.8483979446854852,,
burgers,80.0,0,80,120,10.0,PAC hyperprior,0.20684912209568884,,,,,,,,,,,,,0.0,0.125,0.20835603396784858,40.0,,,True,0.24219745354230593
burgers,80.0,0,80,120,10.0,PAC hyperprior,0.21177356192171243,,,,,,,,,,,,,0.0,0.25,0.22482122290439177,40.0,,,False,0.3081234645272968
burgers,80.0,0,80,120,10.0,PAC hyperprior,0.22823618577519844,,,,,,,,,,,,,0.0,0.5,0.5505169884591474,40.0,,,False,0.706406837961616
burgers,80.0,0,80,120,10.0,PAC hyperprior,0.25611512939294345,,,,,,,,,,,,,0.0,1.0,1.127828211282686,40.0,,,False,1.2581953438783637
burgers,80.0,0,80,120,10.0,PAC hyperposterior,0.18736968016748978,,,,-3.1438698904954574,,,,,,,,0.0032597859700520832,1.0,0.25,0.19024577921609584,40.0,1.2909606008623111,0.8483979446854852,,
burgers,80.0,0,80,120,10.0,PAC hyperprior,0.1902110339197421,,,,,,,,,,,,,1.0,0.125,0.19145311195363107,40.0,,,False,0.2206880890717855
burgers,80.0,0,80,120,10.0,PAC hyperprior,0.1957382722354034,,,,,,,,,,,,,1.0,0.25,0.2036226730576745,40.0,,,True,0.2742099025818323
burgers,80.0,0,80,120,10.0,PAC hyperprior,0.2079513024671943,,,,,,,,,,,,,1.0,0.5,0.3922597472987661,40.0,,,False,0.5362072164562699
burgers,80.0,0,80,120,10.0,PAC hyperprior,0.2463628968643097,,,,,,,,,,,,,1.0,1.0,0.9364042978003269,40.0,,,False,1.0919370386059493
burgers,80.0,1,80,120,10.0,fitted ellipse,0.3586390290688515,0.7420473706829237,-1.9061192387738033,-2.1127850482227237,-7.094950955559812,-7.094950955559812,5.560681631015528,1.729610572262003,0.5781648285672707,1.729610572262003,0.5781648285672707,20.020629520798455,0.0046875,,,,,,,,
burgers,80.0,1,80,120,10.0,PAC hyperposterior,0.20995256267721346,,,,-3.1438698904954574,,,,,,,,0.0029429117838541668,0.0,0.25,0.22061885941630158,40.0,1.229392987145658,0.7875641541774308,,
burgers,80.0,1,80,120,10.0,PAC hyperprior,0.20351004090331198,,,,,,,,,,,,,0.0,0.125,0.2038350372437896,40.0,,,False,0.22249402213079872
burgers,80.0,1,80,120,10.0,PAC hyperprior,0.20762861268273508,,,,,,,,,,,,,0.0,0.25,0.2148839156809525,40.0,,,True,0.29408391101546716
burgers,80.0,1,80,120,10.0,PAC hyperprior,0.22143273880635705,,,,,,,,,,,,,0.0,0.5,0.411324162278808,40.0,,,False,0.5661964571129738
burgers,80.0,1,80,120,10.0,PAC hyperprior,0.26637635003643684,,,,,,,,,,,,,0.0,1.0,1.0543679247147422,40.0,,,False,1.1963161611650506
burgers,80.0,1,80,120,10.0,PAC hyperposterior,0.2086507626889207,,,,-3.1438698904954574,,,,,,,,0.004099527994791667,1.0,1.0,0.22597481427520733,40.0,1.229392987145658,0.7875641541774308,,
burgers,80.0,1,80,120,10.0,PAC hyperprior,0.26819227073240787,,,,,,,,,,,,,1.0,0.125,0.2769061451202003,40.0,,,False,0.34130272170167597
burgers,80.0,1,80,120,10.0,PAC hyperprior,0.2778105472549537,,,,,,,,,,,,,1.0,0.25,0.3597413154389679,40.0,,,False,0.4831360167365224
burgers,80.0,1,80,120,10.0,PAC hyperprior,0.28946672203950996,,,,,,,,,,,,,1.0,0.5,0.678597234674217,40.0,,,False,0.8188767744480829
burgers,80.0,1,80,120,10.0,PAC hyperprior,0.32298529207102833,,,,,,,,,,,,,1.0,1.0,1.133476671751835,40.0,,,True,1.2894347247366396
burgers,80.0,2,80,120,10.0,fitted ellipse,0.5306896112491932,1.2735576699573428,-2.0575882182094856,-2.7318123507524095,-7.094950955559812,-7.094950955559812,5.560681631015528,1.6791209124501087,0.5955497263987013,1.6791209124501087,0.5955497263987013,20.020629520798455,0.0203125,,,,,,,,
burgers,80.0,2,80,120,10.0,PAC hyperposterior,0.4143843913723402,,,,-3.1438698904954574,,,,,,,,0.030578104654947917,0.0,1.0,0.525963177930301,40.0,0.6044108506826829,0.1690933466536091,,
burgers,80.0,2,80,120,10.0,PAC hyperprior,0.6431211000983434,,,,,,,,,,,,,0.0,0.125,0.6642870334314478,40.0,,,False,0.7357499874581821
burgers,80.0,2,80,120,10.0,PAC hyperprior,0.6394864155369617,,,,,,,,,,,,,0.0,0.25,0.7046264326474412,40.0,,,False,0.8154038340044325
burgers,80.0,2,80,120,10.0,PAC hyperprior,0.6210332319606502,,,,,,,,,,,,,0.0,0.5,0.8155714335877201,40.0,,,False,0.9434939899643568
burgers,80.0,2,80,120,10.0,PAC hyperprior,0.5444555500643744,,,,,,,,,,,,,0.0,1.0,0.9489202961739845,40.0,,,True,1.090401984597932
burgers,80.0,2,80,120,10.0,PAC hyperposterior,0.3650261774615179,,,,-3.1438698904954574,,,,,,,,0.02053375244140625,1.0,0.125,0.3923736172112341,40.0,0.6044108506826829,0.1690933466536091,,
burgers,80.0,2,80,120,10.0,PAC hyperprior,0.3661800027975941,,,,,,,,,,,,,1.0,0.125,0.401521733571343,40.0,,,True,0.5085096088656043
burgers,80.0,2,80,120,10.0,PAC hyperprior,0.3707025785556014,,,,,,,,,,,,,1.0,0.25,0.49492825263308643,40.0,,,False,0.61495027643491
burgers,80.0,2,80,120,10.0,PAC hyperprior,0.3991544601790946,,,,,,,,,,,,,1.0,0.5,0.7796447764876194,40.0,,,False,0.9098671053579102
burgers,80.0,2,80,120,10.0,PAC hyperprior,0.4354778108701324,,,,,,,,,,,,,1.0,1.0,1.1127073624060182,40.0,,,False,1.2596029589903361
burgers,80.0,3,80,120,10.0,fitted ellipse,0.337790511833993,0.7421625822746123,-2.0561443237250905,-2.280229437134382,-7.094950955559812,-7.094950955559812,5.560681631015528,1.6796022106115736,0.5953790687354965,1.6796022106115736,0.5953790687354965,20.020629520798455,0.011979166666666667,,,,,,,,
burgers,80.0,3,80,120,10.0,PAC hyperposterior,0.1866665976938748,,,,-3.1438698904954574,,,,,,,,0.010059611002604166,0.0,1.0,0.27600177318136077,40.0,1.4596382937069694,1.0171923606569568,,
burgers,80.0,3,80,120,10.0,PAC hyperprior,0.33925358871522593,,,,,,,,,,,,,0.0,0.125,0.35953382612119505,40.0,,,False,0.4400216660809111
burgers,80.0,3,80,120,10.0,PAC hyperprior,0.335281624269003,,,,,,,,,,,,,0.0,0.25,0.39995288495017334,40.0,,,False,0.5360024919688291
burgers,80.0,3,80,120,10.0,PAC hyperprior,0.3282655087445615,,,,,,,,,,,,,0.0,0.5,0.5213457292665321,40.0,,,False,0.672886571045753
burgers,80.0,3,80,120,10.0,PAC hyperprior,0.2843410861598028,,,,,,,,,,,,,0.0,1.0,0.7021406069564547,40.0,,,True,0.8440444941231
burgers,80.0,3,80,120,10.0,PAC hyperposterior,0.2838678670320801,,,,-3.1438698904954574,,,,,,,,0.010870869954427083,1.0,0.5,0.44222588391017525,40.0,1.4596382937069694,1.0171923606569568,,
burgers,80.0,3,80,120,10.0,PAC hyperprior,0.35032278313726894,,,,,,,,,,,,,1.0,0.125,0.39073374382364223,40.0,,,False,0.5153270806940631
burgers,80.0,3,80,120,10.0,PAC hyperprior,0.3570371254876932,,,,,,,,,,,,,1.0,0.25,0.5895161734740322,40.0,,,False,0.7304108741828346
burgers,80.0,3,80,120,10.0,PAC hyperprior,0.36637130391522726,,,,,,,,,,,,,1.0,0.5,1.0186870530353418,40.0,,,True,1.1743022928442928
burgers,80.0,3,80,120,10.0,PAC hyperprior,0.401694740133832,,,,,,,,,,,,,1.0,1.0,1.3834225629753791,40.0,,,False,1.5329866826883807
burgers,80.0,4,80,120,10.0,fitted ellipse,0.3693189451290868,0.9062307114705379,-2.0445118016474217,-2.4913025667515862,-7.094950955559812,-7.094950955559812,5.560681631015528,1.6834797179707965,0.5940077503311787,1.6834797179707965,0.5940077503311787,20.020629520798455,0.022395833333333334,,,,,,,,
burgers,80.0,4,80,120,10.0,PAC hyperposterior,0.27354213403925565,,,,-3.1438698904954574,,,,,,,,0.024831136067708332,0.0,0.5,0.3492229202118531,40.0,0.9052390841272262,0.4651019003469645,,
burgers,80.0,4,80,120,10.0,PAC hyperprior,0.3327213456259623,,,,,,,,,,,,,0.0,0.125,0.3626434124158296,40.0,,,False,0.4572746608220184
burgers,80.0,4,80,120,10.0,PAC hyperprior,0.34075038640091404,,,,,,,,,,,,,0.0,0.25,0.4825803720618665,40.0,,,False,0.6218569085863015
burgers,80.0,4,80,120,10.0,PAC hyperprior,0.34498575820375377,,,,,,,,,,,,,0.0,0.5,0.6667242658630268,40.0,,,True,0.7936372768355104
burgers,80.0,4,80,120,10.0,PAC hyperprior,0.33502262562206897,,,,,,,,,,,,,0.0,1.0,0.8385942112639222,40.0,,,False,0.9902932821832122
burgers,80.0,4,80,120,10.0,PAC hyperposterior,0.20180825795446283,,,,-3.1438698904954574,,,,,,,,0.017698160807291665,1.0,0.5,0.20842943693384647,40.0,0.9052390841272262,0.4651019003469645,,
burgers,80.0,4,80,120,10.0,PAC hyperprior,0.2713757199403285,,,,,,,,,,,,,1.0,0.125,0.2954534716948623,40.0,,,False,0.38985439807503663
burgers,80.0,4,80,120,10.0,PAC hyperprior,0.2787968478297723,,,,,,,,,,,,,1.0,0.25,0.3565489055205745,40.0,,,False,0.46995663557293543
burgers,80.0,4,80,120,10.0,PAC hyperprior,0.2933008990073963,,,,,,,,,,,,,1.0,0.5,0.6510953581366098,40.0,,,True,0.7806338615167521
burgers,80.0,4,80,120,10.0,PAC hyperprior,0.3056465022433034,,,,,,,,,,,,,1.0,1.0,0.8127503749897345,40.0,,,False,0.96152213050288
burgers,80.0,5,80,120,10.0,fitted ellipse,0.3789088027369347,0.7126413909102828,-1.6590850674710305,-1.874476829202321,-7.094950955559812,-7.094950955559812,5.560681631015528,1.8119552960295937,0.5518899954050894,1.8119552960295937,0.5518899954050894,20.020629520798455,0.0005208333333333333,,,,,,,,
burgers,80.0,5,80,120,10.0,PAC hyperposterior,0.2156300304393612,,,,-3.1438698904954574,,,,,,,,0.0034642537434895833,0.0,1.0,0.28766571546915304,40.0,1.8629538031442876,1.4234373982072612,,
burgers,80.0,5,80,120,10.0,PAC hyperprior,0.3038233827144429,,,,,,,,,,,,,0.0,0.125,0.3047694905875651,40.0,,,False,0.3253359847934796
burgers,80.0,5,80,120,10.0,PAC hyperprior,0.30249555028279423,,,,,,,,,,,,,0.0,0.25,0.3072592638222367,40.0,,,False,0.3605302025460375
burgers,80.0,5,80,120,10.0,PAC hyperprior,0.3006354232098958,,,,,,,,,,,,,0.0,0.5,0.46994993170114235,40.0,,,False,0.6257953103057599
burgers,80.0,5,80,120,10.0,PAC hyperprior,0.3173660504802181,,,,,,,,,,,,,0.0,1.0,0.8463328281064122,40.0,,,True,1.002271856808501
burgers,80.0,5,80,120,10.0,PAC hyperposterior,0.21858952117762093,,,,-3.1438698904954574,,,,,,,,0.0005406697591145833,1.0,1.0,0.23441200075162377,40.0,1.8629538031442876,1.4234373982072612,,
burgers,80.0,5,80,120,10.0,PAC hyperprior,0.22053104604126555,,,,,,,,,,,,,1.0,0.125,0.22135388088191926,40.0,,,False,0.24405070979301247
burgers,80.0,5,80,120,10.0,PAC hyperprior,0.22382265039424548,,,,,,,,,,,,,1.0,0.25,0.2306960474477453,40.0,,,False,0.3074983445188977
burgers,80.0,5,80,120,10.0,PAC hyperprior,0.23676464237379358,,,,,,,,,,,,,1.0,0.5,0.3700962860730518,40.0,,,False,0.5175598786568356
burgers,80.0,5,80,120,10.0,PAC hyperprior,0.27374081752144563,,,,,,,,,,,,,1.0,1.0,0.823961010537696,40.0,,,True,0.9662610871113664
burgers,80.0,6,80,120,10.0,fitted ellipse,0.3264224532747164,0.68011735483579,-2.0573266670133235,-2.2373060541930556,-7.094950955559812,-7.094950955559812,5.560681631015528,1.6792080961821627,0.5955188057237182,1.6792080961821627,0.5955188057237182,20.020629520798455,0.005208333333333333,,,,,,,,
burgers,80.0,6,80,120,10.0,PAC hyperposterior,0.2014195156728889,,,,-3.1438698904954574,,,,,,,,0.0064208984375,0.0,0.5,0.2083582361505525,40.0,1.1313154925750846,0.6906144196281725,,
burgers,80.0,6,80,120,10.0,PAC hyperprior,0.2718956786866523,,,,,,,,,,,,,0.0,0.125,0.29354464628022614,40.0,,,False,0.3901913938185251
burgers,80.0,6,80,120,10.0,PAC hyperprior,0.2804165002002021,,,,,,,,,,,,,0.0,0.25,0.3822844169991166,40.0,,,False,0.5220249794795828
burgers,80.0,6,80,120,10.0,PAC hyperprior,0.301206469129239,,,,,,,,,,,,,0.0,0.5,0.6503438013548295,40.0,,,True,0.8046127614162453
burgers,80.0,6,80,120,10.0,PAC hyperprior,0.3244131253492055,,,,,,,,,,,,,0.0,1.0,0.7760009865761751,40.0,,,False,0.923179581221766
burgers,80.0,6,80,120,10.0,PAC hyperposterior,0.19074598498659068,,,,-3.1438698904954574,,,,,,,,0.0039642333984375,1.0,0.125,0.19243598645799442,40.0,1.1313154925750846,0.6906144196281725,,
burgers,80.0,6,80,120,10.0,PAC hyperprior,0.190098192915856,,,,,,,,,,,,,1.0,0.125,0.19160834515381653,40.0,,,True,0.227982515277251
burgers,80.0,6,80,120,10.0,PAC hyperprior,0.19590983710165222,,,,,,,,,,,,,1.0,0.25,0.20715065982904815,40.0,,,False,0.31392057898731895
burgers,80.0,6,80,120,10.0,PAC hyperprior,0.2185388856316754,,,,,,,,,,,,,1.0,0.5,0.5384348123872253,40.0,,,False,0.6943598358844101
burgers,80.0,6,80,120,10.0,PAC hyperprior,0.26159728833069484,,,,,,,,,,,,,1.0,1.0,0.9435899321462674,40.0,,,False,1.0939570155337321
burgers,80.0,7,80,120,10.0,fitted ellipse,0.34945659022448616,0.7701699643220363,-2.0181513986157302,-2.4699399263697375,-7.094950955559812,-7.094950955559812,5.560681631015528,1.6922665189813604,0.5909234678955523,1.6922665189813604,0.5909234678955523,20.020629520798455,0.011979166666666667,,,,,,,,
burgers,80.0,7,80,120,10.0,PAC hyperposterior,0.19733504158139686,,,,-3.1438698904954574,,,,,,,,0.011211140950520834,0.0,1.0,0.22249288352075913,40.0,0.9276664475723799,0.48761758098004115,,
burgers,80.0,7,80,120,10.0,PAC hyperprior,0.3453320361530595,,,,,,,,,,,,,0.0,0.125,0.3747640580023822,40.0,,,False,0.46574724132565404
burgers,80.0,7,80,120,10.0,PAC hyperprior,0.34342938969218906,,,,,,,,,,,,,0.0,0.25,0.46754693875392694,40.0,,,False,0.6036553618139857
burgers,80.0,7,80,120,10.0,PAC hyperprior,0.3465633855827376,,,,,,,,,,,,,0.0,0.5,0.6623828681342988,40.0,,,False,0.7944242221202638
burgers,80.0,7,80,120,10.0,PAC hyperprior,0.3325440692897181,,,,,,,,,,,,,0.0,1.0,0.8871798060091491,40.0,,,True,1.0217034758459933
burgers,80.0,7,80,120,10.0,PAC hyperposterior,0.25850303353172166,,,,-3.1438698904954574,,,,,,,,0.008357747395833334,1.0,0.125,0.279462351121819,40.0,0.9276664475723799,0.48761758098004115,,
burgers,80.0,7,80,120,10.0,PAC hyperprior,0.25726858664356067,,,,,,,,,,,,,1.0,0.125,0.275449304189663,40.0,,,True,0.3606972346084527
burgers,80.0,7,80,120,10.0,PAC hyperprior,0.2707259784585332,,,,,,,,,,,,,1.0,0.25,0.42844390527802945,40.0,,,False,0.5776546491007011
burgers,80.0,7,80,120,10.0,PAC hyperprior,0.29603100317346676,,,,,,,,,,,,,1.0,0.5,0.7637944705994981,40.0,,,False,0.9081665388165918
burgers,80.0,7,80,120,10.0,PAC hyperprior,0.3445097283201404,,,,,,,,,,,,,1.0,1.0,1.0827565023802486,40.0,,,False,1.2367059095294906
burgers,80.0,8,80,120,10.0,fitted ellipse,0.25612132325201475,0.5298502098828882,-1.906814493029644,-2.1121063657628913,-7.094950955559812,-7.094950955559812,5.560681631015528,1.7293788208433891,0.578242307554291,1.7293788208433891,0.578242307554291,20.020629520798455,0.0026041666666666665,,,,,,,,
burgers,80.0,8,80,120,10.0,PAC hyperposterior,0.1980171926331882,,,,-3.1438698904954574,,,,,,,,0.00246124267578125,0.0,0.125,0.19938438800448177,40.0,1.248734093551461,0.8071105716438689,,
burgers,80.0,8,80,120,10.0,PAC hyperprior,0.19656685140501504,,,,,,,,,,,,,0.0,0.125,0.1978525581360098,40.0,,,True,0.22772238891967334
burgers,80.0,8,80,120,10.0,PAC hyperprior,0.19962447021749258,,,,,,,,,,,,,0.0,0.25,0.2057921203086245,40.0,,,False,0.2726961754075292
burgers,80.0,8,80,120,10.0,PAC hyperprior,0.20628283370863548,,,,,,,,,,,,,0.0,0.5,0.29783965827783315,40.0,,,False,0.4505725815270809
burgers,80.0,8,80,120,10.0,PAC hyperprior,0.23373679237926306,,,,,,,,,,,,,0.0,1.0,0.8239374681739203,40.0,,,False,0.9797387327817431
burgers,80.0,8,80,120,10.0,PAC hyperposterior,0.17248449491469314,,,,-3.1438698904954574,,,,,,,,0.00618438720703125,1.0,0.5,0.18280009640588574,40.0,1.248734093551461,0.8071105716438689,,
burgers,80.0,8,80,120,10.0,PAC hyperprior,0.23499202799422853,,,,,,,,,,,,,1.0,0.125,0.24550526617679164,40.0,,,False,0.3271772118893228
burgers,80.0,8,80,120,10.0,PAC hyperprior,0.23711025215243708,,,,,,,,,,,,,1.0,0.25,0.2907875062658012,40.0,,,False,0.40509124812643105
burgers,80.0,8,80,120,10.0,PAC hyperprior,0.23864309577951565,,,,,,,,,,,,,1.0,0.5,0.4719712640814232,40.0,,,True,0.6188794793295926
burgers,80.0,8,80,120,10.0,PAC hyperprior,0.23258230791660942,,,,,,,,,,,,,1.0,1.0,0.9062628623232774,40.0,,,False,1.0616855249506907
burgers,80.0,9,80,120,10.0,fitted ellipse,0.3413042460292184,0.7037070098585873,-2.0304612622051628,-2.4085173602464365,-7.094950955559812,-7.094950955559812,5.560681631015528,1.6881632311182162,0.5923597798878807,1.6881632311182162,0.5923597798878807,20.020629520798455,0.008854166666666666,,,,,,,,
burgers,80.0,9,80,120,10.0,PAC hyperposterior,0.22206094292703438,,,,-3.1438698904954574,,,,,,,,0.009722391764322916,0.0,0.125,0.2250296555191884,40.0,0.8118019577893993,0.3726553202117746,,
burgers,80.0,9,80,120,10.0,PAC hyperprior,0.22244269292049101,,,,,,,,,,,,,0.0,0.125,0.22557207882312785,40.0,,,True,0.27126873295514553
burgers,80.0,9,80,120,10.0,PAC hyperprior,0.22637153524475132,,,,,,,,,,,,,0.0,0.25,0.26934384964456237,40.0,,,False,0.39930624306587337
burgers,80.0,9,80,120,10.0,PAC hyperprior,0.23349840137808497,,,,,,,,,,,,,0.0,0.5,0.5038575158957774,40.0,,,False,0.6595717163559263
burgers,80.0,9,80,120,10.0,PAC hyperprior,0.26470039026454806,,,,,,,,,,,,,0.0,1.0,0.9056689891609502,40.0,,,False,1.060946347887695
burgers,80.0,9,80,120,10.0,PAC hyperposterior,0.239403890546341,,,,-3.1438698904954574,,,,,,,,0.006689453125,1.0,0.125,0.24405485688518783,40.0,0.8118019577893993,0.3726553202117746,,
burgers,80.0,9,80,120,10.0,PAC hyperprior,0.23797276413165813,,,,,,,,,,,,,1.0,0.125,0.24379375687858254,40.0,,,True,0.3254337267126379
burgers,80.0,9,80,120,10.0,PAC hyperprior,0.24693795086111697,,,,,,,,,,,,,1.0,0.25,0.33065988902132243,40.0,,,False,0.4581383273838755
burgers,80.0,9,80,120,10.0,PAC hyperprior,0.2794911882919081,,,,,,,,,,,,,1.0,0.5,0.6775389357690312,40.0,,,False,0.8321101535888156
burgers,80.0,9,80,120,10.0,PAC hyperprior,0.33485822463455683,,,,,,,,,,,,,1.0,1.0,1.2734346950634055,40.0,,,False,1.428863539863439
burgers,80.0,10,80,120,10.0,fitted ellipse,0.3897702538234382,0.6839403255748768,-1.4247798444954516,-1.4416420963887255,-7.094950955559812,-7.094950955559812,5.560681631015528,1.8900570370214533,0.5290845622182403,1.8900570370214533,0.5290845622182403,20.020629520798455,0.0,,,,,,,,
burgers,80.0,10,80,120,10.0,PAC hyperposterior,0.22428670697739328,,,,-3.1438698904954574,,,,,,,,0.00012563069661458332,0.0,1.0,0.2339907910379301,40.0,1.928509166247113,1.4910114736606852,,
burgers,80.0,10,80,120,10.0,PAC hyperprior,0.2173436837960992,,,,,,,,,,,,,0.0,0.125,0.21800026821440294,40.0,,,False,0.24425923093589663
burgers,80.0,10,80,120,10.0,PAC hyperprior,0.22332267378425685,,,,,,,,,,,,,0.0,0.25,0.24041428819409552,40.0,,,False,0.34610397559329176
burgers,80.0,10,80,120,10.0,PAC hyperprior,0.24563773400061717,,,,,,,,,,,,,0.0,0.5,0.713225368791779,40.0,,,False,0.8686586350401768
burgers,80.0,10,80,120,10.0,PAC hyperprior,0.28905862029348695,,,,,,,,,,,,,0.0,1.0,1.4937575010778303,40.0,,,True,1.6494883266592701
burgers,80.0,10,80,120,10.0,PAC hyperposterior,0.22310450123877618,,,,-3.1438698904954574,,,,,,,,0.0011769612630208334,1.0,0.5,0.24252626294143234,40.0,1.928509166247113,1.4910114736606852,,
burgers,80.0,10,80,120,10.0,PAC hyperprior,0.2593551700658569,,,,,,,,,,,,,1.0,0.125,0.26414397154263647,40.0,,,False,0.3059347517900113
burgers,80.0,10,80,120,10.0,PAC hyperprior,0.2608989199820138,,,,,,,,,,,,,1.0,0.25,0.2826132816702895,40.0,,,False,0.3654944276947871
burgers,80.0,10,80,120,10.0,PAC hyperprior,0.25856032355984676,,,,,,,,,,,,,1.0,0.5,0.33826181286295726,40.0,,,True,0.46923310221086023
burgers,80.0,10,80,120,10.0,PAC hyperprior,0.26613073848830315,,,,,,,,,,,,,1.0,1.0,0.4539077215631706,40.0,,,False,0.5823324766158855
burgers,80.0,11,80,120,10.0,fitted ellipse,0.31570448472027746,0.7263996813377237,-2.050137242878085,-2.5285729577342586,-7.094950955559812,-7.094950955559812,5.560681631015528,1.681604570893909,0.5946701247775623,1.681604570893909,0.5946701247775623,20.020629520798455,0.009375,,,,,,,,
burgers,80.0,11,80,120,10.0,PAC hyperposterior,0.17491494765029283,,,,-3.1438698904954574,,,,,,,,0.004564412434895833,0.0,1.0,0.18345920418659417,40.0,1.4351156734724704,0.9930046920794431,,
burgers,80.0,11,80,120,10.0,PAC hyperprior,0.371682017364685,,,,,,,,,,,,,0.0,0.125,0.4035600081695655,40.0,,,False,0.4954016391303666
burgers,80.0,11,80,120,10.0,PAC hyperprior,0.3712425513926328,,,,,,,,,,,,,0.0,0.25,0.5408168428760322,40.0,,,False,0.6824081677406761
burgers,80.0,11,80,120,10.0,PAC hyperprior,0.3788493010298025,,,,,,,,,,,,,0.0,0.5,0.7343549411203143,40.0,,,False,0.8787124539984346
burgers,80.0,11,80,120,10.0,PAC hyperprior,0.3591631542665801,,,,,,,,,,,,,0.0,1.0,0.9300947810565348,40.0,,,True,1.0768446677816783
burgers,80.0,11,80,120,10.0,PAC hyperposterior,0.24871101102073323,,,,-3.1438698904954574,,,,,,,,0.021671549479166666,1.0,1.0,0.5999936477409152,40.0,1.4351156734724704,0.9930046920794431,,
burgers,80.0,11,80,120,10.0,PAC hyperprior,0.32397303002250666,,,,,,,,,,,,,1.0,0.125,0.3475406050002105,40.0,,,False,0.46298179789324667
burgers,80.0,11,80,120,10.0,PAC hyperprior,0.3284256484632758,,,,,,,,,,,,,1.0,0.25,0.4376589583769124,40.0,,,False,0.5786495518919867
burgers,80.0,11,80,120,10.0,PAC hyperprior,0.3349705962211384,,,,,,,,,,,,,1.0,0.5,0.6282666692077954,40.0,,,False,0.7606257148276212
burgers,80.0,11,80,120,10.0,PAC hyperprior,0.33853089786151813,,,,,,,,,,,,,1.0,1.0,1.0394115544678977,40.0,,,True,1.1884090059964683
burgers,80.0,12,80,120,10.0,fitted ellipse,0.3443495473281013,0.6347651807793435,-1.9711872285509657,-2.064728201919769,-7.094950955559812,-7.094950955559812,5.560681631015528,1.7079212423362822,0.5855070920202914,1.7079212423362822,0.5855070920202914,20.020629520798455,0.003125,,,,,,,,
burgers,80.0,12,80,120,10.0,PAC hyperposterior,0.20570885539253203,,,,-3.1438698904954574,,,,,,,,0.0035273234049479165,0.0,0.5,0.2177016918202444,40.0,1.30098801974591,0.8584584948353693,,
burgers,80.0,12,80,120,10.0,PAC hyperprior,0.20339665887598446,,,,,,,,,,,,,0.0,0.125,0.20411517562579223,40.0,,,False,0.22829636598439063
burgers,80.0,12,80,120,10.0,PAC hyperprior,0.2079848406569166,,,,,,,,,,,,,0.0,0.25,0.21360544867004042,40.0,,,False,0.28904287566678466
burgers,80.0,12,80,120,10.0,PAC hyperprior,0.22103997218847396,,,,,,,,,,,,,0.0,0.5,0.30009110461986993,40.0,,,True,0.4229438256817275
burgers,80.0,12,80,120,10.0,PAC hyperprior,0.2465979856029092,,,,,,,,,,,,,0.0,1.0,0.6474559888269824,40.0,,,False,0.7962671839949556
burgers,80.0,12,80,120,10.0,PAC hyperposterior,0.2543984102145378,,,,-3.1438698904954574,,,,,,,,0.0051228841145833336,1.0,0.25,0.2577398642874435,40.0,1.30098801974591,0.8584584948353693,,
burgers,80.0,12,80,120,10.0,PAC hyperprior,0.2589351641788714,,,,,,,,,,,,,1.0,0.125,0.2601430574420561,40.0,,,False,0.2899346942784069
burgers,80.0,12,80,120,10.0,PAC hyperprior,0.2594275570439671,,,,,,,,,,,,,1.0,0.25,0.26883667134756795,40.0,,,True,0.37113096364918796
burgers,80.0,12,80,120,10.0,PAC hyperprior,0.2630053991008727,,,,,,,,,,,,,1.0,0.5,0.3761673002133875,40.0,,,False,0.50789696440662
burgers,80.0,12,80,120,10.0,PAC hyperprior,0.29574359627261043,,,,,,,,,,,,,1.0,1.0,0.9135473010484823,40.0,,,False,1.0694149140926497
burgers,80.0,13,80,120,10.0,fitted ellipse,0.32139223665983874,0.6532270790166096,-1.854954853946096,-2.088428066212747,-7.094950955559812,-7.094950955559812,5.560681631015528,1.7466653672045718,0.572519509905001,1.7466653672045718,0.572519509905001,20.020629520798455,0.0026041666666666665,,,,,,,,
burgers,80.0,13,80,120,10.0,PAC hyperposterior,0.21309957005182753,,,,-3.1438698904954574,,,,,,,,0.00331268310546875,0.0,0.25,0.2194473831580205,40.0,1.2055286432449392,0.7633544057544368,,
burgers,80.0,13,80,120,10.0,PAC hyperprior,0.20859567088354192,,,,,,,,,,,,,0.0,0.125,0.2097349307461382,40.0,,,False,0.23868579138180124
burgers,80.0,13,80,120,10.0,PAC hyperprior,0.2110258762412705,,,,,,,,,,,,,0.0,0.25,0.21582068692129858,40.0,,,True,0.26490353981488646
burgers,80.0,13,80,120,10.0,PAC hyperprior,0.2249483619197671,,,,,,,,,,,,,0.0,0.5,0.2912154927750349,40.0,,,False,0.43971130189681773
burgers,80.0,13,80,120,10.0,PAC hyperprior,0.24763530589057264,,,,,,,,,,,,,0.0,1.0,0.7805889780806079,40.0,,,False,0.9364937079794302
burgers,80.0,13,80,120,10.0,PAC hyperposterior,0.22273914088367722,,,,-3.1438698904954574,,,,,,,,0.0022954305013020834,1.0,0.5,0.2385803667342837,40.0,1.2055286432449392,0.7633544057544368,,
burgers,80.0,13,80,120,10.0,PAC hyperprior,0.2724023629382927,,,,,,,,,,,,,1.0,0.125,0.2832631561698292,40.0,,,False,0.3525452349703695
burgers,80.0,13,80,120,10.0,PAC hyperprior,0.275242836951873,,,,,,,,,,,,,1.0,0.25,0.35552723980742745,40.0,,,False,0.4813518146344542
burgers,80.0,13,80,120,10.0,PAC hyperprior,0.2865794055590339,,,,,,,,,,,,,1.0,0.5,0.6926163939141976,40.0,,,True,0.8364493814675447
burgers,80.0,13,80,120,10.0,PAC hyperprior,0.32061820582029865,,,,,,,,,,,,,1.0,1.0,1.2779140607607862,40.0,,,False,1.4210683410934566
burgers,80.0,14,80,120,10.0,fitted ellipse,0.27668920707975087,0.5588125490119193,-1.9402909289184953,-2.034670751812923,-7.094950955559812,-7.094950955559812,5.560681631015528,1.718220008880439,0.5819976457215057,1.718220008880439,0.5819976457215057,20.020629520798455,0.003125,,,,,,,,
burgers,80.0,14,80,120,10.0,PAC hyperposterior,0.24290962231971844,,,,-3.1438698904954574,,,,,,,,0.009661865234375,0.0,0.5,0.332756934307964,40.0,1.4458806661971693,1.005226394648375,,
burgers,80.0,14,80,120,10.0,PAC hyperprior,0.23458060873831638,,,,,,,,,,,,,0.0,0.125,0.2356819454237505,40.0,,,False,0.25498995576880823
burgers,80.0,14,80,120,10.0,PAC hyperprior,0.23453720619531593,,,,,,,,,,,,,0.0,0.25,0.2407375689026141,40.0,,,False,0.2990334338872964
burgers,80.0,14,80,120,10.0,PAC hyperprior,0.2345787762369018,,,,,,,,,,,,,0.0,0.5,0.3044069893497122,40.0,,,True,0.43055174666243
burgers,80.0,14,80,120,10.0,PAC hyperprior,0.24710454886490574,,,,,,,,,,,,,0.0,1.0,0.8857004109469845,40.0,,,False,1.0416584068216066
burgers,80.0,14,80,120,10.0,PAC hyperposterior,0.1172476512379182,,,,-3.1438698904954574,,,,,,,,0.0026153564453125,1.0,1.0,0.12050861346462913,40.0,1.4458806661971693,1.005226394648375,,
burgers,80.0,14,80,120,10.0,PAC hyperprior,0.2673030192925144,,,,,,,,,,,,,1.0,0.125,0.29312882566632525,40.0,,,False,0.37665687632346767
burgers,80.0,14,80,120,10.0,PAC hyperprior,0.2712321449194665,,,,,,,,,,,,,1.0,0.25,0.5384561160965939,40.0,,,False,0.6943683588353222
burgers,80.0,14,80,120,10.0,PAC hyperprior,0.29425311365199514,,,,,,,,,,,,,1.0,0.5,0.5807003609217121,40.0,,,False,0.7004246223243653
burgers,80.0,14,80,120,10.0,PAC hyperprior,0.2936469782400724,,,,,,,,,,,,,1.0,1.0,0.8832273683785333,40.0,,,True,1.0220966261724236
burgers,80.0,15,80,120,10.0,fitted ellipse,0.2673876319306254,0.5193816920914176,-1.8177160925200924,-1.9749361483470438,-7.094950955559812,-7.094950955559812,5.560681631015528,1.7590782876799065,0.5684795310156012,1.7590782876799065,0.5684795310156012,20.020629520798455,0.0015625,,,,,,,,
burgers,80.0,15,80,120,10.0,PAC hyperposterior,0.24323123106100192,,,,-3.1438698904954574,,,,,,,,0.003668212890625,0.0,0.125,0.24792293667179016,40.0,1.528801547173047,1.086573039205657,,
burgers,80.0,15,80,120,10.0,PAC hyperprior,0.24407623575887322,,,,,,,,,,,,,0.0,0.125,0.24906810912868876,40.0,,,True,0.29252234109340414
burgers,80.0,15,80,120,10.0,PAC hyperprior,0.24615439557982496,,,,,,,,,,,,,0.0,0.25,0.27105107325786315,40.0,,,False,0.3860596009265116
burgers,80.0,15,80,120,10.0,PAC hyperprior,0.25997030989747966,,,,,,,,,,,,,0.0,0.5,0.6238243271192216,40.0,,,False,0.7743176549899564
burgers,80.0,15,80,120,10.0,PAC hyperprior,0.31081928696623506,,,,,,,,,,,,,0.0,1.0,1.5028902773534685,40.0,,,False,1.658848320386329
burgers,80.0,15,80,120,10.0,PAC hyperposterior,0.1901750260500785,,,,-3.1438698904954574,,,,,,,,0.0015696207682291666,1.0,0.5,0.19412888640184012,40.0,1.528801547173047,1.086573039205657,,
burgers,80.0,15,80,120,10.0,PAC hyperprior,0.19439561184221393,,,,,,,,,,,,,1.0,0.125,0.19524500762635694,40.0,,,False,0.22024255782442115
burgers,80.0,15,80,120,10.0,PAC hyperprior,0.19867873234592057,,,,,,,,,,,,,1.0,0.25,0.20630443825928726,40.0,,,False,0.28721590411343545
burgers,80.0,15,80,120,10.0,PAC hyperprior,0.21591394081736476,,,,,,,,,,,,,1.0,0.5,0.46198781846260567,40.0,,,True,0.5979173366334729
burgers,80.0,15,80,120,10.0,PAC hyperprior,0.24677817985125666,,,,,,,,,,,,,1.0,1.0,1.0425717996172152,40.0,,,False,1.1876516779693924
burgers,80.0,16,80,120,10.0,fitted ellipse,0.26984353421942586,0.5414696484547142,-1.9519158871681155,-1.9940057713748813,-7.094950955559812,-7.094950955559812,5.560681631015528,1.714345022797232,0.583313152663014,1.714345022797232,0.583313152663014,20.020629520798455,0.003125,,,,,,,,
burgers,80.0,16,80,120,10.0,PAC hyperposterior,0.1568888602794135,,,,-3.1438698904954574,,,,,,,,0.003668212890625,0.0,1.0,0.16252338998251886,40.0,1.4009867801735947,0.9592340276646969,,
burgers,80.0,16,80,120,10.0,PAC hyperprior,0.29915605908798537,,,,,,,,,,,,,0.0,0.125,0.3406308691179989,40.0,,,False,0.45615533034611033
burgers,80.0,16,80,120,10.0,PAC hyperprior,0.30769674699090716,,,,,,,,,,,,,0.0,0.25,0.5782446964379497,40.0,,,False,0.7339779926996783
burgers,80.0,16,80,120,10.0,PAC hyperprior,0.3371990512379199,,,,,,,,,,,,,0.0,0.5,0.837382443645289,40.0,,,False,0.9898066390314169
burgers,80.0,16,80,120,10.0,PAC hyperprior,0.3596450354608199,,,,,,,,,,,,,0.0,1.0,0.969702084350569,40.0,,,True,1.1227282266789596
burgers,80.0,16,80,120,10.0,PAC hyperposterior,0.21725866612143782,,,,-3.1438698904954574,,,,,,,,0.007399495442708333,1.0,0.5,0.4203631780868344,40.0,1.4009867801735947,0.9592340276646969,,
burgers,80.0,16,80,120,10.0,PAC hyperprior,0.18891164875746744,,,,,,,,,,,,,1.0,0.125,0.19065038269991727,40.0,,,False,0.22709878226933
burgers,80.0,16,80,120,10.0,PAC hyperprior,0.1906144491850632,,,,,,,,,,,,,1.0,0.25,0.20174313146541537,40.0,,,False,0.3073230280008028
burgers,80.0,16,80,120,10.0,PAC hyperprior,0.2058757578993184,,,,,,,,,,,,,1.0,0.5,0.47896144974359417,40.0,,,True,0.6339236930739878
burgers,80.0,16,80,120,10.0,PAC hyperprior,0.23962506797493166,,,,,,,,,,,,,1.0,1.0,1.18064379040903,40.0,,,False,1.3356382409657384
burgers,80.0,17,80,120,10.0,fitted ellipse,0.34478283846705526,0.6886522623957508,-2.019654576796393,-2.2723071348935084,-7.094950955559812,-7.094950955559812,5.560681631015528,1.6917654595878062,0.5910984849186169,1.6917654595878062,0.5910984849186169,20.020629520798455,0.004166666666666667,,,,,,,,
burgers,80.0,17,80,120,10.0,PAC hyperposterior,0.19788603166518484,,,,-3.1438698904954574,,,,,,,,0.0028223673502604167,0.0,0.5,0.2016527569068435,40.0,1.1229098519858245,0.6814072501658499,,
burgers,80.0,17,80,120,10.0,PAC hyperprior,0.24344297941065993,,,,,,,,,,,,,0.0,0.125,0.2536602177502478,40.0,,,False,0.33491545957475033
burgers,80.0,17,80,120,10.0,PAC hyperprior,0.25375865774286044,,,,,,,,,,,,,0.0,0.25,0.37214131736217115,40.0,,,False,0.5097857340538683
burgers,80.0,17,80,120,10.0,PAC hyperprior,0.275924609837916,,,,,,,,,,,,,0.0,0.5,0.6140447803959515,40.0,,,True,0.7522205862503659
burgers,80.0,17,80,120,10.0,PAC hyperprior,0.31185611276135355,,,,,,,,,,,,,0.0,1.0,1.0135122485078274,40.0,,,False,1.1647677211129182
burgers,80.0,17,80,120,10.0,PAC hyperposterior,0.20095294490388327,,,,-3.1438698904954574,,,,,,,,0.004381815592447917,1.0,0.125,0.20382567217398745,40.0,1.1229098519858245,0.6814072501658499,,
burgers,80.0,17,80,120,10.0,PAC hyperprior,0.1992584844782838,,,,,,,,,,,,,1.0,0.125,0.20221168613139168,40.0,,,True,0.24986968667745657
burgers,80.0,17,80,120,10.0,PAC hyperprior,0.20786909850424912,,,,,,,,,,,,,1.0,0.25,0.2444522888041165,40.0,,,False,0.36468485049866484
burgers,80.0,17,80,120,10.0,PAC hyperprior,0.22159801826610354,,,,,,,,,,,,,1.0,0.5,0.42249567529332593,40.0,,,False,0.5495948483160342
burgers,80.0,17,80,120,10.0,PAC hyperprior,0.25410983004798016,,,,,,,,,,,,,1.0,1.0,0.8899038410746553,40.0,,,False,1.0458614786273142
burgers,80.0,18,80,120,10.0,fitted ellipse,0.26350666376194454,0.5544089712175421,-1.965247787114602,-2.069389807814054,-7.094950955559812,-7.094950955559812,5.560681631015528,1.7099010561484034,0.5848291609647438,1.7099010561484034,0.5848291609647438,20.020629520798455,0.00625,,,,,,,,
burgers,80.0,18,80,120,10.0,PAC hyperposterior,0.18225023352980052,,,,-3.1438698904954574,,,,,,,,0.006390380859375,0.0,0.5,0.18821376422530617,40.0,1.428046702794974,0.9859055675153869,,
burgers,80.0,18,80,120,10.0,PAC hyperprior,0.2179377476109455,,,,,,,,,,,,,0.0,0.125,0.22679202744178584,40.0,,,False,0.32765331686733035
burgers,80.0,18,80,120,10.0,PAC hyperprior,0.22202713456234982,,,,,,,,,,,,,0.0,0.25,0.32105789080970065,40.0,,,False,0.4678370986567497
burgers,80.0,18,80,120,10.0,PAC hyperprior,0.23471363345260493,,,,,,,,,,,,,0.0,0.5,0.8883864317036393,40.0,,,True,1.0442296330024385
burgers,80.0,18,80,120,10.0,PAC hyperprior,0.2638361641884118,,,,,,,,,,,,,0.0,1.0,1.1465658178609444,40.0,,,False,1.3024800975537394
burgers,80.0,18,80,120,10.0,PAC hyperposterior,0.17706127048923004,,,,-3.1438698904954574,,,,,,,,0.0034891764322916665,1.0,0.5,0.18506096900924904,40.0,1.428046702794974,0.9859055675153869,,
burgers,80.0,18,80,120,10.0,PAC hyperprior,0.2354307872739316,,,,,,,,,,,,,1.0,0.125,0.24567953848858587,40.0,,,False,0.3068099793888228
burgers,80.0,18,80,120,10.0,PAC hyperprior,0.23311756908932207,,,,,,,,,,,,,1.0,0.25,0.26712125726933006,40.0,,,False,0.36134462883864504
burgers,80.0,18,80,120,10.0,PAC hyperprior,0.23160831678784272,,,,,,,,,,,,,1.0,0.5,0.3663636900550413,40.0,,,True,0.5000997153750886
burgers,80.0,18,80,120,10.0,PAC hyperprior,0.23400699664598,,,,,,,,,,,,,1.0,1.0,0.5336061518203643,40.0,,,False,0.6785715540530077
burgers,80.0,19,80,120,10.0,fitted ellipse,0.30874561301630976,0.6901695763059964,-1.9733937063145184,-2.1916593831640663,-7.094950955559812,-7.094950955559812,5.560681631015528,1.707185749748431,0.5857593411539189,1.707185749748431,0.5857593411539189,20.020629520798455,0.0125,,,,,,,,
burgers,80.0,19,80,120,10.0,PAC hyperposterior,0.21295482595161352,,,,-3.1438698904954574,,,,,,,,0.01662750244140625,0.0,0.5,0.2582822934014263,40.0,1.0634188945305376,0.62192221396563,,
burgers,80.0,19,80,120,10.0,PAC hyperprior,0.24593905621897377,,,,,,,,,,,,,0.0,0.125,0.2543145303743584,40.0,,,False,0.31165625021879784
burgers,80.0,19,80,120,10.0,PAC hyperprior,0.24614877477058447,,,,,,,,,,,,,0.0,0.25,0.3028606005933436,40.0,,,False,0.40366055517739063
burgers,80.0,19,80,120,10.0,PAC hyperprior,0.2599409844900611,,,,,,,,,,,,,0.0,0.5,0.5922037144542727,40.0,,,True,0.7431283500916646
burgers,80.0,19,80,120,10.0,PAC hyperprior,0.26513913019389523,,,,,,,,,,,,,0.0,1.0,0.8064925762438433,40.0,,,False,0.9508442614715795
burgers,80.0,19,80,120,10.0,PAC hyperposterior,0.2569739452365969,,,,-3.1438698904954574,,,,,,,,0.014410909016927083,1.0,0.125,0.27372700047928966,40.0,1.0634188945305376,0.62192221396563,,
burgers,80.0,19,80,120,10.0,PAC hyperprior,0.25672771831709423,,,,,,,,,,,,,1.0,0.125,0.27205004609455796,40.0,,,True,0.35518471547013775
burgers,80.0,19,80,120,10.0,PAC hyperprior,0.2696720212463435,,,,,,,,,,,,,1.0,0.25,0.42946856332959193,40.0,,,False,0.5797182114119623
burgers,80.0,19,80,120,10.0,PAC hyperprior,0.2846623728496742,,,,,,,,,,,,,1.0,0.5,0.5893808966137679,40.0,,,False,0.7115845891661365
burgers,80.0,19,80,120,10.0,PAC hyperprior,0.3011820789027211,,,,,,,,,,,,,1.0,1.0,0.8513313359581861,40.0,,,False,1.0064412295735474
ace,1.5,0,52,300,1.4444444444444444,fitted ellipse,1.152487058962305,3.8352495383496263,-1.2100718211032422,-3.2818884291069264,-7.780833106317392,-5.390932586702007,4.605170185988092,2.1902537617380498,0.456568100678189,1.3936202551995882,0.717555586802794,19.176634694625285,0.0,,,,,,,,
ace,1.5,0,52,300,1.4444444444444444,PAC hyperposterior,1.4463802963683494,,,,-4.785180185788366,,,,,,,,0.007210286458333334,0.0,0.25,1.7482226654942055,26.0,2.9377473891300143,2.5628160523517236,,
ace,1.5,0,52,300,1.4444444444444444,PAC hyperprior,1.5163760719061625,,,,,,,,,,,,,0.0,0.125,1.645292332863729,26.0,,,False,1.85909512514377
ace,1.5,0,52,300,1.4444444444444444,PAC hyperprior,1.5332549814330472,,,,,,,,,,,,,0.0,0.25,1.9321822245795217,26.0,,,True,2.167684466430223
ace,1.5,0,52,300,1.4444444444444444,PAC hyperprior,1.5328696769138157,,,,,,,,,,,,,0.0,0.5,2.7677348176515952,26.0,,,False,3.007546632604381
ace,1.5,0,52,300,1.4444444444444444,PAC hyperprior,1.51929703891218,,,,,,,,,,,,,0.0,1.0,3.125122929012983,26.0,,,False,3.34700293489713
ace,1.5,0,52,300,1.4444444444444444,PAC hyperposterior,0.7824177848830494,,,,-4.785180185788366,,,,,,,,0.012802734375,1.0,0.125,0.8067333632228818,26.0,2.9377473891300143,2.5628160523517236,,
ace,1.5,0,52,300,1.4444444444444444,PAC hyperprior,0.7841739870660946,,,,,,,,,,,,,1.0,0.125,0.8072415337734112,26.0,,,True,0.9076600189416366
ace,1.5,0,52,300,1.4444444444444444,PAC hyperprior,0.783626594101533,,,,,,,,,,,,,1.0,0.25,0.8727378220768176,26.0,,,False,1.0332505878926854
ace,1.5,0,52,300,1.4444444444444444,PAC hyperprior,0.7859619632470851,,,,,,,,,,,,,1.0,0.5,1.1265541598556594,26.0,,,False,1.322379629728105
ace,1.5,0,52,300,1.4444444444444444,PAC hyperprior,0.7333152599603487,,,,,,,,,,,,,1.0,1.0,2.0799351181324437,26.0,,,False,2.3198706696568596
ace,1.5,1,52,300,1.4444444444444444,fitted ellipse,1.087333735629202,3.6442334737764144,-1.289383046420041,-2.9841650736811594,-7.780833106317392,-5.918429141015761,4.605170185988092,2.16381668663245,0.46214635748848987,1.5430153648652398,0.6480816865276877,19.176634694625285,0.0033333333333333335,,,,,,,,
ace,1.5,1,52,300,1.4444444444444444,PAC hyperposterior,0.9416777186029823,,,,-4.785180185788366,,,,,,,,0.008258463541666667,0.0,1.0,2.449622739546353,26.0,3.4343347514938385,3.1139540718887795,,
ace,1.5,1,52,300,1.4444444444444444,PAC hyperprior,1.2192172775865642,,,,,,,,,,,,,0.0,0.125,1.2915228195415014,26.0,,,False,1.4535024910505934
ace,1.5,1,52,300,1.4444444444444444,PAC hyperprior,1.2077157961565894,,,,,,,,,,,,,0.0,0.25,1.4139586327827813,26.0,,,False,1.6047504705219975
ace,1.5,1,52,300,1.4444444444444444,PAC hyperprior,1.1515455860975679,,,,,,,,,,,,,0.0,0.5,1.8684220283053845,26.0,,,False,2.107880052839132
ace,1.5,1,52,300,1.4444444444444444,PAC hyperprior,0.9696097725268166,,,,,,,,,,,,,0.0,1.0,2.0139652100135264,26.0,,,True,2.2315869158544954
ace,1.5,1,52,300,1.4444444444444444,PAC hyperposterior,0.9822581867246625,,,,-4.785180185788366,,,,,,,,0.005149739583333333,1.0,1.0,1.5707716374903433,26.0,3.4343347514938385,3.1139540718887795,,
ace,1.5,1,52,300,1.4444444444444444,PAC hyperprior,4.044177999580375,,,,,,,,,,,,,1.0,0.125,4.205838291683146,26.0,,,False,4.3800435644697355
ace,1.5,1,52,300,1.4444444444444444,PAC hyperprior,4.010738204234428,,,,,,,,,,,,,1.0,0.25,4.487016120852356,26.0,,,False,4.7124400326141505
ace,1.5,1,52,300,1.4444444444444444,PAC hyperprior,3.858153021941167,,,,,,,,,,,,,1.0,0.5,4.905039771549669,26.0,,,False,5.092599464738887
ace,1.5,1,52,300,1.4444444444444444,PAC hyperprior,3.4312046006598873,,,,,,,,,,,,,1.0,1.0,5.113235396743571,26.0,,,True,5.304248274581525
ace,1.5,2,52,300,1.4444444444444444,fitted ellipse,1.7989977732119833,7.196944116452114,-0.6582817638429095,-3.523413286080941,-7.780833106317392,-5.658708316517614,4.605170185988092,2.3741837808248274,0.4211973850030198,1.6668088508915682,0.5999488180453953,19.176634694625285,0.03,,,,,,,,
ace,1.5,2,52,300,1.4444444444444444,PAC hyperposterior,1.348241184422788,,,,-4.785180185788366,,,,,,,,0.011197916666666667,0.0,1.0,2.1290864061437946,26.0,3.12117884991672,2.763101475176595,,
ace,1.5,2,52,300,1.4444444444444444,PAC hyperprior,2.1505890091583986,,,,,,,,,,,,,0.0,0.125,2.2102937367434974,26.0,,,False,2.3638667844534496
ace,1.5,2,52,300,1.4444444444444444,PAC hyperprior,2.1287584105817645,,,,,,,,,,,,,0.0,0.25,2.3743987106178084,26.0,,,False,2.593682264773255
ace,1.5,2,52,300,1.4444444444444444,PAC hyperprior,2.057924968956389,,,,,,,,,,,,,0.0,0.5,3.142183552607435,26.0,,,False,3.382113604604724
ace,1.5,2,52,300,1.4444444444444444,PAC hyperprior,1.8627648593900865,,,,,,,,,,,,,0.0,1.0,3.7396674704009167,26.0,,,True,3.968124389608233
ace,1.5,2,52,300,1.4444444444444444,PAC hyperposterior,0.7059550168132979,,,,-4.785180185788366,,,,,,,,0.0034407552083333334,1.0,0.5,1.0450099996233684,26.0,3.12117884991672,2.763101475176595,,
ace,1.5,2,52,300,1.4444444444444444,PAC hyperprior,0.8503848941065903,,,,,,,,,,,,,1.0,0.125,0.8932916910444985,26.0,,,False,1.030594618630996
ace,1.5,2,52,300,1.4444444444444444,PAC hyperprior,0.832804169990111,,,,,,,,,,,,,1.0,0.25,1.0054802917488745,26.0,,,False,1.2225267668497928
ace,1.5,2,52,300,1.4444444444444444,PAC hyperprior,0.7560963441647648,,,,,,,,,,,,,1.0,0.5,1.1259635101161316,26.0,,,True,1.3482478631622747
ace,1.5,2,52,300,1.4444444444444444,PAC hyperprior,0.584798519447083,,,,,,,,,,,,,1.0,1.0,1.3005405379665425,26.0,,,False,1.5295092670614778
ace,1.5,3,52,300,1.4444444444444444,fitted ellipse,1.2556315305794472,5.39393907263453,-0.9140063070234697,-3.238258174213032,-7.780833106317392,-5.935426427058961,4.605170185988092,2.2889422664313073,0.4368830156468303,1.6738067066784972,0.5974405503395315,19.176634694625285,0.016666666666666666,,,,,,,,
ace,1.5,3,52,300,1.4444444444444444,PAC hyperposterior,0.76199876575361,,,,-4.785180185788366,,,,,,,,0.0027734375,0.0,0.125,0.7833927009738173,26.0,2.960922794001377,2.59182416079169,,
ace,1.5,3,52,300,1.4444444444444444,PAC hyperprior,0.7560017731313751,,,,,,,,,,,,,0.0,0.125,0.7733490730035804,26.0,,,True,0.8513758814936034
ace,1.5,3,52,300,1.4444444444444444,PAC hyperprior,0.7494227534999824,,,,,,,,,,,,,0.0,0.25,0.8489206890390549,26.0,,,False,1.0304886540372644
ace,1.5,3,52,300,1.4444444444444444,PAC hyperprior,0.685926405149948,,,,,,,,,,,,,0.0,0.5,1.0317881966321598,26.0,,,False,1.26717672609331
ace,1.5,3,52,300,1.4444444444444444,PAC hyperprior,0.5697467929345206,,,,,,,,,,,,,0.0,1.0,1.1150472462230339,26.0,,,False,1.3388110609766546
ace,1.5,3,52,300,1.4444444444444444,PAC hyperposterior,1.1731777831951393,,,,-4.785180185788366,,,,,,,,0.012037760416666666,1.0,1.0,2.4855487208042932,26.0,2.960922794001377,2.59182416079169,,
ace,1.5,3,52,300,1.4444444444444444,PAC hyperprior,2.1842916957159417,,,,,,,,,,,,,1.0,0.125,2.3914689298699563,26.0,,,False,2.572435459311091
ace,1.5,3,52,300,1.4444444444444444,PAC hyperprior,2.1508795988671157,,,,,,,,,,,,,1.0,0.25,2.864800846463413,26.0,,,False,3.091442743945958
ace,1.5,3,52,300,1.4444444444444444,PAC hyperprior,2.141386758448534,,,,,,,,,,,,,1.0,0.5,3.5024152518641576,26.0,,,False,3.7180061149535497
ace,1.5,3,52,300,1.4444444444444444,PAC hyperprior,1.9263416925123726,,,,,,,,,,,,,1.0,1.0,4.458493956371975,26.0,,,True,4.696156108733529
ace,1.5,4,52,300,1.4444444444444444,fitted ellipse,0.9930645220233476,3.15446901120804,-0.9702781542776455,-2.6674275752753025,-7.780833106317392,-4.578587906219515,4.605170185988092,2.2701849840132486,0.4404927382755361,1.2027699173139565,0.8314142094883905,19.176634694625285,0.0,,,,,,,,
ace,1.5,4,52,300,1.4444444444444444,PAC hyperposterior,0.9610772010386008,,,,-4.785180185788366,,,,,,,,0.0233984375,0.0,1.0,1.703517465864842,26.0,3.684321585434609,3.3930728360388356,,
ace,1.5,4,52,300,1.4444444444444444,PAC hyperprior,2.896546733478069,,,,,,,,,,,,,0.0,0.125,3.237539806742714,26.0,,,False,3.421242636900356
ace,1.5,4,52,300,1.4444444444444444,PAC hyperprior,2.8699018339020532,,,,,,,,,,,,,0.0,0.25,3.7980762109857156,26.0,,,False,4.019922308746384
ace,1.5,4,52,300,1.4444444444444444,PAC hyperprior,2.8581323547134776,,,,,,,,,,,,,0.0,0.5,4.303795010694289,26.0,,,False,4.522773947886167
ace,1.5,4,52,300,1.4444444444444444,PAC hyperprior,2.54207969045389,,,,,,,,,,,,,0.0,1.0,4.672857676041013,26.0,,,True,4.876506912291605
ace,1.5,4,52,300,1.4444444444444444,PAC hyperposterior,0.5607469431330421,,,,-4.785180185788366,,,,,,,,0.0019205729166666666,1.0,1.0,1.4796066309141997,26.0,3.684321585434609,3.3930728360388356,,
ace,1.5,4,52,300,1.4444444444444444,PAC hyperprior,0.6668608227547816,,,,,,,,,,,,,1.0,0.125,0.6923565633109567,26.0,,,False,0.7877858476040158
ace,1.5,4,52,300,1.4444444444444444,PAC hyperprior,0.6685796181882748,,,,,,,,,,,,,1.0,0.25,0.8359792130103668,26.0,,,False,1.053831487101668
ace,1.5,4,52,300,1.4444444444444444,PAC hyperprior,0.6758367618949355,,,,,,,,,,,,,1.0,0.5,1.4893846798357184,26.0,,,False,1.7289685532866574
ace,1.5,4,52,300,1.4444444444444444,PAC hyperprior,0.7432203336330276,,,,,,,,,,,,,1.0,1.0,3.499992957902667,26.0,,,True,3.73992772226981
ace,1.5,5,52,300,1.4444444444444444,fitted ellipse,0.8126791927441728,2.3954292388361176,-1.1209194517710415,-2.7331738724067156,-7.780833106317392,-5.0990068464559535,4.605170185988092,2.2199712181821165,0.4504562905184316,1.3260291315616373,0.7541312450823162,19.176634694625285,0.0,,,,,,,,
ace,1.5,5,52,300,1.4444444444444444,PAC hyperposterior,1.855632783942921,,,,-4.785180185788366,,,,,,,,0.07514973958333333,0.0,1.0,2.1235043103530775,26.0,3.541956807700602,3.233141398648917,,
ace,1.5,5,52,300,1.4444444444444444,PAC hyperprior,4.892249306806072,,,,,,,,,,,,,0.0,0.125,4.89352449224336,26.0,,,False,4.921965534127988
ace,1.5,5,52,300,1.4444444444444444,PAC hyperprior,4.882249449776392,,,,,,,,,,,,,0.0,0.25,4.889465735671281,26.0,,,False,4.937444075680956
ace,1.5,5,52,300,1.4444444444444444,PAC hyperprior,4.84423544647159,,,,,,,,,,,,,0.0,0.5,4.876875120529652,26.0,,,False,4.982274229291903
ace,1.5,5,52,300,1.4444444444444444,PAC hyperprior,4.629428996201815,,,,,,,,,,,,,0.0,1.0,4.843769325800356,26.0,,,True,5.011095738633543
ace,1.5,5,52,300,1.4444444444444444,PAC hyperposterior,0.6463165251374974,,,,-4.785180185788366,,,,,,,,0.0,1.0,0.125,0.6596329954705727,26.0,3.541956807700602,3.233141398648917,,
ace,1.5,5,52,300,1.4444444444444444,PAC hyperprior,0.6482945811290906,,,,,,,,,,,,,1.0,0.125,0.6647651703040278,26.0,,,True,0.7877360449026192
ace,1.5,5,52,300,1.4444444444444444,PAC hyperprior,0.6436632685360179,,,,,,,,,,,,,1.0,0.25,0.7360010782379327,26.0,,,False,0.9167418050586811
ace,1.5,5,52,300,1.4444444444444444,PAC hyperprior,0.6390446332349808,,,,,,,,,,,,,1.0,0.5,0.9320616503916389,26.0,,,False,1.1398845677216674
ace,1.5,5,52,300,1.4444444444444444,PAC hyperprior,0.5982901347517342,,,,,,,,,,,,,1.0,1.0,1.3166974794400512,26.0,,,False,1.5556118120159157
ace,1.5,6,52,300,1.4444444444444444,fitted ellipse,2.055247916727051,10.27906812951579,-0.9909106707139848,-4.1457305418656825,-7.780833106317392,-7.118972684699683,4.605170185988092,2.2633074785344687,0.4418312622054859,2.0426873379952326,0.4895511816220667,19.176634694625285,0.10666666666666667,,,,,,,,
ace,1.5,6,52,300,1.4444444444444444,PAC hyperposterior,0.9830666171000026,,,,-4.785180185788366,,,,,,,,0.0,0.0,0.125,1.0446683090051332,26.0,2.9012320230328217,2.523219020068515,,
ace,1.5,6,52,300,1.4444444444444444,PAC hyperprior,0.9898052566717015,,,,,,,,,,,,,0.0,0.125,1.032944153101846,26.0,,,True,1.1656474391377287
ace,1.5,6,52,300,1.4444444444444444,PAC hyperprior,0.9913720426508709,,,,,,,,,,,,,0.0,0.25,1.200932250410129,26.0,,,False,1.417313651239029
ace,1.5,6,52,300,1.4444444444444444,PAC hyperprior,0.9704146931668005,,,,,,,,,,,,,0.0,0.5,1.872161374636301,26.0,,,False,2.1116840530037964
ace,1.5,6,52,300,1.4444444444444444,PAC hyperprior,0.9683473000174094,,,,,,,,,,,,,0.0,1.0,2.7782089257464078,26.0,,,False,3.018143456814526
ace,1.5,6,52,300,1.4444444444444444,PAC hyperposterior,1.1893805062210885,,,,-4.785180185788366,,,,,,,,0.013802083333333333,1.0,0.125,1.3281393280461606,26.0,2.9012320230328217,2.523219020068515,,
ace,1.5,6,52,300,1.4444444444444444,PAC hyperprior,1.1986479831592007,,,,,,,,,,,,,1.0,0.125,1.3560081348071107,26.0,,,True,1.5646025771793637
ace,1.5,6,52,300,1.4444444444444444,PAC hyperprior,1.2168865731479037,,,,,,,,,,,,,1.0,0.25,1.71983181894055,26.0,,,False,1.9436955616622846
ace,1.5,6,52,300,1.4444444444444444,PAC hyperprior,1.2178915916372781,,,,,,,,,,,,,1.0,0.5,2.8533184088285255,26.0,,,False,3.093246458937495
ace,1.5,6,52,300,1.4444444444444444,PAC hyperprior,1.2072008412982709,,,,,,,,,,,,,1.0,1.0,3.9176829883948736,26.0,,,False,4.157618459604846
ace,1.5,7,52,300,1.4444444444444444,fitted ellipse,5.002956540298678,17.14566618278385,1.074280514792966,-6.517917993293263,-7.780833106317392,-7.706075368597293,4.605170185988092,2.951704540370119,0.33878729605999397,2.9267852944634196,0.3416718000776119,19.176634694625285,0.37666666666666665,,,,,,,,
ace,1.5,7,52,300,1.4444444444444444,PAC hyperposterior,1.4722231199355664,,,,-4.785180185788366,,,,,,,,0.020240885416666667,0.0,1.0,2.591323791633706,26.0,2.8588971705345174,2.478067539233368,,
ace,1.5,7,52,300,1.4444444444444444,PAC hyperprior,3.4825412314494573,,,,,,,,,,,,,0.0,0.125,3.666815802785629,26.0,,,False,3.876473203715735
ace,1.5,7,52,300,1.4444444444444444,PAC hyperprior,3.44711128235104,,,,,,,,,,,,,0.0,0.25,3.8851144178267982,26.0,,,False,4.088358667199794
ace,1.5,7,52,300,1.4444444444444444,PAC hyperprior,3.3393221689841885,,,,,,,,,,,,,0.0,0.5,4.274595760849298,26.0,,,False,4.5036491449623455
ace,1.5,7,52,300,1.4444444444444444,PAC hyperprior,2.8370981196418956,,,,,,,,,,,,,0.0,1.0,4.481633562803513,26.0,,,True,4.716552434153423
ace,1.5,7,52,300,1.4444444444444444,PAC hyperposterior,0.9441713161039118,,,,-4.785180185788366,,,,,,,,0.002041015625,1.0,0.125,0.9750833175672142,26.0,2.8588971705345174,2.478067539233368,,
ace,1.5,7,52,300,1.4444444444444444,PAC hyperprior,0.9452465482062977,,,,,,,,,,,,,1.0,0.125,0.9727991305312199,26.0,,,True,1.0864034016825288
ace,1.5,7,52,300,1.4444444444444444,PAC hyperprior,0.9453788789820171,,,,,,,,,,,,,1.0,0.25,1.089935455452441,26.0,,,False,1.2750921989067674
ace,1.5,7,52,300,1.4444444444444444,PAC hyperprior,0.9702740949467955,,,,,,,,,,,,,1.0,0.5,1.837729156955529,26.0,,,False,2.0776579416292655
ace,1.5,7,52,300,1.4444444444444444,PAC hyperprior,0.9698142845976575,,,,,,,,,,,,,1.0,1.0,2.0224542878161693,26.0,,,False,2.261787637059326
ace,1.5,8,52,300,1.4444444444444444,fitted ellipse,1.1191697141483683,4.08901043829326,-0.6533816008475374,-2.7038678395143116,-7.780833106317392,-4.520456606511346,4.605170185988092,2.3758171684899514,0.4209078094319822,1.2890250018879363,0.7757801427709908,19.176634694625285,0.013333333333333334,,,,,,,,
ace,1.5,8,52,300,1.4444444444444444,PAC hyperposterior,0.984273117912726,,,,-4.785180185788366,,,,,,,,0.010074869791666666,0.0,1.0,2.9147827707129608,26.0,3.217219674199447,2.869050162604355,,
ace,1.5,8,52,300,1.4444444444444444,PAC hyperprior,1.3478206168370008,,,,,,,,,,,,,0.0,0.125,1.4885242362768976,26.0,,,False,1.7013923639064323
ace,1.5,8,52,300,1.4444444444444444,PAC hyperprior,1.3268146255214526,,,,,,,,,,,,,0.0,0.25,1.64543489291926,26.0,,,False,1.8517757184501145
ace,1.5,8,52,300,1.4444444444444444,PAC hyperprior,1.2860693461580344,,,,,,,,,,,,,0.0,0.5,2.2856249267166486,26.0,,,False,2.5230882362791522
ace,1.5,8,52,300,1.4444444444444444,PAC hyperprior,1.122936247761225,,,,,,,,,,,,,0.0,1.0,3.1870583938873054,26.0,,,True,3.4106292917554235
ace,1.5,8,52,300,1.4444444444444444,PAC hyperposterior,0.6721466663029225,,,,-4.785180185788366,,,,,,,,0.001979166666666667,1.0,0.125,0.6983040486587357,26.0,3.217219674199447,2.869050162604355,,
ace,1.5,8,52,300,1.4444444444444444,PAC hyperprior,0.6764751130445186,,,,,,,,,,,,,1.0,0.125,0.7111549930365968,26.0,,,True,0.8967724652556708
ace,1.5,8,52,300,1.4444444444444444,PAC hyperprior,0.655048006951477,,,,,,,,,,,,,1.0,0.25,0.8176461238919217,26.0,,,False,1.0223748742353171
ace,1.5,8,52,300,1.4444444444444444,PAC hyperprior,0.6413647650455897,,,,,,,,,,,,,1.0,0.5,1.3515922806967553,26.0,,,False,1.5909770534747665
ace,1.5,8,52,300,1.4444444444444444,PAC hyperprior,0.5491617104817789,,,,,,,,,,,,,1.0,1.0,2.86649161802812,26.0,,,False,3.1064271805296393
ace,1.5,9,52,300,1.4444444444444444,fitted ellipse,0.7611095273603183,1.7847727097019515,-1.7812727510666484,-3.1179093109986975,-7.780833106317392,-4.959091259550782,4.605170185988092,1.9998534517502478,0.5000366397471835,1.0592728361613777,0.9440438439107225,19.176634694625285,0.0,,,,,,,,
ace,1.5,9,52,300,1.4444444444444444,PAC hyperposterior,0.679942613395202,,,,-4.785180185788366,,,,,,,,0.0,0.0,0.125,0.7032229839634938,26.0,3.4163039231526966,3.0916999851209326,,
ace,1.5,9,52,300,1.4444444444444444,PAC hyperprior,0.676434597896282,,,,,,,,,,,,,0.0,0.125,0.6973153877560089,26.0,,,True,0.8032181275848282
ace,1.5,9,52,300,1.4444444444444444,PAC hyperprior,0.6789435615369754,,,,,,,,,,,,,0.0,0.25,0.8023997650185191,26.0,,,False,0.9686252600764433
ace,1.5,9,52,300,1.4444444444444444,PAC hyperprior,0.6488578767454594,,,,,,,,,,,,,0.0,0.5,1.109391752309197,26.0,,,False,1.341107357955444
ace,1.5,9,52,300,1.4444444444444444,PAC hyperprior,0.5845461778504268,,,,,,,,,,,,,0.0,1.0,1.8534847707913291,26.0,,,False,2.0925311161088027
ace,1.5,9,52,300,1.4444444444444444,PAC hyperposterior,0.9418549413063245,,,,-4.785180185788366,,,,,,,,0.014996744791666667,1.0,1.0,1.2177266277087926,26.0,3.4163039231526966,3.0916999851209326,,
ace,1.5,9,52,300,1.4444444444444444,PAC hyperprior,2.1744572244821803,,,,,,,,,,,,,1.0,0.125,2.2790983396494484,26.0,,,False,2.477354738393423
ace,1.5,9,52,300,1.4444444444444444,PAC hyperprior,2.139195837146458,,,,,,,,,,,,,1.0,0.25,2.6010469701761925,26.0,,,False,2.8400261729423377
ace,1.5,9,52,300,1.4444444444444444,PAC hyperprior,2.069482032807335,,,,,,,,,,,,,1.0,0.5,2.839451995594977,26.0,,,False,3.0636009775477397
ace,1.5,9,52,300,1.4444444444444444,PAC hyperprior,1.7788170088208668,,,,,,,,,,,,,1.0,1.0,4.111220864846557,26.0,,,True,4.3511482493173865
ace,1.5,10,52,300,1.4444444444444444,fitted ellipse,1.309704343066211,5.628512547986575,-1.33200171024876,-3.4851842443513688,-7.780833106317392,-6.255807859681318,4.605170185988092,2.1496104653562105,0.46520056359806133,1.6412687164775193,0.6092847502426012,19.176634694625285,0.03666666666666667,,,,,,,,
ace,1.5,10,52,300,1.4444444444444444,PAC hyperposterior,0.5413945412151568,,,,-4.785180185788366,,,,,,,,0.0,0.0,0.125,0.5466289234344879,26.0,3.6921629056992886,3.4163997701300834,,
ace,1.5,10,52,300,1.4444444444444444,PAC hyperprior,0.5413036785674007,,,,,,,,,,,,,0.0,0.125,0.5464657476564229,26.0,,,True,0.6059186511969541
ace,1.5,10,52,300,1.4444444444444444,PAC hyperprior,0.5328657430950042,,,,,,,,,,,,,0.0,0.25,0.5597336740562153,26.0,,,False,0.6811977774203726
ace,1.5,10,52,300,1.4444444444444444,PAC hyperprior,0.5034274347870127,,,,,,,,,,,,,0.0,0.5,0.5942163873226535,26.0,,,False,0.8020365621201044
ace,1.5,10,52,300,1.4444444444444444,PAC hyperprior,0.45913062520882597,,,,,,,,,,,,,0.0,1.0,1.303856654459359,26.0,,,False,1.543781506340288
ace,1.5,10,52,300,1.4444444444444444,PAC hyperposterior,1.6242645721034332,,,,-4.785180185788366,,,,,,,,0.02109375,1.0,1.0,2.6079952728068054,26.0,3.6921629056992886,3.4163997701300834,,
ace,1.5,10,52,300,1.4444444444444444,PAC hyperprior,5.290057506916037,,,,,,,,,,,,,1.0,0.125,5.291144871422698,26.0,,,False,5.3112118616964
ace,1.5,10,52,300,1.4444444444444444,PAC hyperprior,5.2806681517357426,,,,,,,,,,,,,1.0,0.25,5.285230813455162,26.0,,,False,5.320293959008772
ace,1.5,10,52,300,1.4444444444444444,PAC hyperprior,5.235304524259954,,,,,,,,,,,,,1.0,0.5,5.26638389975946,26.0,,,False,5.342073716286382
ace,1.5,10,52,300,1.4444444444444444,PAC hyperprior,4.957155927705827,,,,,,,,,,,,,1.0,1.0,5.215615757344572,26.0,,,True,5.373276289586869
ace,1.5,11,52,300,1.4444444444444444,fitted ellipse,1.8363100423671943,7.609756259671767,-1.3648322929128944,-3.945774038345363,-7.780833106317392,-6.802490872879542,4.605170185988092,2.138666937801499,0.4675809881027933,1.8125528599888823,0.5517080478448136,19.176634694625285,0.023333333333333334,,,,,,,,
ace,1.5,11,52,300,1.4444444444444444,PAC hyperposterior,0.7694978983662641,,,,-4.785180185788366,,,,,,,,0.00018229166666666667,0.0,1.0,1.5740727974819806,26.0,3.1428348318870727,2.7858400524511318,,
ace,1.5,11,52,300,1.4444444444444444,PAC hyperprior,0.9879686308961898,,,,,,,,,,,,,0.0,0.125,1.1056839739236888,26.0,,,False,1.2933305846548642
ace,1.5,11,52,300,1.4444444444444444,PAC hyperprior,1.0112750859585935,,,,,,,,,,,,,0.0,0.25,1.4087572951212548,26.0,,,False,1.6182764611055207
ace,1.5,11,52,300,1.4444444444444444,PAC hyperprior,1.05499267130934,,,,,,,,,,,,,0.0,0.5,2.167918090948594,26.0,,,False,2.407340280778742
ace,1.5,11,52,300,1.4444444444444444,PAC hyperprior,1.080381254102562,,,,,,,,,,,,,0.0,1.0,3.1745877538848726,26.0,,,True,3.414523300545495
ace,1.5,11,52,300,1.4444444444444444,PAC hyperposterior,0.6101641338158701,,,,-4.785180185788366,,,,,,,,0.0,1.0,0.125,0.6182047297909509,26.0,3.1428348318870727,2.7858400524511318,,
ace,1.5,11,52,300,1.4444444444444444,PAC hyperprior,0.608047661297114,,,,,,,,,,,,,1.0,0.125,0.617143921795832,26.0,,,True,0.7019990669260752
ace,1.5,11,52,300,1.4444444444444444,PAC hyperprior,0.6056221499295279,,,,,,,,,,,,,1.0,0.25,0.649728738163126,26.0,,,False,0.8303513292225597
ace,1.5,11,52,300,1.4444444444444444,PAC hyperprior,0.5941598948934395,,,,,,,,,,,,,1.0,0.5,0.8808732452540512,26.0,,,False,1.0994550168040629
ace,1.5,11,52,300,1.4444444444444444,PAC hyperprior,0.5664378632726806,,,,,,,,,,,,,1.0,1.0,1.137159908085855,26.0,,,False,1.3769277392246186
ace,1.5,12,52,300,1.4444444444444444,fitted ellipse,0.8535878011910167,2.711487021771097,-1.3451637046172726,-3.0879179899600167,-7.780833106317392,-5.799281693236298,4.605170185988092,2.1452231339000396,0.46615197468152825,1.484705996206342,0.6735340212507781,19.176634694625285,0.0033333333333333335,,,,,,,,
ace,1.5,12,52,300,1.4444444444444444,PAC hyperposterior,0.7509760432767636,,,,-4.785180185788366,,,,,,,,0.00037760416666666666,0.0,0.5,0.9116543796970913,26.0,3.2985335162784404,2.9567819331135876,,
ace,1.5,12,52,300,1.4444444444444444,PAC hyperprior,0.79442596653461,,,,,,,,,,,,,0.0,0.125,0.7995772332321047,26.0,,,False,0.8610866622648086
ace,1.5,12,52,300,1.4444444444444444,PAC hyperprior,0.7970868741348596,,,,,,,,,,,,,0.0,0.25,0.8189275431182611,26.0,,,False,0.9368907074755413
ace,1.5,12,52,300,1.4444444444444444,PAC hyperprior,0.797094346671914,,,,,,,,,,,,,0.0,0.5,1.2523004383493022,26.0,,,True,1.4921839468709859
ace,1.5,12,52,300,1.4444444444444444,PAC hyperprior,0.7862420322800543,,,,,,,,,,,,,0.0,1.0,1.5673366851461121,26.0,,,False,1.7973891272334113
ace,1.5,12,52,300,1.4444444444444444,PAC hyperposterior,0.6716721114534646,,,,-4.785180185788366,,,,,,,,0.0,1.0,0.25,0.76718686829351,26.0,3.2985335162784404,2.9567819331135876,,
ace,1.5,12,52,300,1.4444444444444444,PAC hyperprior,0.6796105848204849,,,,,,,,,,,,,1.0,0.125,0.6989940340434142,26.0,,,False,0.807585920223179
ace,1.5,12,52,300,1.4444444444444444,PAC hyperprior,0.6801444961594664,,,,,,,,,,,,,1.0,0.25,0.8694412507627008,26.0,,,True,1.0948766458022323
ace,1.5,12,52,300,1.4444444444444444,PAC hyperprior,0.6751282245902474,,,,,,,,,,,,,1.0,0.5,1.176859442211706,26.0,,,False,1.4090409330764757
ace,1.5,12,52,300,1.4444444444444444,PAC hyperprior,0.6263006354182432,,,,,,,,,,,,,1.0,1.0,2.1567487619265755,26.0,,,False,2.396684311165025
ace,1.5,13,52,300,1.4444444444444444,fitted ellipse,0.7995811807096977,2.1192771505221026,-1.2724162093824933,-2.433937577572867,-7.780833106317392,-5.369216634050552,4.605170185988092,2.1694722989782993,0.4609415849517619,1.3656001415560197,0.7322787758798559,19.176634694625285,0.0033333333333333335,,,,,,,,
ace,1.5,13,52,300,1.4444444444444444,PAC hyperposterior,1.4301940498677874,,,,-4.785180185788366,,,,,,,,0.024130859375,0.0,1.0,1.6497459241475985,26.0,3.758285274073617,3.487128707875329,,
ace,1.5,13,52,300,1.4444444444444444,PAC hyperprior,5.381602687912373,,,,,,,,,,,,,0.0,0.125,5.381920458529548,26.0,,,False,5.39505353585098
ace,1.5,13,52,300,1.4444444444444444,PAC hyperprior,5.376333286822119,,,,,,,,,,,,,0.0,0.25,5.377970070743711,26.0,,,False,5.398632571872573
ace,1.5,13,52,300,1.4444444444444444,PAC hyperprior,5.354251335522945,,,,,,,,,,,,,0.0,0.5,5.3648678136780825,26.0,,,False,5.407662101483407
ace,1.5,13,52,300,1.4444444444444444,PAC hyperprior,5.23277328465517,,,,,,,,,,,,,0.0,1.0,5.321983589160096,26.0,,,True,5.4277910498303505
ace,1.5,13,52,300,1.4444444444444444,PAC hyperposterior,0.8938911884208788,,,,-4.785180185788366,,,,,,,,0.0067740885416666665,1.0,1.0,2.6740218689811144,26.0,3.758285274073617,3.487128707875329,,
ace,1.5,13,52,300,1.4444444444444444,PAC hyperprior,1.8742359240659,,,,,,,,,,,,,1.0,0.125,2.170927533684155,26.0,,,False,2.3843396261995995
ace,1.5,13,52,300,1.4444444444444444,PAC hyperprior,1.854950439223702,,,,,,,,,,,,,1.0,0.25,2.5624355454686314,26.0,,,False,2.785455781409233
ace,1.5,13,52,300,1.4444444444444444,PAC hyperprior,1.684708934339974,,,,,,,,,,,,,1.0,0.5,3.1662255969221365,26.0,,,False,3.403345892467719
ace,1.5,13,52,300,1.4444444444444444,PAC hyperprior,1.3181826303873847,,,,,,,,,,,,,1.0,1.0,3.427850427267278,26.0,,,True,3.6672740068754432
ace,1.5,14,52,300,1.4444444444444444,fitted ellipse,0.699088758653394,2.3996743052235106,-1.1106170103350954,-2.282738521008198,-7.780833106317392,-4.498204320061251,4.605170185988092,2.223405365327432,0.4497605410126075,1.1291957699087185,0.8855860309154697,19.176634694625285,0.0,,,,,,,,
ace,1.5,14,52,300,1.4444444444444444,PAC hyperposterior,1.2924634392810854,,,,-4.785180185788366,,,,,,,,0.008987630208333333,0.0,0.5,2.018413798373581,26.0,2.9435795991569247,2.572056111989249,,
ace,1.5,14,52,300,1.4444444444444444,PAC hyperprior,1.4038113043017155,,,,,,,,,,,,,0.0,0.125,1.5020692194054601,26.0,,,False,1.7144241005074266
ace,1.5,14,52,300,1.4444444444444444,PAC hyperprior,1.3927674834355888,,,,,,,,,,,,,0.0,0.25,1.7321934551577614,26.0,,,False,1.967220555035726
ace,1.5,14,52,300,1.4444444444444444,PAC hyperprior,1.3638534975998764,,,,,,,,,,,,,0.0,0.5,2.345952877576934,26.0,,,True,2.584832480128613
ace,1.5,14,52,300,1.4444444444444444,PAC hyperprior,1.2647604298662456,,,,,,,,,,,,,0.0,1.0,3.0303791257606565,26.0,,,False,3.267444130350885
ace,1.5,14,52,300,1.4444444444444444,PAC hyperposterior,0.9159255755357578,,,,-4.785180185788366,,,,,,,,0.015198567708333333,1.0,0.125,0.9611759587819158,26.0,2.9435795991569247,2.572056111989249,,
ace,1.5,14,52,300,1.4444444444444444,PAC hyperprior,0.9169867357126611,,,,,,,,,,,,,1.0,0.125,0.9688291671626199,26.0,,,True,1.125954055329399
ace,1.5,14,52,300,1.4444444444444444,PAC hyperprior,0.9060103199001277,,,,,,,,,,,,,1.0,0.25,1.1843919787505803,26.0,,,False,1.4198087831713657
ace,1.5,14,52,300,1.4444444444444444,PAC hyperprior,0.9008239273873552,,,,,,,,,,,,,1.0,0.5,1.6527663454607455,26.0,,,False,1.8898164234057884
ace,1.5,14,52,300,1.4444444444444444,PAC hyperprior,0.7799113051751118,,,,,,,,,,,,,1.0,1.0,2.3595758107287685,26.0,,,False,2.5995072690319123
ace,1.5,15,52,300,1.4444444444444444,fitted ellipse,1.1876005028006285,4.232528435723986,-1.0650899686740205,-3.521838495404231,-7.780833106317392,-5.22637890179022,4.605170185988092,2.2385810458811237,0.44671154606617863,1.387096311038733,0.720930473278489,19.176634694625285,0.023333333333333334,,,,,,,,
ace,1.5,15,52,300,1.4444444444444444,PAC hyperposterior,1.2272322945327678,,,,-4.785180185788366,,,,,,,,0.01072265625,0.0,0.5,2.051783888810802,26.0,2.9100286755419797,2.5333502721533425,,
ace,1.5,15,52,300,1.4444444444444444,PAC hyperprior,1.3616625396220603,,,,,,,,,,,,,0.0,0.125,1.4676401337472014,26.0,,,False,1.6649942085161147
ace,1.5,15,52,300,1.4444444444444444,PAC hyperprior,1.357781202704603,,,,,,,,,,,,,0.0,0.25,1.7202436812183888,26.0,,,False,1.9221191696509567
ace,1.5,15,52,300,1.4444444444444444,PAC hyperprior,1.3256428546100651,,,,,,,,,,,,,0.0,0.5,2.5656619555573195,26.0,,,True,2.8054974794661387
ace,1.5,15,52,300,1.4444444444444444,PAC hyperprior,1.193364898275786,,,,,,,,,,,,,0.0,1.0,3.3536962958974734,26.0,,,False,3.5936009252919536
ace,1.5,15,52,300,1.4444444444444444,PAC hyperposterior,1.2256521069859667,,,,-4.785180185788366,,,,,,,,0.011510416666666667,1.0,0.5,2.0302341768731145,26.0,2.9100286755419797,2.5333502721533425,,
ace,1.5,15,52,300,1.4444444444444444,PAC hyperprior,1.6489389938013015,,,,,,,,,,,,,1.0,0.125,2.123377754413445,26.0,,,False,2.3409808105924856
ace,1.5,15,52,300,1.4444444444444444,PAC hyperprior,1.6966930339650026,,,,,,,,,,,,,1.0,0.25,2.7535072981997737,26.0,,,False,2.9825789545805765
ace,1.5,15,52,300,1.4444444444444444,PAC hyperprior,1.812174807443239,,,,,,,,,,,,,1.0,0.5,4.2350729179999,26.0,,,True,4.47295900849015
ace,1.5,15,52,300,1.4444444444444444,PAC hyperprior,1.883124176590913,,,,,,,,,,,,,1.0,1.0,4.65760024301969,26.0,,,False,4.875553879013815
ace,1.5,16,52,300,1.4444444444444444,fitted ellipse,0.8413151484331145,2.9944382087782415,-1.1675666189508305,-2.765042281195618,-7.780833106317392,-4.832227781942403,4.605170185988092,2.2044221624555203,0.45363361747646985,1.2215537209971907,0.8186295721678701,19.176634694625285,0.0033333333333333335,,,,,,,,
ace,1.5,16,52,300,1.4444444444444444,PAC hyperposterior,0.7815513387502866,,,,-4.785180185788366,,,,,,,,0.007757161458333333,0.0,0.5,1.3421462182180517,26.0,3.217535575367137,2.8676297478078396,,
ace,1.5,16,52,300,1.4444444444444444,PAC hyperprior,0.9131446106613101,,,,,,,,,,,,,0.0,0.125,0.9726911828002105,26.0,,,False,1.1079563906611574
ace,1.5,16,52,300,1.4444444444444444,PAC hyperprior,0.8920919659439991,,,,,,,,,,,,,0.0,0.25,1.1307203290518706,26.0,,,False,1.3512107330013379
ace,1.5,16,52,300,1.4444444444444444,PAC hyperprior,0.8545084340726804,,,,,,,,,,,,,0.0,0.5,1.4819326849455945,26.0,,,True,1.7115504407537463
ace,1.5,16,52,300,1.4444444444444444,PAC hyperprior,0.7326853287273701,,,,,,,,,,,,,0.0,1.0,2.256991426673584,26.0,,,False,2.496852689719308
ace,1.5,16,52,300,1.4444444444444444,PAC hyperposterior,0.9815461310215587,,,,-4.785180185788366,,,,,,,,0.018138020833333334,1.0,1.0,3.0491259112290368,26.0,3.217535575367137,2.8676297478078396,,
ace,1.5,16,52,300,1.4444444444444444,PAC hyperprior,1.42065050979754,,,,,,,,,,,,,1.0,0.125,1.5796922637789044,26.0,,,False,1.780435484852215
ace,1.5,16,52,300,1.4444444444444444,PAC hyperprior,1.4282329285407998,,,,,,,,,,,,,1.0,0.25,1.9464546844688342,26.0,,,False,2.1776088181137547
ace,1.5,16,52,300,1.4444444444444444,PAC hyperprior,1.444473320053344,,,,,,,,,,,,,1.0,0.5,2.7655951319334737,26.0,,,False,2.988984570542229
ace,1.5,16,52,300,1.4444444444444444,PAC hyperprior,1.3506966393202857,,,,,,,,,,,,,1.0,1.0,3.6162097648547182,26.0,,,True,3.835990270268214
ace,1.5,17,52,300,1.4444444444444444,fitted ellipse,1.24514347135705,5.219245402445208,-1.7176013785555555,-3.856940289102747,-7.780833106317392,-6.346356360616531,4.605170185988092,2.0210772425872787,0.4947856415026729,1.5429183273536584,0.6481224458038252,19.176634694625285,0.006666666666666667,,,,,,,,
ace,1.5,17,52,300,1.4444444444444444,PAC hyperposterior,0.7602992765307162,,,,-4.785180185788366,,,,,,,,0.0,0.0,0.25,0.7944698760177046,26.0,3.0558298102960424,2.692166386123446,,
ace,1.5,17,52,300,1.4444444444444444,PAC hyperprior,0.7730705773584562,,,,,,,,,,,,,0.0,0.125,0.7810355672029861,26.0,,,False,0.8486825474153585
ace,1.5,17,52,300,1.4444444444444444,PAC hyperprior,0.7712878544207316,,,,,,,,,,,,,0.0,0.25,0.8123296450148655,26.0,,,True,0.9640068507135426
ace,1.5,17,52,300,1.4444444444444444,PAC hyperprior,0.7483937582030815,,,,,,,,,,,,,0.0,0.5,1.01547705624099,26.0,,,False,1.2475008403803143
ace,1.5,17,52,300,1.4444444444444444,PAC hyperprior,0.6919880156614926,,,,,,,,,,,,,0.0,1.0,1.235936288847324,26.0,,,False,1.4758285804624451
ace,1.5,17,52,300,1.4444444444444444,PAC hyperposterior,1.0336419238176604,,,,-4.785180185788366,,,,,,,,0.020416666666666666,1.0,1.0,1.456027543941657,26.0,3.0558298102960424,2.692166386123446,,
ace,1.5,17,52,300,1.4444444444444444,PAC hyperprior,2.778885321109441,,,,,,,,,,,,,1.0,0.125,3.093593766605484,26.0,,,False,3.327220665037567
ace,1.5,17,52,300,1.4444444444444444,PAC hyperprior,2.7270090161142964,,,,,,,,,,,,,1.0,0.25,3.2348087757672905,26.0,,,False,3.4256018899091387
ace,1.5,17,52,300,1.4444444444444444,PAC hyperprior,2.6794941306291737,,,,,,,,,,,,,1.0,0.5,3.9994682778000294,26.0,,,False,4.239105655138818
ace,1.5,17,52,300,1.4444444444444444,PAC hyperprior,2.288564483044076,,,,,,,,,,,,,1.0,1.0,3.972954117388199,26.0,,,True,4.206984374521706
ace,1.5,18,52,300,1.4444444444444444,fitted ellipse,0.9598795168297061,3.0529769818032073,-1.2396471996142955,-2.841114538453343,-7.780833106317392,-5.081105400731816,4.605170185988092,2.1803953022343654,0.458632431915097,1.2804860670391733,0.7809534408384995,19.176634694625285,0.0,,,,,,,,
ace,1.5,18,52,300,1.4444444444444444,PAC hyperposterior,1.0958391875341407,,,,-4.785180185788366,,,,,,,,0.004661458333333333,0.0,1.0,1.9922347090523351,26.0,3.3398404735429685,3.0070924537319956,,
ace,1.5,18,52,300,1.4444444444444444,PAC hyperprior,4.740721586596056,,,,,,,,,,,,,0.0,0.125,4.812181521583913,26.0,,,False,4.96484065050749
ace,1.5,18,52,300,1.4444444444444444,PAC hyperprior,4.707485257555427,,,,,,,,,,,,,0.0,0.25,4.8967092892330575,26.0,,,False,5.0511724110355125
ace,1.5,18,52,300,1.4444444444444444,PAC hyperprior,4.600048977349294,,,,,,,,,,,,,0.0,0.5,5.040047847499901,26.0,,,False,5.231495035198908
ace,1.5,18,52,300,1.4444444444444444,PAC hyperprior,3.991144713734476,,,,,,,,,,,,,0.0,1.0,5.183489419609419,26.0,,,True,5.401999704628956
ace,1.5,18,52,300,1.4444444444444444,PAC hyperposterior,1.3036346008191315,,,,-4.785180185788366,,,,,,,,0.03884114583333333,1.0,1.0,2.3734363522463324,26.0,3.3398404735429685,3.0070924537319956,,
ace,1.5,18,52,300,1.4444444444444444,PAC hyperprior,2.8693130797057256,,,,,,,,,,,,,1.0,0.125,3.3359567609497462,26.0,,,False,3.575046099971102
ace,1.5,18,52,300,1.4444444444444444,PAC hyperprior,2.8831817905019115,,,,,,,,,,,,,1.0,0.25,3.745773470972222,26.0,,,False,3.963538400274894
ace,1.5,18,52,300,1.4444444444444444,PAC hyperprior,2.8774675145672273,,,,,,,,,,,,,1.0,0.5,4.661377430136921,26.0,,,False,4.901222845674983
ace,1.5,18,52,300,1.4444444444444444,PAC hyperprior,2.7116732065689066,,,,,,,,,,,,,1.0,1.0,4.8602929211002275,26.0,,,True,5.096322162487352
ace,1.5,19,52,300,1.4444444444444444,fitted ellipse,1.213192080511206,4.342777577290372,-1.4330191165345825,-3.3722175591453984,-7.780833106317392,-5.438858364948103,4.605170185988092,2.1159379965942695,0.47260364037583363,1.3352797494711732,0.748906736881198,19.176634694625285,0.013333333333333334,,,,,,,,
ace,1.5,19,52,300,1.4444444444444444,PAC hyperposterior,0.9737251355082808,,,,-4.785180185788366,,,,,,,,0.01662109375,0.0,1.0,1.7392489159644928,26.0,3.336272105337402,2.9986937415220867,,
ace,1.5,19,52,300,1.4444444444444444,PAC hyperprior,1.7401437846874734,,,,,,,,,,,,,0.0,0.125,1.9386084374525703,26.0,,,False,2.1227991537050857
ace,1.5,19,52,300,1.4444444444444444,PAC hyperprior,1.739794525561024,,,,,,,,,,,,,0.0,0.25,2.48204328748894,26.0,,,False,2.7077519025104966
ace,1.5,19,52,300,1.4444444444444444,PAC hyperprior,1.7356374958524192,,,,,,,,,,,,,0.0,0.5,3.332246041954982,26.0,,,False,3.5707376464506204
ace,1.5,19,52,300,1.4444444444444444,PAC hyperprior,1.6032501341479324,,,,,,,,,,,,,0.0,1.0,4.305754609696093,26.0,,,True,4.545689320138024
ace,1.5,19,52,300,1.4444444444444444,PAC hyperposterior,0.6872810606338143,,,,-4.785180185788366,,,,,,,,0.0,1.0,0.25,0.7346155777928124,26.0,3.336272105337402,2.9986937415220867,,
ace,1.5,19,52,300,1.4444444444444444,PAC hyperprior,0.6995654956262078,,,,,,,,,,,,,1.0,0.125,0.7080371996766839,26.0,,,False,0.780132464588835
ace,1.5,19,52,300,1.4444444444444444,PAC hyperprior,0.6891081831882606,,,,,,,,,,,,,1.0,0.25,0.7184193653041219,26.0,,,True,0.8649526672560519
ace,1.5,19,52,300,1.4444444444444444,PAC hyperprior,0.6700595273523149,,,,,,,,,,,,,1.0,0.5,0.862145242182467,26.0,,,False,1.0611102561878427
ace,1.5,19,52,300,1.4444444444444444,PAC hyperprior,0.599224278917059,,,,,,,,,,,,,1.0,1.0,1.1208294646944759,26.0,,,False,1.360425404356982
ace,3.0,0,105,300,2.9166666666666665,fitted ellipse,1.09979852696085,4.9572524013810275,-2.377286859580177,-4.026662227652777,-7.780833106317392,-6.315023087539419,4.605170185988092,1.801182082245738,0.5551909547940798,1.3125787426530808,0.7618590546261067,19.176634694625285,0.02666666666666667,,,,,,,,
ace,3.0,0,105,300,2.9166666666666665,PAC hyperposterior,0.8313089780432287,,,,-4.785180185788366,,,,,,,,0.006272786458333333,0.0,0.125,0.8787817235705845,53.0,1.6030937097944182,1.153718518470559,,
ace,3.0,0,105,300,2.9166666666666665,PAC hyperprior,0.8312276966064732,,,,,,,,,,,,,0.0,0.125,0.8811532592585682,53.0,,,True,0.9845601079233539
ace,3.0,0,105,300,2.9166666666666665,PAC hyperprior,0.8485085360316091,,,,,,,,,,,,,0.0,0.25,1.1622889050250853,53.0,,,False,1.2798684714551003
ace,3.0,0,105,300,2.9166666666666665,PAC hyperprior,0.8921852365119288,,,,,,,,,,,,,0.0,0.5,2.0202884673935584,53.0,,,False,2.1379927055797046
ace,3.0,0,105,300,2.9166666666666665,PAC hyperprior,1.0147734396591557,,,,,,,,,,,,,0.0,1.0,2.8742624418487672,53.0,,,False,2.9919426277418246
ace,3.0,0,105,300,2.9166666666666665,PAC hyperposterior,1.1798627553961145,,,,-4.785180185788366,,,,,,,,0.007789713541666667,1.0,0.5,1.732041340738097,52.0,1.6030937097944182,1.153718518470559,,
ace,3.0,0,105,300,2.9166666666666665,PAC hyperprior,1.467667326189538,,,,,,,,,,,,,1.0,0.125,1.64950324657815,52.0,,,False,1.7433066877150747
ace,3.0,0,105,300,2.9166666666666665,PAC hyperprior,1.4885658574816825,,,,,,,,,,,,,1.0,0.25,2.127785129481966,52.0,,,False,2.24774818647356
ace,3.0,0,105,300,2.9166666666666665,PAC hyperprior,1.481955823339946,,,,,,,,,,,,,1.0,0.5,2.9067461944662387,52.0,,,True,3.026704475974517
ace,3.0,0,105,300,2.9166666666666665,PAC hyperprior,1.4682358315864312,,,,,,,,,,,,,1.0,1.0,3.8843811325767854,52.0,,,False,4.004336350618889
ace,3.0,1,105,300,2.9166666666666665,fitted ellipse,1.3370511989665461,5.942531195146415,-1.9156463846307854,-3.747479591536812,-7.780833106317392,-6.013197157660235,4.605170185988092,1.955062240562202,0.511492667216793,1.365850257676483,0.7321446801211947,19.176634694625285,0.0033333333333333335,,,,,,,,
ace,3.0,1,105,300,2.9166666666666665,PAC hyperposterior,1.1239761371774106,,,,-4.785180185788366,,,,,,,,0.0003841145833333333,0.0,0.5,1.594983228381038,53.0,1.6778895523945478,1.2314688773907663,,
ace,3.0,1,105,300,2.9166666666666665,PAC hyperprior,1.3623273334204238,,,,,,,,,,,,,0.0,0.125,1.5761045581424595,53.0,,,False,1.6879279735104733
ace,3.0,1,105,300,2.9166666666666665,PAC hyperprior,1.3691645733319098,,,,,,,,,,,,,0.0,0.25,1.9576890631147528,53.0,,,False,2.0753198035931018
ace,3.0,1,105,300,2.9166666666666665,PAC hyperprior,1.4292003430441234,,,,,,,,,,,,,0.0,0.5,3.034639305577387,53.0,,,True,3.152270887099693
ace,3.0,1,105,300,2.9166666666666665,PAC hyperprior,1.4945560120996237,,,,,,,,,,,,,0.0,1.0,3.832963541362956,53.0,,,False,3.9506677795710132
ace,3.0,1,105,300,2.9166666666666665,PAC hyperposterior,0.6872283448959505,,,,-4.785180185788366,,,,,,,,0.0,1.0,0.125,0.7993325950201471,52.0,1.6778895523945478,1.2314688773907663,,
ace,3.0,1,105,300,2.9166666666666665,PAC hyperprior,0.6905634603272517,,,,,,,,,,,,,1.0,0.125,0.7428433657824336,52.0,,,True,0.8371691418155596
ace,3.0,1,105,300,2.9166666666666665,PAC hyperprior,0.7001209297162645,,,,,,,,,,,,,1.0,0.25,0.9446214744326965,52.0,,,False,1.0567071367547163
ace,3.0,1,105,300,2.9166666666666665,PAC hyperprior,0.7413843485034951,,,,,,,,,,,,,1.0,0.5,2.4113399499369246,52.0,,,False,2.5313077311876846
ace,3.0,1,105,300,2.9166666666666665,PAC hyperprior,0.8367024358890904,,,,,,,,,,,,,1.0,1.0,3.2230139040195405,52.0,,,False,3.342981685270269
ace,3.0,2,105,300,2.9166666666666665,fitted ellipse,1.1392204709999536,4.866026684904142,-2.3193254120301083,-3.579990853941017,-7.780833106317392,-6.200897012966875,4.605170185988092,1.8205025647624276,0.5492988690903043,1.2938572003122555,0.7728828187211565,19.176634694625285,0.013333333333333334,,,,,,,,
ace,3.0,2,105,300,2.9166666666666665,PAC hyperposterior,1.2446688916962996,,,,-4.785180185788366,,,,,,,,0.00697265625,0.0,0.125,1.618228576261358,53.0,1.2507349414604034,0.7914867438221891,,
ace,3.0,2,105,300,2.9166666666666665,PAC hyperprior,1.2817109282741523,,,,,,,,,,,,,0.0,0.125,1.5519921464775759,53.0,,,True,1.6682051743274187
ace,3.0,2,105,300,2.9166666666666665,PAC hyperprior,1.2963629750941679,,,,,,,,,,,,,0.0,0.25,2.061356091845384,53.0,,,False,2.179058855734022
ace,3.0,2,105,300,2.9166666666666665,PAC hyperprior,1.3471936454445526,,,,,,,,,,,,,0.0,0.5,3.1811547353714755,53.0,,,False,3.298858973574786
ace,3.0,2,105,300,2.9166666666666665,PAC hyperprior,1.4019239060838338,,,,,,,,,,,,,0.0,1.0,3.919521643998906,53.0,,,False,4.026576989901322
ace,3.0,2,105,300,2.9166666666666665,PAC hyperposterior,0.8019866625452584,,,,-4.785180185788366,,,,,,,,0.00115234375,1.0,0.125,0.8940187654961634,52.0,1.2507349414604034,0.7914867438221891,,
ace,3.0,2,105,300,2.9166666666666665,PAC hyperprior,0.8018631617518086,,,,,,,,,,,,,1.0,0.125,0.9326425082309009,52.0,,,True,1.0377620825880305
ace,3.0,2,105,300,2.9166666666666665,PAC hyperprior,0.8157842148870602,,,,,,,,,,,,,1.0,0.25,1.2819520390753838,52.0,,,False,1.4014006667694572
ace,3.0,2,105,300,2.9166666666666665,PAC hyperprior,0.873059875156619,,,,,,,,,,,,,1.0,0.5,2.3936304322466118,52.0,,,False,2.5115938634637374
ace,3.0,2,105,300,2.9166666666666665,PAC hyperprior,0.9604166718835814,,,,,,,,,,,,,1.0,1.0,3.8898796886826363,52.0,,,False,4.009847469933396
ace,3.0,3,105,300,2.9166666666666665,fitted ellipse,1.2136236211317817,5.560523601132911,-2.0835962125088185,-3.5653099470261633,-7.780833106317392,-6.1842757248353255,4.605170185988092,1.8990789646028576,0.5265710476705342,1.3668931707755023,0.731586067865606,19.176634694625285,0.01,,,,,,,,
ace,3.0,3,105,300,2.9166666666666665,PAC hyperposterior,0.954951231717189,,,,-4.785180185788366,,,,,,,,0.00765625,0.0,0.125,1.0884125488174765,53.0,1.5614708343094619,1.1091396104103106,,
ace,3.0,3,105,300,2.9166666666666665,PAC hyperprior,0.9501715337435503,,,,,,,,,,,,,0.0,0.125,1.0210371215691578,53.0,,,True,1.1040018550995097
ace,3.0,3,105,300,2.9166666666666665,PAC hyperprior,0.9725138967921831,,,,,,,,,,,,,0.0,0.25,1.569432630464683,53.0,,,False,1.6871036789080378
ace,3.0,3,105,300,2.9166666666666665,PAC hyperprior,0.9900922181304405,,,,,,,,,,,,,0.0,0.5,2.447128939063547,53.0,,,False,2.5648331772716624
ace,3.0,3,105,300,2.9166666666666665,PAC hyperprior,1.0534854359699972,,,,,,,,,,,,,0.0,1.0,4.050486119598421,53.0,,,False,4.168189931737269
ace,3.0,3,105,300,2.9166666666666665,PAC hyperposterior,0.7727067967591005,,,,-4.785180185788366,,,,,,,,0.00024088541666666667,1.0,0.5,1.1617483077993642,52.0,1.5614708343094619,1.1091396104103106,,
ace,3.0,3,105,300,2.9166666666666665,PAC hyperprior,0.8759092959362851,,,,,,,,,,,,,1.0,0.125,0.9650997297417775,52.0,,,False,1.06407947235264
ace,3.0,3,105,300,2.9166666666666665,PAC hyperprior,0.8815793348597529,,,,,,,,,,,,,1.0,0.25,1.2619986847891185,52.0,,,False,1.3638953261603026
ace,3.0,3,105,300,2.9166666666666665,PAC hyperprior,0.9343124045053827,,,,,,,,,,,,,1.0,0.5,1.9771151940337255,52.0,,,True,2.0970811125555002
ace,3.0,3,105,300,2.9166666666666665,PAC hyperprior,0.9810427810902357,,,,,,,,,,,,,1.0,1.0,3.620185183242185,52.0,,,False,3.7357069828231264
ace,3.0,4,105,300,2.9166666666666665,fitted ellipse,1.1697467131274468,5.096077831012061,-1.9267604273612968,-3.411755579473592,-7.780833106317392,-5.898443880402077,4.605170185988092,1.9513575596520318,0.5124637435377661,1.3238944843469267,0.7553472061584251,19.176634694625285,0.01,,,,,,,,
ace,3.0,4,105,300,2.9166666666666665,PAC hyperposterior,0.8610365437975178,,,,-4.785180185788366,,,,,,,,0.0,0.0,0.125,1.0239637993794948,53.0,1.7330368301543189,1.2880993121102415,,
ace,3.0,4,105,300,2.9166666666666665,PAC hyperprior,0.8869706947052763,,,,,,,,,,,,,0.0,0.125,1.0668475485787392,53.0,,,True,1.1732145574883086
ace,3.0,4,105,300,2.9166666666666665,PAC hyperprior,0.9043217745597982,,,,,,,,,,,,,0.0,0.25,1.8346133504900022,53.0,,,False,1.9523174620618713
ace,3.0,4,105,300,2.9166666666666665,PAC hyperprior,1.0018038500624826,,,,,,,,,,,,,0.0,0.5,3.017587329435646,53.0,,,False,3.131946117968086
ace,3.0,4,105,300,2.9166666666666665,PAC hyperprior,1.0816100514063172,,,,,,,,,,,,,0.0,1.0,4.332436880291842,53.0,,,False,4.450103556418666
ace,3.0,4,105,300,2.9166666666666665,PAC hyperposterior,0.6541126042298452,,,,-4.785180185788366,,,,,,,,0.0032259114583333332,1.0,0.125,0.7147940422059228,52.0,1.7330368301543189,1.2880993121102415,,
ace,3.0,4,105,300,2.9166666666666665,PAC hyperprior,0.6585144433439187,,,,,,,,,,,,,1.0,0.125,0.7154110256041256,52.0,,,True,0.8011871034915803
ace,3.0,4,105,300,2.9166666666666665,PAC hyperprior,0.6646830628286378,,,,,,,,,,,,,1.0,0.25,0.9614910066230474,52.0,,,False,1.0808831939733947
ace,3.0,4,105,300,2.9166666666666665,PAC hyperprior,0.688722036950289,,,,,,,,,,,,,1.0,0.5,1.581980555164224,52.0,,,False,1.701876778739595
ace,3.0,4,105,300,2.9166666666666665,PAC hyperprior,0.7523297605729254,,,,,,,,,,,,,1.0,1.0,3.7541295006530726,52.0,,,False,3.8740972819038326
ace,3.0,5,105,300,2.9166666666666665,fitted ellipse,1.5878886643134047,7.2584464118208905,-1.8366352690890195,-3.568352842587938,-7.780833106317392,-6.140204178464346,4.605170185988092,1.981399279076124,0.5046938345845541,1.4345229697917754,0.6970958437459893,19.176634694625285,0.043333333333333335,,,,,,,,
ace,3.0,5,105,300,2.9166666666666665,PAC hyperposterior,0.7233754926276821,,,,-4.785180185788366,,,,,,,,0.0009114583333333333,0.0,0.25,0.8305072190241682,53.0,1.5292161995576157,1.0767380562370894,,
ace,3.0,5,105,300,2.9166666666666665,PAC hyperprior,0.7796729253276105,,,,,,,,,,,,,0.0,0.125,0.894620527020246,53.0,,,False,1.002545971794886
ace,3.0,5,105,300,2.9166666666666665,PAC hyperprior,0.8001958911633901,,,,,,,,,,,,,0.0,0.25,1.4355308731007717,53.0,,,True,1.5532351066217807
ace,3.0,5,105,300,2.9166666666666665,PAC hyperprior,0.8635162014319562,,,,,,,,,,,,,0.0,0.5,2.1726354099318255,53.0,,,False,2.285742932950744
ace,3.0,5,105,300,2.9166666666666665,PAC hyperprior,0.9460987504061685,,,,,,,,,,,,,0.0,1.0,3.750706594187334,53.0,,,False,3.8684106620992473
ace,3.0,5,105,300,2.9166666666666665,PAC hyperposterior,0.8912716017166891,,,,-4.785180185788366,,,,,,,,0.0016178385416666667,1.0,0.5,1.3025252600876567,52.0,1.5292161995576157,1.0767380562370894,,
ace,3.0,5,105,300,2.9166666666666665,PAC hyperprior,0.9684883030175981,,,,,,,,,,,,,1.0,0.125,1.1076272345999854,52.0,,,False,1.2264088571137197
ace,3.0,5,105,300,2.9166666666666665,PAC hyperprior,0.9835802736213172,,,,,,,,,,,,,1.0,0.25,1.4007764019593052,52.0,,,False,1.518610770166684
ace,3.0,5,105,300,2.9166666666666665,PAC hyperprior,1.0519878484342036,,,,,,,,,,,,,1.0,0.5,2.298658547887224,52.0,,,True,2.418534464415906
ace,3.0,5,105,300,2.9166666666666665,PAC hyperprior,1.1297594749743785,,,,,,,,,,,,,1.0,1.0,3.472207048169911,52.0,,,False,3.5921748294196973
ace,3.0,6,105,300,2.9166666666666665,fitted ellipse,1.4200189285762974,6.405833092640635,-2.0181232124895625,-3.618979684132475,-7.780833106317392,-7.0653576326815735,4.605170185988092,1.9209032979426095,0.5205884133110988,1.6824114733973368,0.5943849146372464,19.176634694625285,0.016666666666666666,,,,,,,,
ace,3.0,6,105,300,2.9166666666666665,PAC hyperposterior,0.7136396711726805,,,,-4.785180185788366,,,,,,,,0.003515625,0.0,1.0,1.7512294507120474,53.0,1.914207680144023,1.4760106651700537,,
ace,3.0,6,105,300,2.9166666666666665,PAC hyperprior,0.8846040129919632,,,,,,,,,,,,,0.0,0.125,0.9687211841779458,53.0,,,False,1.070157037300973
ace,3.0,6,105,300,2.9166666666666665,PAC hyperprior,0.8963963908502408,,,,,,,,,,,,,0.0,0.25,1.3746157499934148,53.0,,,False,1.492315148435356
ace,3.0,6,105,300,2.9166666666666665,PAC hyperprior,0.9030772336858648,,,,,,,,,,,,,0.0,0.5,2.1649617171275213,53.0,,,False,2.2826650494404
ace,3.0,6,105,300,2.9166666666666665,PAC hyperprior,1.0269214435346785,,,,,,,,,,,,,0.0,1.0,3.7569867763552756,53.0,,,True,3.87469100074682
ace,3.0,6,105,300,2.9166666666666665,PAC hyperposterior,0.6954124382925821,,,,-4.785180185788366,,,,,,,,0.0,1.0,0.125,0.7967851312872819,52.0,1.914207680144023,1.4760106651700537,,
ace,3.0,6,105,300,2.9166666666666665,PAC hyperprior,0.7069970508125812,,,,,,,,,,,,,1.0,0.125,0.8661441217430587,52.0,,,True,0.9858076174469508
ace,3.0,6,105,300,2.9166666666666665,PAC hyperprior,0.7303086350528831,,,,,,,,,,,,,1.0,0.25,1.1204291027967537,52.0,,,False,1.226675963281509
ace,3.0,6,105,300,2.9166666666666665,PAC hyperprior,0.7908742425346693,,,,,,,,,,,,,1.0,0.5,2.9672020006011275,52.0,,,False,3.0871697818518875
ace,3.0,6,105,300,2.9166666666666665,PAC hyperprior,0.8883748943129681,,,,,,,,,,,,,1.0,1.0,4.004370231834848,52.0,,,False,4.124337956077248
ace,3.0,7,105,300,2.9166666666666665,fitted ellipse,1.9094482781279183,9.515093180806405,-1.549712542115792,-3.9189962944829295,-7.780833106317392,-6.31579960155629,4.605170185988092,2.0770401880672,0.4814543337895426,1.5886956864801662,0.6294471675790531,19.176634694625285,0.03333333333333333,,,,,,,,
ace,3.0,7,105,300,2.9166666666666665,PAC hyperposterior,1.1846318633696795,,,,-4.785180185788366,,,,,,,,0.001357421875,0.0,0.125,1.327128965729243,53.0,1.3636514310464882,0.9050602790251245,,
ace,3.0,7,105,300,2.9166666666666665,PAC hyperprior,1.1820495590228917,,,,,,,,,,,,,0.0,0.125,1.328738515580481,53.0,,,True,1.4448614568487645
ace,3.0,7,105,300,2.9166666666666665,PAC hyperprior,1.1895492519147643,,,,,,,,,,,,,0.0,0.25,1.604176250580688,53.0,,,False,1.7206693641701447
ace,3.0,7,105,300,2.9166666666666665,PAC hyperprior,1.197474029298172,,,,,,,,,,,,,0.0,0.5,2.1384855611950173,53.0,,,False,2.240973636528011
ace,3.0,7,105,300,2.9166666666666665,PAC hyperprior,1.1497554558933925,,,,,,,,,,,,,0.0,1.0,2.7876246291536617,53.0,,,False,2.9031278469556483
ace,3.0,7,105,300,2.9166666666666665,PAC hyperposterior,0.745518221930008,,,,-4.785180185788366,,,,,,,,0.0,1.0,0.125,0.7639315504700099,52.0,1.3636514310464882,0.9050602790251245,,
ace,3.0,7,105,300,2.9166666666666665,PAC hyperprior,0.745294221529651,,,,,,,,,,,,,1.0,0.125,0.7719762427401266,52.0,,,True,0.8488429119350087
ace,3.0,7,105,300,2.9166666666666665,PAC hyperprior,0.7562345686775127,,,,,,,,,,,,,1.0,0.25,0.9036740834263403,52.0,,,False,0.9916457592700576
ace,3.0,7,105,300,2.9166666666666665,PAC hyperprior,0.8097155682322408,,,,,,,,,,,,,1.0,0.5,2.3011484903906494,52.0,,,False,2.4211162716414094
ace,3.0,7,105,300,2.9166666666666665,PAC hyperprior,0.9012128503780157,,,,,,,,,,,,,1.0,1.0,2.665298495013329,52.0,,,False,2.783813626757725
ace,3.0,8,105,300,2.9166666666666665,fitted ellipse,1.4725250507696002,5.761065513474614,-1.9114342156012298,-3.786912986868972,-7.780833106317392,-6.4725496809771705,4.605170185988092,1.9564662969053872,0.5111255949472453,1.5203718217919802,0.6577338422527155,19.176634694625285,0.016666666666666666,,,,,,,,
ace,3.0,8,105,300,2.9166666666666665,PAC hyperposterior,0.9906954401402087,,,,-4.785180185788366,,,,,,,,0.013577473958333334,0.0,0.5,2.160719662258262,53.0,1.2782837564566254,0.819578112332064,,
ace,3.0,8,105,300,2.9166666666666665,PAC hyperprior,1.168203298023167,,,,,,,,,,,,,0.0,0.125,1.4007664657542913,53.0,,,False,1.5135188299876772
ace,3.0,8,105,300,2.9166666666666665,PAC hyperprior,1.1551845576468387,,,,,,,,,,,,,0.0,0.25,1.546240254989881,53.0,,,False,1.6395260704314953
ace,3.0,8,105,300,2.9166666666666665,PAC hyperprior,1.1454495850719906,,,,,,,,,,,,,0.0,0.5,2.332344524539308,53.0,,,True,2.4500485552208335
ace,3.0,8,105,300,2.9166666666666665,PAC hyperprior,1.0617362516634865,,,,,,,,,,,,,0.0,1.0,3.4055479317005397,53.0,,,False,3.522691318198918
ace,3.0,8,105,300,2.9166666666666665,PAC hyperposterior,1.0765581270083842,,,,-4.785180185788366,,,,,,,,0.004388020833333333,1.0,0.125,1.31553322568964,52.0,1.2782837564566254,0.819578112332064,,
ace,3.0,8,105,300,2.9166666666666665,PAC hyperprior,1.0824203398726322,,,,,,,,,,,,,1.0,0.125,1.294816546956187,52.0,,,True,1.4137331639556416
ace,3.0,8,105,300,2.9166666666666665,PAC hyperprior,1.0829637117298763,,,,,,,,,,,,,1.0,0.25,1.7644184488324723,52.0,,,False,1.8843861365216465
ace,3.0,8,105,300,2.9166666666666665,PAC hyperprior,1.1849027522462963,,,,,,,,,,,,,1.0,0.5,2.812702530172465,52.0,,,False,2.93267024297165
ace,3.0,8,105,300,2.9166666666666665,PAC hyperprior,1.2846733142625049,,,,,,,,,,,,,1.0,1.0,3.811934658987648,52.0,,,False,3.9290618425033728
ace,3.0,9,105,300,2.9166666666666665,fitted ellipse,1.507167630002872,6.996571523467904,-2.012094249008556,-3.774890125606932,-7.780833106317392,-5.687579765350807,4.605170185988092,1.9229129524362787,0.5200443414419914,1.2251618387807504,0.8162186972744551,19.176634694625285,0.02666666666666667,,,,,,,,
ace,3.0,9,105,300,2.9166666666666665,PAC hyperposterior,0.7879023326064672,,,,-4.785180185788366,,,,,,,,0.0,0.0,0.125,0.8387154643641951,53.0,1.6249141701375636,1.1751137082125336,,
ace,3.0,9,105,300,2.9166666666666665,PAC hyperprior,0.7869673958862136,,,,,,,,,,,,,0.0,0.125,0.8459452222863528,53.0,,,True,0.9446230862590044
ace,3.0,9,105,300,2.9166666666666665,PAC hyperprior,0.8016777049258175,,,,,,,,,,,,,0.0,0.25,1.2013263055367192,53.0,,,False,1.3190163680946352
ace,3.0,9,105,300,2.9166666666666665,PAC hyperprior,0.815128237598209,,,,,,,,,,,,,0.0,0.5,1.527657770811422,53.0,,,False,1.6452131358181799
ace,3.0,9,105,300,2.9166666666666665,PAC hyperprior,0.8485552561113932,,,,,,,,,,,,,0.0,1.0,3.1692724678430015,53.0,,,False,3.286976605307615
ace,3.0,9,105,300,2.9166666666666665,PAC hyperposterior,0.8845491423753593,,,,-4.785180185788366,,,,,,,,8.463541666666667e-05,1.0,0.125,0.9966667234830445,52.0,1.6249141701375636,1.1751137082125336,,
ace,3.0,9,105,300,2.9166666666666665,PAC hyperprior,0.9093406156140007,,,,,,,,,,,,,1.0,0.125,1.1228279608700167,52.0,,,True,1.2425495951896615
ace,3.0,9,105,300,2.9166666666666665,PAC hyperprior,0.9199722459670161,,,,,,,,,,,,,1.0,0.25,1.8712499094971806,52.0,,,False,1.9912176907476473
ace,3.0,9,105,300,2.9166666666666665,PAC hyperprior,0.9856432866165401,,,,,,,,,,,,,1.0,0.5,2.457641725231748,52.0,,,False,2.577609461641634
ace,3.0,9,105,300,2.9166666666666665,PAC hyperprior,1.0715089722722164,,,,,,,,,,,,,1.0,1.0,4.632634426151349,52.0,,,False,4.752602207402109
ace,3.0,10,105,300,2.9166666666666665,fitted ellipse,1.1334921290177213,5.291513957394653,-2.227415481043604,-3.6997145262999553,-7.780833106317392,-6.477250028937541,4.605170185988092,1.851139208424596,0.5402078868239444,1.4166115159646455,0.7059098339455805,19.176634694625285,0.02,,,,,,,,
ace,3.0,10,105,300,2.9166666666666665,PAC hyperposterior,0.9037736765117077,,,,-4.785180185788366,,,,,,,,0.007109375,0.0,0.125,1.025710356623747,53.0,1.6249324167887331,1.1768145603558966,,
ace,3.0,10,105,300,2.9166666666666665,PAC hyperprior,0.9216358061638662,,,,,,,,,,,,,0.0,0.125,1.0482480277875577,53.0,,,True,1.1549090851866337
ace,3.0,10,105,300,2.9166666666666665,PAC hyperprior,0.9196981524988282,,,,,,,,,,,,,0.0,0.25,1.4376940156537135,53.0,,,False,1.5552865125817812
ace,3.0,10,105,300,2.9166666666666665,PAC hyperprior,0.9291159407944576,,,,,,,,,,,,,0.0,0.5,2.196253218926017,53.0,,,False,2.3139574562685468
ace,3.0,10,105,300,2.9166666666666665,PAC hyperprior,0.9415866559254953,,,,,,,,,,,,,0.0,1.0,3.6303406041955446,53.0,,,False,3.748044842403827
ace,3.0,10,105,300,2.9166666666666665,PAC hyperposterior,1.0214126564418822,,,,-4.785180185788366,,,,,,,,0.015615234375,1.0,0.5,1.5460025885011566,52.0,1.6249324167887331,1.1768145603558966,,
ace,3.0,10,105,300,2.9166666666666665,PAC hyperprior,1.293297921212858,,,,,,,,,,,,,1.0,0.125,1.4839457364474524,52.0,,,False,1.5851925589638256
ace,3.0,10,105,300,2.9166666666666665,PAC hyperprior,1.2938733518803458,,,,,,,,,,,,,1.0,0.25,1.8769736809083963,52.0,,,False,1.9908824243291532
ace,3.0,10,105,300,2.9166666666666665,PAC hyperprior,1.3003656694640051,,,,,,,,,,,,,1.0,0.5,2.6039626592224083,52.0,,,True,2.7225010962554776
ace,3.0,10,105,300,2.9166666666666665,PAC hyperprior,1.2548924744062437,,,,,,,,,,,,,1.0,1.0,3.520804576562023,52.0,,,False,3.6404245263386894
ace,3.0,11,105,300,2.9166666666666665,fitted ellipse,1.5288180630772459,6.9498871025946105,-2.2155736299801916,-4.074426026015211,-7.780833106317392,-6.681974603450397,4.605170185988092,1.8550864921124,0.5390584235570025,1.4888003244900683,0.6716817450604142,19.176634694625285,0.02,,,,,,,,
ace,3.0,11,105,300,2.9166666666666665,PAC hyperposterior,0.7878731914807305,,,,-4.785180185788366,,,,,,,,0.0,0.0,0.125,0.8246420447471396,53.0,1.4719348156732202,1.0165527912846613,,
ace,3.0,11,105,300,2.9166666666666665,PAC hyperprior,0.7875135005052094,,,,,,,,,,,,,0.0,0.125,0.822114192502376,53.0,,,True,0.9062081407250133
ace,3.0,11,105,300,2.9166666666666665,PAC hyperprior,0.78807343015923,,,,,,,,,,,,,0.0,0.25,0.924493159160704,53.0,,,False,1.0333169127715252
ace,3.0,11,105,300,2.9166666666666665,PAC hyperprior,0.7893430518031972,,,,,,,,,,,,,0.0,0.5,1.420683752235331,53.0,,,False,1.538380892409867
ace,3.0,11,105,300,2.9166666666666665,PAC hyperprior,0.7729983223920365,,,,,,,,,,,,,0.0,1.0,2.7656281263932665,53.0,,,False,2.883332364601559
ace,3.0,11,105,300,2.9166666666666665,PAC hyperposterior,1.2867259873482986,,,,-4.785180185788366,,,,,,,,0.026136067708333332,1.0,1.0,2.008498025285833,52.0,1.4719348156732202,1.0165527912846613,,
ace,3.0,11,105,300,2.9166666666666665,PAC hyperprior,3.1860829219623894,,,,,,,,,,,,,1.0,0.125,3.191468171000832,52.0,,,False,3.2256342703606755
ace,3.0,11,105,300,2.9166666666666665,PAC hyperprior,3.183208327823435,,,,,,,,,,,,,1.0,0.25,3.2007891974279152,52.0,,,False,3.246744709908251
ace,3.0,11,105,300,2.9166666666666665,PAC hyperprior,3.159725928077552,,,,,,,,,,,,,1.0,0.5,3.2130424667385378,52.0,,,False,3.2622047570076873
ace,3.0,11,105,300,2.9166666666666665,PAC hyperprior,3.0324376234266897,,,,,,,,,,,,,1.0,1.0,3.216346992831097,52.0,,,True,3.264560321693594
ace,3.0,12,105,300,2.9166666666666665,fitted ellipse,1.2507315677343538,5.917110587883963,-2.4080084538274007,-4.063161846053181,-7.780833106317392,-5.988183980197356,4.605170185988092,1.7909415508299968,0.5583655142383392,1.1933918421233185,0.8379477424789247,19.176634694625285,0.016666666666666666,,,,,,,,
ace,3.0,12,105,300,2.9166666666666665,PAC hyperposterior,1.0854859916657744,,,,-4.785180185788366,,,,,,,,0.0019108072916666668,0.0,0.5,2.200906687241151,53.0,1.820440724373308,1.3781773081239415,,
ace,3.0,12,105,300,2.9166666666666665,PAC hyperprior,1.4056972855265297,,,,,,,,,,,,,0.0,0.125,1.6868225878979761,53.0,,,False,1.781184784422985
ace,3.0,12,105,300,2.9166666666666665,PAC hyperprior,1.4209727574959023,,,,,,,,,,,,,0.0,0.25,2.0578771483697427,53.0,,,False,2.1636305599618417
ace,3.0,12,105,300,2.9166666666666665,PAC hyperprior,1.4002713352786023,,,,,,,,,,,,,0.0,0.5,3.130756844168888,53.0,,,True,3.2484610811112447
ace,3.0,12,105,300,2.9166666666666665,PAC hyperprior,1.3940117870700406,,,,,,,,,,,,,0.0,1.0,4.185236012300298,53.0,,,False,4.3029402353173545
ace,3.0,12,105,300,2.9166666666666665,PAC hyperposterior,0.6612366758394923,,,,-4.785180185788366,,,,,,,,4.8828125e-05,1.0,0.25,0.9784991519905503,52.0,1.820440724373308,1.3781773081239415,,
ace,3.0,12,105,300,2.9166666666666665,PAC hyperprior,0.7540096997562508,,,,,,,,,,,,,1.0,0.125,0.9498208742859486,52.0,,,False,1.0591934054135184
ace,3.0,12,105,300,2.9166666666666665,PAC hyperprior,0.7798082059323066,,,,,,,,,,,,,1.0,0.25,1.4712931923163148,52.0,,,True,1.5895261999756674
ace,3.0,12,105,300,2.9166666666666665,PAC hyperprior,0.8726500625365754,,,,,,,,,,,,,1.0,0.5,2.899205307379943,52.0,,,False,3.0191670529158223
ace,3.0,12,105,300,2.9166666666666665,PAC hyperprior,1.0188496374007654,,,,,,,,,,,,,1.0,1.0,4.306784095672959,52.0,,,False,4.426751613360448
ace,3.0,13,105,300,2.9166666666666665,fitted ellipse,1.32366806196889,6.396275630160566,-1.9719027537479321,-3.4913991328880347,-7.780833106317392,-6.019236821818096,4.605170185988092,1.9363101175231534,0.5164461988553559,1.349111356023388,0.7412286580609467,19.176634694625285,0.02,,,,,,,,
ace,3.0,13,105,300,2.9166666666666665,PAC hyperposterior,0.7534877622864432,,,,-4.785180185788366,,,,,,,,0.004173177083333333,0.0,0.125,0.8197747162905916,53.0,1.8207774257429796,1.378332973188309,,
ace,3.0,13,105,300,2.9166666666666665,PAC hyperprior,0.7632817586261138,,,,,,,,,,,,,0.0,0.125,0.8757788044247737,53.0,,,True,0.9899657615219484
ace,3.0,13,105,300,2.9166666666666665,PAC hyperprior,0.7572566068849278,,,,,,,,,,,,,0.0,0.25,1.099913113250754,53.0,,,False,1.217609898025743
ace,3.0,13,105,300,2.9166666666666665,PAC hyperprior,0.7687230481176108,,,,,,,,,,,,,0.0,0.5,1.6987175955912261,53.0,,,False,1.8154028226787986
ace,3.0,13,105,300,2.9166666666666665,PAC hyperprior,0.7391451998316036,,,,,,,,,,,,,0.0,1.0,3.6974470133450104,53.0,,,False,3.815151251553303
ace,3.0,13,105,300,2.9166666666666665,PAC hyperposterior,0.7335816994492906,,,,-4.785180185788366,,,,,,,,0.0,1.0,0.125,0.758581523447976,52.0,1.8207774257429796,1.378332973188309,,
ace,3.0,13,105,300,2.9166666666666665,PAC hyperprior,0.7362660636919032,,,,,,,,,,,,,1.0,0.125,0.7679058538286098,52.0,,,True,0.8489186953798251
ace,3.0,13,105,300,2.9166666666666665,PAC hyperprior,0.7451259955237117,,,,,,,,,,,,,1.0,0.25,0.9546986625825334,52.0,,,False,1.0671891250292873
ace,3.0,13,105,300,2.9166666666666665,PAC hyperprior,0.7641547490211307,,,,,,,,,,,,,1.0,0.5,2.0230900479410705,52.0,,,False,2.143057829191208
ace,3.0,13,105,300,2.9166666666666665,PAC hyperprior,0.8296819183878921,,,,,,,,,,,,,1.0,1.0,3.2264516178737686,52.0,,,False,3.3464193983929142
ace,3.0,14,105,300,2.9166666666666665,fitted ellipse,1.082362161982223,5.33353451860303,-2.1390070010832662,-3.4475745326084373,-7.780833106317392,-5.068772982741929,4.605170185988092,1.8806087017447084,0.531742727273496,0.9765886605528875,1.0239725694069173,19.176634694625285,0.016666666666666666,,,,,,,,
ace,3.0,14,105,300,2.9166666666666665,PAC hyperposterior,0.9224303331071868,,,,-4.785180185788366,,,,,,,,0.009638671875,0.0,0.125,1.0976604785117565,53.0,1.7752451449499738,1.331583876078779,,
ace,3.0,14,105,300,2.9166666666666665,PAC hyperprior,0.9190619920839531,,,,,,,,,,,,,0.0,0.125,1.150757765476142,53.0,,,True,1.2638938424892183
ace,3.0,14,105,300,2.9166666666666665,PAC hyperprior,0.9189744991696953,,,,,,,,,,,,,0.0,0.25,1.5405288979315885,53.0,,,False,1.6582329967528926
ace,3.0,14,105,300,2.9166666666666665,PAC hyperprior,0.9143879838250116,,,,,,,,,,,,,0.0,0.5,2.5338791145421835,53.0,,,False,2.6515833527493182
ace,3.0,14,105,300,2.9166666666666665,PAC hyperprior,0.850556893369704,,,,,,,,,,,,,0.0,1.0,3.1273491033070657,53.0,,,False,3.245053282382189
ace,3.0,14,105,300,2.9166666666666665,PAC hyperposterior,0.9616983297006226,,,,-4.785180185788366,,,,,,,,0.0048177083333333336,1.0,1.0,1.961294762686646,52.0,1.7752451449499738,1.331583876078779,,
ace,3.0,14,105,300,2.9166666666666665,PAC hyperprior,1.5343129764001011,,,,,,,,,,,,,1.0,0.125,1.9237985077531454,52.0,,,False,2.043639395753911
ace,3.0,14,105,300,2.9166666666666665,PAC hyperprior,1.5427234990112735,,,,,,,,,,,,,1.0,0.25,2.420791519840032,52.0,,,False,2.540755636846379
ace,3.0,14,105,300,2.9166666666666665,PAC hyperprior,1.600866796280553,,,,,,,,,,,,,1.0,0.5,3.201918811307062,52.0,,,False,3.31918526976672
ace,3.0,14,105,300,2.9166666666666665,PAC hyperprior,1.5285135213930405,,,,,,,,,,,,,1.0,1.0,3.921353640718254,52.0,,,True,4.039540263718516
ace,3.0,15,105,300,2.9166666666666665,fitted ellipse,1.4260161192068814,6.166648924617016,-2.013025453300967,-3.719618585110456,-7.780833106317392,-6.434633734384668,4.605170185988092,1.9226025510054747,0.5201283018567848,1.4738694270279005,0.6784861546497565,19.176634694625285,0.02,,,,,,,,
ace,3.0,15,105,300,2.9166666666666665,PAC hyperposterior,0.9177884364013971,,,,-4.785180185788366,,,,,,,,0.0086328125,0.0,0.125,1.0324340498734699,53.0,1.6614684542070353,1.2129601178318632,,
ace,3.0,15,105,300,2.9166666666666665,PAC hyperprior,0.9210611536586331,,,,,,,,,,,,,0.0,0.125,1.0648038112819538,53.0,,,True,1.1798959094969437
ace,3.0,15,105,300,2.9166666666666665,PAC hyperprior,0.9248564680846669,,,,,,,,,,,,,0.0,0.25,1.2559850207657663,53.0,,,False,1.3656147876727402
ace,3.0,15,105,300,2.9166666666666665,PAC hyperprior,0.9218826521792554,,,,,,,,,,,,,0.0,0.5,1.8471002602362496,53.0,,,False,1.958496861980696
ace,3.0,15,105,300,2.9166666666666665,PAC hyperprior,0.9057513169832248,,,,,,,,,,,,,0.0,1.0,3.8334976646271977,53.0,,,False,3.951201902835482
ace,3.0,15,105,300,2.9166666666666665,PAC hyperposterior,1.0278263475015932,,,,-4.785180185788366,,,,,,,,0.0,1.0,0.125,1.112045316998725,52.0,1.6614684542070353,1.2129601178318632,,
ace,3.0,15,105,300,2.9166666666666665,PAC hyperprior,1.0349073875730055,,,,,,,,,,,,,1.0,0.125,1.1679593373617185,52.0,,,True,1.284416277001502
ace,3.0,15,105,300,2.9166666666666665,PAC hyperprior,1.054772623200037,,,,,,,,,,,,,1.0,0.25,1.4659926307866231,52.0,,,False,1.5846052979312066
ace,3.0,15,105,300,2.9166666666666665,PAC hyperprior,1.1283596679604346,,,,,,,,,,,,,1.0,0.5,3.1559656089251105,52.0,,,False,3.2759333901758687
ace,3.0,15,105,300,2.9166666666666665,PAC hyperprior,1.2326009072241035,,,,,,,,,,,,,1.0,1.0,3.615766972824682,52.0,,,False,3.7357347526792815
ace,3.0,16,105,300,2.9166666666666665,fitted ellipse,0.9483373610761658,4.341276321231998,-2.4013632360523767,-3.695689343810005,-7.780833106317392,-6.271747051899536,4.605170185988092,1.7931566234216716,0.5576757696111434,1.2901279386157196,0.7751169245067114,19.176634694625285,0.016666666666666666,,,,,,,,
ace,3.0,16,105,300,2.9166666666666665,PAC hyperposterior,0.8805660052308835,,,,-4.785180185788366,,,,,,,,0.0,0.0,0.125,0.9241031908029346,53.0,1.417481362487253,0.9604158727052798,,
ace,3.0,16,105,300,2.9166666666666665,PAC hyperprior,0.8848888729264586,,,,,,,,,,,,,0.0,0.125,0.9621717024986773,53.0,,,True,1.0759906603486122
ace,3.0,16,105,300,2.9166666666666665,PAC hyperprior,0.894516759105501,,,,,,,,,,,,,0.0,0.25,1.3329373352618263,53.0,,,False,1.450128957493508
ace,3.0,16,105,300,2.9166666666666665,PAC hyperprior,0.9458905183875689,,,,,,,,,,,,,0.0,0.5,1.8064251780705496,53.0,,,False,1.9241287987119984
ace,3.0,16,105,300,2.9166666666666665,PAC hyperprior,1.0471994253367947,,,,,,,,,,,,,0.0,1.0,3.6434112018722096,53.0,,,False,3.7611154400805002
ace,3.0,16,105,300,2.9166666666666665,PAC hyperposterior,0.9223421553386497,,,,-4.785180185788366,,,,,,,,0.009342447916666666,1.0,0.5,1.5846984166325273,52.0,1.417481362487253,0.9604158727052798,,
ace,3.0,16,105,300,2.9166666666666665,PAC hyperprior,1.0137721776420836,,,,,,,,,,,,,1.0,0.125,1.1450041835829983,52.0,,,False,1.2622395659518855
ace,3.0,16,105,300,2.9166666666666665,PAC hyperprior,1.0234444563624858,,,,,,,,,,,,,1.0,0.25,1.511364154298844,52.0,,,False,1.6304777196909983
ace,3.0,16,105,300,2.9166666666666665,PAC hyperprior,1.0433647720949972,,,,,,,,,,,,,1.0,0.5,2.449101928587844,52.0,,,True,2.5690697075985742
ace,3.0,16,105,300,2.9166666666666665,PAC hyperprior,1.0882268082706354,,,,,,,,,,,,,1.0,1.0,4.338512798639038,52.0,,,False,4.458480579889798
ace,3.0,17,105,300,2.9166666666666665,fitted ellipse,1.4361084696797466,6.440676922781529,-2.1566751299491753,-4.06003450225194,-7.780833106317392,-6.7487744780980545,4.605170185988092,1.8747193254560723,0.5334131816007844,1.5306997827162931,0.653295970438734,19.176634694625285,0.02666666666666667,,,,,,,,
ace,3.0,17,105,300,2.9166666666666665,PAC hyperposterior,1.2359678872589126,,,,-4.785180185788366,,,,,,,,0.004482421875,0.0,0.5,1.8055025010977561,53.0,1.1501564430755908,0.6862829498855385,,
ace,3.0,17,105,300,2.9166666666666665,PAC hyperprior,1.4727732404043803,,,,,,,,,,,,,0.0,0.125,1.8458545159047333,53.0,,,False,1.9572186782186352
ace,3.0,17,105,300,2.9166666666666665,PAC hyperprior,1.4991436294074638,,,,,,,,,,,,,0.0,0.25,2.2293394415012777,53.0,,,False,2.3410106760389233
ace,3.0,17,105,300,2.9166666666666665,PAC hyperprior,1.5718041730962398,,,,,,,,,,,,,0.0,0.5,3.4639940169550174,53.0,,,True,3.5816982543820117
ace,3.0,17,105,300,2.9166666666666665,PAC hyperprior,1.6758530924270678,,,,,,,,,,,,,0.0,1.0,3.714611995383755,53.0,,,False,3.8268890845444936
ace,3.0,17,105,300,2.9166666666666665,PAC hyperposterior,1.1047441518568544,,,,-4.785180185788366,,,,,,,,0.00010416666666666667,1.0,0.125,1.2139793669451744,52.0,1.1501564430755908,0.6862829498855385,,
ace,3.0,17,105,300,2.9166666666666665,PAC hyperprior,1.105618524507256,,,,,,,,,,,,,1.0,0.125,1.2504974503650876,52.0,,,True,1.3661712542237847
ace,3.0,17,105,300,2.9166666666666665,PAC hyperprior,1.1050609126494892,,,,,,,,,,,,,1.0,0.25,1.3991346231677444,52.0,,,False,1.5174206680470927
ace,3.0,17,105,300,2.9166666666666665,PAC hyperprior,1.1579556478694222,,,,,,,,,,,,,1.0,0.5,2.8076098468820474,52.0,,,False,2.9275773556421267
ace,3.0,17,105,300,2.9166666666666665,PAC hyperprior,1.227293374872564,,,,,,,,,,,,,1.0,1.0,4.085580047275473,52.0,,,False,4.205547828526232
ace,3.0,18,105,300,2.9166666666666665,fitted ellipse,1.0682009632276106,4.1576205132738675,-2.4643168986014135,-3.7878915721932267,-7.780833106317392,-6.524695552723842,4.605170185988092,1.7721720692386593,0.5642792916997099,1.353459551374143,0.7388473478832213,19.176634694625285,0.01,,,,,,,,
ace,3.0,18,105,300,2.9166666666666665,PAC hyperposterior,0.9678192178831038,,,,-4.785180185788366,,,,,,,,0.008082682291666667,0.0,0.5,1.7425446411474916,53.0,1.990289944201297,1.5554609402183113,,
ace,3.0,18,105,300,2.9166666666666665,PAC hyperprior,1.1609486829834417,,,,,,,,,,,,,0.0,0.125,1.280007110299789,53.0,,,False,1.3793045669073933
ace,3.0,18,105,300,2.9166666666666665,PAC hyperprior,1.1518815358342935,,,,,,,,,,,,,0.0,0.25,1.6015232765340248,53.0,,,False,1.7182209726969244
ace,3.0,18,105,300,2.9166666666666665,PAC hyperprior,1.1320753707132414,,,,,,,,,,,,,0.0,0.5,2.439150771872171,53.0,,,True,2.5568460272653653
ace,3.0,18,105,300,2.9166666666666665,PAC hyperprior,1.0729111246114693,,,,,,,,,,,,,0.0,1.0,3.5157217077541345,53.0,,,False,3.6320808912511016
ace,3.0,18,105,300,2.9166666666666665,PAC hyperposterior,0.7593265808766658,,,,-4.785180185788366,,,,,,,,0.000625,1.0,0.125,0.8239162135727207,52.0,1.990289944201297,1.5554609402183113,,
ace,3.0,18,105,300,2.9166666666666665,PAC hyperprior,0.7603423095988187,,,,,,,,,,,,,1.0,0.125,0.8308943368790883,52.0,,,True,0.941615360638921
ace,3.0,18,105,300,2.9166666666666665,PAC hyperprior,0.7683327374555677,,,,,,,,,,,,,1.0,0.25,1.106712072125093,52.0,,,False,1.2264066728220673
ace,3.0,18,105,300,2.9166666666666665,PAC hyperprior,0.7771956648570497,,,,,,,,,,,,,1.0,0.5,1.8098780417339893,52.0,,,False,1.9296211801887395
ace,3.0,18,105,300,2.9166666666666665,PAC hyperprior,0.740774526814036,,,,,,,,,,,,,1.0,1.0,2.6181140245054024,52.0,,,False,2.738081754947425
ace,3.0,19,105,300,2.9166666666666665,fitted ellipse,0.9374940943986214,4.1790494887972445,-2.4107309235849947,-3.8315589358362048,-7.780833106317392,-6.037550436499445,4.605170185988092,1.7900340609107992,0.5586485876649651,1.2089398376381502,0.8271710211433297,19.176634694625285,0.02666666666666667,,,,,,,,
ace,3.0,19,105,300,2.9166666666666665,PAC hyperposterior,0.9067926654298747,,,,-4.785180185788366,,,,,,,,0.0,0.0,0.125,1.0377673790508422,53.0,1.2783830525974236,0.8173663868970831,,
ace,3.0,19,105,300,2.9166666666666665,PAC hyperprior,0.9061155051226768,,,,,,,,,,,,,0.0,0.125,0.9874207823179831,53.0,,,True,1.0813306478742062
ace,3.0,19,105,300,2.9166666666666665,PAC hyperprior,0.9168288875770445,,,,,,,,,,,,,0.0,0.25,1.4467402720132978,53.0,,,False,1.5619654588840302
ace,3.0,19,105,300,2.9166666666666665,PAC hyperprior,0.9695536665355288,,,,,,,,,,,,,0.0,0.5,2.2419112743711653,53.0,,,False,2.359615506100271
ace,3.0,19,105,300,2.9166666666666665,PAC hyperprior,1.0097979680655327,,,,,,,,,,,,,0.0,1.0,3.0191710116136057,53.0,,,False,3.1366014376433267
ace,3.0,19,105,300,2.9166666666666665,PAC hyperposterior,1.0628530366298765,,,,-4.785180185788366,,,,,,,,0.006549479166666667,1.0,0.5,2.0101889572019704,52.0,1.2783830525974236,0.8173663868970831,,
ace,3.0,19,105,300,2.9166666666666665,PAC hyperprior,1.273631296273886,,,,,,,,,,,,,1.0,0.125,1.500197956931871,52.0,,,False,1.6172925714820767
ace,3.0,19,105,300,2.9166666666666665,PAC hyperprior,1.2608216274313124,,,,,,,,,,,,,1.0,0.25,1.7280233781688386,52.0,,,False,1.847894944435951
ace,3.0,19,105,300,2.9166666666666665,PAC hyperprior,1.2593996005938903,,,,,,,,,,,,,1.0,0.5,2.5558634120341113,52.0,,,True,2.6758308846738466
ace,3.0,19,105,300,2.9166666666666665,PAC hyperprior,1.2074666352945334,,,,,,,,,,,,,1.0,1.0,3.0740753029408006,52.0,,,False,3.181479228753881
ace,6.0,0,210,300,5.833333333333333,fitted ellipse,0.9974704328043815,3.56731642630869,-2.375831082532195,-3.148004845080969,-7.780833106317392,-6.034207777217839,4.605170185988092,1.8016673412617321,0.5550414202988696,1.219458898228548,0.820035838397386,19.176634694625285,0.0,,,,,,,,
ace,6.0,0,210,300,5.833333333333333,PAC hyperposterior,0.6800364760683254,,,,-4.785180185788366,,,,,,,,0.0090625,0.0,1.0,1.2123736652589425,105.0,0.10222861385091342,-0.37394571751414274,,
ace,6.0,0,210,300,5.833333333333333,PAC hyperprior,1.4490992081381167,,,,,,,,,,,,,0.0,0.125,1.6100002592438674,105.0,,,False,1.668669301185159
ace,6.0,0,210,300,5.833333333333333,PAC hyperprior,1.439636734948066,,,,,,,,,,,,,0.0,0.25,1.8429406615556694,105.0,,,False,1.9023515308319343
ace,6.0,0,210,300,5.833333333333333,PAC hyperprior,1.369187776191708,,,,,,,,,,,,,0.0,0.5,2.1939738032367395,105.0,,,False,2.2533254065793678
ace,6.0,0,210,300,5.833333333333333,PAC hyperprior,1.2199037060962108,,,,,,,,,,,,,0.0,1.0,2.570493256036055,105.0,,,True,2.629905746233341
ace,6.0,0,210,300,5.833333333333333,PAC hyperposterior,0.753617112494534,,,,-4.785180185788366,,,,,,,,0.012548828125,1.0,1.0,1.544155854138381,105.0,0.10222861385091342,-0.37394571751414274,,
ace,6.0,0,210,300,5.833333333333333,PAC hyperprior,1.1151958359460803,,,,,,,,,,,,,1.0,0.125,1.2610199092942562,105.0,,,False,1.309255812541931
ace,6.0,0,210,300,5.833333333333333,PAC hyperprior,1.1149218866153068,,,,,,,,,,,,,1.0,0.25,1.4582409118326227,105.0,,,False,1.511685817773773
ace,6.0,0,210,300,5.833333333333333,PAC hyperprior,1.0823378156531427,,,,,,,,,,,,,1.0,0.5,1.976147290738589,105.0,,,False,2.0344321382590147
ace,6.0,0,210,300,5.833333333333333,PAC hyperprior,1.0141254248920721,,,,,,,,,,,,,1.0,1.0,2.7758848858574283,105.0,,,True,2.8352975013339954
ace,6.0,1,210,300,5.833333333333333,fitted ellipse,0.9991980951566024,3.9152988053689555,-2.4434347305634674,-3.4095867443652024,-7.780833106317392,-6.302599148145956,4.605170185988092,1.7791327919179747,0.5620715915881472,1.2863881391941627,0.7773703515537962,19.176634694625285,0.006666666666666667,,,,,,,,
ace,6.0,1,210,300,5.833333333333333,PAC hyperposterior,0.8127913819742634,,,,-4.785180185788366,,,,,,,,0.005817057291666667,0.0,0.5,1.0713437898198253,105.0,0.02191826854885237,-0.4541427978012933,,
ace,6.0,1,210,300,5.833333333333333,PAC hyperprior,1.1363198462522406,,,,,,,,,,,,,0.0,0.125,1.3036316877350738,105.0,,,False,1.354104412781643
ace,6.0,1,210,300,5.833333333333333,PAC hyperprior,1.1349444316795139,,,,,,,,,,,,,0.0,0.25,1.7258149012740225,105.0,,,False,1.7852275167500489
ace,6.0,1,210,300,5.833333333333333,PAC hyperprior,1.1315227474408451,,,,,,,,,,,,,0.0,0.5,2.2326517598649387,105.0,,,True,2.292064368979376
ace,6.0,1,210,300,5.833333333333333,PAC hyperprior,1.0885371228211826,,,,,,,,,,,,,0.0,1.0,2.560697666255563,105.0,,,False,2.620082195130726
ace,6.0,1,210,300,5.833333333333333,PAC hyperposterior,0.9052144711504873,,,,-4.785180185788366,,,,,,,,0.005107421875,1.0,1.0,1.9705497727474304,105.0,0.02191826854885237,-0.4541427978012933,,
ace,6.0,1,210,300,5.833333333333333,PAC hyperprior,1.8992487209652502,,,,,,,,,,,,,1.0,0.125,2.135590880186818,105.0,,,False,2.1908812080697313
ace,6.0,1,210,300,5.833333333333333,PAC hyperprior,1.877272164144998,,,,,,,,,,,,,1.0,0.25,2.460049284993749,105.0,,,False,2.5193687716694164
ace,6.0,1,210,300,5.833333333333333,PAC hyperprior,1.7768169938241485,,,,,,,,,,,,,1.0,0.5,2.941855825407231,105.0,,,False,3.0009366763404373
ace,6.0,1,210,300,5.833333333333333,PAC hyperprior,1.5903934792903238,,,,,,,,,,,,,1.0,1.0,3.4840279708959145,105.0,,,True,3.543440584843891
ace,6.0,2,210,300,5.833333333333333,fitted ellipse,0.9767203469816694,3.357756874857628,-2.3080235076543447,-3.1033516620760455,-7.780833106317392,-5.593766660413104,4.605170185988092,1.8242698662210157,0.548164511466445,1.0952477175862532,0.9130354566762635,19.176634694625285,0.0033333333333333335,,,,,,,,
ace,6.0,2,210,300,5.833333333333333,PAC hyperposterior,0.7445256734863309,,,,-4.785180185788366,,,,,,,,0.00296875,0.0,1.0,1.470105752654234,105.0,0.4287086468256196,-0.047172315154838884,,
ace,6.0,2,210,300,5.833333333333333,PAC hyperprior,1.150152270913436,,,,,,,,,,,,,0.0,0.125,1.3024295599397056,105.0,,,False,1.3560472077624386
ace,6.0,2,210,300,5.833333333333333,PAC hyperprior,1.1359737808076813,,,,,,,,,,,,,0.0,0.25,1.5175665077444083,105.0,,,False,1.5767380691900463
ace,6.0,2,210,300,5.833333333333333,PAC hyperprior,1.1059674993594797,,,,,,,,,,,,,0.0,0.5,2.247717465552363,105.0,,,False,2.307130080998732
ace,6.0,2,210,300,5.833333333333333,PAC hyperprior,1.017102374480782,,,,,,,,,,,,,0.0,1.0,3.198875254199738,105.0,,,True,3.2582878581444685
ace,6.0,2,210,300,5.833333333333333,PAC hyperposterior,0.5989756237364561,,,,-4.785180185788366,,,,,,,,0.005608723958333333,1.0,1.0,1.7008781064828764,105.0,0.4287086468256196,-0.047172315154838884,,
ace,6.0,2,210,300,5.833333333333333,PAC hyperprior,1.40445316024161,,,,,,,,,,,,,1.0,0.125,1.7795479182951142,105.0,,,False,1.8387645798572114
ace,6.0,2,210,300,5.833333333333333,PAC hyperprior,1.395985903257361,,,,,,,,,,,,,1.0,0.25,1.9990715927164455,105.0,,,False,2.0578171521138167
ace,6.0,2,210,300,5.833333333333333,PAC hyperprior,1.3601379933438567,,,,,,,,,,,,,1.0,0.5,2.6579752712390525,105.0,,,False,2.713057782864716
ace,6.0,2,210,300,5.833333333333333,PAC hyperprior,1.225447520353169,,,,,,,,,,,,,1.0,1.0,3.5450553288723192,105.0,,,True,3.6044679428235185
ace,6.0,3,210,300,5.833333333333333,fitted ellipse,0.9508602432560096,3.144567542990252,-2.261715812219139,-3.132382775953451,-7.780833106317392,-5.774962174766931,4.605170185988092,1.8397057646994177,0.5435651826439681,1.1710821208492639,0.853911081209919,19.176634694625285,0.006666666666666667,,,,,,,,
ace,6.0,3,210,300,5.833333333333333,PAC hyperposterior,0.7265606603941946,,,,-4.785180185788366,,,,,,,,0.0029459635416666666,0.0,0.5,1.2775124877680404,105.0,0.15422541165133907,-0.3230739065546424,,
ace,6.0,3,210,300,5.833333333333333,PAC hyperprior,1.0307467385402984,,,,,,,,,,,,,0.0,0.125,1.1893312585032598,105.0,,,False,1.2369127220362284
ace,6.0,3,210,300,5.833333333333333,PAC hyperprior,1.043582574662293,,,,,,,,,,,,,0.0,0.25,1.7347896649735202,105.0,,,False,1.7942022751409112
ace,6.0,3,210,300,5.833333333333333,PAC hyperprior,1.007318062024071,,,,,,,,,,,,,0.0,0.5,2.385149347905458,105.0,,,True,2.4445619633820233
ace,6.0,3,210,300,5.833333333333333,PAC hyperprior,0.9566212166912791,,,,,,,,,,,,,0.0,1.0,3.179528388222922,105.0,,,False,3.2389410036875006
ace,6.0,3,210,300,5.833333333333333,PAC hyperposterior,0.6883683210190583,,,,-4.785180185788366,,,,,,,,0.005198567708333333,1.0,1.0,2.3237772025621015,105.0,0.15422541165133907,-0.3230739065546424,,
ace,6.0,3,210,300,5.833333333333333,PAC hyperprior,1.4538967109416334,,,,,,,,,,,,,1.0,0.125,1.727025030512727,105.0,,,False,1.7862236710289423
ace,6.0,3,210,300,5.833333333333333,PAC hyperprior,1.4322365040149203,,,,,,,,,,,,,1.0,0.25,2.092197104766245,105.0,,,False,2.1511102101204704
ace,6.0,3,210,300,5.833333333333333,PAC hyperprior,1.419867844098407,,,,,,,,,,,,,1.0,0.5,2.5433349928235143,105.0,,,False,2.6014635464981524
ace,6.0,3,210,300,5.833333333333333,PAC hyperprior,1.2398496616950667,,,,,,,,,,,,,1.0,1.0,3.276008188599932,105.0,,,True,3.335183907913848
ace,6.0,4,210,300,5.833333333333333,fitted ellipse,0.9497076574932128,3.7125326815090345,-2.2879901587468874,-3.1489450547020117,-7.780833106317392,-5.751551237297894,4.605170185988092,1.8309476491901682,0.5461652606191674,1.1545203595170024,0.8661605590206772,19.176634694625285,0.006666666666666667,,,,,,,,
ace,6.0,4,210,300,5.833333333333333,PAC hyperposterior,0.8850903526072395,,,,-4.785180185788366,,,,,,,,0.011888020833333334,0.0,1.0,1.752084206024395,105.0,0.11436419682371035,-0.3628608844096939,,
ace,6.0,4,210,300,5.833333333333333,PAC hyperprior,1.5713419267432742,,,,,,,,,,,,,0.0,0.125,1.8625521871533766,105.0,,,False,1.9213527306628357
ace,6.0,4,210,300,5.833333333333333,PAC hyperprior,1.5550532131890589,,,,,,,,,,,,,0.0,0.25,2.1974921796403626,105.0,,,False,2.2569047950011942
ace,6.0,4,210,300,5.833333333333333,PAC hyperprior,1.5178330819486165,,,,,,,,,,,,,0.0,0.5,2.5970592844905567,105.0,,,False,2.6553945886230306
ace,6.0,4,210,300,5.833333333333333,PAC hyperprior,1.3280920152558486,,,,,,,,,,,,,0.0,1.0,3.0597422698386243,105.0,,,True,3.118984803962512
ace,6.0,4,210,300,5.833333333333333,PAC hyperposterior,0.6180087805144701,,,,-4.785180185788366,,,,,,,,0.00380859375,1.0,1.0,1.8782239502468634,105.0,0.11436419682371035,-0.3628608844096939,,
ace,6.0,4,210,300,5.833333333333333,PAC hyperprior,1.261212752918433,,,,,,,,,,,,,1.0,0.125,1.5283922569326494,105.0,,,False,1.5876922585508506
ace,6.0,4,210,300,5.833333333333333,PAC hyperprior,1.242592748766413,,,,,,,,,,,,,1.0,0.25,1.9708078515215992,105.0,,,False,2.030220466889169
ace,6.0,4,210,300,5.833333333333333,PAC hyperprior,1.182918683143163,,,,,,,,,,,,,1.0,0.5,2.449216048081012,105.0,,,False,2.5086076921810836
ace,6.0,4,210,300,5.833333333333333,PAC hyperprior,1.0722255841955626,,,,,,,,,,,,,1.0,1.0,3.6006413037542697,105.0,,,True,3.660053919230837
ace,6.0,5,210,300,5.833333333333333,fitted ellipse,0.8903592441795398,3.0894456277591336,-2.4663296325861728,-3.297957812707459,-7.780833106317392,-5.81963854626563,4.605170185988092,1.7715011579104063,0.5644929982318279,1.1177696378931525,0.8946387217001772,19.176634694625285,0.0033333333333333335,,,,,,,,
ace,6.0,5,210,300,5.833333333333333,PAC hyperposterior,1.131359495121921,,,,-4.785180185788366,,,,,,,,0.010335286458333334,0.0,0.25,1.5797212348194267,105.0,0.09689686104415607,-0.37868331132186484,,
ace,6.0,5,210,300,5.833333333333333,PAC hyperprior,1.2333910007787083,,,,,,,,,,,,,0.0,0.125,1.4320485042457725,105.0,,,False,1.4858915982248861
ace,6.0,5,210,300,5.833333333333333,PAC hyperprior,1.2201263984998147,,,,,,,,,,,,,0.0,0.25,1.7813479837739021,105.0,,,True,1.8407605942731005
ace,6.0,5,210,300,5.833333333333333,PAC hyperprior,1.1875540524896722,,,,,,,,,,,,,0.0,0.5,2.2265353784879816,105.0,,,False,2.2857554183184945
ace,6.0,5,210,300,5.833333333333333,PAC hyperprior,1.081159901143883,,,,,,,,,,,,,0.0,1.0,2.8341043758078817,105.0,,,False,2.893516975451819
ace,6.0,5,210,300,5.833333333333333,PAC hyperposterior,0.7492966151815315,,,,-4.785180185788366,,,,,,,,0.004599609375,1.0,1.0,0.999853851547276,105.0,0.09689686104415607,-0.37868331132186484,,
ace,6.0,5,210,300,5.833333333333333,PAC hyperprior,1.244821893721657,,,,,,,,,,,,,1.0,0.125,1.512091331404011,105.0,,,False,1.571484998072842
ace,6.0,5,210,300,5.833333333333333,PAC hyperprior,1.222839659769523,,,,,,,,,,,,,1.0,0.25,1.741067087519814,105.0,,,False,1.8004736385429325
ace,6.0,5,210,300,5.833333333333333,PAC hyperprior,1.1958453499227377,,,,,,,,,,,,,1.0,0.5,2.1886037565606427,105.0,,,False,2.2480157355119337
ace,6.0,5,210,300,5.833333333333333,PAC hyperprior,1.1017183875147425,,,,,,,,,,,,,1.0,1.0,2.6714715489668794,105.0,,,True,2.7308837273223645
ace,6.0,6,210,300,5.833333333333333,fitted ellipse,0.9136965476711936,3.432179464728773,-2.472131365682206,-3.254283275172141,-7.780833106317392,-5.8702183716085115,4.605170185988092,1.7695672468783954,0.5651099169947057,1.132695668642102,0.8828496724092005,19.176634694625285,0.0033333333333333335,,,,,,,,
ace,6.0,6,210,300,5.833333333333333,PAC hyperposterior,0.7062023886133542,,,,-4.785180185788366,,,,,,,,0.0075032552083333336,0.0,1.0,1.6413323529555328,105.0,0.28230879722933944,-0.1937196069208218,,
ace,6.0,6,210,300,5.833333333333333,PAC hyperprior,1.1248287322700863,,,,,,,,,,,,,0.0,0.125,1.3143335236857765,105.0,,,False,1.372856053836653
ace,6.0,6,210,300,5.833333333333333,PAC hyperprior,1.1293734234955286,,,,,,,,,,,,,0.0,0.25,1.5286548896579364,105.0,,,False,1.5864162922316698
ace,6.0,6,210,300,5.833333333333333,PAC hyperprior,1.1064485160595843,,,,,,,,,,,,,0.0,0.5,2.352196968205589,105.0,,,False,2.4116095822859354
ace,6.0,6,210,300,5.833333333333333,PAC hyperprior,1.0552883868408853,,,,,,,,,,,,,0.0,1.0,2.7372610069285606,105.0,,,True,2.7966603906064744
ace,6.0,6,210,300,5.833333333333333,PAC hyperposterior,0.7219533995656748,,,,-4.785180185788366,,,,,,,,0.0064127604166666664,1.0,1.0,2.655839630554353,105.0,0.28230879722933944,-0.1937196069208218,,
ace,6.0,6,210,300,5.833333333333333,PAC hyperprior,1.1782055581111077,,,,,,,,,,,,,1.0,0.125,1.351507779539471,105.0,,,False,1.4081608081687094
ace,6.0,6,210,300,5.833333333333333,PAC hyperprior,1.181744890994528,,,,,,,,,,,,,1.0,0.25,1.606086220904622,105.0,,,False,1.663780785692384
ace,6.0,6,210,300,5.833333333333333,PAC hyperprior,1.1362666521148743,,,,,,,,,,,,,1.0,0.5,2.4750953452212237,105.0,,,False,2.534507960697754
ace,6.0,6,210,300,5.833333333333333,PAC hyperprior,1.0389135225359476,,,,,,,,,,,,,1.0,1.0,3.310556866611397,105.0,,,True,3.369956468919023
ace,6.0,7,210,300,5.833333333333333,fitted ellipse,0.9189515961063908,3.3367135896895763,-2.3896273783412894,-3.323181892331258,-7.780833106317392,-6.014784511231382,4.605170185988092,1.797068575992034,0.5564617919201948,1.2083857109633642,0.827550335068732,19.176634694625285,0.0,,,,,,,,
ace,6.0,7,210,300,5.833333333333333,PAC hyperposterior,0.6516991684605098,,,,-4.785180185788366,,,,,,,,0.006578776041666666,0.0,1.0,1.570763681467909,105.0,-0.042675335398901115,-0.5198467326757541,,
ace,6.0,7,210,300,5.833333333333333,PAC hyperprior,1.0450913560351902,,,,,,,,,,,,,0.0,0.125,1.2510917818425973,105.0,,,False,1.3104823845756037
ace,6.0,7,210,300,5.833333333333333,PAC hyperprior,1.0528519864866752,,,,,,,,,,,,,0.0,0.25,1.4940265430027408,105.0,,,False,1.5502547545292256
ace,6.0,7,210,300,5.833333333333333,PAC hyperprior,1.0651077996478797,,,,,,,,,,,,,0.0,0.5,1.9037724769883901,105.0,,,False,1.9571672095355543
ace,6.0,7,210,300,5.833333333333333,PAC hyperprior,1.0171738139471262,,,,,,,,,,,,,0.0,1.0,2.7046066408340987,105.0,,,True,2.764019256310519
ace,6.0,7,210,300,5.833333333333333,PAC hyperposterior,0.7641702724399118,,,,-4.785180185788366,,,,,,,,0.006611328125,1.0,0.5,1.277783954104298,105.0,-0.042675335398901115,-0.5198467326757541,,
ace,6.0,7,210,300,5.833333333333333,PAC hyperprior,0.8888571175117779,,,,,,,,,,,,,1.0,0.125,1.0192992118575417,105.0,,,False,1.0724025512957365
ace,6.0,7,210,300,5.833333333333333,PAC hyperprior,0.8854070632400408,,,,,,,,,,,,,1.0,0.25,1.3016567787524262,105.0,,,False,1.3610685809449503
ace,6.0,7,210,300,5.833333333333333,PAC hyperprior,0.9211372440355925,,,,,,,,,,,,,1.0,0.5,2.4979993588554636,105.0,,,True,2.5574119743320303
ace,6.0,7,210,300,5.833333333333333,PAC hyperprior,0.9481046331500715,,,,,,,,,,,,,1.0,1.0,2.8316417388747,105.0,,,False,2.891049463717078
ace,6.0,8,210,300,5.833333333333333,fitted ellipse,0.7723591703813097,2.990702368865913,-2.366605903169785,-2.98301463831713,-7.780833106317392,-5.757204125319047,4.605170185988092,1.8047424010492021,0.5540956977675272,1.1301994073830874,0.8847996145347866,19.176634694625285,0.0,,,,,,,,
ace,6.0,8,210,300,5.833333333333333,PAC hyperposterior,0.8945927223903543,,,,-4.785180185788366,,,,,,,,0.0030501302083333335,0.0,0.5,1.6477667707439378,105.0,0.5987218641868011,0.1268612127014883,,
ace,6.0,8,210,300,5.833333333333333,PAC hyperprior,1.1743841030352828,,,,,,,,,,,,,0.0,0.125,1.3745861485040944,105.0,,,False,1.4320931838474342
ace,6.0,8,210,300,5.833333333333333,PAC hyperprior,1.1589852642149314,,,,,,,,,,,,,0.0,0.25,1.5993882090988085,105.0,,,False,1.656677601885244
ace,6.0,8,210,300,5.833333333333333,PAC hyperprior,1.148087135364817,,,,,,,,,,,,,0.0,0.5,2.304069612749769,105.0,,,True,2.363482228197954
ace,6.0,8,210,300,5.833333333333333,PAC hyperprior,1.0987142514309636,,,,,,,,,,,,,0.0,1.0,3.3097149316214556,105.0,,,False,3.3691275469767614
ace,6.0,8,210,300,5.833333333333333,PAC hyperposterior,0.5835282017534409,,,,-4.785180185788366,,,,,,,,0.0,1.0,1.0,0.5983459080431232,105.0,0.5987218641868011,0.1268612127014883,,
ace,6.0,8,210,300,5.833333333333333,PAC hyperprior,1.6138152127824068,,,,,,,,,,,,,1.0,0.125,1.9706201060270283,105.0,,,False,2.0300312855924068
ace,6.0,8,210,300,5.833333333333333,PAC hyperprior,1.570745506070281,,,,,,,,,,,,,1.0,0.25,2.172216715365668,105.0,,,False,2.231574073756894
ace,6.0,8,210,300,5.833333333333333,PAC hyperprior,1.5657896685490735,,,,,,,,,,,,,1.0,0.5,2.9336933147155504,105.0,,,False,2.993105922454774
ace,6.0,8,210,300,5.833333333333333,PAC hyperprior,1.4557119443258757,,,,,,,,,,,,,1.0,1.0,3.5622705754530144,105.0,,,True,3.621679497170856
ace,6.0,9,210,300,5.833333333333333,fitted ellipse,0.9103488524882071,2.901245344951801,-2.431312658230857,-3.208780735943389,-7.780833106317392,-5.751776269285086,4.605170185988092,1.7831734826955117,0.5607979311627955,1.1068212036847431,0.9034882930240925,19.176634694625285,0.0,,,,,,,,
ace,6.0,9,210,300,5.833333333333333,PAC hyperposterior,0.8160028534417021,,,,-4.785180185788366,,,,,,,,0.0023404947916666665,0.0,0.5,1.6010936434876044,105.0,-0.2615304934407363,-0.7378271401201721,,
ace,6.0,9,210,300,5.833333333333333,PAC hyperprior,1.0707097063586373,,,,,,,,,,,,,0.0,0.125,1.331403800493127,105.0,,,False,1.3899288354861365
ace,6.0,9,210,300,5.833333333333333,PAC hyperprior,1.0865702897761684,,,,,,,,,,,,,0.0,0.25,1.81885866972878,105.0,,,False,1.8782712851980357
ace,6.0,9,210,300,5.833333333333333,PAC hyperprior,1.0535853778680906,,,,,,,,,,,,,0.0,0.5,2.3895916062471843,105.0,,,True,2.449004221723751
ace,6.0,9,210,300,5.833333333333333,PAC hyperprior,0.9630551466676195,,,,,,,,,,,,,0.0,1.0,3.1154867978226113,105.0,,,False,3.1748982667709402
ace,6.0,9,210,300,5.833333333333333,PAC hyperposterior,0.7536158094817058,,,,-4.785180185788366,,,,,,,,0.009417317708333333,1.0,0.5,1.4139131585771387,105.0,-0.2615304934407363,-0.7378271401201721,,
ace,6.0,9,210,300,5.833333333333333,PAC hyperprior,0.9479270653064247,,,,,,,,,,,,,1.0,0.125,1.191578065296405,105.0,,,False,1.250987826850122
ace,6.0,9,210,300,5.833333333333333,PAC hyperprior,0.9397647566577763,,,,,,,,,,,,,1.0,0.25,1.479834444479328,105.0,,,False,1.539000659287268
ace,6.0,9,210,300,5.833333333333333,PAC hyperprior,0.9509951372661051,,,,,,,,,,,,,1.0,0.5,2.13005546758824,105.0,,,True,2.1894680830648063
ace,6.0,9,210,300,5.833333333333333,PAC hyperprior,0.8993116247736449,,,,,,,,,,,,,1.0,1.0,2.9151120369531918,105.0,,,False,2.968916898564963
ace,6.0,10,210,300,5.833333333333333,fitted ellipse,0.9793180315378205,4.972020115254697,-2.3527170819482564,-3.3674774852321576,-7.780833106317392,-5.619756965582401,4.605170185988092,1.809372008123045,0.5526779432369752,1.089013294544715,0.918262435370976,19.176634694625285,0.013333333333333334,,,,,,,,
ace,6.0,10,210,300,5.833333333333333,PAC hyperposterior,0.8948994077769262,,,,-4.785180185788366,,,,,,,,0.026735026041666665,0.0,0.5,1.5736683429814375,105.0,-0.2445938613464511,-0.7209361998422184,,
ace,6.0,10,210,300,5.833333333333333,PAC hyperprior,1.058612592551912,,,,,,,,,,,,,0.0,0.125,1.198606855834215,105.0,,,False,1.251301940482941
ace,6.0,10,210,300,5.833333333333333,PAC hyperprior,1.0603036075447647,,,,,,,,,,,,,0.0,0.25,1.54882556393728,105.0,,,False,1.608214258011019
ace,6.0,10,210,300,5.833333333333333,PAC hyperprior,1.0448248059969028,,,,,,,,,,,,,0.0,0.5,1.862417803947957,105.0,,,True,1.9217394262213938
ace,6.0,10,210,300,5.833333333333333,PAC hyperprior,0.9809601561929941,,,,,,,,,,,,,0.0,1.0,2.8137295835575746,105.0,,,False,2.8730108268652934
ace,6.0,10,210,300,5.833333333333333,PAC hyperposterior,0.6043922717238881,,,,-4.785180185788366,,,,,,,,0.0009830729166666666,1.0,0.5,1.0694803987076187,105.0,-0.2445938613464511,-0.7209361998422184,,
ace,6.0,10,210,300,5.833333333333333,PAC hyperprior,0.7672337367270754,,,,,,,,,,,,,1.0,0.125,0.9141756874604735,105.0,,,False,0.9725664765298152
ace,6.0,10,210,300,5.833333333333333,PAC hyperprior,0.772227878961451,,,,,,,,,,,,,1.0,0.25,1.165562933945822,105.0,,,False,1.2247672646204428
ace,6.0,10,210,300,5.833333333333333,PAC hyperprior,0.7720415095325888,,,,,,,,,,,,,1.0,0.5,1.841441325968375,105.0,,,True,1.900853941397954
ace,6.0,10,210,300,5.833333333333333,PAC hyperprior,0.7479089694242029,,,,,,,,,,,,,1.0,1.0,3.0291775272764654,105.0,,,False,3.0885901427530325
ace,6.0,11,210,300,5.833333333333333,fitted ellipse,0.9793128964648989,3.8798935249246824,-2.48082160282606,-3.3635599680537833,-7.780833106317392,-6.313418097291772,4.605170185988092,1.7666705011637773,0.5660365072837632,1.2775321648219042,0.782759156705386,19.176634694625285,0.02,,,,,,,,
ace,6.0,11,210,300,5.833333333333333,PAC hyperposterior,0.9183949364407527,,,,-4.785180185788366,,,,,,,,0.00984375,0.0,1.0,2.195841300103062,105.0,0.2620332865970054,-0.21449648755452122,,
ace,6.0,11,210,300,5.833333333333333,PAC hyperprior,1.4619942607789782,,,,,,,,,,,,,0.0,0.125,1.70926479026553,105.0,,,False,1.7647625505305058
ace,6.0,11,210,300,5.833333333333333,PAC hyperprior,1.4647193383373929,,,,,,,,,,,,,0.0,0.25,1.968180524128891,105.0,,,False,2.025884823218786
ace,6.0,11,210,300,5.833333333333333,PAC hyperprior,1.448792034973704,,,,,,,,,,,,,0.0,0.5,2.68953341606205,105.0,,,False,2.7489460315386047
ace,6.0,11,210,300,5.833333333333333,PAC hyperprior,1.3600405756555263,,,,,,,,,,,,,0.0,1.0,3.24314170031305,105.0,,,True,3.302552997916223
ace,6.0,11,210,300,5.833333333333333,PAC hyperposterior,0.8110539846859632,,,,-4.785180185788366,,,,,,,,0.00525390625,1.0,1.0,1.1743095031661632,105.0,0.2620332865970054,-0.21449648755452122,,
ace,6.0,11,210,300,5.833333333333333,PAC hyperprior,1.8379944485375463,,,,,,,,,,,,,1.0,0.125,2.120506491385995,105.0,,,False,2.173501475123304
ace,6.0,11,210,300,5.833333333333333,PAC hyperprior,1.8375238711960629,,,,,,,,,,,,,1.0,0.25,2.5802248639011602,105.0,,,False,2.6396374793777237
ace,6.0,11,210,300,5.833333333333333,PAC hyperprior,1.7628306000050347,,,,,,,,,,,,,1.0,0.5,2.9816152287879416,105.0,,,False,3.0410278436488483
ace,6.0,11,210,300,5.833333333333333,PAC hyperprior,1.5960942681580634,,,,,,,,,,,,,1.0,1.0,3.458276070677035,105.0,,,True,3.5141664361982574
ace,6.0,12,210,300,5.833333333333333,fitted ellipse,0.9066444466622432,3.589581411418585,-2.3824240138623547,-3.392935383590476,-7.780833106317392,-5.810370394338444,4.605170185988092,1.7994696974850122,0.5557192774057975,1.14264879349203,0.8751595465689126,19.176634694625285,0.0033333333333333335,,,,,,,,
ace,6.0,12,210,300,5.833333333333333,PAC hyperposterior,0.6561719267786402,,,,-4.785180185788366,,,,,,,,0.0011165364583333333,0.0,1.0,1.2752747131836426,105.0,0.7016684811064033,0.22860686462162239,,
ace,6.0,12,210,300,5.833333333333333,PAC hyperprior,1.45492839072692,,,,,,,,,,,,,0.0,0.125,1.6970162337461077,105.0,,,False,1.750997662833882
ace,6.0,12,210,300,5.833333333333333,PAC hyperprior,1.4517491058971541,,,,,,,,,,,,,0.0,0.25,1.945429582937321,105.0,,,False,2.004423940253713
ace,6.0,12,210,300,5.833333333333333,PAC hyperprior,1.4096641498357703,,,,,,,,,,,,,0.0,0.5,2.7620735326358337,105.0,,,False,2.8214861481124007
ace,6.0,12,210,300,5.833333333333333,PAC hyperprior,1.2712975782917386,,,,,,,,,,,,,0.0,1.0,2.9892534494006515,105.0,,,True,3.0486099885133147
ace,6.0,12,210,300,5.833333333333333,PAC hyperposterior,0.8386297802374068,,,,-4.785180185788366,,,,,,,,0.006611328125,1.0,1.0,0.9797948858441833,105.0,0.7016684811064033,0.22860686462162239,,
ace,6.0,12,210,300,5.833333333333333,PAC hyperprior,1.643069978366716,,,,,,,,,,,,,1.0,0.125,1.842055023165699,105.0,,,False,1.8971093642466048
ace,6.0,12,210,300,5.833333333333333,PAC hyperprior,1.6420467721219754,,,,,,,,,,,,,1.0,0.25,2.2259773635298483,105.0,,,False,2.2853884417612225
ace,6.0,12,210,300,5.833333333333333,PAC hyperprior,1.6352109346761066,,,,,,,,,,,,,1.0,0.5,2.7224664219433516,105.0,,,False,2.781376521063528
ace,6.0,12,210,300,5.833333333333333,PAC hyperprior,1.475746253068831,,,,,,,,,,,,,1.0,1.0,3.2933458564268183,105.0,,,True,3.3527584158162504
ace,6.0,13,210,300,5.833333333333333,fitted ellipse,1.0135140564896226,3.5656020111515923,-2.3674173764353594,-3.122812444064398,-7.780833106317392,-5.730025140799671,4.605170185988092,1.8044719099606776,0.5541787569426845,1.1208692547881038,0.8921647156688639,19.176634694625285,0.0033333333333333335,,,,,,,,
ace,6.0,13,210,300,5.833333333333333,PAC hyperposterior,0.8514118978424474,,,,-4.785180185788366,,,,,,,,0.009153645833333333,0.0,1.0,1.779612050768573,105.0,0.4556192223248807,-0.020213747521907965,,
ace,6.0,13,210,300,5.833333333333333,PAC hyperprior,1.5322756980393093,,,,,,,,,,,,,0.0,0.125,1.8535972198398607,105.0,,,False,1.9129172016760698
ace,6.0,13,210,300,5.833333333333333,PAC hyperprior,1.510151671654457,,,,,,,,,,,,,0.0,0.25,2.228052509736526,105.0,,,False,2.2874651252130924
ace,6.0,13,210,300,5.833333333333333,PAC hyperprior,1.4854689364083706,,,,,,,,,,,,,0.0,0.5,2.662712538840531,105.0,,,False,2.7221125565115294
ace,6.0,13,210,300,5.833333333333333,PAC hyperprior,1.3302798083420875,,,,,,,,,,,,,0.0,1.0,3.3840209473042,105.0,,,True,3.4434335627807666
ace,6.0,13,210,300,5.833333333333333,PAC hyperposterior,0.5892658932654389,,,,-4.785180185788366,,,,,,,,0.0019205729166666666,1.0,1.0,1.2060112558517304,105.0,0.4556192223248807,-0.020213747521907965,,
ace,6.0,13,210,300,5.833333333333333,PAC hyperprior,1.3413304521533678,,,,,,,,,,,,,1.0,0.125,1.6015935120323026,105.0,,,False,1.655581221314156
ace,6.0,13,210,300,5.833333333333333,PAC hyperprior,1.3383520555441442,,,,,,,,,,,,,1.0,0.25,1.828591179637184,105.0,,,False,1.8812863762021887
ace,6.0,13,210,300,5.833333333333333,PAC hyperprior,1.2679896792958558,,,,,,,,,,,,,1.0,0.5,2.37956950486142,105.0,,,False,2.4389548330039013
ace,6.0,13,210,300,5.833333333333333,PAC hyperprior,1.159176372120194,,,,,,,,,,,,,1.0,1.0,2.9194326243701676,105.0,,,True,2.97884195688256
ace,6.0,14,210,300,5.833333333333333,fitted ellipse,0.842514050798937,3.02987702517872,-2.5041287831682864,-3.1999609174875276,-7.780833106317392,-5.912030974336518,4.605170185988092,1.7589014410497017,0.5685366881064161,1.135967397056077,0.8803069547520077,19.176634694625285,0.0033333333333333335,,,,,,,,
ace,6.0,14,210,300,5.833333333333333,PAC hyperposterior,0.49549570150933275,,,,-4.785180185788366,,,,,,,,0.0024576822916666666,0.0,1.0,0.7004914448641393,105.0,0.18435086790992905,-0.29292964124113574,,
ace,6.0,14,210,300,5.833333333333333,PAC hyperprior,1.1483732924261598,,,,,,,,,,,,,0.0,0.125,1.418852184504171,105.0,,,False,1.474528104819468
ace,6.0,14,210,300,5.833333333333333,PAC hyperprior,1.1406701462288145,,,,,,,,,,,,,0.0,0.25,1.725945226177357,105.0,,,False,1.785357838202037
ace,6.0,14,210,300,5.833333333333333,PAC hyperprior,1.1186615939444333,,,,,,,,,,,,,0.0,0.5,2.62064437558038,105.0,,,False,2.680056991056947
ace,6.0,14,210,300,5.833333333333333,PAC hyperprior,1.0337688236320264,,,,,,,,,,,,,0.0,1.0,3.169721124122341,105.0,,,True,3.2291337395989075
ace,6.0,14,210,300,5.833333333333333,PAC hyperposterior,1.011406817244196,,,,-4.785180185788366,,,,,,,,0.013118489583333334,1.0,1.0,1.6782908403580252,105.0,0.18435086790992905,-0.29292964124113574,,
ace,6.0,14,210,300,5.833333333333333,PAC hyperprior,1.7395122662081424,,,,,,,,,,,,,1.0,0.125,1.9874281342408584,105.0,,,False,2.0464664182885546
ace,6.0,14,210,300,5.833333333333333,PAC hyperprior,1.7229975213297402,,,,,,,,,,,,,1.0,0.25,2.3681352097283472,105.0,,,False,2.4275478252011027
ace,6.0,14,210,300,5.833333333333333,PAC hyperprior,1.6978846442765718,,,,,,,,,,,,,1.0,0.5,2.6972258526569264,105.0,,,False,2.7566361154915544
ace,6.0,14,210,300,5.833333333333333,PAC hyperprior,1.4596310251557871,,,,,,,,,,,,,1.0,1.0,3.153157522218049,105.0,,,True,3.212570137694616
ace,6.0,15,210,300,5.833333333333333,fitted ellipse,0.8472554567472343,3.158725125632882,-2.289638835759406,-3.151132025444785,-7.780833106317392,-5.601959339921662,4.605170185988092,1.830398090185995,0.5463292413610339,1.104106834720752,0.9057094554196085,19.176634694625285,0.01,,,,,,,,
ace,6.0,15,210,300,5.833333333333333,PAC hyperposterior,0.7398375025719736,,,,-4.785180185788366,,,,,,,,0.003505859375,0.0,0.5,1.3877230038905302,105.0,0.4284118465486393,-0.04471607305309444,,
ace,6.0,15,210,300,5.833333333333333,PAC hyperprior,0.9814389551433571,,,,,,,,,,,,,0.0,0.125,1.1706524798645386,105.0,,,False,1.2288375956751736
ace,6.0,15,210,300,5.833333333333333,PAC hyperprior,0.9777803348000922,,,,,,,,,,,,,0.0,0.25,1.3721802810361057,105.0,,,False,1.429483331806999
ace,6.0,15,210,300,5.833333333333333,PAC hyperprior,0.9511848668386598,,,,,,,,,,,,,0.0,0.5,1.9733605347546477,105.0,,,True,2.0327731324531353
ace,6.0,15,210,300,5.833333333333333,PAC hyperprior,0.8793049140951816,,,,,,,,,,,,,0.0,1.0,3.0983608734541166,105.0,,,False,3.157773488930683
ace,6.0,15,210,300,5.833333333333333,PAC hyperposterior,0.7345230367166317,,,,-4.785180185788366,,,,,,,,0.0,1.0,1.0,0.7675610174620453,105.0,0.4284118465486393,-0.04471607305309444,,
ace,6.0,15,210,300,5.833333333333333,PAC hyperprior,1.5371958125861505,,,,,,,,,,,,,1.0,0.125,1.781029949915176,105.0,,,False,1.840379143072603
ace,6.0,15,210,300,5.833333333333333,PAC hyperprior,1.532002782303652,,,,,,,,,,,,,1.0,0.25,2.0311942131432206,105.0,,,False,2.0904566052097353
ace,6.0,15,210,300,5.833333333333333,PAC hyperprior,1.511342115718275,,,,,,,,,,,,,1.0,0.5,2.5154992825548734,105.0,,,False,2.5749118821751082
ace,6.0,15,210,300,5.833333333333333,PAC hyperprior,1.3811895006289807,,,,,,,,,,,,,1.0,1.0,2.924874033173697,105.0,,,True,2.984265340977432
ace,6.0,16,210,300,5.833333333333333,fitted ellipse,0.821003550469614,2.8895350386024687,-2.542640667155568,-3.08198020635509,-7.780833106317392,-5.791706836906587,4.605170185988092,1.7460641463872744,0.5727166450723291,1.083022056583673,0.923342229201166,19.176634694625285,0.0033333333333333335,,,,,,,,
ace,6.0,16,210,300,5.833333333333333,PAC hyperposterior,0.7179806741609542,,,,-4.785180185788366,,,,,,,,0.004954427083333333,0.0,1.0,2.3714932900194428,105.0,0.1968556892797455,-0.2802446801708065,,
ace,6.0,16,210,300,5.833333333333333,PAC hyperprior,0.9877050390716912,,,,,,,,,,,,,0.0,0.125,1.2953745434684119,105.0,,,False,1.3547868262611305
ace,6.0,16,210,300,5.833333333333333,PAC hyperprior,0.9804225441088752,,,,,,,,,,,,,0.0,0.25,1.709077572296547,105.0,,,False,1.7684782894879376
ace,6.0,16,210,300,5.833333333333333,PAC hyperprior,0.9963978162625804,,,,,,,,,,,,,0.0,0.5,2.0220614373642465,105.0,,,False,2.0813204871954722
ace,6.0,16,210,300,5.833333333333333,PAC hyperprior,0.958984533652226,,,,,,,,,,,,,0.0,1.0,2.937788964832084,105.0,,,True,2.9926575610544006
ace,6.0,16,210,300,5.833333333333333,PAC hyperposterior,0.5963080602456551,,,,-4.785180185788366,,,,,,,,0.0005240885416666666,1.0,1.0,1.1263081493935834,105.0,0.1968556892797455,-0.2802446801708065,,
ace,6.0,16,210,300,5.833333333333333,PAC hyperprior,0.9656532289041031,,,,,,,,,,,,,1.0,0.125,1.150952796712499,105.0,,,False,1.205105926143501
ace,6.0,16,210,300,5.833333333333333,PAC hyperprior,0.9668044891402826,,,,,,,,,,,,,1.0,0.25,1.3683129701918266,105.0,,,False,1.427546477389595
ace,6.0,16,210,300,5.833333333333333,PAC hyperprior,0.9362706543717407,,,,,,,,,,,,,1.0,0.5,1.8544825127610545,105.0,,,False,1.913709679448714
ace,6.0,16,210,300,5.833333333333333,PAC hyperprior,0.8881885749304299,,,,,,,,,,,,,1.0,1.0,2.489534178510305,105.0,,,True,2.5489467939868717
ace,6.0,17,210,300,5.833333333333333,fitted ellipse,1.1372232450098103,4.2239711821593025,-2.5728933775798963,-3.490508994706716,-7.780833106317392,-6.3670240240928475,4.605170185988092,1.735979909579165,0.576043532809328,1.264710215504317,0.7906949653294602,19.176634694625285,0.006666666666666667,,,,,,,,
ace,6.0,17,210,300,5.833333333333333,PAC hyperposterior,0.8597823456610902,,,,-4.785180185788366,,,,,,,,0.00625,0.0,0.5,1.6826961610302422,105.0,0.12185408977367462,-0.35558507629871494,,
ace,6.0,17,210,300,5.833333333333333,PAC hyperprior,1.067244722792962,,,,,,,,,,,,,0.0,0.125,1.331070441253064,105.0,,,False,1.390317656783715
ace,6.0,17,210,300,5.833333333333333,PAC hyperprior,1.0731652316307425,,,,,,,,,,,,,0.0,0.25,1.6773067113361,105.0,,,False,1.7363677894859766
ace,6.0,17,210,300,5.833333333333333,PAC hyperprior,1.0529672199283193,,,,,,,,,,,,,0.0,0.5,2.664953263862748,105.0,,,True,2.724365879339315
ace,6.0,17,210,300,5.833333333333333,PAC hyperprior,1.0232227424899152,,,,,,,,,,,,,0.0,1.0,2.873986228075838,105.0,,,False,2.9333988435419673
ace,6.0,17,210,300,5.833333333333333,PAC hyperposterior,0.721309592953332,,,,-4.785180185788366,,,,,,,,0.009078776041666667,1.0,1.0,1.0425786544433255,105.0,0.12185408977367462,-0.35558507629871494,,
ace,6.0,17,210,300,5.833333333333333,PAC hyperprior,1.3792182457034663,,,,,,,,,,,,,1.0,0.125,1.6166040523243006,105.0,,,False,1.6757363221488095
ace,6.0,17,210,300,5.833333333333333,PAC hyperprior,1.3524358661463198,,,,,,,,,,,,,1.0,0.25,1.7094635005978702,105.0,,,False,1.7683909559196849
ace,6.0,17,210,300,5.833333333333333,PAC hyperprior,1.3560145885960142,,,,,,,,,,,,,1.0,0.5,2.598081053363159,105.0,,,False,2.6574936688397255
ace,6.0,17,210,300,5.833333333333333,PAC hyperprior,1.2422161480853218,,,,,,,,,,,,,1.0,1.0,2.9520254491616464,105.0,,,True,3.01143804314062
ace,6.0,18,210,300,5.833333333333333,fitted ellipse,0.6187010418095156,2.074326639749005,-2.5787996790749887,-3.1964312159089663,-7.780833106317392,-5.666621170980176,4.605170185988092,1.7340111424141345,0.5766975629740041,1.0292738306350624,0.9715587535952406,19.176634694625285,0.0,,,,,,,,
ace,6.0,18,210,300,5.833333333333333,PAC hyperposterior,0.7812465794437927,,,,-4.785180185788366,,,,,,,,0.006624348958333333,0.0,0.5,1.6995712944047094,105.0,-0.17435817472534998,-0.6510663729541166,,
ace,6.0,18,210,300,5.833333333333333,PAC hyperprior,0.9720105675006494,,,,,,,,,,,,,0.0,0.125,1.1586303472305866,105.0,,,False,1.2179864909192162
ace,6.0,18,210,300,5.833333333333333,PAC hyperprior,0.9667256220853575,,,,,,,,,,,,,0.0,0.25,1.322389273508603,105.0,,,False,1.3774394829467997
ace,6.0,18,210,300,5.833333333333333,PAC hyperprior,0.9571503560752626,,,,,,,,,,,,,0.0,0.5,1.886141617434456,105.0,,,True,1.9455510873529072
ace,6.0,18,210,300,5.833333333333333,PAC hyperprior,0.8858462303854984,,,,,,,,,,,,,0.0,1.0,2.8971545723278407,105.0,,,False,2.956565001010498
ace,6.0,18,210,300,5.833333333333333,PAC hyperposterior,0.8528539249464844,,,,-4.785180185788366,,,,,,,,0.011494140625,1.0,0.5,1.7636600979830817,105.0,-0.17435817472534998,-0.6510663729541166,,
ace,6.0,18,210,300,5.833333333333333,PAC hyperprior,1.0347840197352556,,,,,,,,,,,,,1.0,0.125,1.1955571524252215,105.0,,,False,1.2515051667174522
ace,6.0,18,210,300,5.833333333333333,PAC hyperprior,1.0317547785140968,,,,,,,,,,,,,1.0,0.25,1.4545476672104483,105.0,,,False,1.5132043332621867
ace,6.0,18,210,300,5.833333333333333,PAC hyperprior,1.0031544935577075,,,,,,,,,,,,,1.0,0.5,2.155775740528972,105.0,,,True,2.2151883559033365
ace,6.0,18,210,300,5.833333333333333,PAC hyperprior,0.8981755954246331,,,,,,,,,,,,,1.0,1.0,2.270827969825409,105.0,,,False,2.3245214785111603
ace,6.0,19,210,300,5.833333333333333,fitted ellipse,0.8541809214198803,3.4212321339409155,-2.2693530617351327,-3.017387388480778,-7.780833106317392,-5.353294446315366,4.605170185988092,1.8371600148607528,0.5443184000909115,1.0279804615267445,0.9727811348815052,19.176634694625285,0.016666666666666666,,,,,,,,
ace,6.0,19,210,300,5.833333333333333,PAC hyperposterior,0.7014495377065049,,,,-4.785180185788366,,,,,,,,0.0023860677083333334,0.0,1.0,1.516827232240681,105.0,-0.05335195450114938,-0.5306633615470928,,
ace,6.0,19,210,300,5.833333333333333,PAC hyperprior,1.1672937671105994,,,,,,,,,,,,,0.0,0.125,1.3507735401089442,105.0,,,False,1.409350975287202
ace,6.0,19,210,300,5.833333333333333,PAC hyperprior,1.1569325857491273,,,,,,,,,,,,,0.0,0.25,1.7117730199048504,105.0,,,False,1.7650166702996897
ace,6.0,19,210,300,5.833333333333333,PAC hyperprior,1.1335182236743384,,,,,,,,,,,,,0.0,0.5,2.0619659718568646,105.0,,,False,2.1213705982035025
ace,6.0,19,210,300,5.833333333333333,PAC hyperprior,1.0032018804199139,,,,,,,,,,,,,0.0,1.0,2.473063135780431,105.0,,,True,2.5319078218778532
ace,6.0,19,210,300,5.833333333333333,PAC hyperposterior,0.7733548593731305,,,,-4.785180185788366,,,,,,,,0.004729817708333334,1.0,0.5,1.1707525238918373,105.0,-0.05335195450114938,-0.5306633615470928,,
ace,6.0,19,210,300,5.833333333333333,PAC hyperprior,0.8480288788615502,,,,,,,,,,,,,1.0,0.125,0.9471125749043843,105.0,,,False,1.0042025993494903
ace,6.0,19,210,300,5.833333333333333,PAC hyperprior,0.8393110580078704,,,,,,,,,,,,,1.0,0.25,1.0294947657934397,105.0,,,False,1.0868675285458167
ace,6.0,19,210,300,5.833333333333333,PAC hyperprior,0.8446154655599726,,,,,,,,,,,,,1.0,0.5,1.7251308560334022,105.0,,,True,1.7845434714007773
ace,6.0,19,210,300,5.833333333333333,PAC hyperprior,0.799591976193845,,,,,,,,,,,,,1.0,1.0,2.2156567658149573,105.0,,,False,2.275069381291524
ace,20.0,0,700,300,19.444444444444443,fitted ellipse,0.6223621909998851,1.7619572772807317,-2.563795794386369,-2.770786917226249,-7.780833106317392,-5.223296336448847,4.605170185988092,1.7390124373103408,0.5750390155614177,0.8865001806874927,1.1280313549676737,19.176634694625285,0.0,,,,,,,,
ace,20.0,0,700,300,19.444444444444443,PAC hyperposterior,0.6170863790977533,,,,-4.785180185788366,,,,,,,,0.00012369791666666668,0.0,0.125,0.7002847812970268,350.0,-1.1363182827510834,-1.5978775659005109,,
ace,20.0,0,700,300,19.444444444444443,PAC hyperprior,0.619706705017466,,,,,,,,,,,,,0.0,0.125,0.7263742082274793,350.0,,,True,0.7441975680809003
ace,20.0,0,700,300,19.444444444444443,PAC hyperprior,0.6275586623481159,,,,,,,,,,,,,0.0,0.25,0.9096259275183831,350.0,,,False,0.9274497121613532
ace,20.0,0,700,300,19.444444444444443,PAC hyperprior,0.6365985611350437,,,,,,,,,,,,,0.0,0.5,1.5443898152971223,350.0,,,False,1.5622135999400921
ace,20.0,0,700,300,19.444444444444443,PAC hyperprior,0.6549373533353761,,,,,,,,,,,,,0.0,1.0,1.9974025861559292,350.0,,,False,2.0152263707988993
ace,20.0,0,700,300,19.444444444444443,PAC hyperposterior,0.5552611023821075,,,,-4.785180185788366,,,,,,,,0.0005501302083333334,1.0,0.125,0.6484346567510011,350.0,-1.1363182827510834,-1.5978775659005109,,
ace,20.0,0,700,300,19.444444444444443,PAC hyperprior,0.5624628875595445,,,,,,,,,,,,,1.0,0.125,0.6529205655213332,350.0,,,True,0.6703534992909699
ace,20.0,0,700,300,19.444444444444443,PAC hyperprior,0.5604672155801733,,,,,,,,,,,,,1.0,0.25,0.7579250326889715,350.0,,,False,0.775706980293215
ace,20.0,0,700,300,19.444444444444443,PAC hyperprior,0.588353278705616,,,,,,,,,,,,,1.0,0.5,1.3419451839803935,350.0,,,False,1.3597689686233636
ace,20.0,0,700,300,19.444444444444443,PAC hyperprior,0.58997147171945,,,,,,,,,,,,,1.0,1.0,2.7464850636601925,350.0,,,False,2.7643088483031626
ace,20.0,1,700,300,19.444444444444443,fitted ellipse,0.6224995770931976,1.7635247743833664,-2.563628229073611,-2.770787023883331,-7.780833106317392,-5.222987276196062,4.605170185988092,1.7390682924145935,0.5750205465545917,0.8864530157074837,1.1280913734631426,19.176634694625285,0.0,,,,,,,,
ace,20.0,1,700,300,19.444444444444443,PAC hyperposterior,0.6060016063573594,,,,-4.785180185788366,,,,,,,,0.003219401041666667,0.0,0.125,0.7068371238419515,350.0,-1.116550826080442,-1.5786038197620396,,
ace,20.0,1,700,300,19.444444444444443,PAC hyperprior,0.6101017759676328,,,,,,,,,,,,,0.0,0.125,0.7068589323811787,350.0,,,True,0.7245059748785083
ace,20.0,1,700,300,19.444444444444443,PAC hyperprior,0.6155035856400557,,,,,,,,,,,,,0.0,0.25,0.9596704038320026,350.0,,,False,0.9774941884749726
ace,20.0,1,700,300,19.444444444444443,PAC hyperprior,0.6431072131053925,,,,,,,,,,,,,0.0,0.5,1.8245694611511987,350.0,,,False,1.8423932457941685
ace,20.0,1,700,300,19.444444444444443,PAC hyperprior,0.6448782283639862,,,,,,,,,,,,,0.0,1.0,1.9881859017193915,350.0,,,False,2.0060096863623613
ace,20.0,1,700,300,19.444444444444443,PAC hyperposterior,0.6006973683091184,,,,-4.785180185788366,,,,,,,,0.0,1.0,0.125,0.711589517260817,350.0,-1.116550826080442,-1.5786038197620396,,
ace,20.0,1,700,300,19.444444444444443,PAC hyperprior,0.6019440461162875,,,,,,,,,,,,,1.0,0.125,0.7030613587196108,350.0,,,True,0.7208851281932631
ace,20.0,1,700,300,19.444444444444443,PAC hyperprior,0.6020990556075438,,,,,,,,,,,,,1.0,0.25,0.7860888112524889,350.0,,,False,0.8032046081330222
ace,20.0,1,700,300,19.444444444444443,PAC hyperprior,0.6135883583409951,,,,,,,,,,,,,1.0,0.5,1.4287064455691156,350.0,,,False,1.4465273663326847
ace,20.0,1,700,300,19.444444444444443,PAC hyperprior,0.6144536350487411,,,,,,,,,,,,,1.0,1.0,1.9328194517752657,350.0,,,False,1.9506432364182356
ace,20.0,2,700,300,19.444444444444443,fitted ellipse,0.6225887716927243,1.7634335441604974,-2.563738902338032,-2.770786835168186,-7.780833106317392,-5.2235918179192895,4.605170185988092,1.739031401326453,0.5750327448010693,0.8866176385270857,1.127881914983412,19.176634694625285,0.0,,,,,,,,
ace,20.0,2,700,300,19.444444444444443,PAC hyperposterior,0.5256124636175432,,,,-4.785180185788366,,,,,,,,0.000546875,0.0,0.5,0.8786660411697259,350.0,-1.012565774428296,-1.4772439928671752,,
ace,20.0,2,700,300,19.444444444444443,PAC hyperprior,0.5738462641233955,,,,,,,,,,,,,0.0,0.125,0.6417090426589785,350.0,,,False,0.6577969158850063
ace,20.0,2,700,300,19.444444444444443,PAC hyperprior,0.5773837314335075,,,,,,,,,,,,,0.0,0.25,0.7845696536039871,350.0,,,False,0.8023517376368119
ace,20.0,2,700,300,19.444444444444443,PAC hyperprior,0.5968149722716412,,,,,,,,,,,,,0.0,0.5,1.5234517399245702,350.0,,,True,1.5412755245675402
ace,20.0,2,700,300,19.444444444444443,PAC hyperprior,0.6227860106198889,,,,,,,,,,,,,0.0,1.0,2.760052897295807,350.0,,,False,2.7778766819387766
ace,20.0,2,700,300,19.444444444444443,PAC hyperposterior,0.695133234486849,,,,-4.785180185788366,,,,,,,,0.0033951822916666666,1.0,0.125,0.7934620060889905,350.0,-1.012565774428296,-1.4772439928671752,,
ace,20.0,2,700,300,19.444444444444443,PAC hyperprior,0.7035560861336356,,,,,,,,,,,,,1.0,0.125,0.8319167739644499,350.0,,,True,0.8486433000151656
ace,20.0,2,700,300,19.444444444444443,PAC hyperprior,0.7050016099864758,,,,,,,,,,,,,1.0,0.25,1.1884970262285801,350.0,,,False,1.2063208108715502
ace,20.0,2,700,300,19.444444444444443,PAC hyperprior,0.6923978274589608,,,,,,,,,,,,,1.0,0.5,1.9167881183307094,350.0,,,False,1.9346119029736792
ace,20.0,2,700,300,19.444444444444443,PAC hyperprior,0.647217347287,,,,,,,,,,,,,1.0,1.0,1.8903875310152152,350.0,,,False,1.908184838784047
ace,20.0,3,700,300,19.444444444444443,fitted ellipse,0.6225965495360182,1.763793037795354,-2.5636535056530154,-2.7707868624467276,-7.780833106317392,-5.223528824773054,4.605170185988092,1.7390598668881256,0.5750233324568638,0.8866251063733462,1.1278724150846604,19.176634694625285,0.0,,,,,,,,
ace,20.0,3,700,300,19.444444444444443,PAC hyperposterior,0.6846066228000578,,,,-4.785180185788366,,,,,,,,0.0034375,0.0,0.125,0.8088612511094352,350.0,-1.0223335913002802,-1.486807660333224,,
ace,20.0,3,700,300,19.444444444444443,PAC hyperprior,0.6901426497173109,,,,,,,,,,,,,0.0,0.125,0.7663995003123297,350.0,,,True,0.7838716852186973
ace,20.0,3,700,300,19.444444444444443,PAC hyperprior,0.7094079731476722,,,,,,,,,,,,,0.0,0.25,1.1768129688369315,350.0,,,False,1.1946367534799016
ace,20.0,3,700,300,19.444444444444443,PAC hyperprior,0.7339217798601811,,,,,,,,,,,,,0.0,0.5,1.691717168139211,350.0,,,False,1.7095409527821808
ace,20.0,3,700,300,19.444444444444443,PAC hyperprior,0.7567701556223454,,,,,,,,,,,,,0.0,1.0,2.6192159937296493,350.0,,,False,2.6370397783726194
ace,20.0,3,700,300,19.444444444444443,PAC hyperposterior,0.6669570314874934,,,,-4.785180185788366,,,,,,,,0.0029817708333333332,1.0,0.125,0.8205765048423153,350.0,-1.0223335913002802,-1.486807660333224,,
ace,20.0,3,700,300,19.444444444444443,PAC hyperprior,0.6704260372246259,,,,,,,,,,,,,1.0,0.125,0.7947647737432981,350.0,,,True,0.8122117043993837
ace,20.0,3,700,300,19.444444444444443,PAC hyperprior,0.675506810118419,,,,,,,,,,,,,1.0,0.25,1.1219406594531773,350.0,,,False,1.1397644440734434
ace,20.0,3,700,300,19.444444444444443,PAC hyperprior,0.7159080317828945,,,,,,,,,,,,,1.0,0.5,1.6306060881144075,350.0,,,False,1.6471299126800352
ace,20.0,3,700,300,19.444444444444443,PAC hyperprior,0.6944625052739678,,,,,,,,,,,,,1.0,1.0,2.7926720349620786,350.0,,,False,2.8104958196050482
ace,20.0,4,700,300,19.444444444444443,fitted ellipse,0.6225277798819482,1.7633132629033177,-2.563662521262404,-2.7707868945336984,-7.780833106317392,-5.223299860631076,4.605170185988092,1.739056861684996,0.5750243261345039,0.8865457797895573,1.12797333515859,19.176634694625285,0.0,,,,,,,,
ace,20.0,4,700,300,19.444444444444443,PAC hyperposterior,0.6332517988804032,,,,-4.785180185788366,,,,,,,,0.00580078125,0.0,0.25,0.7592139118193869,350.0,-1.2167566592963852,-1.6760754830912201,,
ace,20.0,4,700,300,19.444444444444443,PAC hyperprior,0.6748925843064952,,,,,,,,,,,,,0.0,0.125,0.7714723618986588,350.0,,,False,0.78873896241877
ace,20.0,4,700,300,19.444444444444443,PAC hyperprior,0.6726868563761896,,,,,,,,,,,,,0.0,0.25,0.8918323297215256,350.0,,,True,0.9089110016551292
ace,20.0,4,700,300,19.444444444444443,PAC hyperprior,0.6772321982886744,,,,,,,,,,,,,0.0,0.5,1.3666445606271393,350.0,,,False,1.3844683452701094
ace,20.0,4,700,300,19.444444444444443,PAC hyperprior,0.6626137067548403,,,,,,,,,,,,,0.0,1.0,2.0236594666283887,350.0,,,False,2.0414832512712744
ace,20.0,4,700,300,19.444444444444443,PAC hyperposterior,0.6883501974352714,,,,-4.785180185788366,,,,,,,,0.00255859375,1.0,0.25,0.8846639104840446,350.0,-1.2167566592963852,-1.6760754830912201,,
ace,20.0,4,700,300,19.444444444444443,PAC hyperprior,0.7454759108383386,,,,,,,,,,,,,1.0,0.125,0.844947707178456,350.0,,,False,0.8604924763154393
ace,20.0,4,700,300,19.444444444444443,PAC hyperprior,0.7472088151379976,,,,,,,,,,,,,1.0,0.25,1.1246116278295606,350.0,,,True,1.1424354124725307
ace,20.0,4,700,300,19.444444444444443,PAC hyperprior,0.7464127736985269,,,,,,,,,,,,,1.0,0.5,1.4898345763958063,350.0,,,False,1.5074891018682308
ace,20.0,4,700,300,19.444444444444443,PAC hyperprior,0.7382628144772903,,,,,,,,,,,,,1.0,1.0,3.063584467734729,350.0,,,False,3.081408252377699
ace,20.0,5,700,300,19.444444444444443,fitted ellipse,0.6225187507575587,1.763344800606725,-2.5636971208814807,-2.770787027107687,-7.780833106317392,-5.223194847829921,4.605170185988092,1.7390453284786371,0.575028139648796,0.8864992423161469,1.1280325490040024,19.176634694625285,0.0,,,,,,,,
ace,20.0,5,700,300,19.444444444444443,PAC hyperposterior,0.7010631033304177,,,,-4.785180185788366,,,,,,,,0.0016178385416666667,0.0,0.125,0.8494455938400115,350.0,-0.9523452686873639,-1.4179576522122166,,
ace,20.0,5,700,300,19.444444444444443,PAC hyperprior,0.70394267959624,,,,,,,,,,,,,0.0,0.125,0.8322089501901433,350.0,,,True,0.8500327254639988
ace,20.0,5,700,300,19.444444444444443,PAC hyperprior,0.7111650176495237,,,,,,,,,,,,,0.0,0.25,1.1163114280073785,350.0,,,False,1.1341352126503486
ace,20.0,5,700,300,19.444444444444443,PAC hyperprior,0.73387110438919,,,,,,,,,,,,,0.0,0.5,1.5700970307075486,350.0,,,False,1.5879208153505173
ace,20.0,5,700,300,19.444444444444443,PAC hyperprior,0.7281627062866304,,,,,,,,,,,,,0.0,1.0,2.5994804343426376,350.0,,,False,2.6173042189856073
ace,20.0,5,700,300,19.444444444444443,PAC hyperposterior,0.5549670406802087,,,,-4.785180185788366,,,,,,,,0.0022884114583333333,1.0,0.5,0.6399582876312417,350.0,-0.9523452686873639,-1.4179576522122166,,
ace,20.0,5,700,300,19.444444444444443,PAC hyperprior,0.6822567935605991,,,,,,,,,,,,,1.0,0.125,0.819728379000382,350.0,,,False,0.8373214291672184
ace,20.0,5,700,300,19.444444444444443,PAC hyperprior,0.6807987563141403,,,,,,,,,,,,,1.0,0.25,0.9973882901298103,350.0,,,False,1.015212067749733
ace,20.0,5,700,300,19.444444444444443,PAC hyperprior,0.6853827795477179,,,,,,,,,,,,,1.0,0.5,1.3042604484305265,350.0,,,True,1.3220542041658874
ace,20.0,5,700,300,19.444444444444443,PAC hyperprior,0.6595156207347418,,,,,,,,,,,,,1.0,1.0,1.9500286764731183,350.0,,,False,1.9678524611160881
ace,20.0,6,700,300,19.444444444444443,fitted ellipse,0.62242888467126,1.7621379513461268,-2.563792268054277,-2.770786805280167,-7.780833106317392,-5.223386448581381,4.605170185988092,1.7390136127543716,0.5750386268777563,0.8865313935090345,1.1279916394633678,19.176634694625285,0.0,,,,,,,,
ace,20.0,6,700,300,19.444444444444443,PAC hyperposterior,0.692310573693498,,,,-4.785180185788366,,,,,,,,0.0,0.0,0.125,0.8063294789942793,350.0,-1.2002971068976207,-1.660039172889266,,
ace,20.0,6,700,300,19.444444444444443,PAC hyperprior,0.7041044025605117,,,,,,,,,,,,,0.0,0.125,0.8307252351453789,350.0,,,True,0.8485440111297988
ace,20.0,6,700,300,19.444444444444443,PAC hyperprior,0.7164752286328302,,,,,,,,,,,,,0.0,0.25,1.1555319817195082,350.0,,,False,1.1733557663624783
ace,20.0,6,700,300,19.444444444444443,PAC hyperprior,0.7339924702704372,,,,,,,,,,,,,0.0,0.5,1.7825118483068831,350.0,,,False,1.800335632949853
ace,20.0,6,700,300,19.444444444444443,PAC hyperprior,0.7825560789806959,,,,,,,,,,,,,0.0,1.0,2.428431348910268,350.0,,,False,2.4462551335532368
ace,20.0,6,700,300,19.444444444444443,PAC hyperposterior,0.6162390357924488,,,,-4.785180185788366,,,,,,,,0.0015397135416666667,1.0,0.125,0.7038849980106183,350.0,-1.2002971068976207,-1.660039172889266,,
ace,20.0,6,700,300,19.444444444444443,PAC hyperprior,0.6235360400179821,,,,,,,,,,,,,1.0,0.125,0.7147734043577846,350.0,,,True,0.7325971029966629
ace,20.0,6,700,300,19.444444444444443,PAC hyperprior,0.6325880886982629,,,,,,,,,,,,,1.0,0.25,0.8544572152133487,350.0,,,False,0.8722607424661897
ace,20.0,6,700,300,19.444444444444443,PAC hyperprior,0.6466681942315372,,,,,,,,,,,,,1.0,0.5,1.7199244584572047,350.0,,,False,1.7377482431001745
ace,20.0,6,700,300,19.444444444444443,PAC hyperprior,0.6679604604520097,,,,,,,,,,,,,1.0,1.0,2.524757356677229,350.0,,,False,2.5425811413201984
ace,20.0,7,700,300,19.444444444444443,fitted ellipse,0.6225445524859419,1.7630220306513407,-2.5637614225946352,-2.770786691782563,-7.780833106317392,-5.223615586904187,4.605170185988092,1.7390238945742522,0.5750352270144166,0.8866180547698507,1.1278813854739076,19.176634694625285,0.0,,,,,,,,
ace,20.0,7,700,300,19.444444444444443,PAC hyperposterior,0.5661679455894431,,,,-4.785180185788366,,,,,,,,0.000283203125,0.0,1.0,0.9539804742422523,350.0,-0.9714241480223118,-1.4365662393910825,,
ace,20.0,7,700,300,19.444444444444443,PAC hyperprior,0.7414408989158459,,,,,,,,,,,,,0.0,0.125,0.8423491306634177,350.0,,,False,0.8601715698666474
ace,20.0,7,700,300,19.444444444444443,PAC hyperprior,0.745375887489865,,,,,,,,,,,,,0.0,0.25,0.9772843813578601,350.0,,,False,0.9951077868255354
ace,20.0,7,700,300,19.444444444444443,PAC hyperprior,0.756383384202208,,,,,,,,,,,,,0.0,0.5,1.5852007208591976,350.0,,,False,1.6030245055021677
ace,20.0,7,700,300,19.444444444444443,PAC hyperprior,0.7351122220418045,,,,,,,,,,,,,0.0,1.0,2.3503029379826907,350.0,,,True,2.368126722625661
ace,20.0,7,700,300,19.444444444444443,PAC hyperposterior,0.6935327313176876,,,,-4.785180185788366,,,,,,,,0.00357421875,1.0,0.125,0.8182350402682097,350.0,-0.9714241480223118,-1.4365662393910825,,
ace,20.0,7,700,300,19.444444444444443,PAC hyperprior,0.7024707453325962,,,,,,,,,,,,,1.0,0.125,0.8010070521154502,350.0,,,True,0.8188086991777723
ace,20.0,7,700,300,19.444444444444443,PAC hyperprior,0.7029946668297632,,,,,,,,,,,,,1.0,0.25,0.9930740733509579,350.0,,,False,1.01089785785277
ace,20.0,7,700,300,19.444444444444443,PAC hyperprior,0.724700396088851,,,,,,,,,,,,,1.0,0.5,1.9419541735911674,350.0,,,False,1.9597779582341373
ace,20.0,7,700,300,19.444444444444443,PAC hyperprior,0.7035311474929835,,,,,,,,,,,,,1.0,1.0,2.3229455958999408,350.0,,,False,2.340769380542911
ace,20.0,8,700,300,19.444444444444443,fitted ellipse,0.6225132910741831,1.7631715781263582,-2.5637055970852933,-2.7707869399319183,-7.780833106317392,-5.22329851809883,4.605170185988092,1.739042503077366,0.575029073890043,0.886530973671179,1.1279921736506722,19.176634694625285,0.0,,,,,,,,
ace,20.0,8,700,300,19.444444444444443,PAC hyperposterior,0.5687601614912718,,,,-4.785180185788366,,,,,,,,0.0,0.0,0.125,0.6287200832778497,350.0,-0.9755774786718305,-1.4408411499926466,,
ace,20.0,8,700,300,19.444444444444443,PAC hyperprior,0.5742729255610306,,,,,,,,,,,,,0.0,0.125,0.6668640569669206,350.0,,,True,0.684685429805576
ace,20.0,8,700,300,19.444444444444443,PAC hyperprior,0.5767195410720858,,,,,,,,,,,,,0.0,0.25,0.8007917160809044,350.0,,,False,0.8186154132590744
ace,20.0,8,700,300,19.444444444444443,PAC hyperprior,0.5959199633069502,,,,,,,,,,,,,0.0,0.5,1.1571764207928468,350.0,,,False,1.174998635437337
ace,20.0,8,700,300,19.444444444444443,PAC hyperprior,0.6128670295107517,,,,,,,,,,,,,0.0,1.0,2.1629992618843685,350.0,,,False,2.1808230465273386
ace,20.0,8,700,300,19.444444444444443,PAC hyperposterior,0.5940752185715116,,,,-4.785180185788366,,,,,,,,0.003987630208333333,1.0,0.5,1.4035873259267453,350.0,-0.9755774786718305,-1.4408411499926466,,
ace,20.0,8,700,300,19.444444444444443,PAC hyperprior,0.7007448059804157,,,,,,,,,,,,,1.0,0.125,0.9210099690740394,350.0,,,False,0.9388337537170095
ace,20.0,8,700,300,19.444444444444443,PAC hyperprior,0.6978199421297425,,,,,,,,,,,,,1.0,0.25,1.0342270726018725,350.0,,,False,1.0502590316432716
ace,20.0,8,700,300,19.444444444444443,PAC hyperprior,0.7328157072407939,,,,,,,,,,,,,1.0,0.5,1.741893845624469,350.0,,,True,1.7597170870570693
ace,20.0,8,700,300,19.444444444444443,PAC hyperprior,0.7350539314509851,,,,,,,,,,,,,1.0,1.0,2.8962251488573196,350.0,,,False,2.9140489335002897
ace,20.0,9,700,300,19.444444444444443,fitted ellipse,0.6225500128878467,1.7626601174926468,-2.5637957709458705,-2.770786580658813,-7.780833106317392,-5.223919781849541,4.605170185988092,1.7390124451238405,0.5750390129777289,0.8867080036345568,1.1277669716536525,19.176634694625285,0.0,,,,,,,,
ace,20.0,9,700,300,19.444444444444443,PAC hyperposterior,0.6707711459824321,,,,-4.785180185788366,,,,,,,,0.001865234375,0.0,0.125,0.7618873612483664,350.0,-1.0252945762877066,-1.4896120683987635,,
ace,20.0,9,700,300,19.444444444444443,PAC hyperprior,0.6740880745475666,,,,,,,,,,,,,0.0,0.125,0.7737068446523356,350.0,,,True,0.7914785262667818
ace,20.0,9,700,300,19.444444444444443,PAC hyperprior,0.6861337580543702,,,,,,,,,,,,,0.0,0.25,1.0428998890836485,350.0,,,False,1.060723673726618
ace,20.0,9,700,300,19.444444444444443,PAC hyperprior,0.6920248475699804,,,,,,,,,,,,,0.0,0.5,1.4842733251005775,350.0,,,False,1.5020971097435476
ace,20.0,9,700,300,19.444444444444443,PAC hyperprior,0.6895167603007601,,,,,,,,,,,,,0.0,1.0,2.334257721360513,350.0,,,False,2.3520815060034828
ace,20.0,9,700,300,19.444444444444443,PAC hyperposterior,0.6000036856898877,,,,-4.785180185788366,,,,,,,,0.00021484375,1.0,0.5,0.7857443019128916,350.0,-1.0252945762877066,-1.4896120683987635,,
ace,20.0,9,700,300,19.444444444444443,PAC hyperprior,0.6685591372199275,,,,,,,,,,,,,1.0,0.125,0.7754659593002073,350.0,,,False,0.7932897315404386
ace,20.0,9,700,300,19.444444444444443,PAC hyperprior,0.6657274770920881,,,,,,,,,,,,,1.0,0.25,0.996030683671452,350.0,,,False,1.0138544683144222
ace,20.0,9,700,300,19.444444444444443,PAC hyperprior,0.6713779315704215,,,,,,,,,,,,,1.0,0.5,1.1872675505126722,350.0,,,True,1.2050913351555845
ace,20.0,9,700,300,19.444444444444443,PAC hyperprior,0.6395763307326883,,,,,,,,,,,,,1.0,1.0,2.631278232863211,350.0,,,False,2.6491020175061806
ace,20.0,10,700,300,19.444444444444443,fitted ellipse,0.6225643136367349,1.763582410332339,-2.563673876846977,-2.770786947746237,-7.780833106317392,-5.223332846652422,4.605170185988092,1.7390530764901382,0.5750255777231712,0.8865529899351484,1.1279641615930371,19.176634694625285,0.0,,,,,,,,
ace,20.0,10,700,300,19.444444444444443,PAC hyperposterior,0.6247372288783654,,,,-4.785180185788366,,,,,,,,0.0,0.0,0.125,0.7480750270530642,350.0,-1.0414846265371656,-1.5054966352273873,,
ace,20.0,10,700,300,19.444444444444443,PAC hyperprior,0.632705120072939,,,,,,,,,,,,,0.0,0.125,0.7140623692201316,350.0,,,True,0.7305920922862112
ace,20.0,10,700,300,19.444444444444443,PAC hyperprior,0.6315501436887825,,,,,,,,,,,,,0.0,0.25,0.910054054371483,350.0,,,False,0.9278745788119664
ace,20.0,10,700,300,19.444444444444443,PAC hyperprior,0.6313256441761564,,,,,,,,,,,,,0.0,0.5,1.280820416675807,350.0,,,False,1.298644201264434
ace,20.0,10,700,300,19.444444444444443,PAC hyperprior,0.6271994397754639,,,,,,,,,,,,,0.0,1.0,2.182113671850497,350.0,,,False,2.1999374564934673
ace,20.0,10,700,300,19.444444444444443,PAC hyperposterior,0.5140010483543853,,,,-4.785180185788366,,,,,,,,0.0033333333333333335,1.0,0.125,0.596767929771308,350.0,-1.0414846265371656,-1.5054966352273873,,
ace,20.0,10,700,300,19.444444444444443,PAC hyperprior,0.5137639291460194,,,,,,,,,,,,,1.0,0.125,0.5818446945510178,350.0,,,True,0.5985465558436927
ace,20.0,10,700,300,19.444444444444443,PAC hyperprior,0.5195896668491721,,,,,,,,,,,,,1.0,0.25,0.7862626062223629,350.0,,,False,0.8023690607237786
ace,20.0,10,700,300,19.444444444444443,PAC hyperprior,0.5340729497725103,,,,,,,,,,,,,1.0,0.5,1.3204917794706688,350.0,,,False,1.3383155641136373
ace,20.0,10,700,300,19.444444444444443,PAC hyperprior,0.5434820331135617,,,,,,,,,,,,,1.0,1.0,2.135787914611922,350.0,,,False,2.153611699254892
ace,20.0,11,700,300,19.444444444444443,fitted ellipse,0.6224516376323637,1.7627590497616423,-2.563732351163309,-2.770786891553094,-7.780833106317392,-5.22331005247479,4.605170185988092,1.739033585051361,0.5750320227256944,0.8865259004371605,1.1279986286998311,19.176634694625285,0.0,,,,,,,,
ace,20.0,11,700,300,19.444444444444443,PAC hyperposterior,0.7965063726154251,,,,-4.785180185788366,,,,,,,,0.0,0.0,0.125,0.8797025692277342,350.0,-1.0399528363146617,-1.5035099590324237,,
ace,20.0,11,700,300,19.444444444444443,PAC hyperprior,0.8134435672826974,,,,,,,,,,,,,0.0,0.125,0.9329507688598034,350.0,,,True,0.9501631686145906
ace,20.0,11,700,300,19.444444444444443,PAC hyperprior,0.8110924809849672,,,,,,,,,,,,,0.0,0.25,1.0758194874233304,350.0,,,False,1.0936432720650568
ace,20.0,11,700,300,19.444444444444443,PAC hyperprior,0.8117374476529116,,,,,,,,,,,,,0.0,0.5,1.5234197104037428,350.0,,,False,1.541236932501616
ace,20.0,11,700,300,19.444444444444443,PAC hyperprior,0.7809296111977333,,,,,,,,,,,,,0.0,1.0,2.460909290575374,350.0,,,False,2.4787330752183436
ace,20.0,11,700,300,19.444444444444443,PAC hyperposterior,0.5336190377660089,,,,-4.785180185788366,,,,,,,,0.0020475260416666667,1.0,0.5,0.6277637753073029,350.0,-1.0399528363146617,-1.5035099590324237,,
ace,20.0,11,700,300,19.444444444444443,PAC hyperprior,0.6061769964966555,,,,,,,,,,,,,1.0,0.125,0.7233154425550357,350.0,,,False,0.7411382205717416
ace,20.0,11,700,300,19.444444444444443,PAC hyperprior,0.6146619026543927,,,,,,,,,,,,,1.0,0.25,0.9081801727926133,350.0,,,False,0.9260039574355723
ace,20.0,11,700,300,19.444444444444443,PAC hyperprior,0.6276559690935205,,,,,,,,,,,,,1.0,0.5,1.3795395938611383,350.0,,,True,1.3973633785041084
ace,20.0,11,700,300,19.444444444444443,PAC hyperprior,0.6260869859632352,,,,,,,,,,,,,1.0,1.0,2.154605491274011,350.0,,,False,2.172429275916981
ace,20.0,12,700,300,19.444444444444443,fitted ellipse,0.6225520592023894,1.763203638305453,-2.5637644396996646,-2.770786704259402,-7.780833106317392,-5.2236162145596055,4.605170185988092,1.7390228888725758,0.5750355595654689,0.886617258286647,1.1278823986941793,19.176634694625285,0.0,,,,,,,,
ace,20.0,12,700,300,19.444444444444443,PAC hyperposterior,0.6878974302298697,,,,-4.785180185788366,,,,,,,,0.0006640625,0.0,0.125,0.7518509521379164,350.0,-1.0254735973061515,-1.4898725785403428,,
ace,20.0,12,700,300,19.444444444444443,PAC hyperprior,0.6879339761418777,,,,,,,,,,,,,0.0,0.125,0.7386485322046559,350.0,,,True,0.7542285437201306
ace,20.0,12,700,300,19.444444444444443,PAC hyperprior,0.6893906710579185,,,,,,,,,,,,,0.0,0.25,0.8491223702017906,350.0,,,False,0.8669460087467211
ace,20.0,12,700,300,19.444444444444443,PAC hyperprior,0.6864264996790601,,,,,,,,,,,,,0.0,0.5,1.4204183765612166,350.0,,,False,1.4382421612041867
ace,20.0,12,700,300,19.444444444444443,PAC hyperprior,0.6620330526219351,,,,,,,,,,,,,0.0,1.0,1.763656172535077,350.0,,,False,1.781479957178047
ace,20.0,12,700,300,19.444444444444443,PAC hyperposterior,0.5803978545849715,,,,-4.785180185788366,,,,,,,,0.0020735677083333335,1.0,0.125,0.6912661172492933,350.0,-1.0254735973061515,-1.4898725785403428,,
ace,20.0,12,700,300,19.444444444444443,PAC hyperprior,0.5905325365772691,,,,,,,,,,,,,1.0,0.125,0.6946011794556272,350.0,,,True,0.7107978526590415
ace,20.0,12,700,300,19.444444444444443,PAC hyperprior,0.5951679439761168,,,,,,,,,,,,,1.0,0.25,0.9899467772355123,350.0,,,False,1.0077705618783757
ace,20.0,12,700,300,19.444444444444443,PAC hyperprior,0.6085497513171129,,,,,,,,,,,,,1.0,0.5,1.4319344160591803,350.0,,,False,1.4497574743326487
ace,20.0,12,700,300,19.444444444444443,PAC hyperprior,0.5848855400592631,,,,,,,,,,,,,1.0,1.0,2.915010819845805,350.0,,,False,2.932834604488775
ace,20.0,13,700,300,19.444444444444443,fitted ellipse,0.6224668975116714,1.7621916185884205,-2.56380247023538,-2.770786791443543,-7.780833106317392,-5.223459214978877,4.605170185988092,1.7390102120273372,0.5750397513963995,0.8865522482478325,1.1279651052449349,19.176634694625285,0.0,,,,,,,,
ace,20.0,13,700,300,19.444444444444443,PAC hyperposterior,0.6007639566576677,,,,-4.785180185788366,,,,,,,,0.00042643229166666665,0.0,0.125,0.6854849786894447,350.0,-1.1280938039458683,-1.5898778241703881,,
ace,20.0,13,700,300,19.444444444444443,PAC hyperprior,0.6073708521850372,,,,,,,,,,,,,0.0,0.125,0.741177937630308,350.0,,,True,0.7589999665970577
ace,20.0,13,700,300,19.444444444444443,PAC hyperprior,0.6056007277151294,,,,,,,,,,,,,0.0,0.25,0.9085708084841917,350.0,,,False,0.9263945931271618
ace,20.0,13,700,300,19.444444444444443,PAC hyperprior,0.6177096419530147,,,,,,,,,,,,,0.0,0.5,1.2522901309633567,350.0,,,False,1.2701125578786465
ace,20.0,13,700,300,19.444444444444443,PAC hyperprior,0.6161069554403074,,,,,,,,,,,,,0.0,1.0,2.3810535844932508,350.0,,,False,2.398877369136221
ace,20.0,13,700,300,19.444444444444443,PAC hyperposterior,0.6041251392963393,,,,-4.785180185788366,,,,,,,,0.001435546875,1.0,0.125,0.705988009156034,350.0,-1.1280938039458683,-1.5898778241703881,,
ace,20.0,13,700,300,19.444444444444443,PAC hyperprior,0.610295655658945,,,,,,,,,,,,,1.0,0.125,0.7298899837883046,350.0,,,True,0.7477052209706097
ace,20.0,13,700,300,19.444444444444443,PAC hyperprior,0.6185859591858467,,,,,,,,,,,,,1.0,0.25,0.8873367814356138,350.0,,,False,0.905031249601751
ace,20.0,13,700,300,19.444444444444443,PAC hyperprior,0.6201890750315491,,,,,,,,,,,,,1.0,0.5,1.5074517068200608,350.0,,,False,1.5252754914630309
ace,20.0,13,700,300,19.444444444444443,PAC hyperprior,0.631005189841918,,,,,,,,,,,,,1.0,1.0,2.1232928260632056,350.0,,,False,2.1411166107061756
ace,20.0,14,700,300,19.444444444444443,fitted ellipse,0.6225305083197297,1.7633238367344628,-2.563687612632461,-2.7707869491504127,-7.780833106317392,-5.223278574172265,4.605170185988092,1.739048497894977,0.5750270916598619,0.886530320513268,1.1279930047074276,19.176634694625285,0.0,,,,,,,,
ace,20.0,14,700,300,19.444444444444443,PAC hyperposterior,0.5416331278094069,,,,-4.785180185788366,,,,,,,,0.0,0.0,0.125,0.5996347808809198,350.0,-1.0590350123810013,-1.522016325033501,,
ace,20.0,14,700,300,19.444444444444443,PAC hyperprior,0.5427644886051289,,,,,,,,,,,,,0.0,0.125,0.6200417004437849,350.0,,,True,0.6378138903088058
ace,20.0,14,700,300,19.444444444444443,PAC hyperprior,0.5436913255962288,,,,,,,,,,,,,0.0,0.25,0.713260268825636,350.0,,,False,0.7310840532042455
ace,20.0,14,700,300,19.444444444444443,PAC hyperprior,0.5569521425861657,,,,,,,,,,,,,0.0,0.5,1.3964949987405246,350.0,,,False,1.4143187833834947
ace,20.0,14,700,300,19.444444444444443,PAC hyperprior,0.5778910764378773,,,,,,,,,,,,,0.0,1.0,1.720108211284786,350.0,,,False,1.737931995927756
ace,20.0,14,700,300,19.444444444444443,PAC hyperposterior,0.5066500999285044,,,,-4.785180185788366,,,,,,,,4.8828125e-05,1.0,0.5,0.5978077307861536,350.0,-1.0590350123810013,-1.522016325033501,,
ace,20.0,14,700,300,19.444444444444443,PAC hyperprior,0.6305845454404332,,,,,,,,,,,,,1.0,0.125,0.743084963180634,350.0,,,False,0.7590855791020168
ace,20.0,14,700,300,19.444444444444443,PAC hyperprior,0.6320809275001807,,,,,,,,,,,,,1.0,0.25,1.013740787022809,350.0,,,False,1.031564571665779
ace,20.0,14,700,300,19.444444444444443,PAC hyperprior,0.6557658017785739,,,,,,,,,,,,,1.0,0.5,1.5523612188217264,350.0,,,True,1.5701849989224623
ace,20.0,14,700,300,19.444444444444443,PAC hyperprior,0.6192975955774271,,,,,,,,,,,,,1.0,1.0,2.298606951258511,350.0,,,False,2.3164307359014806
ace,20.0,15,700,300,19.444444444444443,fitted ellipse,0.6225498662792326,1.763390080587809,-2.5636943020326712,-2.7707869749510956,-7.780833106317392,-5.223312475941726,4.605170185988092,1.739046268094907,0.5750278289579273,0.8865393913030183,1.1279814634409189,19.176634694625285,0.0,,,,,,,,
ace,20.0,15,700,300,19.444444444444443,PAC hyperposterior,0.5976949912209389,,,,-4.785180185788366,,,,,,,,0.0,0.0,0.25,0.6604452275505193,350.0,-1.0659849360839144,-1.529389946103811,,
ace,20.0,15,700,300,19.444444444444443,PAC hyperprior,0.6330737932999482,,,,,,,,,,,,,0.0,0.125,0.7339848881438615,350.0,,,False,0.7518085069738216
ace,20.0,15,700,300,19.444444444444443,PAC hyperprior,0.6369348559542378,,,,,,,,,,,,,0.0,0.25,0.8411797520143147,350.0,,,True,0.8590032043256652
ace,20.0,15,700,300,19.444444444444443,PAC hyperprior,0.6488283645984421,,,,,,,,,,,,,0.0,0.5,1.2897953221725318,350.0,,,False,1.3076190532966336
ace,20.0,15,700,300,19.444444444444443,PAC hyperprior,0.6706514428422272,,,,,,,,,,,,,0.0,1.0,2.4769661958759963,350.0,,,False,2.4947899805189664
ace,20.0,15,700,300,19.444444444444443,PAC hyperposterior,0.5649884419421558,,,,-4.785180185788366,,,,,,,,0.00018229166666666667,1.0,0.25,0.8363467140952026,350.0,-1.0659849360839144,-1.529389946103811,,
ace,20.0,15,700,300,19.444444444444443,PAC hyperprior,0.617417351998758,,,,,,,,,,,,,1.0,0.125,0.7842306936643485,350.0,,,False,0.8020544782697439
ace,20.0,15,700,300,19.444444444444443,PAC hyperprior,0.6233249064257869,,,,,,,,,,,,,1.0,0.25,0.923726881266973,350.0,,,True,0.9415476313129023
ace,20.0,15,700,300,19.444444444444443,PAC hyperprior,0.6348806415031867,,,,,,,,,,,,,1.0,0.5,1.330031452842285,350.0,,,False,1.3478552374852546
ace,20.0,15,700,300,19.444444444444443,PAC hyperprior,0.6164926371888388,,,,,,,,,,,,,1.0,1.0,2.1241864558944217,350.0,,,False,2.1420102405373918
ace,20.0,16,700,300,19.444444444444443,fitted ellipse,0.6225326673712086,1.7633438321798527,-2.563654804499548,-2.7707869592051653,-7.780833106317392,-5.223155477230009,4.605170185988092,1.7390594339392813,0.5750234756122283,0.8865002242434868,1.1280312995446453,19.176634694625285,0.0,,,,,,,,
ace,20.0,16,700,300,19.444444444444443,PAC hyperposterior,0.5675451240094272,,,,-4.785180185788366,,,,,,,,8.7890625e-05,0.0,0.5,0.961370131070958,350.0,-0.9627438340256902,-1.428611145667573,,
ace,20.0,16,700,300,19.444444444444443,PAC hyperprior,0.6052638633318661,,,,,,,,,,,,,0.0,0.125,0.7209337331364237,350.0,,,False,0.7387575172256664
ace,20.0,16,700,300,19.444444444444443,PAC hyperprior,0.6055978621163592,,,,,,,,,,,,,0.0,0.25,0.9339602757340595,350.0,,,False,0.9517840603770296
ace,20.0,16,700,300,19.444444444444443,PAC hyperprior,0.623949430533359,,,,,,,,,,,,,0.0,0.5,1.2723434498747248,350.0,,,True,1.2901672298942275
ace,20.0,16,700,300,19.444444444444443,PAC hyperprior,0.6228334184073923,,,,,,,,,,,,,0.0,1.0,2.3419616040631697,350.0,,,False,2.3597853887061397
ace,20.0,16,700,300,19.444444444444443,PAC hyperposterior,0.5524650206729286,,,,-4.785180185788366,,,,,,,,1.3020833333333334e-05,1.0,0.25,0.7836252406187191,350.0,-0.9627438340256902,-1.428611145667573,,
ace,20.0,16,700,300,19.444444444444443,PAC hyperprior,0.5957646784980561,,,,,,,,,,,,,1.0,0.125,0.7231810033503927,350.0,,,False,0.7409350176335945
ace,20.0,16,700,300,19.444444444444443,PAC hyperprior,0.6015568831754856,,,,,,,,,,,,,1.0,0.25,0.9503302341310219,350.0,,,True,0.9669188830347508
ace,20.0,16,700,300,19.444444444444443,PAC hyperprior,0.6033208006202774,,,,,,,,,,,,,1.0,0.5,1.3326745103595123,350.0,,,False,1.3504969778734068
ace,20.0,16,700,300,19.444444444444443,PAC hyperprior,0.5936860002141102,,,,,,,,,,,,,1.0,1.0,1.9956720188458335,350.0,,,False,2.0134958034888033
ace,20.0,17,700,300,19.444444444444443,fitted ellipse,0.6225244343639265,1.7630637610764344,-2.5637142341109698,-2.770786925862215,-7.780833106317392,-5.223354552516792,4.605170185988092,1.7390396240688073,0.5750300258600857,0.8865467728019407,1.1279720717266717,19.176634694625285,0.0,,,,,,,,
ace,20.0,17,700,300,19.444444444444443,PAC hyperposterior,0.5672703730504239,,,,-4.785180185788366,,,,,,,,0.0,0.0,0.125,0.6615731146708053,350.0,-1.0473890445759855,-1.5111722018681484,,
ace,20.0,17,700,300,19.444444444444443,PAC hyperprior,0.5720079872946932,,,,,,,,,,,,,0.0,0.125,0.6520290856452015,350.0,,,True,0.6686791182549392
ace,20.0,17,700,300,19.444444444444443,PAC hyperprior,0.5748930885003425,,,,,,,,,,,,,0.0,0.25,0.8658927693868405,350.0,,,False,0.8837165539641418
ace,20.0,17,700,300,19.444444444444443,PAC hyperprior,0.5826327458643755,,,,,,,,,,,,,0.0,0.5,1.7223806181719272,350.0,,,False,1.7402044028148973
ace,20.0,17,700,300,19.444444444444443,PAC hyperprior,0.5918143532605251,,,,,,,,,,,,,0.0,1.0,1.7779630922602125,350.0,,,False,1.7957868769031826
ace,20.0,17,700,300,19.444444444444443,PAC hyperposterior,0.6322763194198585,,,,-4.785180185788366,,,,,,,,0.007272135416666666,1.0,0.125,0.7201197340008186,350.0,-1.0473890445759855,-1.5111722018681484,,
ace,20.0,17,700,300,19.444444444444443,PAC hyperprior,0.63127828583609,,,,,,,,,,,,,1.0,0.125,0.757074157950346,350.0,,,True,0.7748978767319432
ace,20.0,17,700,300,19.444444444444443,PAC hyperprior,0.6307734190078336,,,,,,,,,,,,,1.0,0.25,0.7912592518388003,350.0,,,False,0.8074872397152646
ace,20.0,17,700,300,19.444444444444443,PAC hyperprior,0.6608029745819444,,,,,,,,,,,,,1.0,0.5,1.7260032908290814,350.0,,,False,1.7438270754720513
ace,20.0,17,700,300,19.444444444444443,PAC hyperprior,0.6566275768412427,,,,,,,,,,,,,1.0,1.0,2.009183853960909,350.0,,,False,2.0270076386038784
ace,20.0,18,700,300,19.444444444444443,fitted ellipse,0.6225481977676868,1.7630029411342134,-2.5637132175901023,-2.7707867792180436,-7.780833106317392,-5.223518105562794,4.605170185988092,1.7390399629090965,0.5750299138193365,0.8866016293242307,1.12790228094009,19.176634694625285,0.0,,,,,,,,
ace,20.0,18,700,300,19.444444444444443,PAC hyperposterior,0.5558197092962296,,,,-4.785180185788366,,,,,,,,0.0,0.0,0.125,0.6451479356694848,350.0,-1.1351389347840652,-1.5967403108920926,,
ace,20.0,18,700,300,19.444444444444443,PAC hyperprior,0.5641428305240695,,,,,,,,,,,,,0.0,0.125,0.6743876626517783,350.0,,,True,0.6922101444365794
ace,20.0,18,700,300,19.444444444444443,PAC hyperprior,0.5706569781081782,,,,,,,,,,,,,0.0,0.25,0.783125806098687,350.0,,,False,0.8009405030071441
ace,20.0,18,700,300,19.444444444444443,PAC hyperprior,0.594362025544427,,,,,,,,,,,,,0.0,0.5,1.3041298548194826,350.0,,,False,1.3219534808044724
ace,20.0,18,700,300,19.444444444444443,PAC hyperprior,0.6140189680214816,,,,,,,,,,,,,0.0,1.0,2.307577141929156,350.0,,,False,2.325400926572126
ace,20.0,18,700,300,19.444444444444443,PAC hyperposterior,0.585328804632469,,,,-4.785180185788366,,,,,,,,0.0,1.0,0.125,0.7441982609966176,350.0,-1.1351389347840652,-1.5967403108920926,,
ace,20.0,18,700,300,19.444444444444443,PAC hyperprior,0.5948980055591444,,,,,,,,,,,,,1.0,0.125,0.7302143992220319,350.0,,,True,0.7480353690596022
ace,20.0,18,700,300,19.444444444444443,PAC hyperprior,0.6037362600556485,,,,,,,,,,,,,1.0,0.25,0.9833397707141005,350.0,,,False,1.0011635553570706
ace,20.0,18,700,300,19.444444444444443,PAC hyperprior,0.628322575599946,,,,,,,,,,,,,1.0,0.5,1.6018939331304944,350.0,,,False,1.6197177177734643
ace,20.0,18,700,300,19.444444444444443,PAC hyperprior,0.6072070390489229,,,,,,,,,,,,,1.0,1.0,2.020782190414352,350.0,,,False,2.0386059750573216
ace,20.0,19,700,300,19.444444444444443,fitted ellipse,0.6225612544671861,1.763445644867896,-2.563696440670864,-2.77078679937167,-7.780833106317392,-5.223473669311791,4.605170185988092,1.7390455552155093,0.5750280646765898,0.8865924095469757,1.1279140101266742,19.176634694625285,0.0,,,,,,,,
ace,20.0,19,700,300,19.444444444444443,PAC hyperposterior,0.538393948234433,,,,-4.785180185788366,,,,,,,,0.000732421875,0.0,0.125,0.6180136559599861,350.0,-1.0769226001874748,-1.5399692605663282,,
ace,20.0,19,700,300,19.444444444444443,PAC hyperprior,0.5378494393430451,,,,,,,,,,,,,0.0,0.125,0.621519463556376,350.0,,,True,0.6393271361441979
ace,20.0,19,700,300,19.444444444444443,PAC hyperprior,0.5428205335025491,,,,,,,,,,,,,0.0,0.25,0.8635382021002266,350.0,,,False,0.8813619855480122
ace,20.0,19,700,300,19.444444444444443,PAC hyperprior,0.5601870192784149,,,,,,,,,,,,,0.0,0.5,1.1960601088254823,350.0,,,False,1.2138835351683914
ace,20.0,19,700,300,19.444444444444443,PAC hyperprior,0.556086339871859,,,,,,,,,,,,,0.0,1.0,1.5753056864425856,350.0,,,False,1.5931294710855557
ace,20.0,19,700,300,19.444444444444443,PAC hyperposterior,0.6392827643299142,,,,-4.785180185788366,,,,,,,,1.3020833333333334e-05,1.0,0.125,0.7677785911301616,350.0,-1.0769226001874748,-1.5399692605663282,,
ace,20.0,19,700,300,19.444444444444443,PAC hyperprior,0.652259250244696,,,,,,,,,,,,,1.0,0.125,0.8141388780542379,350.0,,,True,0.8318885578557929
ace,20.0,19,700,300,19.444444444444443,PAC hyperprior,0.6537481208382369,,,,,,,,,,,,,1.0,0.25,0.965350574757998,350.0,,,False,0.9831743588399178
ace,20.0,19,700,300,19.444444444444443,PAC hyperprior,0.6847009298894213,,,,,,,,,,,,,1.0,0.5,1.7217236482561715,350.0,,,False,1.7395474328991414
ace,20.0,19,700,300,19.444444444444443,PAC hyperprior,0.6896728081633171,,,,,,,,,,,,,1.0,1.0,2.0965394810660913,350.0,,,False,2.1143632657090583
