N,repeat,method,sigma,n_samples,converged,n_nonfinite,train_objective,fit_time,rmse,coverage_95.45,width_95.45,coverage_99.9,width_99.9,interval_score,nll,zero_density,nll_floor
10,0,POPS ellipse,,,True,0,1.496189014267757,0.018534000031650066,54.07000158005787,1.0,1096.0478378386833,1.0,1414.6770284381053,1096.0478378386833,5.465473673906237,0.0,5.450296865594722
10,0,Ellipse+EB,,,True,0,1.496189014267757,0.007152624893933535,54.07000158005787,1.0,1152.9862527605228,1.0,1595.0433417702177,1152.9862527605228,5.495249726688606,0.0,5.47947241326344
10,0,Ellipse+PAC,,,True,0,,0.0866651670075953,118.3873574930278,1.0,2621.837788283479,1.0,3864.3109422959205,2621.837788283479,5.745591834110178,0.0,5.721645558129628
10,0,Bayesian stacking,,,True,0,,0.00726570887491107,81.78003292882383,0.384,74.11305064744259,0.6995,141.8438575633956,1197.3831591806709,7.746808982088835,0.0,6.735422871741303
10,0,pacm,1.0,1.0,True,0,2.4086859038572648,0.016261665616184473,176.76219792415836,0.7325,223.6541267774761,0.901,367.9694917446337,415.91263567445196,5.921978254665706,0.0,5.648909288127677
10,0,pacm,0.3,1.0,True,0,4.457954618162434,0.02067237487062812,298.7208555569217,0.2185,96.16748375050449,0.4095,158.22064465298834,4299.82437480256,22.67906816542887,0.0,7.716943878201251
10,0,pacm,0.1,1.0,True,0,26.93097619341045,0.01935429172590375,326.2968621274954,0.0945,33.84410919813661,0.1395,55.68240496889589,6086.199809188474,180.79817039143444,0.0,9.208516191482472
10,0,pacm,0.03,1.0,True,0,288.0782033238511,0.03210808290168643,329.88558174150285,0.0335,10.22147593359467,0.0565,16.816999347868144,6643.732653633948,1991.277884115432,0.0,9.826545365530654
10,0,pacm,0.01,1.0,True,0,2588.6073239880734,0.09995929198339581,330.2059377657435,0.012,3.4091848360118737,0.021,5.609000063830426,6792.133544510291,17919.21718395996,0.0,10.144729649777695
10,0,pacm,0.003,1.0,True,0,28762.770868367785,0.37254250003024936,330.24262827533926,0.002,1.0230497626064485,0.0045,1.683184238984828,6842.82465966393,198978.0797146249,0.0,10.310501923592776
10,0,pacm,1.0,4.0,True,0,2.227205069647578,0.05373404175043106,119.71517507503921,0.8655,244.9374189326925,1.0,402.9860698415786,332.6161341482216,5.1438169737383,0.0,5.1327206444628235
10,0,pacm,0.3,4.0,True,0,2.4564414004411006,0.1106291669420898,221.97493460404922,0.609,168.54648249089664,0.8875,277.3030142172497,1682.983146781247,5.893824842063501,0.0,5.634230733197872
10,0,pacm,0.1,4.0,True,0,7.656093084651934,0.12951966701075435,256.8891137820211,0.5265,141.24593042528318,0.705,232.38647092481725,2750.074479516904,7.281301913369809,0.0,6.134212370692718
10,0,pacm,0.03,4.0,True,0,76.90245335707084,0.1559035419486463,251.19059656364814,0.5,116.9325018544459,0.653,192.38452648190594,3127.0022305591892,8.823764490648493,0.0,6.424527113422231
10,0,pacm,0.01,4.0,True,0,686.581978346378,0.24504199996590614,256.6492837851222,0.4915,152.95153832405614,0.666,251.6452552411871,2477.251578248655,7.386444211492566,0.0,6.4330672768997434
10,0,pacm,0.003,4.0,True,0,7676.628246112827,0.3282234170474112,269.17782693306253,0.4685,135.2501482631311,0.586,222.52184223851648,3065.538768489614,8.888834583154571,0.0,6.723642620904523
10,0,pacm,1.0,16.0,True,0,2.1844221345748753,0.05846479069441557,106.19345551358596,0.8935,285.19134529124295,1.0,469.214299279165,326.5959207124616,5.00048120251899,0.0,4.998629259352235
10,0,pacm,0.3,16.0,True,0,2.009976298798584,0.2001970000565052,107.59795090985197,0.8835,270.55590527835403,1.0,445.13517540786705,323.2867744785787,5.014952601489243,0.0,5.010803969562901
10,0,pacm,0.1,16.0,True,0,2.4119651212084623,0.2943735830485821,260.8298360084221,0.5005,94.01501330048038,0.642,154.67926820309722,3827.549590985472,12.491496168131285,0.0,6.468847923269637
10,0,pacm,0.03,16.0,True,0,7.8083983233382686,0.42207658290863037,313.5258952274653,0.616,238.79629414487917,0.939,392.8823145499968,2057.2851102369104,6.096248113511929,0.0,5.904753105137729
10,0,pacm,0.01,16.0,True,0,71.32957195284699,0.33142754063010216,323.7500045573926,0.54,78.14665037689532,0.66,128.5716639127434,5404.393541220342,28.83208681798999,0.0,6.270335192308835
10,0,pacm,0.003,16.0,True,0,629.2121678560853,0.6932796249166131,257.45754381984955,0.5475,111.62295420693184,0.6355,183.6489329232253,3526.897164423924,9.554511236409722,0.0,6.317749126651564
10,0,pacm,1.0,64.0,True,0,2.180082115567366,0.11973954131826758,106.86243308305625,0.8865,281.81505688984345,1.0,463.65942244793007,332.0699918644996,5.0320302051509245,0.0,5.029274146842476
10,0,pacm,0.3,64.0,True,0,1.9643061841346867,0.4845116250216961,103.43631810105501,0.875,245.40172031960472,1.0,403.74996697068644,331.3126766215409,5.084820555501871,0.0,5.075581507703329
10,0,pacm,0.1,64.0,True,0,2.016194982030771,0.519894499797374,308.63651050677817,0.573,156.48164854130377,0.7445,257.45320916164195,3565.4929072974055,7.76001264668937,0.0,6.010095999688127
10,0,pacm,0.03,64.0,True,0,3.0035568691934964,0.9152075001038611,371.2917610047172,0.4905,95.08200210501347,0.665,156.43474364975376,6095.614876793415,27.462841344873798,0.0,6.499063785526006
10,0,pacm,0.01,64.0,True,0,10.151062870495235,1.0145349157974124,359.2867201963282,0.409,74.99774095306809,0.608,123.3908849263201,6268.2981818692815,62.609974350334504,0.0,6.7832303490712125
10,0,pacm,0.003,64.0,True,0,81.15400967833871,1.1484137079678476,398.6014519201524,0.4325,89.54647395176664,0.5665,147.3273530979355,6583.99400573806,28.838301724094585,0.0,6.876594192505945
10,0,pac2t,1.0,16.0,True,0,2.3259563238665706,0.1184937497600913,165.65290859000407,0.8255,229.3208554290406,0.9235,377.29274140613256,375.04056665706213,5.578654002867984,0.0,5.477117984020932
10,0,pac2t,0.3,16.0,True,0,4.235153398569404,0.1699060001410544,293.1758296271866,0.2485,107.17004252426783,0.45,176.32272941308895,3978.06591643113,16.53121974872188,0.0,7.4735042571493535
10,0,pac2t,0.1,16.0,True,0,26.576301053812827,0.19469987507909536,325.65094578135,0.104,36.84534819268789,0.15,60.62022750470806,6012.876234452214,142.9182638420206,0.0,9.112169612898446
10,0,pac2t,0.03,16.0,True,0,287.62168484268,0.5259511251933873,329.5897116797965,0.038,10.766447359155162,0.0605,17.713619774096014,6626.715755734239,1737.1324863174361,0.0,9.78489883673132
10,0,pac2t,0.01,16.0,True,0,2588.083431910532,2.313662082888186,330.1178936243347,0.0125,3.6707763275758336,0.0225,6.039386435780903,6784.968513483478,16701.637486655203,0.0,10.129732963615108
10,0,pac2t,0.003,16.0,False,0,28762.246506553707,5.1593211251311,330.26260549445493,0.0015,0.8354014812010022,0.0035,1.3744537731963964,6847.1333592828005,493991.38873730914,0.0,10.314070078693977
10,0,pac2t_ensemble,1.0,16.0,True,0,1.2442405442756348,0.03128137532621622,175.95971215274727,0.003,0.9498406044087381,0.0035,1.023074793110522,3985.56603908135,,,
10,0,pac2t_ensemble,0.3,16.0,True,0,2.6218503544597365,0.031580500304698944,326.40294940876214,0.095,8.522013972632246,0.12,10.57249595086985,6628.6548392000395,,,
10,0,pac2t_ensemble,0.1,16.0,True,0,24.208311647934636,0.04290170827880502,326.17879830178236,0.022,9.850691516227474,0.031,12.267286155809888,6619.11860249278,,,
10,0,pac2t_ensemble,0.03,16.0,True,0,284.63062059539965,0.038288749754428864,330.5323995845999,0.0125,3.4980146006291597,0.0155,4.670080284886807,6761.784096119501,,,
10,0,pac2t_ensemble,0.01,16.0,True,0,2584.5258763791853,0.04737316584214568,330.4633258793498,0.005,0.8014822086654452,0.0065,0.8523072632741349,6850.573932071739,,,
10,0,pac2t_ensemble,0.003,16.0,True,0,28758.01697629918,0.0590077918022871,330.2404761612303,0.0,0.05233737839016012,0.0,0.06724843046131772,6863.640208393272,,,
10,0,pvi,1.0,1.0,True,0,1.1778118111090876,1.2944894577376544,330.2508196190879,0.0,0.08517557369445711,0.0015,0.1401360798166309,6862.467247509918,33945579.598563045,0.0,10.350042921565077
10,0,pvi,0.3,1.0,True,0,2.591316985160475,1.2890519588254392,330.2477289437521,0.0,0.02690141267487022,0.0,0.04425985467745703,6863.6858559634675,342769313.31212795,0.0,10.373240796163765
10,0,pvi,0.1,1.0,True,0,24.50349288105631,1.2890827497467399,330.2465058356793,0.0,0.009432948747512394,0.0,0.01551966604098716,6864.093362191435,2788840292.733635,0.0,10.373491181781866
10,0,pvi,0.03,1.0,True,0,285.0471988134151,1.292421791702509,330.24629941755137,0.0,0.0029947405968787136,0.0,0.004927130973252423,6864.269113761892,28986758561.12776,0.0,10.373491181781866
10,0,pvi,0.01,1.0,True,0,2585.0276270207264,1.3132428331300616,330.24655265827437,0.0,0.006250142681560329,0.0,0.010283118219200553,6864.164552271729,5458682429.302888,0.0,10.373491181781866
10,0,pvi,0.003,1.0,True,0,28758.607023485292,1.3381311246193945,330.24470053672025,0.0,0.007660562395828439,0.0,0.012603627269869421,6864.340671370181,3467562609.4532385,0.0,10.372374212518295
10,0,pvi,1.0,16.0,True,0,1.1778195529411946,1.4936742498539388,328.85922008258353,0.001,0.22129225956431903,0.0045,0.3640836028924346,6833.845595157723,4154239.026803116,0.0,10.311878106986244
10,0,pvi,0.3,16.0,True,0,1.2146551983889609,1.531008291989565,107.86901110489025,0.493,42.190150390997296,0.6355,69.41382401341211,2024.730009653678,26.71232323075303,0.0,6.434978481094318
10,0,pvi,0.1,16.0,True,0,1.9804206191111797,1.5527222082018852,88.121589899094,0.5875,50.114902827019804,0.6655,82.45211294687144,1575.3079061667845,17.209542926427797,0.0,6.271571478170317
10,0,pvi,0.03,16.0,True,0,13.64199260208918,1.5827826671302319,84.29303597905377,0.607,53.99512664324033,0.677,88.8360952416882,1474.7556836139047,15.014883240505835,0.0,6.214281780456286
10,0,pvi,0.01,16.0,True,0,109.67165612006198,1.5518053332343698,83.6897266666211,0.606,53.176141776683586,0.6755,87.48865109015114,1460.3061108981506,14.694501289514651,0.0,6.2169310835910645
10,0,pvi,0.003,16.0,True,0,1290.2956009685727,1.5289073754101992,85.28979907731718,0.599,51.72700161161044,0.6635,85.10443677811544,1519.7850927944664,16.44556166433708,0.0,6.285539579483895
10,1,POPS ellipse,,,True,0,0.10471059721181764,0.009889333043247461,42.08091294533237,0.852,114.54461923112547,0.948,147.84358489041833,179.74184287352597,inf,0.037,4.9449440830950175
10,1,Ellipse+EB,,,True,0,0.10471059721181764,0.006064583081752062,42.08091294533237,1.0,149.92576368641176,1.0,231.32808299260896,149.92576368641176,4.733516393766569,0.0,4.7383647791496335
10,1,Ellipse+PAC,,,True,0,,0.1602264167740941,35.3062242617692,1.0,342.4747186006593,1.0,552.5393174333418,342.4747186006593,4.80786983393111,0.0,4.81229766962573
10,1,Bayesian stacking,,,True,0,,0.005965125281363726,39.904882548322504,0.8035,97.57219935103073,0.9355,164.68309579862003,294.93270004834363,5.338702817405927,0.0,5.2423496949206125
10,1,pacm,1.0,1.0,True,0,2.3739169269774525,0.008123749867081642,59.86773216058421,1.0,201.83029955528193,1.0,332.06359219079536,201.83029955528193,5.050047320292691,0.0,5.0536298817265175
10,1,pacm,0.3,1.0,True,0,2.629502507331442,0.006362833082675934,61.8360296178662,0.5395,61.59101983421309,0.832,101.33332476792673,643.4115208518793,6.928195711355676,0.0,5.946068402008087
10,1,pacm,0.1,1.0,True,0,9.666904731167786,0.013299833051860332,62.02658815862125,0.182,20.56328312246153,0.3125,33.83197505987267,1226.272519043895,32.801845354883014,0.0,8.3299643548948
10,1,pacm,0.03,1.0,True,0,95.36936438042795,0.023960750084370375,62.048480207144486,0.032,6.170063832904349,0.058,10.151367584129945,1501.5118230215996,338.40080145305245,0.0,9.849149201534203
10,1,pacm,0.01,1.0,True,0,853.5409606506515,0.05668679112568498,62.05040628429357,0.011,2.0567885072725014,0.018,3.383954647080029,1586.2401492258125,3034.020641730876,0.0,10.20920374454532
10,1,pacm,0.003,1.0,True,0,9483.389295857796,0.08120937505736947,62.050617024374276,0.005,0.6170714643118462,0.0065,1.0152438337024865,1616.2378225852656,33703.78581768894,0.0,10.300646965326992
10,1,pacm,1.0,4.0,True,0,2.274047057467719,0.018110208678990602,55.6952584133184,1.0,277.975305701853,1.0,457.34202820428857,277.975305701853,5.203888855214343,0.0,5.207312570224287
10,1,pacm,0.3,4.0,True,0,1.9636198001399325,0.022914917208254337,69.95331277280354,0.8455,104.4726303658292,0.9755,171.88478142944183,426.16398209119717,5.121156442049651,0.0,5.06995902681734
10,1,pacm,0.1,4.0,True,0,2.8465394228723717,0.045509499963372946,70.49647513122491,0.598,82.31748782273212,0.9035,135.4337815816967,537.737000916942,5.655474161771284,0.0,5.483377905469113
10,1,pacm,0.03,4.0,True,0,17.029557202481,0.07079641614109278,70.06980051913285,0.5985,84.53966236072557,0.8575,139.08983947383155,538.4499776187967,6.136910005801016,0.0,5.70405817164952
10,1,pacm,0.01,4.0,True,0,148.42756827166136,0.08102683303877711,64.40491895031576,0.5945,79.40051597108832,0.862,130.63460051963344,552.0269173213496,6.128011939939082,0.0,5.732164386755347
10,1,pacm,0.003,4.0,True,0,1648.385988711691,0.08325274987146258,68.16610123542083,0.593,81.81666179237966,0.8685,134.6097918682199,552.0175226079358,5.970943330015891,0.0,5.706497187103969
10,1,pacm,1.0,16.0,True,0,2.257282582443615,0.02170712500810623,62.1607803312421,1.0,290.8002379069958,1.0,478.4423935459982,290.8002379069958,5.23643687780213,0.0,5.239476328348994
10,1,pacm,0.3,16.0,True,0,1.812743675991526,0.03563545923680067,69.74851892258549,0.894,141.19208061082318,1.0,232.29787390609505,227.55431151094214,4.956343033638843,0.0,4.951802498055406
10,1,pacm,0.1,16.0,True,0,1.8313753328236908,0.07280233409255743,71.1358350922213,0.845,122.85464436817253,1.0,202.12799870043307,353.8470297432017,5.025862837031127,0.0,4.9982496254500255
10,1,pacm,0.03,16.0,True,0,3.3718594348154127,0.10893483273684978,64.54513607019054,0.8285,108.74371644511896,0.8925,178.91183430093886,534.5709169021451,6.195720382902043,0.0,5.191844312714096
10,1,pacm,0.01,16.0,True,0,15.018844350082281,0.13273833319544792,63.62241572614417,0.6815,86.90602192896381,0.8805,142.98311942424363,566.5532138694066,6.056686663377439,0.0,5.618063861917046
10,1,pacm,0.003,16.0,True,0,135.24059218267374,0.10563370771706104,63.82729875713157,0.6705,91.33268403386583,0.9555,150.26613551849476,534.7704129850533,5.85870453539987,0.0,5.413296720942563
10,1,pacm,1.0,64.0,True,0,2.2475112413605007,0.046433832962065935,58.70828480727371,1.0,302.8476258419472,1.0,498.2634953479121,302.8476258419472,5.248018956791264,0.0,5.2510224174467055
10,1,pacm,0.3,64.0,True,0,1.7979320590714982,0.06732441717758775,69.11071364756772,0.91,140.39007261353427,1.0,230.97836114149874,198.35827800671734,4.864400578243356,0.0,4.864326051895869
10,1,pacm,0.1,64.0,True,0,1.6032937402306704,0.10805875016376376,71.63198993701228,0.8175,105.09180846223381,1.0,172.90349122351643,335.49773954517246,4.958109530880444,0.0,4.940938683071827
10,1,pacm,0.03,64.0,True,0,1.7810098988270742,0.35629091691225767,68.46033165514417,0.8075,122.50861036014457,0.961,201.5586823193984,300.135539653642,5.0834368442955835,0.0,5.06577389755213
10,1,pacm,0.01,64.0,True,0,5.6349312852671325,0.6192498747259378,51.66822754872419,0.8905,178.53522790958237,1.0,293.7371110427347,214.49219387521293,5.02559098195403,0.0,5.027116816269212
10,1,pacm,0.003,64.0,True,0,23.476282719548216,0.4471075418405235,56.46460076195725,0.8345,134.58045079261927,0.9055,221.42001487052832,336.37561389885843,5.502941560964594,0.0,5.373073616958618
10,1,pac2t,1.0,16.0,True,0,2.3312036148500157,0.04916233289986849,62.39373557538255,1.0,224.9783883166821,1.0,370.1482480794248,224.9783883166821,5.11253419872042,0.0,5.1160814073999346
10,1,pac2t,0.3,16.0,True,0,2.4974603124306904,0.043372416868805885,61.97157278622491,0.596,70.12199887860389,0.876,115.36901491270048,555.5165393705863,6.248432758926041,0.0,5.7402734035320515
10,1,pac2t,0.1,16.0,True,0,9.38660106420641,0.10588179202750325,61.73309586166677,0.2,23.472629951467596,0.362,38.61861096685669,1176.043311704231,25.615805407760796,0.0,8.116280559512074
10,1,pac2t,0.03,16.0,True,0,94.93602844335201,0.5545092499814928,61.97371299478399,0.0355,6.768892586687562,0.0765,11.136597391183393,1489.2981034462987,279.114290887744,0.0,9.758688416506322
10,1,pac2t,0.01,16.0,True,0,853.0293091615814,2.4231347092427313,62.060020235323215,0.0105,2.149453655865292,0.018,3.5364130350446557,1584.6865341289395,2834.009984077542,0.0,10.205402309181178
10,1,pac2t,0.003,16.0,False,0,9483.121194370406,5.5660060830414295,62.05690613736697,0.005,0.6205792638307646,0.006,1.0210150806931702,1616.3017092680996,36286.27311832513,0.0,10.3047759113781
10,1,pac2t_ensemble,1.0,16.0,True,0,1.0071638660149134,0.005783542059361935,59.867767347566506,0.0,8.42712035966473e-05,0.0,9.349994103998753e-05,1607.389036934738,,,
10,1,pac2t_ensemble,0.3,16.0,True,0,0.6332397515910992,0.0075076669454574585,62.291599487873874,0.0575,10.607640174268472,0.073,12.987583940398501,1397.5423319229055,,,
10,1,pac2t_ensemble,0.1,16.0,True,0,6.843882944939535,0.022643415722995996,61.85611147098892,0.0515,9.900373124340076,0.099,13.870346779435062,1422.2092254475529,,,
10,1,pac2t_ensemble,0.03,16.0,True,0,91.64905828047904,0.0570765002630651,61.82869069857503,0.0135,2.7271696785890827,0.0175,3.61696341942643,1570.0234219620797,,,
10,1,pac2t_ensemble,0.01,16.0,True,0,849.1681329745277,0.03295399993658066,62.02739975148577,0.0055,0.6527245543505898,0.006,0.8030166030290055,1615.9577618158748,,,
10,1,pac2t_ensemble,0.003,16.0,True,0,9478.385883526798,0.039995542261749506,62.05031950725067,0.0,0.08090641382637677,0.0005,0.10061857341443656,1627.6476808941954,,,
10,1,pvi,1.0,1.0,True,0,1.0042974985664026,1.4012245000340044,61.992854274724394,0.0025,0.3226364023850896,0.004,0.5308212046633966,1621.94787105099,125939.24192093906,0.0,10.32335408717773
10,1,pvi,0.3,1.0,True,0,0.6633718960399051,1.4131593341007829,62.03502029618275,0.0,0.09991285432840263,0.0005,0.16438275812615474,1626.931144349568,1310118.3255434355,0.0,10.362587263446203
10,1,pvi,0.1,1.0,True,0,7.151973155385091,1.2867337502539158,62.05182089629182,0.0,0.035270969413509906,0.0,0.05802996294069291,1628.4409629852037,10506728.871991964,0.0,10.371982983860828
10,1,pvi,0.03,1.0,True,0,92.25252452154304,1.298407250083983,62.053991983116326,0.0,0.013208508921473188,0.0,0.02173144928988917,1628.8867691091127,76346997.90522693,0.0,10.373491181781866
10,1,pvi,0.01,1.0,True,0,849.8750153973269,1.2967870831489563,62.05303960534962,0.0,0.011255826603589083,0.0,0.01851877653305884,1628.8627832776426,105113957.99956632,0.0,10.373491181781818
10,1,pvi,0.003,1.0,True,0,9479.129410284828,1.293126208242029,62.05922774895785,0.0,0.011305015578740385,0.0,0.01859970525298332,1628.9605172777917,106790280.82433984,0.0,10.373491181781866
10,1,pvi,1.0,16.0,True,0,1.0042960676819241,1.4463914171792567,62.046488878177705,0.0045,0.3621721272318069,0.005,0.5958678049082321,1621.6660345276628,100490.9101058815,0.0,10.311799994068314
10,1,pvi,0.3,16.0,True,0,0.3380911921145602,1.4599185422994196,72.40853984670329,0.2185,42.75406364289429,0.2875,70.3416086945106,1015.3777652055371,4711.657877599952,0.0,8.709946636764675
10,1,pvi,0.1,16.0,True,0,0.3263313820360798,1.4593939171172678,64.53794774219634,0.641,79.99297934144037,0.8595,131.60935760731704,514.8069288738988,11.028141381729613,0.0,5.685282643024784
10,1,pvi,0.03,16.0,True,0,3.0717804106917743,1.516279666684568,58.471209976267446,0.824,102.41024324756971,0.964,168.49161560406313,367.89316706300957,5.239462443258908,0.0,5.070231740686382
10,1,pvi,0.01,16.0,True,0,28.76337586041918,1.552008000202477,55.84284165818402,0.8795,105.89692274132254,0.965,174.22811463351846,355.15549121962675,5.2799450429444805,0.0,5.1043900862718585
10,1,pvi,0.003,16.0,True,0,311.277815663956,1.5511476253159344,56.47311770249022,0.867,106.65002840256751,0.9645,175.4671702744369,360.83383607640815,5.296885519216641,0.0,5.134552357724948
10,2,POPS ellipse,,,True,0,0.8979864281962953,0.01025466714054346,38.39048774822882,1.0,347.42188540214937,1.0,448.4199899743922,347.42188540214937,4.965815868103134,0.0,4.9672755745709125
10,2,Ellipse+EB,,,True,0,0.8979864281962953,0.005204125307500362,38.390487748228814,1.0,350.26910095842726,1.0,455.69478521659,350.26910095842726,4.984660639910518,0.0,4.986071758122492
10,2,Ellipse+PAC,,,True,0,,0.11999179190024734,43.27546697180821,1.0,775.8658400204506,1.0,1733.0389497804888,775.8658400204506,5.316012673769645,0.0,5.312807716303536
10,2,Bayesian stacking,,,True,0,,0.007389832753688097,36.62245686585933,0.6885,83.0882538965308,0.9905,153.42560949553632,280.1051334794918,5.393710003092405,0.0,5.369410477795613
10,2,pacm,1.0,1.0,True,0,2.470871738173439,0.009171207901090384,35.010783238439295,1.0,164.91988258289254,1.0,271.3363095374066,164.91988258289254,4.943398851386075,0.0,4.94856182700454
10,2,pacm,0.3,1.0,True,0,4.1843402746970835,0.0069876667112112045,34.97609485122525,0.4855,51.10340962177802,0.754,84.07846497575675,448.7038985304518,7.004191768618803,0.0,6.354443232242558
10,2,pacm,0.1,1.0,True,0,24.071605181863056,0.013289208989590406,34.97281064584793,0.0975,17.089131255111855,0.2365,28.11608725001236,946.8440920181031,34.338173818658845,0.0,8.896681529750355
10,2,pacm,0.03,1.0,True,0,255.94555885541226,0.02918808301910758,34.972433748242054,0.0275,5.128714873847077,0.047,8.438076384391177,1181.0303325018408,356.5104537202001,0.0,9.999057786220849
10,2,pacm,0.01,1.0,True,0,2299.1416616498186,0.07045329175889492,34.97240238718751,0.0095,1.709627576119522,0.0125,2.812784182977416,1251.4425243581084,3198.323291306805,0.0,10.248921823369132
10,2,pacm,0.003,1.0,True,0,25546.14380616387,0.13067900016903877,34.97239796737622,0.002,0.513444515647981,0.004,0.8447504196961875,1276.3689684343078,35497.78432512028,0.0,10.323324746917555
10,2,pacm,1.0,4.0,True,0,2.308271579008806,0.03013716684654355,38.19361394069623,1.0,265.8391635161132,1.0,437.3749024634324,265.8391635161132,5.170669411804878,0.0,5.174649356529256
10,2,pacm,0.3,4.0,True,0,2.438608828093359,0.04067341610789299,36.32862203187353,1.0,156.92466158185255,1.0,258.1820813971593,156.92466158185255,4.798842790101244,0.0,4.804292915465002
10,2,pacm,0.1,4.0,True,0,6.675814900614602,0.05470604170113802,35.10177950107275,0.879,104.05208145219981,1.0,171.19286855382595,174.29989350462733,4.976059622579795,0.0,4.971351629620103
10,2,pacm,0.03,4.0,True,0,54.36132202139097,0.14400441711768508,35.19566008134186,0.887,96.73888644146089,0.9365,159.16075141874433,195.07518159247417,5.527362739808983,0.0,5.108773254510796
10,2,pacm,0.01,4.0,True,0,467.47968144313893,0.21991587476804852,35.126067152299576,0.9155,103.7190155343542,0.949,170.64488807042065,176.5327650930314,5.220597145947043,0.0,4.996872888810541
10,2,pacm,0.003,4.0,True,0,5171.342268358125,0.712573082651943,35.0004615347333,0.923,104.287893407581,1.0,171.58084085113683,130.7249894374185,4.79742167744204,0.0,4.800990745497823
10,2,pacm,1.0,16.0,True,0,2.2312837908436403,0.04787520878016949,45.64027300273259,1.0,368.7507928774719,1.0,606.6914292646044,368.7507928774719,5.360469865807389,0.0,5.362488523208918
10,2,pacm,0.3,16.0,True,0,1.891432523860337,0.06451774993911386,46.64996803492882,1.0,274.02529509338007,1.0,450.8432283970674,274.02529509338007,5.119929647374668,0.0,5.123365294559478
10,2,pacm,0.1,16.0,True,0,2.129110295749553,0.14105704193934798,39.59620410855913,1.0,199.46933284450236,1.0,328.1791849003547,199.46933284450236,4.9660234402431795,0.0,4.97058751109849
10,2,pacm,0.03,16.0,True,0,6.841357818183377,0.1260360418818891,35.378536950032284,0.807,118.77627176877006,0.873,195.4180098700436,340.5297338953669,7.241193271573148,0.0,5.530660684738232
10,2,pacm,0.01,16.0,True,0,52.632854130033905,0.13626549998298287,37.40171924058371,1.0,171.31601046592255,1.0,281.8596115670352,171.31601046592255,4.9792757947441215,0.0,4.984054481198534
10,2,pacm,0.003,16.0,True,0,486.438401157117,0.2402878748252988,37.069126166054254,0.9215,123.21358140117096,1.0,202.71854392981825,155.22900951754698,4.8803669832093535,0.0,4.883680865375418
10,2,pacm,1.0,64.0,True,0,2.231935197078007,0.12311449972912669,53.910667792685736,1.0,476.95387232433563,1.0,784.7137744050582,476.95387232433563,5.492811190390597,0.0,5.492788746863911
10,2,pacm,0.3,64.0,True,0,1.8438220042933708,0.24321120791137218,39.9008096394003,1.0,374.7710432796385,1.0,616.596314600634,374.7710432796385,5.247176020870895,0.0,5.249059201073442
10,2,pacm,0.1,64.0,True,0,1.9167268937835913,0.28023104229941964,43.03673944889679,1.0,162.72796743974183,1.0,267.73003625824185,162.72796743974183,4.785367181104097,0.0,4.790270704686628
10,2,pacm,0.03,64.0,True,0,2.79489219084861,0.439432957675308,37.13626561618692,0.867,141.25708361535615,0.916,232.40482083743288,262.10172281754336,5.359664862549291,0.0,5.249338537007345
10,2,pacm,0.01,64.0,True,0,9.00567165148743,0.5111837908625603,35.2225123373148,0.9175,172.23477623000193,1.0,283.37122137326526,187.62934885656804,5.038710501294211,0.0,5.041785234701287
10,2,pacm,0.003,64.0,True,0,84.59365553671998,0.3908267905935645,39.804838747616095,0.845,136.77027452053858,0.904,225.02284722503495,180.7338226731923,6.034240543680868,0.0,5.370831880928074
10,2,pac2t,1.0,16.0,True,0,2.3830389771349636,0.05852654203772545,34.81116210236284,1.0,185.70590185987263,1.0,305.534743784741,185.70590185987263,4.980586786314951,0.0,4.985703100932558
10,2,pac2t,0.3,16.0,True,0,3.9580573201240514,0.05740616610273719,34.870604755101844,0.532,57.844004405728654,0.8465,95.16850508565662,373.85427831336517,6.317547659750057,0.0,6.037749029869172
10,2,pac2t,0.1,16.0,True,0,23.68930524720088,0.11869266675785184,34.95371905617126,0.133,18.79977472904704,0.2585,30.93054285040684,917.0274337761357,29.107360141214954,0.0,8.74877820429431
10,2,pac2t,0.03,16.0,True,0,255.44217213414905,0.4847644162364304,34.96954414118409,0.028,5.389279822940831,0.0485,8.866773825685836,1175.6893876471906,327.9603248869376,0.0,9.983507371215634
10,2,pac2t,0.01,16.0,True,0,2298.5989280748686,2.7941872500814497,34.971187243174526,0.01,1.7053634921850203,0.012,2.8057686504641435,1251.4525642124377,3160.402303584273,0.0,10.247144381763796
10,2,pac2t,0.003,16.0,False,0,25546.550417283976,5.386098000220954,34.97263564788951,0.002,0.47172481417377526,0.0045,0.7761106071052246,1277.178935811209,49016.34605793063,0.0,10.327223004203104
10,2,pac2t_ensemble,1.0,16.0,True,0,1.1494417627981668,0.05294883297756314,35.01594023782272,0.014,2.6668815610051206,0.014,2.706613405755231,1228.3355745097092,,,
10,2,pac2t_ensemble,0.3,16.0,True,0,2.113686243726679,0.04841979220509529,34.904414405524996,0.1505,26.993089279826737,0.182,32.721691524536354,795.530076562908,,,
10,2,pac2t_ensemble,0.1,16.0,True,0,21.119618822384584,0.01291341707110405,34.95436662593545,0.039,6.615618240147178,0.045,7.874817786843201,1144.9834676065614,,,
10,2,pac2t_ensemble,0.03,16.0,True,0,252.20024635245207,0.042301667388528585,34.98362779362782,0.006,1.5182725289709653,0.0085,1.9723077184015847,1251.4763283259408,,,
10,2,pac2t_ensemble,0.01,16.0,True,0,2294.797014940149,0.05322795873507857,34.97246188563073,0.002,0.33062023931236834,0.003,0.4036437260480017,1279.7128412963104,,,
10,2,pac2t_ensemble,0.003,16.0,True,0,25541.18565170984,0.0437245829962194,34.97240181830317,0.0,0.034919783648418974,0.0,0.04714760471085244,1286.3477552246734,,,
10,2,pvi,1.0,1.0,True,0,1.1488623370497941,1.393145625013858,34.97741655180417,0.0005,0.2365831084219414,0.0015,0.3892410456079072,1282.0832243626483,178445.53901470997,0.0,10.353291074811608
10,2,pvi,0.3,1.0,True,0,2.2696518320365686,1.2772270003333688,34.971083024404436,0.0,0.0722227136274019,0.0,0.11882523970744799,1285.731973285821,1927042.5274369335,0.0,10.373478713536942
10,2,pvi,0.1,1.0,True,0,21.608500618335306,1.2824862082488835,34.972830589023154,0.0,0.025402717865616316,0.0,0.04179411002437456,1286.5554193525454,15768405.041907601,0.0,10.373491181781866
10,2,pvi,0.03,1.0,True,0,252.88058455688454,1.2797695840708911,34.97253816717017,0.0,0.008244683235821056,0.0,0.013564658714743966,1286.948878013309,141183244.53227514,0.0,10.373491181781866
10,2,pvi,0.01,1.0,True,0,2295.527663245201,1.2973099160008132,34.97203421358178,0.0,0.009410490707014815,0.0,0.015482716694841607,1286.9196684564486,123792157.19695443,0.0,10.373491181781866
10,2,pvi,0.003,1.0,True,0,25541.93760695552,1.287923582829535,34.96995962644748,0.0,0.011432915721363136,0.0,0.018810134414979692,1286.9059219578971,75606309.90848288,0.0,10.373491181781866
10,2,pvi,1.0,16.0,True,0,1.1488613135906536,1.4415933340787888,34.97142206341741,0.001,0.3141791327153658,0.0025,0.5169067857042864,1280.3901084921988,102661.57794424746,0.0,10.345987593570072
10,2,pvi,0.3,16.0,True,0,0.9251905798023601,1.4630105420947075,45.37353647184123,0.5445,84.60341591162896,0.8595,139.19473072739865,270.8984170580899,41.402392284584394,0.0,5.914726498429695
10,2,pvi,0.1,16.0,True,0,1.302608470662006,1.4851130000315607,37.45155294301408,0.9795,123.55561014361373,0.9895,203.28127060216974,124.22735707792307,4.754409663256623,0.0,4.729670445948461
10,2,pvi,0.03,16.0,True,0,9.440310366306493,1.5356728341430426,36.247673044397544,1.0,140.02245732929183,1.0,230.37353792071227,140.02245732929183,4.890971355024345,0.0,4.896187446827511
10,2,pvi,0.01,16.0,True,0,86.92332216279088,1.5419378750957549,37.44931710010476,1.0,135.00224833565426,1.0,222.11398206785458,135.00224833565426,4.917284538921951,0.0,4.922212765726254
10,2,pvi,0.003,16.0,True,0,946.1678070493566,1.5409044581465423,36.19211503767497,0.999,136.6837027799937,1.0,224.88041408585593,136.79966697468438,4.868472119366044,0.0,4.873737389426433
10,3,POPS ellipse,,,True,0,1.2025780645937938,0.01340508321300149,74.25515972507415,1.0,495.88126170255657,1.0,640.0376019598151,495.88126170255657,5.083272137996219,0.0,5.081117265099374
10,3,Ellipse+EB,,,True,0,1.2025780645937938,0.007379041984677315,74.25515972507415,1.0,539.2856633415739,1.0,725.581772203795,539.2856633415739,5.264433932325915,0.0,5.261564082340795
10,3,Ellipse+PAC,,,True,0,,0.08566633379086852,161.91248764021992,1.0,7465.1028401513495,1.0,34393.644986773805,7465.1028401513495,5.473327956469263,0.0,5.468139733917709
10,3,Bayesian stacking,,,True,0,,0.008326791226863861,63.69914154743691,0.522,99.45211938368075,0.8675,164.56768536763624,684.1402053542475,6.8089717968952925,0.0,6.1025212120990835
10,3,pacm,1.0,1.0,True,0,2.299881109722023,0.010927084367722273,57.87712675740774,0.8965,273.507514149278,1.0,449.9913434192155,405.4297425239173,5.235190477147848,0.0,5.224950808476444
10,3,pacm,0.3,1.0,True,0,2.080350089221471,0.012712041847407818,61.75434161114172,0.5695,89.09948139073074,0.82,146.59193351114797,744.3272576129914,9.599729192794365,0.0,5.881597071349889
10,3,pacm,0.1,1.0,True,0,4.990728843483259,0.015817834064364433,62.65551891380196,0.198,29.955254865449163,0.306,49.28422321885977,1275.3606727220954,57.07740376538181,0.0,8.414658684348653
10,3,pacm,0.03,1.0,True,0,43.75479361051835,0.04656879184767604,62.76648699480509,0.0505,8.99550028675342,0.1035,14.799948993557827,1632.9970050915429,608.3773314914606,0.0,9.601282752988103
10,3,pacm,0.01,1.0,True,0,389.2817387619079,0.10516750020906329,62.77633416665215,0.0155,2.9991053785896082,0.025,4.934312179923323,1751.8531649406727,5463.229824072526,0.0,10.150863233878297
10,3,pacm,0.003,1.0,True,0,4325.297233736936,0.23546049976721406,62.77741708547463,0.0045,0.8992672919849671,0.0065,1.4795297236053782,1795.2835273532055,60766.947401162455,0.0,10.28921261997461
10,3,pacm,1.0,4.0,True,0,2.2153401580054326,0.037805458065122366,63.35888850543451,1.0,395.024653517642,1.0,649.9187968309175,395.024653517642,5.309271323693643,0.0,5.308759437291206
10,3,pacm,0.3,4.0,True,0,1.8113163336663987,0.04563020821660757,62.38238935417999,0.8395,176.6324758324331,0.895,290.60658658144774,533.2065173694373,5.719993417633474,0.0,5.389213599070965
10,3,pacm,0.1,4.0,True,0,2.245382579186915,0.08245216682553291,63.23726691981331,0.8015,121.78551888236682,0.8385,200.36900785465002,684.8985864390777,7.427211252627618,0.0,5.527944661868042
10,3,pacm,0.03,4.0,True,0,11.049802498025588,0.12999795889481902,63.29647685369129,0.4995,52.5369432773476,0.6295,86.43700250081477,1083.0623531366516,23.104815379221595,0.0,6.625596958415852
10,3,pacm,0.01,4.0,True,0,93.80306843056803,0.14604954095557332,60.9712758028938,0.4785,47.478181226854595,0.588,78.11401679338351,1104.4904546608454,38.585024944445934,0.0,6.818619128110171
10,3,pacm,0.003,4.0,True,0,1003.4904909908736,0.13816695800051093,61.13783550883274,0.474,45.557316169884984,0.5845,74.95369174636846,1138.9502207075445,74.58268562378227,0.0,6.849337891703988
10,3,pacm,1.0,16.0,True,0,2.198330791606941,0.053715750109404325,63.16519163343889,1.0,420.00765824429027,1.0,691.0223690474278,420.00765824429027,5.265552495581135,0.0,5.265662076302364
10,3,pacm,0.3,16.0,True,0,1.7237411876812385,0.07920879172161222,77.83807749351932,0.875,244.14461846128967,0.9635,401.68170586350084,424.718769723345,5.267989412809473,0.0,5.234365411334212
10,3,pacm,0.1,16.0,True,0,1.6210586336561428,0.10051958309486508,78.26708896371183,0.71,187.29743120081153,0.8045,308.1532255052444,692.3815267123629,8.27591627813389,0.0,5.856598237990467
10,3,pacm,0.03,16.0,True,0,2.2556160734405055,0.16247654194012284,59.146938011968835,0.531,51.02618850918891,0.647,83.95141606339911,962.5823047401103,19.827390126829762,0.0,6.473700338034286
10,3,pacm,0.01,16.0,True,0,7.19248762393843,0.23691554181277752,60.75316370893108,0.5935,69.52438577695482,0.7805,114.38578517112485,819.0525891084646,10.732682021095183,0.0,6.045553732467299
10,3,pacm,0.003,16.0,True,0,85.18028239205596,0.2816288750618696,61.048813424795924,0.4625,42.5049854794635,0.5595,69.93181001776335,1128.339394068443,21.048270001722823,0.0,6.947109140558338
10,3,pacm,1.0,64.0,True,0,2.196022760080242,0.12507795775309205,71.91902332397696,1.0,421.9790564262619,1.0,694.2658342921723,421.9790564262619,5.294413196495414,0.0,5.294083649074079
10,3,pacm,0.3,64.0,True,0,1.7079874038657992,0.23612266685813665,103.6137923428442,0.9215,307.22040670291483,1.0,505.45786271374135,352.5573105712442,5.142926973567795,0.0,5.139866055277551
10,3,pacm,0.1,64.0,True,0,1.570810750152717,0.22839837474748492,93.95992813397498,0.7035,201.54031628804142,0.792,331.5864939275152,675.3508356839432,7.4035282751829845,0.0,5.9584399307518545
10,3,pacm,0.03,64.0,True,0,1.5416659024803177,0.408912125043571,60.163715935637285,0.5965,145.06677634128113,0.692,238.67276105503774,789.4960846920602,11.368794465800915,0.0,6.369246294915774
10,3,pacm,0.01,64.0,True,0,2.2094029606723615,0.9030272499658167,62.09038194639922,0.4785,46.782902712918684,0.603,76.97010192322102,1080.539754585946,16.44108277124712,0.0,6.685615088093743
10,3,pacm,0.003,64.0,True,0,13.094313669826203,0.6881607500836253,63.74006904477812,0.4125,44.543858189090344,0.6105,73.28628849532726,1096.7078790081732,17.31474492023982,0.0,6.817801494081128
10,3,pac2t,1.0,16.0,True,0,2.2508838463638594,0.09038379229605198,58.75670350049174,0.903,292.93030864762846,1.0,481.9469166196572,400.08897967471256,5.260302065429933,0.0,5.254008092734326
10,3,pac2t,0.3,16.0,True,0,1.9725163527829053,0.07540691690519452,62.527062034387626,0.6485,98.3050183060639,0.827,161.73744765290957,713.0133891509446,8.645868819019089,0.0,5.726463765713637
10,3,pac2t,0.1,16.0,True,0,4.71303932735287,0.12708020769059658,63.102702500988784,0.22,33.73441540340995,0.342,55.501930007513806,1231.0901155232918,46.103005625414205,0.0,8.222961561563356
10,3,pac2t,0.03,16.0,True,0,43.30677620799196,0.42277404200285673,62.86214289646879,0.0535,9.522233134557235,0.1085,15.666562192626655,1626.1153674974673,547.1713917243775,0.0,9.563320702806148
10,3,pac2t,0.01,16.0,True,0,388.75246883818915,1.5603742082603276,62.78528402880725,0.015,2.9648266599289537,0.025,4.87791472880109,1752.978148101689,5339.204090274745,0.0,10.14604856949886
10,3,pac2t,0.003,16.0,False,0,4324.751474357471,5.510624083224684,62.77859099853167,0.0045,0.794501875451817,0.0065,1.3071632324094717,1797.5518439521286,62180.45244792388,0.0,10.29461762129646
10,3,pac2t_ensemble,1.0,16.0,True,0,0.9682705765917032,0.011227416340261698,57.87712455701952,0.0,6.861934022707381e-05,0.0,7.708710591637778e-05,1744.0646985058281,,,
10,3,pac2t_ensemble,0.3,16.0,True,0,0.1600137473615577,0.06062729191035032,61.70314760025115,0.0275,4.329904039009598,0.0285,4.51625464188408,1708.571924602393,,,
10,3,pac2t_ensemble,0.1,16.0,True,0,2.2589937427121813,0.05884575005620718,62.70389730912632,0.1045,18.9068905222622,0.1325,21.834026983555297,1467.426887650718,,,
10,3,pac2t_ensemble,0.03,16.0,True,0,40.05802308387125,0.043150417041033506,63.02201374632408,0.0155,2.88249728098367,0.0235,3.662901514516328,1748.540740264305,,,
10,3,pac2t_ensemble,0.01,16.0,True,0,384.9376546513463,0.06091079069301486,62.78212843490106,0.0035,0.567070719542251,0.0045,0.6933729871329927,1800.3719202600648,,,
10,3,pac2t_ensemble,0.003,16.0,True,0,4320.334320222618,0.05127695808187127,62.77752469219452,0.0,0.05636584228345346,0.0,0.07490738000997635,1812.7273769734754,,,
10,3,pvi,1.0,1.0,True,0,0.9578746210285201,1.3955603339709342,62.7556193816532,0.0025,0.20775439045574226,0.004,0.3418102700147238,1809.1372400487312,385181.2308618332,0.0,10.326457321653178
10,3,pvi,0.3,1.0,True,0,0.14756551768606574,1.4324543331749737,62.77705503984853,0.0005,0.06523650167852496,0.0015,0.10733109516789167,1812.8057726358822,3898002.7623243076,0.0,10.356234590787649
10,3,pvi,0.1,1.0,True,0,2.5097264674627078,1.3081987909972668,62.77431143287249,0.0,0.02331189117813992,0.0,0.03835415367479987,1813.5634126848865,30508472.25351092,0.0,10.369624509534695
10,3,pvi,0.03,1.0,True,0,40.6719582100425,1.3100604168139398,62.781013056143216,0.0,0.009217041085463574,0.0,0.015164441508302177,1814.047676211068,189984116.56902432,0.0,10.373459362721833
10,3,pvi,0.01,1.0,True,0,385.65014116243566,1.3205504165962338,62.772554484472494,0.0,0.01250440019808502,0.0,0.020573006417354663,1813.6914107916862,101101471.0591776,0.0,10.36957918819723
10,3,pvi,0.003,1.0,True,0,4321.084611417033,1.3187057920731604,62.77560475144042,0.0,0.016129648477311503,0.0,0.026537487314603335,1813.7667695078069,62889129.04592646,0.0,10.373488430282276
10,3,pvi,1.0,16.0,True,0,0.9578735240364158,1.4651442500762641,62.76735625109349,0.0025,0.20609064159023438,0.003,0.3390729683013476,1809.4135784603027,391737.62313803413,0.0,10.32823266444201
10,3,pvi,0.3,16.0,True,0,0.14756393642074972,1.4561133328825235,62.76915764303698,0.0015,0.11908320326909554,0.003,0.19592299240626102,1811.3642997369775,1292042.9314355257,0.0,10.338573785684838
10,3,pvi,0.1,16.0,True,0,0.3468569016080676,1.4988927920348942,69.61119111628561,0.3975,55.62259366383658,0.554,91.51370383773163,1158.013092495186,27.59791672763014,0.0,7.106341518194084
10,3,pvi,0.03,16.0,True,0,2.3110624631616674,1.501657583285123,67.34046075766732,0.604,60.284741761772075,0.681,99.18415593603969,1205.0906566283293,12.568353946354515,0.0,6.266417613264156
10,3,pvi,0.01,16.0,True,0,22.999110921650136,1.568392415996641,73.12889208392845,0.5955,68.31400984704605,0.701,112.39440042823858,1207.0392872731438,10.01603897434356,0.0,6.2243646960233185
10,3,pvi,0.003,16.0,True,0,235.29830905925616,1.561883458867669,68.25166096161304,0.628,62.988528137056115,0.6835,103.63259117233305,1211.797313162636,12.471355466382748,0.0,6.2696850686981245
10,4,POPS ellipse,,,True,0,0.42647034364612635,0.009651833213865757,39.600021716885784,0.935,206.13550928996585,1.0,266.0606222379359,231.60126854088531,4.7811345203438345,0.0,4.783388755653112
10,4,Ellipse+EB,,,True,0,0.42647034364612635,0.0054863751865923405,39.60002171688579,1.0,233.29841673860565,1.0,325.86667437287514,233.29841673860565,4.84058811313239,0.0,4.8440726963425575
10,4,Ellipse+PAC,,,True,0,,0.07949004089459777,37.782797933558136,1.0,2009.1511864946542,1.0,4748.230843299384,2009.1511864946542,5.162966865699625,0.0,5.164255359397701
10,4,Bayesian stacking,,,True,0,,0.008769167121499777,47.23796546849026,0.676,91.22145340142785,0.908,141.70794042574178,261.30440974577107,5.587890583280718,0.0,5.487294922623793
10,4,pacm,1.0,1.0,True,0,2.3489082315565555,0.005292333196848631,80.62990672604164,0.9915,217.53803843697307,1.0,357.90692795228586,218.8075345335711,4.883094409807179,0.0,4.885796216549294
10,4,pacm,0.3,1.0,True,0,1.9037406388245457,0.006231999956071377,83.54528842389024,0.579,66.08338962647922,0.8605,108.72444718094533,726.2950775714335,6.3978511625435734,0.0,5.626184836198969
10,4,pacm,0.1,1.0,True,0,2.7626077651239265,0.013516167178750038,83.81838434469752,0.187,22.052883331602636,0.3465,36.28275671884787,1355.3279779899071,29.129678572576225,0.0,8.101589995915068
10,4,pacm,0.03,1.0,True,0,18.18202442471346,0.02835325011983514,83.84962650805,0.052,6.6167237065395605,0.0885,10.886239813193697,1647.9525431483123,298.9887091863918,0.0,9.644143806160557
10,4,pacm,0.01,1.0,True,0,158.48052003100784,0.050638165790587664,83.85237667214714,0.018,2.205540192954061,0.031,3.6286900470704806,1737.896255792779,2680.9322101201315,0.0,10.080845672334025
10,4,pacm,0.003,1.0,True,0,1760.022313763045,0.1413961248472333,83.85268944536053,0.0045,0.6610927717093016,0.008,1.0876703895741464,1770.0052908649689,29847.51263968773,0.0,10.277613262295297
10,4,pacm,1.0,4.0,True,0,2.2581059443881455,0.014894584193825722,93.95264044275616,1.0,314.12980558800837,1.0,516.825629687871,314.12980558800837,5.067006819112712,0.0,5.069297350044832
10,4,pacm,0.3,4.0,True,0,1.7467182084450878,0.016599500086158514,87.88741007815477,0.8235,106.33706675931093,0.985,174.95226657708793,372.052153263762,4.934735717661524,0.0,4.901721570611811
10,4,pacm,0.1,4.0,True,0,1.7277112856645052,0.03030291572213173,80.27428867666491,0.611,59.915358537182314,0.82,98.57642399131801,781.7095105844598,6.685819908826097,0.0,5.624306215380181
10,4,pacm,0.03,4.0,True,0,5.085910934043014,0.07561383303254843,79.54736287677677,0.537,42.155743224883096,0.7275,69.35721523265768,1045.3617857147826,13.81190258316599,0.0,6.011397668645009
10,4,pacm,0.01,4.0,True,0,34.819688615612215,0.15605204086750746,80.08412547977314,0.4615,40.341486947684025,0.716,66.37228949113685,1047.4641910882876,10.982104972888683,0.0,6.127970839882242
10,4,pacm,0.003,4.0,True,0,388.87784714659557,0.1768784997984767,80.68990220313474,0.481,38.02012010065864,0.7075,62.553034326206884,1118.7866732050418,14.513575833762049,0.0,6.15757809970838
10,4,pacm,1.0,16.0,True,0,2.2351795260555627,0.02634862530976534,68.91446312849423,1.0,493.05451937906673,1.0,811.2035467998406,493.05451937906673,5.290758336020308,0.0,5.29063191723852
10,4,pacm,0.3,16.0,True,0,1.711411525592339,0.026069833897054195,73.11355308779409,1.0,146.59775598484154,1.0,241.191622698368,146.59775598484154,4.683416972606614,0.0,4.686963004907353
10,4,pacm,0.1,16.0,True,0,1.5176044003675622,0.07340937526896596,69.05216707991544,0.771,110.72989099817345,0.989,182.17961053799775,276.10529392253113,5.008487093030682,0.0,4.987563026092797
10,4,pacm,0.03,16.0,True,0,1.8191423028342935,0.08842550031840801,82.24347628061106,0.6335,65.78039729599567,0.899,108.22594560864268,801.3706907997944,6.416183271764068,0.0,5.348731688393884
10,4,pacm,0.01,16.0,True,0,4.216233365128062,0.14621145790442824,79.3223354651434,0.635,63.991528412952675,0.897,105.2827887656391,790.9258945888334,6.518234208416781,0.0,5.3118119252494065
10,4,pacm,0.003,16.0,True,0,43.983195667526346,0.12602983321994543,82.75555347727932,0.5715,58.37893329091276,0.856,96.04860290829397,886.5362638805407,7.078489706296892,0.0,5.6090683482785515
10,4,pacm,1.0,64.0,True,0,2.2373567303824946,0.03593312483280897,77.39496911596885,1.0,385.00184631956495,1.0,633.4286594761066,385.00184631956495,5.175537613306818,0.0,5.177195479568283
10,4,pacm,0.3,64.0,True,0,1.7054036948156548,0.04995787516236305,79.84206387977927,0.99,146.35192120831647,1.0,240.78716024075774,149.38573317611207,4.682800483790021,0.0,4.685507712971251
10,4,pacm,0.1,64.0,True,0,1.4890969045656495,0.09675075020641088,76.84129587300933,0.768,112.40065557769834,1.0,184.92845493452614,229.0020989793004,4.880582258412725,0.0,4.874397747460072
10,4,pacm,0.03,64.0,True,0,1.489612644580658,0.16002399986609817,85.58197658372882,0.774,89.19578785374641,0.945,146.75038281301514,551.1837676433748,5.4944819840169945,0.0,5.042007668323256
10,4,pacm,0.01,64.0,True,0,1.8091457190827218,0.3732345001772046,84.56252428311922,0.597,57.7375802705901,0.8705,94.99340956883988,921.3603340661467,7.180672014051242,0.0,5.48756385199202
10,4,pacm,0.003,64.0,True,0,4.770776431877339,0.26663962518796325,82.35477029866593,0.514,52.66835937855604,0.8045,86.65321633359973,922.8982572070296,7.520975869458371,0.0,5.7860815150601645
10,4,pac2t,1.0,16.0,True,0,2.287659966285761,0.034719166811555624,80.35005884302848,1.0,253.62262539221504,1.0,417.27550439239945,253.62262539221504,4.956143200060152,0.0,4.959206515172057
10,4,pac2t,0.3,16.0,True,0,1.8125973332541236,0.03388637490570545,83.2879245084981,0.639,77.91288660563508,0.9045,128.18706141361523,586.4554641866779,5.674385946249698,0.0,5.334881751350508
10,4,pac2t,0.1,16.0,True,0,2.545552225672996,0.07040070835500956,83.4272759201388,0.2295,26.53292658136846,0.426,43.653598747846054,1271.376039745523,20.89347257620931,0.0,7.70500257991855
10,4,pac2t,0.03,16.0,True,0,17.779144900480645,0.1685659997165203,83.85084559892574,0.063,7.7013387241229,0.1025,12.670714987022377,1626.1843171039204,218.24167423218782,0.0,9.534208423409318
10,4,pac2t,0.01,16.0,True,0,157.98039312972912,0.8233729996718466,83.8776441348995,0.02,2.433886354264506,0.0335,4.00437916191003,1733.5609046035133,2185.5510991899664,0.0,10.06078907123828
10,4,pac2t,0.003,16.0,True,0,1759.4665005499298,2.3823187090456486,83.85418494200073,0.0045,0.709045363675658,0.008,1.1665649360237806,1769.0319938356267,26462.193610880502,0.0,10.27247786951128
10,4,pac2t_ensemble,1.0,16.0,True,0,0.9387634124170048,0.005181499756872654,80.62990822296405,0.0,9.886733021773662e-05,0.0,0.00010647018705618127,1737.4665993467959,,,
10,4,pac2t_ensemble,0.3,16.0,True,0,-0.10481411985122335,0.006650333758443594,83.54529785177729,0.0,6.91902465596068e-05,0.0,8.561874109607682e-05,1779.3575743902074,,,
10,4,pac2t_ensemble,0.1,16.0,True,0,0.13894651969641902,0.21362699987366796,84.60329169318653,0.0845,8.59209084377058,0.0995,10.363888566691225,1597.1919825733892,,,
10,4,pac2t_ensemble,0.03,16.0,True,0,14.50348625416934,0.012122999876737595,83.71947809976758,0.032,3.571683184063688,0.0385,4.227645189256548,1712.6473182149716,,,
10,4,pac2t_ensemble,0.01,16.0,True,0,154.12373831115121,0.019629791844636202,83.85700387539683,0.004,0.6166769451935942,0.005,0.7944272231305058,1772.5693649376738,,,
10,4,pac2t_ensemble,0.003,16.0,True,0,1754.9849627103997,0.021829667035490274,83.8580334821398,0.0005,0.10498355903358782,0.0005,0.13287877965492892,1781.431245554484,,,
10,4,pvi,1.0,1.0,True,0,0.9347864507506549,1.5031929169781506,83.91523349291006,0.0025,0.33728854245801637,0.0035,0.5549278044981062,1777.7734477104568,107301.55698175564,0.0,10.321420953869037
10,4,pvi,0.3,1.0,True,0,-0.1089702343021286,1.3648830829188228,83.83078132984474,0.001,0.10314982391997,0.002,0.16970841910350426,1781.3367668478902,1149341.4849798167,0.0,10.350811464409079
10,4,pvi,0.1,1.0,True,0,0.20089970226518128,1.3630876252427697,83.87567934179074,0.0,0.03592829958748051,0.0,0.059111442873611496,1783.4665656153984,9514938.72783252,0.0,10.370044647941175
10,4,pvi,0.03,1.0,True,0,15.01838421552438,1.3806007499806583,83.85040398001543,0.0,0.01276430930027261,0.0,0.021000624819079165,1783.5407222092772,75675244.26532263,0.0,10.373491181781866
10,4,pvi,0.01,1.0,True,0,154.76779044933664,1.4131442080251873,83.84983991443646,0.0,0.011017527152995633,0.0,0.01812671165600294,1783.5684926121437,99465712.85380402,0.0,10.373491181781866
10,4,pvi,0.003,1.0,True,0,1755.7146538967527,1.4428644590079784,83.87570313949887,0.0,0.012777521069358951,0.0,0.021022361632192704,1783.9521270824814,80022624.0743359,0.0,10.373491181781866
10,4,pvi,1.0,16.0,True,0,0.9347853164193363,1.4922744166105986,83.87087699734907,0.0025,0.32632251469201223,0.0035,0.5368858227933421,1777.2840982836638,115089.5196521689,0.0,10.321608911419382
10,4,pvi,0.3,16.0,True,0,-0.10897247788171383,1.4465005001984537,83.85759860867792,0.0015,0.11317630142671542,0.0015,0.1862045950753296,1781.5669206386342,965730.344208427,0.0,10.348908951497808
10,4,pvi,0.1,16.0,True,0,-0.25580855294198424,1.4561669169925153,83.37920933433372,0.411,27.410661219649207,0.636,45.09770162843484,1320.996015393164,76.77387299477068,0.0,6.460179185113164
10,4,pvi,0.03,16.0,True,0,0.15193600072322289,1.475590500049293,80.08830399464519,0.5145,35.33626278272883,0.764,58.137387597827015,1173.0796317589784,33.51143373301016,0.0,5.91174209927634
10,4,pvi,0.01,16.0,True,0,4.828723525088487,1.4792951252311468,79.44990451729467,0.5665,41.12942987102989,0.8145,67.66866153311567,1086.494460767226,18.251774145234084,0.0,5.677825717158712
10,4,pvi,0.003,16.0,True,0,60.30903646076158,1.4731431659311056,81.0402264910726,0.585,41.98113810026224,0.8015,69.06994416867897,1105.6159942132383,17.92450010872048,0.0,5.644164534804979
10,5,POPS ellipse,,,True,0,1.0523399577703518,0.010592000093311071,36.2964770396545,0.9355,180.3770477975101,0.968,232.81398600247635,186.9242494214953,inf,0.0245,5.045407131175512
10,5,Ellipse+EB,,,True,0,1.0523399577703518,0.003920832648873329,36.2964770396545,1.0,211.6495321046866,1.0,298.969432622685,211.6495321046866,4.977996225246137,0.0,4.982508063035507
10,5,Ellipse+PAC,,,True,0,,0.1640648329630494,39.95969178507837,1.0,979.3129965298242,1.0,1622.9370543284542,979.3129965298242,5.589522867206214,0.0,5.585399648096509
10,5,Bayesian stacking,,,True,0,,0.00770966662093997,36.39139333296819,0.8475,113.05854168001562,1.0,200.0844014367196,170.51410699530575,5.191915780527348,0.0,5.189738411034978
10,5,pacm,1.0,1.0,True,0,2.4507605974758233,0.005300750024616718,43.222805487665994,1.0,192.94509470740465,1.0,317.4451080204883,192.94509470740465,5.183058961613704,0.0,5.1871702006225595
10,5,pacm,0.3,1.0,True,0,3.363714202359229,0.005677832756191492,44.66944667013491,0.302,58.860761768684185,0.597,96.84133668266355,695.3687103006653,8.25376042936588,0.0,7.443669087733541
10,5,pacm,0.1,1.0,True,0,16.1770514799592,0.011335375253111124,44.81385374755784,0.0935,19.65110207490316,0.152,32.33119883327034,1357.7749960762103,44.60659376477209,0.0,9.368043484213118
10,5,pacm,0.03,1.0,True,0,167.58039085307522,0.024380541872233152,44.83047316353335,0.0255,5.896492640331047,0.042,9.701271473060514,1630.5051178175095,469.3816547671177,0.0,10.035011214718892
10,5,pacm,0.01,1.0,True,0,1503.3421047659967,0.06418995885178447,44.83193481737113,0.0105,1.9652611774410988,0.0175,3.2333682683528715,1711.3931214788054,4214.325234812299,0.0,10.215221375835503
10,5,pacm,0.003,1.0,True,0,16703.278032775746,0.15495500015094876,44.83210522308024,0.004,0.5898682256697689,0.0055,0.9704873964251524,1740.0473930567623,46836.12144029702,0.0,10.316209502123595
10,5,pacm,1.0,4.0,True,0,2.295684660082924,0.019087624736130238,42.72949041207211,1.0,312.5010380680753,1.0,514.145881430526,312.5010380680753,5.368416840368764,0.0,5.37136445221108
10,5,pacm,0.3,4.0,True,0,2.2329812387474437,0.031179540790617466,40.93258217291933,1.0,190.32182821296817,1.0,313.12914903248844,190.32182821296817,5.121473872601196,0.0,5.125936854168643
10,5,pacm,0.1,4.0,True,0,4.725768407432002,0.03315687505528331,40.291390285031085,0.986,144.17069465524312,1.0,237.1984724857902,151.70687229753364,5.155294696105042,0.0,5.158818944511462
10,5,pacm,0.03,4.0,True,0,41.39866732398609,0.04702629195526242,39.262197559540056,0.8505,117.4735759285028,0.985,193.27473474631685,179.24624630136944,5.378067123541038,0.0,5.354621387978006
10,5,pacm,0.01,4.0,True,0,327.105687187401,0.05527812521904707,39.781160682325996,0.991,130.68560683414526,1.0,215.01197862065277,132.79821991347686,5.180795474650729,0.0,5.184209365280749
10,5,pacm,0.003,4.0,True,0,3997.407027167866,0.04609537497162819,39.51184422249314,0.881,121.23841768337061,1.0,199.46888339449285,145.88509898699078,5.283718805859563,0.0,5.285718799460365
10,5,pacm,1.0,16.0,True,0,2.2856447959603106,0.026090582832694054,41.62832076105016,1.0,332.0269357455552,1.0,546.2710863071999,332.0269357455552,5.414300079202954,0.0,5.41690570034546
10,5,pacm,0.3,16.0,True,0,2.0431945136005707,0.03976683411747217,47.031417079912124,1.0,239.4641300703173,1.0,393.981079189814,239.4641300703173,5.2394335737949485,0.0,5.24308433035833
10,5,pacm,0.1,16.0,True,0,2.188417361008944,0.06035237526521087,51.80222176330773,1.0,186.22085274220422,1.0,306.3819725713287,186.22085274220422,5.255554731466553,0.0,5.258444556567445
10,5,pacm,0.03,16.0,True,0,4.915938474825718,0.10017050011083484,38.77182983059531,0.79,134.9511316836287,0.8735,222.02988181566144,366.1801041320143,37.96879469538576,0.0,5.911232781311659
10,5,pacm,0.01,16.0,True,0,34.626113886453155,0.18804475013166666,40.45896892394125,0.733,121.9495468987631,0.861,200.63887681121648,402.52624708245406,14.647485370022487,0.0,5.988807433165106
10,5,pacm,0.003,16.0,True,0,427.18899800341217,0.12061108276247978,46.24667023321091,0.8715,154.81766557074502,0.9295,254.7155222842725,266.47807565791845,5.981543060460883,0.0,5.65602695326742
10,5,pacm,1.0,64.0,True,0,2.2828014049736147,0.0647940831258893,41.665007733159754,1.0,337.010071012844,1.0,554.4696461907981,337.010071012844,5.423917529122329,0.0,5.4264349956382825
10,5,pacm,0.3,64.0,True,0,1.994332316219742,0.09086037473753095,47.11855971918117,1.0,254.5183866545725,1.0,418.7492657809481,254.5183866545725,5.213896153528365,0.0,5.217552571627622
10,5,pacm,0.1,64.0,True,0,1.9913737110217573,0.17575320787727833,74.03313371814998,0.9185,230.47294792871708,1.0,379.18823467360335,253.25638308307663,5.485837692428466,0.0,5.48472851441106
10,5,pacm,0.03,64.0,True,0,2.645267175100101,0.3313985839486122,47.818567992119185,0.766,173.18282358039934,0.8415,284.93100704188686,560.3649151860111,11.039747861363695,0.0,6.169272638058321
10,5,pacm,0.01,64.0,True,0,7.324202675696042,0.27068391581997275,42.12461026776339,0.7185,204.13214021870454,0.7875,335.8507216804267,623.1101635161532,15.648162279428234,0.0,6.458301149127297
10,5,pacm,0.003,64.0,True,0,42.63839908168392,0.3120566657744348,42.08499438798657,0.737,200.33378671276412,0.81,329.60143744326194,583.1800065836034,58.817392221850476,0.0,6.334548145509067
10,5,pac2t,1.0,16.0,True,0,2.3771922947249715,0.040471083018928766,43.11406022283254,1.0,220.31748555032843,1.0,362.4798448770428,220.31748555032843,5.211706838298087,0.0,5.215756660440849
10,5,pac2t,0.3,16.0,True,0,3.157592048417719,0.043575665913522243,44.00926921416082,0.363,68.90639807794413,0.818,113.36903389187998,524.6443456873064,6.896777822406237,0.0,6.726072565898547
10,5,pac2t,0.1,16.0,True,0,15.790958570768797,0.09033316699787974,44.76864222033454,0.1095,22.242135677273225,0.1765,36.594126289583194,1306.8841211273243,33.8659189009096,0.0,9.25808695212302
10,5,pac2t,0.03,16.0,True,0,167.07325237268782,0.289924125187099,44.84006568691016,0.029,6.2775311802684755,0.044,10.328179457706803,1622.9284287996397,404.17142541953723,0.0,10.016613949567205
10,5,pac2t,0.01,16.0,True,0,1502.790692777895,1.7064141668379307,44.8359250233625,0.01,2.0494838850122985,0.0175,3.3719366343601123,1709.7378163979251,3788.3104778951797,0.0,10.211794230810018
10,5,pac2t,0.003,16.0,True,0,16702.710095333696,4.385110209230334,44.833261757818114,0.0035,0.5983487507808678,0.0055,0.9844400766632574,1739.898884666567,44027.13397522012,0.0,10.31614641446955
10,5,pac2t_ensemble,1.0,16.0,True,0,1.074039507556125,0.0077396659180521965,43.22282361213713,0.0,0.00016121530747366004,0.0,0.00017059788849179945,1705.1256744500874,,,
10,5,pac2t_ensemble,0.3,16.0,True,0,1.3295539279386626,0.03683662507683039,45.59059416895666,0.088,20.173086236525595,0.1055,25.152839546231153,1293.8521951892972,,,
10,5,pac2t_ensemble,0.1,16.0,True,0,13.126396149312246,0.0147490412928164,44.50970158660196,0.0505,10.591532614126457,0.071,14.077785889115113,1523.6168376956846,,,
10,5,pac2t_ensemble,0.03,16.0,True,0,163.76646448461162,0.02406900003552437,44.832497256783704,0.0105,1.9032285859474665,0.013,2.4615732646896276,1716.8038117604854,,,
10,5,pac2t_ensemble,0.01,16.0,True,0,1498.9317773174328,0.0310415830463171,44.83191748494049,0.0005,0.2728686575138083,0.001,0.35775376851439716,1747.4773288780968,,,
10,5,pac2t_ensemble,0.003,16.0,True,0,16698.25971021257,0.041815875098109245,44.83211947213229,0.0,0.03363787685090158,0.0,0.04313048191839582,1751.7162302002944,,,
10,5,pvi,1.0,1.0,True,0,1.0692761745413488,1.387267000041902,44.82936628016718,0.0005,0.30936596242920805,0.0035,0.5089878626359003,1745.8975552969268,354941.78392892395,0.0,10.341142171473516
10,5,pvi,0.3,1.0,True,0,1.3853587909906384,1.4287241250276566,44.83648040201268,0.0005,0.09678202628907855,0.0005,0.1592317277429057,1750.5039246051797,3493802.3979857485,0.0,10.364022925180285
10,5,pvi,0.1,1.0,True,0,13.649860166389018,1.3681730828247964,44.82950394107054,0.0,0.03218937309802097,0.0,0.05295993161012475,1751.6574520934591,32758700.157939445,0.0,10.373490996084817
10,5,pvi,0.03,1.0,True,0,164.45128875725226,1.390055667143315,44.83383917412792,0.0,0.011211850188614456,0.0,0.018446423836955467,1752.2478739911373,268940717.50758076,0.0,10.373491181781866
10,5,pvi,0.01,1.0,True,0,1499.6639586942456,1.3028042502701283,44.830211821416,0.0,0.010407741601680719,0.0,0.017123455053393206,1752.1378904416924,318167451.48871857,0.0,10.373491181781866
10,5,pvi,0.003,1.0,True,0,16699.00967639239,1.301544832997024,44.830254992886225,0.0,0.009513622933303385,0.0,0.015652396161242314,1752.146160775943,365546798.6569312,0.0,10.373491181781866
10,5,pvi,1.0,16.0,True,0,1.0692749345543886,1.4404484168626368,44.82800692986162,0.0015,0.3418601597991969,0.0035,0.5624493098408573,1745.0947659066987,272635.1151668003,0.0,10.33785536311275
10,5,pvi,0.3,16.0,True,0,0.858912381288345,1.4614854166284204,43.9408377328904,0.743,116.9504746530389,1.0,192.4140964328798,176.23425713702073,5.4240096550819965,0.0,5.423500380008759
10,5,pvi,0.1,16.0,True,0,1.2240630349610617,1.4554888750426471,38.33301560397579,1.0,142.74953922598525,1.0,234.86030037813245,142.74953922598525,5.060571161509657,0.0,5.065228366741496
10,5,pvi,0.03,16.0,True,0,5.842493533978117,1.502801625058055,37.24715060291117,1.0,142.631844823736,1.0,234.66666232637442,142.631844823736,5.022281614891652,0.0,5.0271441693511445
10,5,pvi,0.01,16.0,True,0,53.79797072822744,1.5277603748254478,37.1041187443641,1.0,147.31884231888432,1.0,242.3779981776197,147.31884231888432,5.017629238219192,0.0,5.022578111634042
10,5,pvi,0.003,16.0,True,0,616.5780782854588,1.5022568749263883,37.165200848071954,1.0,148.15195567330068,1.0,243.74868738424126,148.15195567330068,5.014350124427181,0.0,5.019298009823118
10,6,POPS ellipse,,,True,0,0.7590534754256177,0.014778208918869495,68.07831893814064,0.736,198.17163753695712,0.8635,255.78159422705568,265.5981385915171,inf,0.1265,5.713089837340198
10,6,Ellipse+EB,,,True,0,0.7590534754256177,0.005379250273108482,68.07831893814064,1.0,259.2313912606066,1.0,399.5117798915342,259.2313912606066,4.969600018487273,0.0,4.972529748062632
10,6,Ellipse+PAC,,,True,0,,0.12388620898127556,154.5180533503368,1.0,514.7543176347591,1.0,1189.614096621175,514.7543176347591,5.125760023739923,0.0,5.127786926158157
10,6,Bayesian stacking,,,True,0,,0.008186792023479939,64.91409419316221,0.4775,66.13887296730275,0.929,153.9765105838609,963.7871378106629,6.602658819831014,0.0,6.415119529892066
10,6,pacm,1.0,1.0,True,0,2.1752747966892763,0.011619499884545803,61.52851782565063,0.9295,279.7721704036415,1.0,460.2983402588782,312.5957068554349,5.434854686616955,0.0,5.433840171669471
10,6,pacm,0.3,1.0,True,0,1.6867478865293704,0.009461374953389168,63.982848071073725,0.578,87.48717616769716,0.7415,143.93927003471157,862.5795647133527,8.76087546410901,0.0,6.322289686503856
10,6,pacm,0.1,1.0,True,0,2.238261352073465,0.017963708844035864,64.20992969006234,0.253,29.284610475126094,0.395,48.18083792029964,1454.5137688883465,47.21806144597924,0.0,7.895312305141841
10,6,pacm,0.03,1.0,True,0,14.170981957034481,0.034962791949510574,64.23587800743023,0.0775,8.789611260899987,0.141,14.461207735836867,1808.9057025009945,495.93000400438063,0.0,9.349929820790072
10,6,pacm,0.01,1.0,True,0,123.81804516209608,0.06543970759958029,64.23816252256145,0.0265,2.9298915035736575,0.04,4.82043726610769,1925.6160544276358,4450.147944957739,0.0,10.002364432427283
10,6,pacm,0.003,1.0,True,0,1376.699890153589,0.3253772081807256,64.23841828894645,0.011,0.8790132054709762,0.015,1.4462064577766185,1967.783170742008,49440.656328923615,0.0,10.210140635170916
10,6,pacm,1.0,4.0,True,0,2.0881535215286213,0.04221924999728799,60.135882015039705,1.0,392.42719411665576,1.0,645.6452972564641,392.42719411665576,5.520127158710655,0.0,5.520842440587556
10,6,pacm,0.3,4.0,True,0,1.5304705774827205,0.04438283294439316,63.048350826264844,0.7485,146.6050458718768,0.8745,241.20361646779173,578.0654016844323,6.1370533321572545,0.0,5.778328698306972
10,6,pacm,0.1,4.0,True,0,1.3331415756117,0.056405124720185995,58.93958282780712,0.545,84.71035672833825,0.6915,139.3706763204354,927.3183259045819,10.31165607423343,0.0,6.520460289602589
10,6,pacm,0.03,4.0,True,0,3.8457591161138778,0.10865062521770597,64.42035972909314,0.456,60.98107663647643,0.607,100.32980879575081,1155.1092979697428,23.148423594474057,0.0,6.914893827136086
10,6,pacm,0.01,4.0,True,0,29.846772852573675,0.17557537462562323,62.778600759362476,0.4165,49.22671717301859,0.589,80.99081541399357,1217.580672250458,24.370226692886998,0.0,7.047452199068705
10,6,pacm,0.003,4.0,True,0,331.90416798456704,0.10852462518960238,63.662201275575754,0.44,53.95937633644891,0.6095,88.7772766434826,1193.7396787947262,19.355371791005243,0.0,6.951302797906838
10,6,pacm,1.0,16.0,True,0,2.0800816251850094,0.05578362522646785,56.355212550205984,1.0,415.19045389310827,1.0,683.0968088877527,415.19045389310827,5.570090618985956,0.0,5.570142386902775
10,6,pacm,0.3,16.0,True,0,1.5072077048875245,0.07454741606488824,59.787603161233584,0.788,183.47288978215752,0.906,301.86085530731543,541.1909593039147,5.867019501080402,0.0,5.71169661417564
10,6,pacm,0.1,16.0,True,0,1.1927823517499272,0.1335987919010222,58.75869386150299,0.6475,128.6566266230064,0.7505,211.67377588855865,870.8906797491696,8.537474196743572,0.0,6.233302707119294
10,6,pacm,0.03,16.0,True,0,1.1596570635399805,0.1787776662968099,60.7476469268475,0.6075,74.90210185139516,0.7465,123.2335336082802,862.6352593098669,8.78032074497833,0.0,6.158618067989514
10,6,pacm,0.01,16.0,True,0,4.551000338020457,0.22500458406284451,61.0979771260936,0.3855,39.549184825678154,0.5145,65.06874542806322,1320.2437085244233,40.16527326893336,0.0,7.332772163963979
10,6,pacm,0.003,16.0,True,0,33.348178213721205,0.3137441659346223,61.38575687985728,0.3855,42.69780355487183,0.522,70.24904614583967,1290.859979074284,33.77331540079089,0.0,7.329375385815417
10,6,pacm,1.0,64.0,True,0,2.0904360338530656,0.11790945800021291,59.70500492021594,1.0,415.8926134204036,1.0,684.2520448232809,415.8926134204036,5.586086247094753,0.0,5.585958306899223
10,6,pacm,0.3,64.0,True,0,1.511671345208545,0.17970166681334376,63.342208855625366,0.8215,185.98238245617884,0.9115,305.98962662533927,543.8173428053905,5.8293802519089475,0.0,5.689311980560873
10,6,pacm,0.1,64.0,True,0,1.174711080590959,0.295179208740592,60.05249547538811,0.6085,117.33321466660293,0.765,193.0438037863291,869.258147994132,8.46562479636273,0.0,6.1863237907516435
10,6,pacm,0.03,64.0,True,0,1.049575283760416,0.451598874758929,59.765690410472715,0.599,88.61849372820168,0.7385,145.80058309760363,954.6471858771877,11.082696115314995,0.0,6.244044242189922
10,6,pacm,0.01,64.0,True,0,1.6491472526274071,0.6886499999091029,65.00485950960511,0.4075,43.10919465425609,0.5355,70.9258920235789,1359.1179166774086,29.810924554841797,0.0,7.174194587894612
10,6,pacm,0.003,64.0,True,0,3.4854361949928157,0.7169082500040531,63.83638307137481,0.4145,42.034463131438486,0.522,69.15767778174376,1385.7469999628292,57.64280092675997,0.0,7.227503655170583
10,6,pac2t,1.0,16.0,True,0,2.1216857137766265,0.07866870798170567,63.98185218994926,1.0,316.5242268080224,1.0,520.7650783895161,316.5242268080224,5.451516262372618,0.0,5.451895070456814
10,6,pac2t,0.3,16.0,True,0,1.6089964290584442,0.08493949985131621,64.85563113683006,0.6265,100.01014699715402,0.796,164.54282999420607,782.0840095487924,7.763979542012897,0.0,6.098526921688377
10,6,pac2t,0.1,16.0,True,0,2.067611130866422,0.10930174961686134,64.44952516464652,0.2925,33.663649829251476,0.4465,55.38550214306391,1389.9774249681013,36.4070092980487,0.0,7.667687234745555
10,6,pac2t,0.03,16.0,True,0,13.833119966227748,0.2675614580512047,64.34824639444422,0.0855,9.92117672240619,0.1545,16.322928660666914,1789.1167586525962,388.7626867403658,0.0,9.251003513207495
10,6,pac2t,0.01,16.0,True,0,123.34668521088891,0.6947779161855578,64.26423404397084,0.0295,3.2424648524124837,0.0425,5.3347021176549045,1919.801949716226,3637.2334537602414,0.0,9.975956296804664
10,6,pac2t,0.003,16.0,True,0,1376.1537459839133,4.256569290999323,64.24449641350884,0.011,0.9272289591952179,0.016,1.5255339740966978,1966.9084430752239,41190.18475810412,0.0,10.20532275762204
10,6,pac2t_ensemble,1.0,16.0,True,0,0.9417510065708763,0.006939375307410955,61.52858195264229,0.0,0.00011060866769039573,0.0,0.00011928217561450754,1911.4781850195434,,,
10,6,pac2t_ensemble,0.3,16.0,True,0,-0.13639431227166288,0.0141912498511374,63.98285975471315,0.0,4.7549258455220735e-05,0.0,5.227331307157787e-05,1978.8975554871238,,,
10,6,pac2t_ensemble,0.1,16.0,True,0,-0.17320029961921168,0.011031958740204573,64.41898817906822,0.0735,9.338497015988064,0.091,10.992718905369347,1796.4169053659575,,,
10,6,pac2t_ensemble,0.03,16.0,True,0,10.84643782792089,0.034542249981313944,64.30176829983216,0.03,3.9042049735738162,0.0345,4.715433469418229,1903.3900614648242,,,
10,6,pac2t_ensemble,0.01,16.0,True,0,119.6753352333011,0.03384362533688545,64.24543578642684,0.0115,0.9465791706347886,0.0135,1.1851772804975247,1966.0823697335709,,,
10,6,pac2t_ensemble,0.003,16.0,True,0,1371.848974332128,0.05388037487864494,64.23850886411607,0.001,0.11741382300131727,0.0015,0.14924617171677307,1983.5923720031835,,,
10,6,pvi,1.0,1.0,True,0,0.9313386625720632,1.3893869589082897,64.24911672131016,0.005,0.2889510892225454,0.0075,0.47540006067523755,1980.3220114913563,476288.4381146503,0.0,10.282860842945945
10,6,pvi,0.3,1.0,True,0,-0.14728342615993828,1.432262625079602,64.2443264531278,0.001,0.0840993547208505,0.0025,0.13836541832949428,1984.4671184390197,5694950.133689094,0.0,10.342701747039587
10,6,pvi,0.1,1.0,True,0,-0.1439259281227896,1.394628417212516,64.23678739613268,0.0005,0.030721866402956727,0.001,0.050545499556063175,1985.4269939814606,42696418.68295831,0.0,10.36104404790863
10,6,pvi,0.03,1.0,True,0,11.186987341122745,1.358204500284046,64.23571987463873,0.0,0.011860390140291851,0.0005,0.01951344155683079,1985.7987146185314,318871096.0466847,0.0,10.364386780488585
10,6,pvi,0.01,1.0,True,0,120.2854721829891,1.3023629998788238,64.23436994668864,0.0,0.01713663235957639,0.001,0.028194238981522984,1985.6567255717498,170981724.9259964,0.0,10.362051401545443
10,6,pvi,0.003,1.0,True,0,1372.580158623801,1.305294417310506,64.22940841001521,0.0005,0.01757203053722342,0.0005,0.028910582777382204,1985.522685586133,217518513.5101164,0.0,10.359753797881162
10,6,pvi,1.0,16.0,True,0,0.9313371108574566,1.4578724591992795,64.22815418945736,0.0045,0.27606958325938136,0.007,0.4542066167157302,1980.0895724895847,516155.7339043374,0.0,10.29148898180404
10,6,pvi,0.3,16.0,True,0,-0.1472867003582694,1.4475948340259492,64.23675007794537,0.0015,0.09574353086327769,0.003,0.15752313135115953,1984.0636579152995,4202759.681478255,0.0,10.338375105118535
10,6,pvi,0.1,16.0,True,0,-0.3903391929238782,1.4629661249928176,64.20554312578504,0.3315,30.270666222858846,0.4725,49.80315733623516,1461.9049834062034,38.93124438744126,0.0,7.500328520301341
10,6,pvi,0.03,16.0,True,0,0.06273899766173852,1.4996826252900064,58.58144678711056,0.3635,38.34514691830494,0.482,63.08778838872333,1242.0505690727648,30.971487723452316,0.0,7.500427816439111
10,6,pvi,0.01,16.0,True,0,3.9731832414046115,1.535687583964318,64.67458780926391,0.4785,50.262524325062465,0.6305,82.69498889281533,1223.9699188330644,16.276225418376974,0.0,6.743267187092871
10,6,pvi,0.003,16.0,True,0,55.04621437943149,1.518970042001456,65.89751833227993,0.468,50.18993049825974,0.633,82.57555307494209,1256.1566835720014,16.78218332192642,0.0,6.756801624938535
10,7,POPS ellipse,,,True,0,0.7118382178550848,0.012419583275914192,42.95725282531703,0.7635,137.30357702418445,0.9245,177.21873957757316,196.64927079379413,inf,0.0445,5.252634259790051
10,7,Ellipse+EB,,,True,0,0.7118382178550848,0.003508165944367647,42.95725282531703,1.0,168.8407495697998,1.0,243.7387508233215,168.8407495697998,4.843873177326413,0.0,4.848626727196277
10,7,Ellipse+PAC,,,True,0,,0.07470866711810231,44.55646944168012,1.0,3987.856155276944,1.0,8585.04331276314,3987.856155276944,5.625433187502112,0.0,5.611946204276112
10,7,Bayesian stacking,,,True,0,,0.007925791665911674,41.76349649846266,0.5535,62.40295555209989,0.843,114.08900311146968,498.0106364142616,6.23383380270776,0.0,5.878963826191242
10,7,pacm,1.0,1.0,True,0,2.5083580202517877,0.0067044589668512344,42.189542602406114,0.926,153.67574157323338,1.0,252.83675886045503,203.77039549076125,5.074746449528975,0.0,5.0754871149327405
10,7,pacm,0.3,1.0,True,0,3.5175988637558784,0.0062516252510249615,42.17532675403033,0.432,47.0578204006319,0.695,77.42241337070926,654.3868157466599,9.542972056462716,0.0,6.603881909265139
10,7,pacm,0.1,1.0,True,0,17.177712626379865,0.00888262502849102,42.173942738449675,0.144,15.716202261471954,0.2345,25.857260233179403,1125.0635464643808,58.14950255411277,0.0,8.80613229857868
10,7,pacm,0.03,1.0,True,0,178.21320123809625,0.02234612498432398,42.17378468893365,0.027,4.715926547437728,0.0385,7.758931703023005,1337.541467243126,622.314699564516,0.0,9.965543578155033
10,7,pacm,0.01,1.0,True,0,1598.653156363981,0.06786495773121715,42.17377147154734,0.008,1.5720006554722425,0.0145,2.58635192898487,1402.2226328914376,5591.515397434718,0.0,10.240052138429476
10,7,pacm,0.003,1.0,True,0,17761.804080251277,0.07279099989682436,42.17376949747083,0.0015,0.47127287898035275,0.002,0.7753670555963776,1425.2082888150924,61957.58518257782,0.0,10.34505072321339
10,7,pacm,1.0,4.0,True,0,2.3424167014459694,0.023194625042378902,42.26590423648042,1.0,262.26384301159624,1.0,431.4925658044703,262.26384301159624,5.152409319688346,0.0,5.156145204428696
10,7,pacm,0.3,4.0,True,0,2.4034920356891454,0.02474849997088313,46.30754500083821,0.843,116.35447570331534,0.95,191.43352239308692,281.1512486065905,5.191930488913739,0.0,5.151642739309391
10,7,pacm,0.1,4.0,True,0,5.515918539371365,0.04285620804876089,45.238350445651534,0.6605,81.80259268004453,0.726,134.58664450139128,553.3700148053512,8.7660716242556,0.0,6.133762165088176
10,7,pacm,0.03,4.0,True,0,45.365955632837675,0.09046012489125133,42.288485649535026,0.6935,85.4954342484191,0.832,140.6623340251542,388.57668678989376,9.283106217768257,0.0,5.817093951980962
10,7,pacm,0.01,4.0,True,0,404.3570857032025,0.10684675024822354,43.65486627814796,0.6905,83.68851245717616,0.8155,137.68947542993808,444.8486051678552,8.222161279754587,0.0,5.847351697863562
10,7,pacm,0.003,4.0,True,0,4462.531544182137,0.07050379179418087,44.30464869186236,0.7005,87.13014611371469,0.8255,143.35186228420673,406.75724050286817,7.646879782146394,0.0,5.779843928453407
10,7,pacm,1.0,16.0,True,0,2.2974991169834467,0.04129462502896786,44.31738043315929,1.0,475.8435213513261,1.0,782.8869568583245,475.8435213513261,5.37885455855039,0.0,5.378913588794285
10,7,pacm,0.3,16.0,True,0,2.0288407821793633,0.03301350027322769,54.15455201808906,0.921,173.24459862974948,1.0,285.0326431433056,230.16659138527996,4.922147339423595,0.0,4.922483580610498
10,7,pacm,0.1,16.0,True,0,2.222242122899288,0.09164174972102046,45.12554435283731,0.856,127.13490313259524,0.9765,209.1701430363038,254.63279071280064,5.028308673573198,0.0,5.010645608747536
10,7,pacm,0.03,16.0,True,0,6.254061523867858,0.13819633424282074,39.2710879070535,0.791,113.12354956909682,0.8825,186.11780448256647,384.6996109523256,6.585275814690232,0.0,5.326245466611225
10,7,pacm,0.01,16.0,True,0,39.26713941986542,0.46285054087638855,40.387514674001366,0.734,100.55883189485964,0.8,165.44556005264843,461.5287894426528,7.763015224691328,0.0,5.728470588909023
10,7,pacm,0.003,16.0,True,0,437.8230254298978,0.145669249817729,38.17726415172227,0.828,120.77799480260556,0.9875,198.71136742166536,201.41147942865206,5.249747913174971,0.0,5.0793820083362915
10,7,pacm,1.0,64.0,True,0,2.295978320186179,0.0380880837328732,50.46720960772562,1.0,351.6392046796909,1.0,578.53839447466,351.6392046796909,5.272919231385951,0.0,5.275159915500083
10,7,pacm,0.3,64.0,True,0,1.910996831909419,0.0825321669690311,63.97196681204801,1.0,256.2630115372041,1.0,421.61962967987,256.2630115372041,4.924580790438973,0.0,4.927223830720174
10,7,pacm,0.1,64.0,True,0,1.8996759992028465,0.12422112468630075,54.27326388918787,0.796,124.74199010376938,0.8845,205.2331757033369,482.7745666408999,5.787133749264834,0.0,5.337093798845861
10,7,pacm,0.03,64.0,True,0,2.587342508591296,0.38817945774644613,44.40872518605991,0.776,141.55766785682485,0.87,232.89936047393923,484.5001294139951,6.794770443581283,0.0,5.550266985916496
10,7,pacm,0.01,64.0,True,0,7.103886190865611,0.697552583180368,39.47107695323262,0.751,161.59805357477074,0.945,265.8710326413657,304.0264959773335,6.295899551737268,0.0,5.543535668246946
10,7,pacm,0.003,64.0,True,0,32.57449473270611,0.39987354166805744,38.42743138283972,0.927,161.8298740905837,1.0,266.2524379774028,168.48084667830048,4.825395227965284,0.0,4.829023291388646
10,7,pac2t,1.0,16.0,True,0,2.4518743602941213,0.04208091599866748,42.91702124861731,0.9385,171.21908259794017,1.0,281.70013989159037,204.57458976549952,5.071714641027706,0.0,5.074023436765578
10,7,pac2t,0.3,16.0,True,0,3.3677905094720955,0.038726041093468666,41.83095373168009,0.501,52.987831251458054,0.732,87.17883106019684,579.9100872983563,8.224653428972562,0.0,6.307827364473668
10,7,pac2t,0.1,16.0,True,0,16.88126137302153,0.07044812524691224,42.15712665210799,0.163,17.447469556101453,0.2655,28.705647408761266,1094.7610169505729,49.3784354295959,0.0,8.615075124845944
10,7,pac2t,0.03,16.0,True,0,177.79166446656896,0.269979374948889,42.2160043107519,0.027,4.9935640051829155,0.0635,8.215717883040218,1332.107572642767,565.6338591165788,0.0,9.868423031479173
10,7,pac2t,0.01,16.0,True,0,1598.1546476140654,1.4575916673056781,42.18312831623797,0.009,1.571711243568631,0.015,2.585875770764089,1402.24716558335,5891.437956864622,0.0,10.235843555824774
10,7,pac2t,0.003,16.0,True,0,17761.2737027382,3.3951650420203805,42.17487659295327,0.0015,0.45431166429952885,0.002,0.7474614245427458,1425.5395352145188,66357.18328834056,0.0,10.343081676214904
10,7,pac2t_ensemble,1.0,16.0,True,0,1.0790403018240338,0.0086004170589149,42.18954742153321,0.0,0.00012190436983571514,0.0,0.00014761493943269444,1434.9541564518101,,,
10,7,pac2t_ensemble,0.3,16.0,True,0,1.3833547436402083,0.26217758283019066,41.88406687549693,0.083,15.614867641206095,0.1205,22.11943766033989,1112.3293859960247,,,
10,7,pac2t_ensemble,0.1,16.0,True,0,14.236217483571718,0.07243595831096172,41.794565985884425,0.1025,8.053243207505465,0.1135,9.969732713404152,1257.699232832644,,,
10,7,pac2t_ensemble,0.03,16.0,True,0,174.46032925202022,0.017197125125676394,42.17076962948107,0.0065,1.0439816164612272,0.0085,1.379032566251478,1410.9732368501977,,,
10,7,pac2t_ensemble,0.01,16.0,True,0,1594.275085369238,0.021798166912049055,42.19657895201062,0.0015,0.5930935730363317,0.0015,0.6691579160425557,1422.4612868397126,,,
10,7,pac2t_ensemble,0.003,16.0,True,0,17756.740092939755,0.019658875185996294,42.1739326737482,0.0005,0.06506326640653927,0.0005,0.08237582656517235,1433.6218903554707,,,
10,7,pvi,1.0,1.0,True,0,1.0788019958434902,1.402923374902457,42.22180727050124,0.0,0.24796664767455753,0.002,0.4079699428269953,1431.2003960357913,177463.67084356677,0.0,10.357531126661947
10,7,pvi,0.3,1.0,True,0,1.4912061678433983,1.425411207601428,42.186837760909654,0.0,0.07637874789892204,0.0,0.12566300228576216,1433.900754218717,1874146.2424507225,0.0,10.370112003525628
10,7,pvi,0.1,1.0,True,0,14.602492236400433,1.418826624751091,42.17769848286489,0.0,0.025793573297198863,0.0,0.04243716936147398,1434.6610122395734,16356736.849295055,0.0,10.373491181781866
10,7,pvi,0.03,1.0,True,0,175.0360671608159,1.4292915407568216,42.16947856023533,0.0,0.00856733503279112,0.0,0.01409550524752321,1434.7970720325275,151529218.82543525,0.0,10.373491181781866
10,7,pvi,0.01,1.0,True,0,1594.9268472802453,1.3368108752183616,42.172605274243864,0.0,0.005984667625805722,0.0,0.009846342369167935,1434.9236043284718,302092994.13264114,0.0,10.373491181781866
10,7,pvi,0.003,1.0,True,0,17757.481363620824,1.3219557916745543,42.17493191094429,0.0,0.0059722161668902705,0.0,0.009825856464996995,1434.9551230110724,310697066.1376838,0.0,10.373491181781866
10,7,pvi,1.0,16.0,True,0,1.0788011952856729,1.4591733328998089,42.18442434930358,0.0005,0.2764559102612409,0.001,0.45484222560240595,1429.5462247774215,140545.48893801446,0.0,10.359643590113322
10,7,pvi,0.3,16.0,True,0,0.7448584528629296,1.4682933748699725,46.914274839049824,0.7805,95.61837208383626,0.9585,157.31721244806576,247.54627280823624,34.74056657564713,0.0,5.231612348378524
10,7,pvi,0.1,16.0,True,0,0.9804000930595449,1.4695712910033762,43.50638275532263,0.8975,117.10961530954266,0.9625,192.67592440508557,141.60378226440235,8.636648981305411,0.0,5.013163867841724
10,7,pvi,0.03,16.0,True,0,7.743771420250734,1.4929878748953342,42.034340432204736,1.0,136.28091065432065,1.0,224.21771576725922,136.28091065432065,4.800517321750161,0.0,4.805160023981743
10,7,pvi,0.01,16.0,True,0,59.87117363597067,1.5105628748424351,41.54540446034152,1.0,136.134057853045,1.0,223.97610452840007,136.134057853045,4.908150023067082,0.0,4.9124385831156285
10,7,pvi,0.003,16.0,True,0,714.619134859941,1.5032829162664711,41.507458617742344,1.0,131.53789005397337,1.0,216.4142072660251,131.53789005397337,4.845930765457463,0.0,4.850396813352397
10,8,POPS ellipse,,,True,0,0.27895640640006736,0.011355584021657705,39.84696336484976,0.8905,111.74793099983744,0.9545,144.23387876271124,131.3056387856517,inf,0.04,5.016881379917853
10,8,Ellipse+EB,,,True,0,0.27895640640006736,0.0036014593206346035,39.84696336484976,1.0,162.59640510724094,1.0,253.16715002058916,162.59640510724094,4.868068835576621,0.0,4.8732694338937455
10,8,Ellipse+PAC,,,True,0,,0.11833691690117121,38.076009309427086,1.0,531.4489568132069,1.0,1043.3574648841036,531.4489568132069,4.98701918973954,0.0,4.990082842812461
10,8,Bayesian stacking,,,True,0,,0.007289540953934193,55.89091534044842,0.439,53.50275796341905,0.702,96.84804152425956,978.2378862455752,8.050563858392394,0.0,6.653915049365216
10,8,pacm,1.0,1.0,True,0,2.351935759390142,0.004711417015641928,57.13900457705882,1.0,228.4396192827527,1.0,375.8428776297347,228.4396192827527,5.290245148747444,0.0,5.292483002611418
10,8,pacm,0.3,1.0,True,0,1.998341395773151,0.00515712471678853,57.759643960266956,0.563,69.27387906243865,0.7425,113.97363615448344,813.5653430176966,7.706942656676206,0.0,6.301137637560499
10,8,pacm,0.1,1.0,True,0,3.6689651937605516,0.012834749650210142,57.8179254385545,0.19,23.114003054796317,0.3045,38.028575992785406,1417.4411558908864,38.35166475825783,0.0,8.465079505109232
10,8,pacm,0.03,1.0,True,0,28.32291645058017,0.020144334062933922,57.82459046181957,0.039,6.935014203496713,0.073,11.40991086760263,1718.3586247553426,398.21471264319007,0.0,9.79161446391846
10,8,pacm,0.01,1.0,True,0,249.80420466606398,0.07795833284035325,57.825181017421635,0.0105,2.3119627336579702,0.0215,3.803782940625503,1812.8935385266566,3570.443582818448,0.0,10.188104506802272
10,8,pacm,0.003,1.0,True,0,2774.800272300261,0.09224299993366003,57.82524509082927,0.0025,0.6933784972721203,0.005,1.1407888461710916,1846.613403474688,39717.94945840904,0.0,10.321925148485166
10,8,pacm,1.0,4.0,True,0,2.2740550750819617,0.015918042045086622,57.52834651516828,1.0,322.33196489363127,1.0,530.3203254235839,322.33196489363127,5.411218978218981,0.0,5.413181594658046
10,8,pacm,0.3,4.0,True,0,1.8052171322364705,0.017292375210672617,59.036594228179524,0.771,130.4322971756163,1.0,214.59521802854596,384.73850035252525,5.49003538455696,0.0,5.467338491601515
10,8,pacm,0.1,4.0,True,0,2.025234471486214,0.038363415747880936,60.81299301979617,0.6405,73.59822003482239,0.721,121.08830724356963,916.7375860100393,9.339173852311518,0.0,6.28265996572428
10,8,pacm,0.03,4.0,True,0,8.839790530591966,0.0945249586366117,54.73870597215517,0.631,72.82094016575853,0.759,119.80947871273135,732.2064552582614,7.336080025971857,0.0,6.1536515267923
10,8,pacm,0.01,4.0,True,0,74.21767394235489,0.17939824983477592,56.469821783236306,0.601,57.149289320705705,0.669,94.0255172033111,1037.8255993581818,19.928868125415487,0.0,6.471198754495429
10,8,pacm,0.003,4.0,True,0,781.5157929674353,0.4979774998500943,54.15591250348178,0.608,67.87151536460155,0.738,111.66638135632957,765.6663503177009,7.913673339932296,0.0,6.224574567470483
10,8,pacm,1.0,16.0,True,0,2.240362920966821,0.026914541609585285,56.53215038952623,1.0,379.4240852028016,1.0,624.2517846614941,379.4240852028016,5.496120999829595,0.0,5.497442166183071
10,8,pacm,0.3,16.0,True,0,1.7396249095214307,0.03023416642099619,58.7347666983937,0.9095,181.90364023454813,1.0,299.2790296697816,228.87749928191198,5.207360857670668,0.0,5.20701848430561
10,8,pacm,0.1,16.0,True,0,1.5311058412255028,0.07357654208317399,57.99888144280122,0.825,136.79803203486426,1.0,225.06851559067474,268.47228732803376,5.261039820014712,0.0,5.254631999616969
10,8,pacm,0.03,16.0,True,0,2.0273771111501206,0.1315072923898697,57.39611224853297,0.668,91.36528171391953,0.7865,150.31976722176012,818.3937407736222,10.164616105402246,0.0,6.0539575177604
10,8,pacm,0.01,16.0,True,0,7.653304376171987,0.14239195873960853,51.40460921958964,0.674,76.29088868193014,0.8015,125.51845091133559,740.6250069060525,10.89794705280292,0.0,5.955375583554439
10,8,pacm,0.003,16.0,True,0,76.35415102671513,0.12404445931315422,53.5260732088839,0.649,67.44987014808547,0.736,110.97266477594047,878.2001753937104,16.27579987048534,0.0,6.171877797667825
10,8,pacm,1.0,64.0,True,0,2.241077090878246,0.04799241712316871,55.18474529054309,1.0,362.9599620736361,1.0,597.1639991278616,362.9599620736361,5.483250480534995,0.0,5.484851913863891
10,8,pacm,0.3,64.0,True,0,1.738162503866362,0.10196379199624062,57.708517311955895,0.9125,174.9786113834596,1.0,287.8855473166155,215.28385677975655,5.202888153250471,0.0,5.202775014079327
10,8,pacm,0.1,64.0,True,0,1.509324188626528,0.11070816731080413,59.23211872640129,0.795,139.5583339696856,0.8815,229.60993369304896,522.3599402711012,5.890666558355369,0.0,5.6400135978537005
10,8,pacm,0.03,64.0,True,0,1.601667822927035,0.2852733749896288,54.83075040347249,0.7035,91.463663392158,0.792,150.48163079503735,732.8849994679714,8.311849480998035,0.0,5.889050227224585
10,8,pacm,0.01,64.0,True,0,2.252776309180521,0.4185377089306712,52.944143645836,0.7385,93.50495849351731,0.792,153.8400947401061,733.0097670567087,15.721432817469243,0.0,5.884240099177214
10,8,pacm,0.003,64.0,True,0,10.632254718599366,0.5508922087028623,57.74236565806927,0.694,94.27820870331476,0.7675,155.1122934282783,820.6778246704747,28.66653229173757,0.0,6.153747576514561
10,8,pac2t,1.0,16.0,True,0,2.3096475536225824,0.038039457984268665,56.01527136304637,1.0,253.2822539252719,1.0,416.71550437138455,253.2822539252719,5.314923396926561,0.0,5.317489461219507
10,8,pac2t,0.3,16.0,True,0,1.918485517786329,0.035570249892771244,57.23922941023576,0.6175,78.2760683901764,0.776,128.78459036867693,720.2523646340647,6.919513211362167,0.0,6.117911119874512
10,8,pac2t,0.1,16.0,True,0,3.4777633185610197,0.06983579089865088,57.25190004532089,0.2125,26.4953589241834,0.354,43.59179013326959,1344.3192543765238,29.69002874495421,0.0,8.15834100674721
10,8,pac2t,0.03,16.0,True,0,27.996377700397712,0.16156237479299307,57.65662009596065,0.0425,7.617276963580897,0.0875,12.532411420942529,1700.4004814504626,329.9733420934758,0.0,9.724082327831406
10,8,pac2t,0.01,16.0,True,0,249.39108301664947,0.7657309155911207,57.77864006861171,0.0115,2.4613644626902267,0.0235,4.049587831820141,1808.6114863596815,3129.6213700701624,0.0,10.176087979865404
10,8,pac2t,0.003,16.0,True,0,2774.3035189531083,2.551115416921675,57.81762829733449,0.0025,0.7214300258073825,0.0055,1.1869409420277908,1845.8295644133343,36568.93602764003,0.0,10.318602454182056
10,8,pac2t_ensemble,1.0,16.0,True,0,0.9454202103609095,0.005316125229001045,57.13899736225459,0.0,6.567269305749403e-05,0.0,7.484065130954629e-05,1845.5488180697005,,,
10,8,pac2t_ensemble,0.3,16.0,True,0,-0.006075853073658877,0.10095199989154935,57.76307061410985,0.0155,3.737302367833045,0.0155,3.7569697080998923,1805.467126423741,,,
10,8,pac2t_ensemble,0.1,16.0,True,0,0.9831916957306879,0.06112708384171128,58.17629095358919,0.0775,11.552425322833683,0.1215,17.013559565138937,1587.1519664372427,,,
10,8,pac2t_ensemble,0.03,16.0,True,0,24.748198141906993,0.0692154997959733,57.68689845701489,0.0165,3.0567813986692958,0.021,3.894186300639966,1798.2517697945848,,,
10,8,pac2t_ensemble,0.01,16.0,True,0,245.59728322915575,0.04383266670629382,57.80753044701435,0.0015,0.5410386665128137,0.0015,0.6756509860610069,1851.3968013922567,,,
10,8,pac2t_ensemble,0.003,16.0,True,0,2769.850234651324,0.017079416196793318,57.81784633473541,0.0005,0.20321910512001623,0.001,0.28226650892836724,1857.9442056693929,,,
10,8,pvi,1.0,1.0,True,0,0.9439195202386585,1.367559416219592,57.838759013625506,0.0025,0.3827973442470453,0.0035,0.629801677408475,1853.7327465510803,259354.43995980782,0.0,10.336790656242094
10,8,pvi,0.3,1.0,True,0,-0.00749190696211155,1.3535939999856055,57.79290202358616,0.0015,0.1164165257504402,0.0015,0.19153561093771881,1857.7107962029324,2829912.8405408897,0.0,10.352739492274312
10,8,pvi,0.1,1.0,True,0,1.1142071196020833,1.3727848748676479,57.82121587611268,0.0,0.041792003029757455,0.0,0.06875876754624184,1860.1316054729982,21593411.50362206,0.0,10.373489433604533
10,8,pvi,0.03,1.0,True,0,25.16623096358199,1.412419166881591,57.82348555870398,0.0,0.013592998622964841,0.0,0.0223640353372709,1860.8166092018562,193864813.62781912,0.0,10.373491181781866
10,8,pvi,0.01,1.0,True,0,246.09834750986712,1.4304729998111725,57.823061136605645,0.0,0.009142488161989237,0.0,0.015041782464383742,1860.8959159319118,486149297.09976345,0.0,10.373491181781866
10,8,pvi,0.003,1.0,True,0,2770.4995099525663,1.37377216713503,57.829457938776315,0.0,0.008399862325136776,0.0,0.013819968873549221,1861.0889102151104,559276882.1939017,0.0,10.373491181781866
10,8,pvi,1.0,16.0,True,0,0.9439184116203103,1.4674415420740843,57.83270537598394,0.0025,0.37559937766549484,0.0035,0.6179591411549712,1853.485865221785,266318.1857977416,0.0,10.334618573171753
10,8,pvi,0.3,16.0,True,0,-0.007494142207142396,1.4487419589422643,57.81817290802266,0.0005,0.13987558143312182,0.0005,0.2301318886847162,1857.972291210282,1737207.0683679914,0.0,10.3592649464208
10,8,pvi,0.1,16.0,True,0,-0.0019661129498000918,1.4718642919324338,58.08251545773535,0.597,63.65583462710028,0.699,104.73048475255639,952.4630611603526,10.346740604550885,0.0,6.36757203130543
10,8,pvi,0.03,16.0,True,0,0.7006560966207012,1.474339541979134,57.00963624388357,0.659,79.73041431310249,0.7465,131.17736951293446,815.7469962076143,8.012046031439153,0.0,6.140427783996433
10,8,pvi,0.01,16.0,True,0,9.42632898059426,1.5108268330805004,56.32219467873171,0.6695,86.0781088182855,0.7645,141.62098597768397,760.8585425897785,7.4087467644925,0.0,6.07621164321443
10,8,pvi,0.003,16.0,True,0,109.47127688928633,1.4951957501471043,54.37219011048859,0.6865,89.20904596960526,0.782,146.7721958786835,698.9163890698969,7.021369961414844,0.0,5.98830804301247
10,9,POPS ellipse,,,True,0,1.6409822932107927,0.008779250085353851,50.71599116852645,1.0,841.7879507229645,1.0,1086.5019167886326,841.7879507229645,5.565650637086398,0.0,5.555905069425378
10,9,Ellipse+EB,,,True,0,1.6409822932107927,0.01710041705518961,50.71599116852645,1.0,858.0905440764923,1.0,1120.6174103406902,858.0905440764923,5.638172256699168,0.0,5.628242708264424
10,9,Ellipse+PAC,,,True,0,,0.07681458396837115,99.15481644136413,1.0,664.0822174043126,1.0,1001.2541889814577,664.0822174043126,5.214076477091554,0.0,5.214110175781982
10,9,Bayesian stacking,,,True,0,,0.007081749849021435,87.16767768120258,0.7755,103.12304959908323,0.888,160.92991424028435,480.22789007873996,5.652586241793389,0.0,5.409028087905502
10,9,pacm,1.0,1.0,True,0,2.353967062739704,0.006636833306401968,104.75169566790107,0.8245,169.5567119800995,0.924,278.96510575583903,559.0563201014417,5.545509702657303,0.0,5.439378656656856
10,9,pacm,0.3,1.0,True,0,1.9370282417241835,0.007074582856148481,112.69209087684574,0.5605,52.17788622809834,0.691,85.84625981333002,1690.8362181697028,15.4527982859238,0.0,6.158099074237322
10,9,pacm,0.1,1.0,True,0,3.0453294027891555,0.010880874935537577,113.48408188785864,0.2115,17.434901765555914,0.351,28.684970108654948,2236.2641604340197,111.96362431896449,0.0,7.923070542122869
10,9,pacm,0.03,1.0,True,0,21.302122008464067,0.03014599997550249,113.5752532604807,0.0605,5.231964180416946,0.106,8.607948478454084,2470.502655559524,1221.038580574616,0.0,9.473959476531956
10,9,pacm,0.01,1.0,True,0,186.54458679771022,0.04881158331409097,113.58327406522787,0.0155,1.7439766005304855,0.0245,2.86929730543369,2542.138705476226,10981.906746467315,0.0,10.121603070492652
10,9,pacm,0.003,1.0,True,0,2071.824029847226,0.08300233306363225,113.58419090660935,0.004,0.5229767922718334,0.006,0.8604335060536221,2567.6266477125046,122066.97989867382,0.0,10.300179832898012
10,9,pacm,1.0,4.0,True,0,2.2597393249300204,0.018145167268812656,99.64069367147339,0.9425,267.7324121625424,1.0,440.4897912974126,289.29963419734196,5.2600561587860595,0.0,5.258567778257413
10,9,pacm,0.3,4.0,True,0,1.7557614370298715,0.02074741618707776,109.56821175147294,0.7265,91.439799371142,0.7875,150.4423682434772,1218.8225124456399,8.222077909076443,0.0,5.672598560610009
10,9,pacm,0.1,4.0,True,0,1.7541114315560655,0.04611241724342108,109.91809729832431,0.576,55.98582586192716,0.6815,92.11131573625678,1629.3111966517029,12.952880072665582,0.0,6.073711044084206
10,9,pacm,0.03,4.0,True,0,5.226227635244724,0.07731474982574582,110.14859605994809,0.52,44.10732359108793,0.604,72.5680749909741,1832.6847384832888,32.60458014117222,0.0,6.492427886043843
10,9,pacm,0.01,4.0,True,0,45.2534900012535,0.09692829102277756,103.72120485701467,0.5145,38.77345766251054,0.564,63.792471504232175,1815.6874874336947,54.819131362306145,0.0,6.6709245605398
10,9,pacm,0.003,4.0,True,0,453.75819195668396,0.12581750005483627,110.30667382858664,0.4985,40.47839686562761,0.5845,66.59754208828936,1890.2559734225335,44.06946592920914,0.0,6.567308201219513
10,9,pacm,1.0,16.0,True,0,2.232724232066147,0.02593379095196724,87.1415455017451,1.0,319.3868280974119,1.0,525.4748056666357,319.3868280974119,5.236484337399726,0.0,5.237720434685038
10,9,pacm,0.3,16.0,True,0,1.6956419957914104,0.03512283321470022,99.79119929158696,0.828,149.85790010458715,0.9105,246.55541183135645,517.5372006239347,5.436291349768855,0.0,5.266678716008118
10,9,pacm,0.1,16.0,True,0,1.524667972703302,0.05406016670167446,97.05477698917646,0.7375,104.52125389117651,0.8385,171.96477983665517,861.6285429008831,8.252332764738718,0.0,5.453974531551713
10,9,pacm,0.03,16.0,True,0,1.6501148429646344,0.21116170892491937,106.06468499756414,0.5755,50.741017259448576,0.6745,83.48223482655328,1642.012406349909,18.16902979173989,0.0,6.058004605836009
10,9,pacm,0.01,16.0,True,0,5.015588776847842,0.14505358319729567,113.3292431914986,0.5485,49.30443872917935,0.6195,81.11868768682014,1856.5186991597018,22.75463119282063,0.0,6.420201480374577
10,9,pacm,0.003,16.0,True,0,57.89810892479918,0.1272171251475811,112.89718360471178,0.5265,50.31454612710853,0.5945,82.780578353355,1840.9665607281845,19.279260848649447,0.0,6.570205396565786
10,9,pacm,1.0,64.0,True,0,2.2281707882019823,0.04817020893096924,90.84550544657935,1.0,360.61389751678814,1.0,593.3041097753957,360.61389751678814,5.284624366532489,0.0,5.285159256224755
10,9,pacm,0.3,64.0,True,0,1.683837710832952,0.06362487515434623,96.59791940725168,0.859,167.235588931269,0.9255,275.14625170265765,420.69859965689545,5.308701416897724,0.0,5.204023106274471
10,9,pacm,0.1,64.0,True,0,1.3966437332324606,0.15300954226404428,91.05117746247481,0.7505,146.04305660286516,0.8905,240.27899724138283,523.3978641281292,5.706331757431617,0.0,5.350547791246207
10,9,pacm,0.03,64.0,True,0,1.4444905624716302,0.28403866617009044,104.1200482481285,0.5975,73.98376773344155,0.7185,121.72263397274001,1250.5952376457535,12.579252082462515,0.0,5.973894499440062
10,9,pacm,0.01,64.0,True,0,2.2612408290208084,0.3733572498895228,114.63985479280838,0.52,46.78374974147533,0.5915,76.97149550657213,1886.9439456181842,20.90823679853969,0.0,6.543502993628372
10,9,pacm,0.003,64.0,True,0,6.3251368737732285,0.35756445908918977,115.61680410198728,0.507,44.64107036445959,0.581,73.44622793072878,1924.128489838726,23.658483004524793,0.0,6.604781016647232
10,9,pac2t,1.0,16.0,True,0,2.305102979048243,0.04815891571342945,103.02490753213385,0.8455,189.8786384970551,0.9555,312.3999861198218,471.3510320195199,5.4680098062149085,0.0,5.413496228346055
10,9,pac2t,0.3,16.0,True,0,1.8594555465199107,0.043382542207837105,112.31179858331372,0.5835,58.69457714478849,0.733,96.56791954311973,1606.0430176072382,13.14455579282163,0.0,6.00558959839659
10,9,pac2t,0.1,16.0,True,0,2.862553109286985,0.08693129196763039,112.99133634300944,0.2425,19.795008257376487,0.39,32.56796211408521,2187.0485950217662,86.9741761136199,0.0,7.72808755738543
10,9,pac2t,0.03,16.0,True,0,20.946804846619003,0.26324845803901553,113.50445460235537,0.0705,5.766895982801512,0.118,9.48805110064864,2458.4275035714654,1009.3118449851281,0.0,9.371420614326803
10,9,pac2t,0.01,16.0,True,0,186.06817566332322,0.5841690408997238,113.57809200599165,0.0165,1.828597922402229,0.027,3.008521496145292,2540.2100617889805,9868.010487619307,0.0,10.099715275928505
10,9,pac2t,0.003,16.0,True,0,2071.288400376891,1.7094485419802368,113.5833646113964,0.004,0.5424309172297573,0.0065,0.8924406260484463,2567.1857268173017,106667.27571554715,0.0,10.297845974371507
10,9,pac2t_ensemble,1.0,16.0,True,0,0.9621203128183708,0.006727207917720079,104.75167058341673,0.0,6.252969973093271e-05,0.0,7.227083377594566e-05,2362.3563211589053,,,
10,9,pac2t_ensemble,0.3,16.0,True,0,-0.05045668095883249,0.022381499875336885,112.6921098893219,0.0,0.00040626935184552294,0.0,0.00045144730086474073,2555.5972951639737,,,
10,9,pac2t_ensemble,0.1,16.0,True,0,0.39728041240443446,0.05653591686859727,113.4661583253427,0.0745,7.599112943145347,0.0965,9.649244546510571,2413.0620087187344,,,
10,9,pac2t_ensemble,0.03,16.0,True,0,17.71265961012756,0.05821104208007455,113.35252726006381,0.026,2.596321310606277,0.0365,3.454478717968281,2526.737848472109,,,
10,9,pac2t_ensemble,0.01,16.0,True,0,182.1729067161801,0.020259166602045298,113.5801510282785,0.0045,0.5148989139782828,0.0065,0.6649539372943775,2567.7428656989186,,,
10,9,pac2t_ensemble,0.003,16.0,True,0,2066.800407447922,0.03012641705572605,113.58411140585592,0.001,0.0688242991607122,0.001,0.09321328370317092,2577.2814575759585,,,
10,9,pvi,1.0,1.0,True,0,0.937592692993853,1.5114586660638452,113.58112587967327,0.002,0.2630319217517221,0.005,0.4327562560734456,2572.4447875439646,489128.34883281257,0.0,10.32247429418303
10,9,pvi,0.3,1.0,True,0,-0.07779074097067085,1.3802179996855557,113.59266956920781,0.001,0.08209614835734977,0.0015,0.13506962031289732,2576.810926218247,5015808.262716206,0.0,10.35298294491705
10,9,pvi,0.1,1.0,True,0,0.4815198229280284,1.3921958329156041,113.58965091219929,0.0005,0.027596998523377218,0.0005,0.04540427519331287,2578.144617131593,44523619.8567775,0.0,10.362486915334891
10,9,pvi,0.03,1.0,True,0,18.13638540723872,1.426932584028691,113.58679114722725,0.0,0.00966249006397435,0.0,0.015897321498412234,2578.4063890470034,362220932.3576362,0.0,10.373491178529108
10,9,pvi,0.01,1.0,True,0,182.82978927375223,1.4081674576736987,113.58325924266313,0.0,0.008130371687982616,0.0,0.013376586342618483,2578.369840326009,551515515.6256422,0.0,10.373491167363145
10,9,pvi,0.003,1.0,True,0,2067.5156688728257,1.4252312080934644,113.59411229803368,0.0,0.010994734779640343,0.0,0.018089212244925646,2578.4605424029824,276740763.23971033,0.0,10.37348929165165
10,9,pvi,1.0,16.0,True,0,0.9375914825151375,1.4821359999477863,113.56151045274387,0.0035,0.2557905636949967,0.004,0.4208423295026864,2572.797932693398,516906.2423844038,0.0,10.322126190988234
10,9,pvi,0.3,16.0,True,0,-0.07779247026386926,1.4675014158710837,113.57931326261615,0.0015,0.0972142055700771,0.002,0.15994277561250245,2576.451355995091,3707702.494470232,0.0,10.339928622037048
10,9,pvi,0.1,16.0,True,0,-0.17177073427929068,1.4691279171966016,112.9879837717043,0.4405,28.617389989992674,0.5605,47.08308584063278,2126.974997772662,127.5108233516985,0.0,6.740914346930876
10,9,pvi,0.03,16.0,True,0,1.5704740111728777,1.5130200828425586,83.98836944199874,0.7345,63.948116866407304,0.7705,105.21136542573437,1221.2543478936982,14.434505369298565,0.0,5.609026110945342
10,9,pvi,0.01,16.0,True,0,17.965359502690937,1.4931661249138415,81.45009562749317,0.745,70.59208682695586,0.7805,116.1424324477264,1144.929184842263,11.898392455602202,0.0,5.573999067274866
10,9,pvi,0.003,16.0,True,0,214.39948280093395,1.487758459057659,79.65341855009714,0.75,73.12041690833759,0.7935,120.30219622411477,1085.218396815154,10.461983174684384,0.0,5.540378222581881
10,10,POPS ellipse,,,True,0,0.7676806022110352,0.013053750153630972,36.62526920598968,1.0,210.0830366115949,1.0,271.1557248678107,210.0830366115949,4.755596770909261,0.0,4.759871806970985
10,10,Ellipse+EB,,,True,0,0.7676806022110352,0.006211041007190943,36.625269205989675,1.0,224.4339136349589,1.0,303.91998689582243,224.4339136349589,4.86055884708733,0.0,4.864680535069574
10,10,Ellipse+PAC,,,True,0,,0.08326333295553923,41.626168401184955,1.0,1998.4800768506932,1.0,3412.1585038817148,1998.4800768506932,5.127524085359302,0.0,5.130123538118277
10,10,Bayesian stacking,,,True,0,,0.006404750049114227,36.307118573893575,0.689,82.74714306747634,1.0,145.33174617118928,266.34348227852354,5.3012584744571365,0.0,5.286283523543409
10,10,pacm,1.0,1.0,True,0,2.462559277349394,0.006687582936137915,38.376059822546125,1.0,150.42736911833333,1.0,247.4923371927247,150.42736911833333,4.916731819927494,0.0,4.9215481175211035
10,10,pacm,0.3,1.0,True,0,3.6743594317501245,0.0072374166920781136,38.70843262631269,0.473,45.91923826441851,0.658,75.54914818214067,583.6137236022681,7.763861811478406,0.0,6.452049320623289
10,10,pacm,0.1,1.0,True,0,19.12376199432751,0.011621708981692791,38.74075752150905,0.2185,15.33151825973753,0.3335,25.224354511116225,1011.1818895190238,42.1356936694834,0.0,8.063309733650382
10,10,pacm,0.03,1.0,True,0,200.51343329549002,0.029182333033531904,38.7444686773436,0.065,4.600336804583524,0.112,7.568756366033704,1206.819246650734,444.3876699761326,0.0,9.38963037358299
10,10,pacm,0.01,1.0,True,0,1799.8913485538915,0.04890499962493777,38.744797035473425,0.0205,1.5334476489675655,0.0315,2.522922157251357,1268.8299839093243,3990.2514236793604,0.0,10.040699566556984
10,10,pacm,0.003,1.0,True,0,19998.461580207386,0.17871745815500617,38.744832432571755,0.0055,0.4615210493088754,0.0125,0.7593227470942413,1291.0247612063101,44094.38146587351,0.0,10.246256750152495
10,10,pacm,1.0,4.0,True,0,2.245618544954713,0.02629208331927657,39.571150636551614,1.0,304.34998313908943,1.0,500.735265750782,304.34998313908943,5.239090534904531,0.0,5.2424272821288485
10,10,pacm,0.3,4.0,True,0,2.1310224537343547,0.03111954079940915,40.15457831997398,1.0,168.50428789209386,1.0,277.23359307443627,168.50428789209386,4.887895751285583,0.0,4.8924656275339045
10,10,pacm,0.1,4.0,True,0,5.165027126353964,0.05042291712015867,38.81909379009965,0.942,121.05114040914289,1.0,199.1607633324764,141.6713024764022,4.773406173130763,0.0,4.777022576784789
10,10,pacm,0.03,4.0,True,0,41.59040844181772,0.07384779211133718,38.870521544084795,0.877,105.99328068664836,0.986,174.38664863723923,227.7300483005559,5.04835775810586,0.0,5.022478097774938
10,10,pacm,0.01,4.0,True,0,374.7169688265888,0.13796274969354272,40.92596057358054,0.862,103.02840375824718,0.9335,169.50865120366345,269.17326678219996,5.206749664710179,0.0,5.139923825375925
10,10,pacm,0.003,4.0,True,0,4037.4169141151838,0.16153287515044212,38.97248011048453,0.884,106.85268576453652,0.988,175.8005946004537,222.6362964797085,5.016790542753728,0.0,4.9966436552241085
10,10,pacm,1.0,16.0,True,0,2.244704787533564,0.047458209097385406,37.735247579568394,1.0,334.717235340952,1.0,550.697332265737,334.717235340952,5.273565342621947,0.0,5.276420279183291
10,10,pacm,0.3,16.0,True,0,1.874093015227678,0.05793712520971894,40.401856917595424,1.0,207.3478820196679,1.0,341.1414573942362,207.3478820196679,4.897973169777768,0.0,4.902612489656395
10,10,pacm,0.1,16.0,True,0,2.0149849517806118,0.08438120782375336,41.64975263761585,0.8975,137.2136076948654,1.0,225.75224616428582,202.244029619168,4.9073233257356295,0.0,4.906947630302602
10,10,pacm,0.03,16.0,True,0,5.6658103698097975,0.14269733428955078,40.20109467332875,0.871,122.47168782427244,0.934,201.49793509798758,281.9092697712055,5.227572688822482,0.0,5.122885772447453
10,10,pacm,0.01,16.0,True,0,42.15266394697733,0.22019383311271667,40.81465276254758,0.895,138.51089718622993,0.9465,227.8866264310895,274.82093220766484,5.167084072555498,0.0,5.116487713343348
10,10,pacm,0.003,16.0,True,0,352.32570889192573,0.11691141594201326,40.19968627582383,0.893,122.4339870927037,0.9755,201.43590754127027,223.20192962486885,5.018282330508227,0.0,4.873426015805957
10,10,pacm,1.0,64.0,True,0,2.242819167992126,0.08572200033813715,38.30373063421033,1.0,366.8827151238468,1.0,603.6179531278337,366.8827151238468,5.313489632167232,0.0,5.31569336543862
10,10,pacm,0.3,64.0,True,0,1.846779282028601,0.15470129204913974,39.00567355411252,1.0,215.97023741813103,1.0,355.3274855231552,215.97023741813103,4.914495613793528,0.0,4.919321788263505
10,10,pacm,0.1,64.0,True,0,1.741603383305172,0.13522162474691868,49.34699348578622,0.96,159.58585599744026,1.0,262.56044172811687,162.24968882817737,4.866874832598192,0.0,4.870479603571919
10,10,pacm,0.03,64.0,True,0,2.9202370338607597,0.32746183359995484,37.699738880079124,0.834,145.45753738696794,0.9215,239.31566510267032,256.6367685054843,5.338082853945001,0.0,5.282777174618804
10,10,pacm,0.01,64.0,True,0,8.45487133644082,0.4372056666761637,36.39245848254897,0.94,157.01721801791393,1.0,258.3343609245972,168.23702824941398,4.786005584440257,0.0,4.789918830714773
10,10,pacm,0.003,64.0,True,0,80.85595395595013,0.32729016710072756,35.95841633928712,0.9465,152.5912117703444,1.0,251.05242388706986,162.96219485329158,4.892777501929126,0.0,4.896708629293197
10,10,pac2t,1.0,16.0,True,0,2.390177915062953,0.045964958146214485,38.24025200481734,1.0,169.14894398926472,1.0,278.2942208385824,169.14894398926472,4.953016918094019,0.0,4.958002559933298
10,10,pac2t,0.3,16.0,True,0,3.4760573298676434,0.04368283273652196,38.51241016904416,0.5345,52.5226469692189,0.7485,86.41348133752689,513.4529765238809,6.854312415094637,0.0,6.199247560275841
10,10,pac2t,0.1,16.0,True,0,18.776336858369906,0.0892342091538012,38.73930634893379,0.238,17.110209510872846,0.3515,28.15076648965345,986.8150294774873,34.9854923426889,0.0,7.949310063090137
10,10,pac2t,0.03,16.0,True,0,200.04142694858746,0.45006279181689024,38.755579648655136,0.0775,4.920860507686569,0.145,8.096101628212937,1201.2623884186107,404.5508587838341,0.0,9.24883610320823
10,10,pac2t,0.01,16.0,True,0,1799.3577967322344,1.4610679168254137,38.74574244482386,0.0225,1.5950970988045143,0.036,2.6243516146447767,1267.650756654893,3875.1301736516957,0.0,9.998391643081064
10,10,pac2t,0.003,16.0,True,0,19997.906348179902,4.674854042008519,38.7449089364279,0.0055,0.47305836186721606,0.012,0.7783046415907185,1290.8000018207433,41902.655396597176,0.0,10.24669581099691
10,10,pac2t_ensemble,1.0,16.0,True,0,1.1007059957734127,0.006202958058565855,38.37606171038121,0.0,0.0001100851380899203,0.0,0.00011482382684373532,1294.5208135522578,,,
10,10,pac2t_ensemble,0.3,16.0,True,0,1.579475116900487,0.10569091700017452,38.45731562337361,0.2375,21.812886209528557,0.2785,28.021243447356273,907.2870051176932,,,
10,10,pac2t_ensemble,0.1,16.0,True,0,16.16498656557808,0.014611166901886463,38.717034304299,0.103,5.675645443011044,0.1345,7.571962020902723,1181.4385190061503,,,
10,10,pac2t_ensemble,0.03,16.0,True,0,196.77043790397425,0.03113737516105175,38.74518822232634,0.015,1.0126287754718304,0.0215,1.367956423546544,1277.759779318464,,,
10,10,pac2t_ensemble,0.01,16.0,True,0,1795.5211158705808,0.04685624968260527,38.747916078730974,0.0065,0.33376189909972176,0.0085,0.4677163619417698,1293.4309120065523,,,
10,10,pac2t_ensemble,0.003,16.0,True,0,19993.461828783165,0.021003458183258772,38.74487187434134,0.0005,0.037809699310538306,0.0005,0.05364969707982267,1299.8354895840207,,,
10,10,pvi,1.0,1.0,True,0,1.098932827324047,1.4255357501097023,38.75620325503175,0.0025,0.24136524606964685,0.004,0.39710891187549385,1295.998068982666,175068.56259296712,0.0,10.322869050775353
10,10,pvi,0.3,1.0,True,0,1.7148791116350406,1.3869663327932358,38.73941637239764,0.0,0.07402572707327451,0.0015,0.12179166805306309,1299.0308985758963,1861652.0210854548,0.0,10.35805430359674
10,10,pvi,0.1,1.0,True,0,16.615543302887477,1.4214650830253959,38.74215813505117,0.0,0.025018198711268598,0.0,0.04116147551934639,1300.0811290280049,16499773.11130852,0.0,10.373491181779173
10,10,pvi,0.03,1.0,True,0,197.40331531770425,1.3068556250073016,38.74442350880824,0.0,0.008369119551239536,0.0,0.0137693889757006,1300.511154973584,156053924.21226758,0.0,10.373491181781866
10,10,pvi,0.01,1.0,True,0,1796.2321489452154,1.292258667293936,38.74592364685719,0.0,0.007831254014448744,0.0,0.012884459593660797,1300.535411551445,169613441.7223313,0.0,10.373491181781866
10,10,pvi,0.003,1.0,True,0,19994.206915809038,1.298935541883111,38.74545608150878,0.0,0.009887359156352717,0.0,0.016267289926108347,1300.5059997919047,119208721.52424595,0.0,10.373491181781866
10,10,pvi,1.0,16.0,True,0,1.0989318177182037,1.4679355416446924,38.743092348927696,0.0025,0.3109019247789034,0.0055,0.5115149221330794,1294.1203101645008,108030.64211771086,0.0,10.306786144457464
10,10,pvi,0.3,16.0,True,0,0.608318544331504,1.44864891609177,51.01591687323738,0.422,73.59718811505593,0.606,121.08660946585734,472.3649285865624,1603.884462025696,0.0,7.309406610383958
10,10,pvi,0.1,16.0,True,0,0.8791404588829055,1.4665431659668684,40.34894722405153,0.9415,111.28771713303006,0.96,183.09738032066622,123.68938749665426,8.961068530819597,0.0,4.944303338363479
10,10,pvi,0.03,16.0,True,0,6.962056698406917,1.5080333342775702,38.39391874890346,0.9625,122.50206291688846,1.0,201.54791006403497,126.87375236495699,4.83384598508317,0.0,4.838259618235764
10,10,pvi,0.01,16.0,True,0,60.37652167837408,1.517232583835721,37.92230084977831,0.952,119.79500938467368,1.0,197.0940995007017,130.68995246251816,4.891644953184587,0.0,4.895653966020262
10,10,pvi,0.003,16.0,True,0,703.9654316357819,1.5184458326548338,38.35503633667656,0.947,118.2102680141941,1.0,194.48678576567613,134.3944725464237,4.887025178941594,0.0,4.8908045323978735
10,11,POPS ellipse,,,True,0,1.580169233774761,0.011100499890744686,50.63072929227496,0.927,501.9001474234471,0.9405,647.8062221533719,529.6569128586158,inf,0.057,5.6142158951201475
10,11,Ellipse+EB,,,True,0,1.580169233774761,0.005541709251701832,50.63072929227496,1.0,550.8074359211209,1.0,744.4552279141884,550.8074359211209,5.447131346250322,0.0,5.4441787696316934
10,11,Ellipse+PAC,,,True,0,,0.08644216600805521,51.81043957178622,1.0,1139.950931744532,1.0,3515.803481955531,1139.950931744532,5.4060874493859306,0.0,5.404953945691769
10,11,Bayesian stacking,,,True,0,,0.00933841709047556,47.304202654923834,0.5955,72.4967224119352,0.8795,121.11850703729665,477.8925715526206,6.262161084976461,0.0,5.94068508483064
10,11,pacm,1.0,1.0,True,0,2.4419307974953863,0.005039500072598457,61.33723248226557,0.846,121.88213739039922,0.9525,200.52797055212434,369.17614135977465,5.284603136025584,0.0,5.239149021193827
10,11,pacm,0.3,1.0,True,0,2.706613590097665,0.006061583757400513,62.43206886169219,0.4375,37.027505298230594,0.564,60.919923551054254,1050.3978848840818,14.197536286332932,0.0,6.860137615051768
10,11,pacm,0.1,1.0,True,0,9.808750819413847,0.009582915809005499,62.536442901442875,0.1785,12.356903974382748,0.2505,20.330336580441678,1428.0993404431813,101.93880332872214,0.0,8.53074870264939
10,11,pacm,0.03,1.0,True,0,96.2457232246059,0.024120792280882597,62.54840727753833,0.063,3.7075485204808425,0.1145,6.0998863037178594,1587.0919994795927,1111.2855047393111,0.0,9.441997031268023
10,11,pacm,0.01,1.0,True,0,860.8744110623462,0.05132058309391141,62.54945749516694,0.018,1.2356254923874823,0.028,2.032926872272334,1637.15895332976,9997.998912650668,0.0,10.079798298460481
10,11,pacm,0.003,1.0,True,0,9564.172144062999,0.13514012517407537,62.549577051288324,0.0045,0.37081412579792367,0.0105,0.6100861511817813,1655.0869968235236,111013.42543073045,0.0,10.251582270869955
10,11,pacm,1.0,4.0,True,0,2.2904675240632457,0.021528832614421844,56.423198701089774,1.0,248.51154624368237,1.0,408.86644338534114,248.51154624368237,5.058003775192122,0.0,5.061306223923974
10,11,pacm,0.3,4.0,True,0,2.077215246741047,0.037781666964292526,56.68630293585035,0.8785,119.71159832687627,1.0,196.9568665106994,265.56987349056465,4.991822228127522,0.0,4.97804939618274
10,11,pacm,0.1,4.0,True,0,3.5864457516330903,0.04803845891728997,59.13209504189789,0.665,79.82024913848252,0.8765,131.3251712794928,568.9092152057974,5.884288429665727,0.0,5.532034601374553
10,11,pacm,0.03,4.0,True,0,23.686449533101857,0.061063624918460846,59.42610194888406,0.6445,72.74581502923223,0.771,119.68587822879158,623.2328686246217,6.5380916207805,0.0,5.820367442948141
10,11,pacm,0.01,4.0,True,0,189.6183473627898,0.07920562475919724,61.16837980867877,0.586,65.42427393987374,0.72,107.6400296130887,755.8490918409868,7.270385275199981,0.0,6.081623927605405
10,11,pacm,0.003,4.0,True,0,2131.136427359531,0.6467255828902125,60.84040653456034,0.526,61.91928718972624,0.694,101.8734103621653,722.7197020052143,7.194037383170196,0.0,6.283698050024042
10,11,pacm,1.0,16.0,True,0,2.2959734892683485,0.025132291950285435,51.81508284792181,1.0,305.34999853733416,1.0,502.380552440238,305.34999853733416,5.105540099882128,0.0,5.108574149191627
10,11,pacm,0.3,16.0,True,0,1.912604985425415,0.03452583309262991,62.38948749612516,0.9695,179.650217364328,1.0,295.5715601042161,183.1171417612991,4.803192042968618,0.0,4.806049239011167
10,11,pacm,0.1,16.0,True,0,2.053138239311461,0.0878293332643807,65.95642820151586,0.7345,117.6440753841678,0.977,193.5552509118254,390.4720144252826,5.3243374119567255,0.0,5.273597402297012
10,11,pacm,0.03,16.0,True,0,3.9324829293831076,0.1296967500820756,61.135198057195225,0.6455,81.6334587315847,0.7785,134.3083749521178,661.8621196326816,9.277305864272718,0.0,5.92062149177267
10,11,pacm,0.01,16.0,True,0,16.17897268625815,0.3544857921078801,63.1393056843148,0.626,72.47242470108881,0.7805,119.23607968697915,718.0506634551506,29.000032667784566,0.0,5.860018355230905
10,11,pacm,0.003,16.0,True,0,168.2434036537827,0.24810541700571775,60.9337795828512,0.536,60.438805135296,0.702,99.43763045076774,771.5301320032324,11.915876704202601,0.0,6.224432609034822
10,11,pacm,1.0,64.0,True,0,2.2798439495211955,0.040456084068864584,55.740656219080165,1.0,271.0734361515287,1.0,445.98664895368603,271.0734361515287,5.093630023413018,0.0,5.09677928188906
10,11,pacm,0.3,64.0,True,0,1.892171379347512,0.06761862523853779,60.901683502470284,1.0,192.12049679729245,1.0,316.0884289453038,192.12049679729245,4.787862870357887,0.0,4.7912333572919295
10,11,pacm,0.1,64.0,True,0,1.7962229421387992,0.1487515838816762,60.27851321324022,0.8965,163.78321206105437,1.0,269.4661894540958,285.0062137986518,4.981340489748986,0.0,4.9748741304354755
10,11,pacm,0.03,64.0,True,0,2.3671459437017033,0.48086241632699966,59.900394329584984,0.778,116.32969336065469,0.916,191.39274896241307,319.0678670366594,5.952083888693476,0.0,5.396931023154251
10,11,pacm,0.01,64.0,True,0,3.546158384294081,0.540365541819483,61.496377026201365,0.66,97.38757064978192,0.7475,160.22800647850073,704.470705059978,18.898289704387587,0.0,6.0887421163672935
10,11,pacm,0.003,64.0,True,0,18.86616723941944,0.35654991678893566,57.89497803624001,0.596,79.87095222733339,0.714,131.40859111217443,707.9173807089932,10.389778526880276,0.0,6.3650371566492465
10,11,pac2t,1.0,16.0,True,0,2.3816460370140273,0.03595637483522296,61.35002933789815,0.867,138.96210500694676,1.0,228.6289812217327,312.81660567543344,5.1720545770497335,0.0,5.1585092632766765
10,11,pac2t,0.3,16.0,True,0,2.559478700218853,0.03487474983558059,61.957418159770356,0.48,43.36338380829813,0.6285,71.34409961566551,964.9681574455607,11.36141893512103,0.0,6.52981714942939
10,11,pac2t,0.1,16.0,True,0,9.497318815948772,0.07960187504068017,62.251971623754685,0.1985,14.167486368177636,0.2785,23.309217823573672,1393.1993765673246,83.73854200391766,0.0,8.328732043415185
10,11,pac2t,0.03,16.0,True,0,95.77295752777759,0.21463500009849668,62.52820610890702,0.0745,4.067906130797787,0.1235,6.6927687540674885,1579.6953020316244,965.5702589405012,0.0,9.371460418881917
10,11,pac2t,0.01,16.0,True,0,860.334092537168,0.6489398330450058,62.55240097953908,0.0185,1.292432900695744,0.028,2.1263899058577533,1635.9364366662196,8670.140684293789,0.0,10.06669983750876
10,11,pac2t,0.003,16.0,True,0,9563.607529625313,3.405762666836381,62.55029408024482,0.0055,0.36100354139991314,0.011,0.5939451757986374,1655.2749362474483,121079.94546297904,0.0,10.25335917211528
10,11,pac2t_ensemble,1.0,16.0,True,0,1.0111400034013887,0.006046375259757042,61.337247712727375,0.0,3.629979392772533e-05,0.0,3.968483173362278e-05,1649.9598780566394,,,
10,11,pac2t_ensemble,0.3,16.0,True,0,0.6473233575771706,0.10848904075101018,63.22942679977556,0.1515,11.766518920836711,0.1705,15.585984933250828,1412.564387215655,,,
10,11,pac2t_ensemble,0.1,16.0,True,0,6.889925417944106,0.05997295817360282,62.203904337181385,0.1235,6.244369079425058,0.1625,8.15031527910832,1535.3123289165842,,,
10,11,pac2t_ensemble,0.03,16.0,True,0,92.39513173381094,0.01341729098930955,62.47131386622302,0.0185,1.3768249833039699,0.0265,1.8831402430303354,1637.6335311419805,,,
10,11,pac2t_ensemble,0.01,16.0,True,0,856.4167094889734,0.030769208911806345,62.54862848276588,0.0045,0.27395741737724816,0.007,0.34390725876494505,1657.4331445063656,,,
10,11,pac2t_ensemble,0.003,16.0,True,0,9559.098461794329,0.019700624980032444,62.54956896188951,0.0,0.023139720205810642,0.0,0.03057041385670212,1662.4080622896552,,,
10,11,pvi,1.0,1.0,True,0,1.0050232174035036,1.379115667194128,62.55157815244638,0.0015,0.2320266776198186,0.004,0.3817445260909885,1658.1161749867244,259659.8845904347,0.0,10.320628573274401
10,11,pvi,0.3,1.0,True,0,0.6714419790889474,1.376363375224173,62.56074671789106,0.0,0.0696293022578483,0.0005,0.114558400202676,1661.4133303848062,2882586.4018693105,0.0,10.36473020014526
10,11,pvi,0.1,1.0,True,0,7.224615292999818,1.4117570840753615,62.55915406707737,0.0,0.023744496953076687,0.0,0.039065903238391105,1662.4494603379342,24833158.3322209,0.0,10.373491181781853
10,11,pvi,0.03,1.0,True,0,93.05965860411652,1.4327841252088547,62.54925226220051,0.0,0.008213168658364323,0.0,0.013512808998325306,1662.5968275123237,209417477.28725818,0.0,10.373491181781866
10,11,pvi,0.01,1.0,True,0,857.1391908300144,1.347847499884665,62.54758970166972,0.0,0.005890327135662322,0.0,0.009691127606492938,1662.7666594260354,405238020.5433004,0.0,10.373491181781866
10,11,pvi,0.003,1.0,True,0,9559.840744732517,1.2931846249848604,62.549732556573666,0.0,0.004917314806517197,0.0,0.008090268023101447,1662.8081021073563,597603978.491461,0.0,10.373491181781866
10,11,pvi,1.0,16.0,True,0,1.0050224497560416,1.4573097908869386,62.54739004630042,0.0015,0.23329140478388155,0.004,0.38382533281904374,1657.914459221025,257019.4281147002,0.0,10.317688776480853
10,11,pvi,0.3,16.0,True,0,0.5651696410346272,1.470239832997322,62.26285700688498,0.508,44.20304424809669,0.704,72.72556048885711,1024.1476378027378,19.191643321308685,0.0,6.255633479080938
10,11,pvi,0.1,16.0,True,0,0.8087687239421575,1.4470737501978874,60.32153401173753,0.676,67.68635927318748,0.812,111.36175119442515,796.9991264666537,10.086869357012532,0.0,5.719067189285474
10,11,pvi,0.03,16.0,True,0,4.159408278570689,1.4943024581298232,57.83439122659608,0.693,75.9504991882669,0.829,124.95842123165605,700.7910107206056,8.389461895744105,0.0,5.684139135385418
10,11,pvi,0.01,16.0,True,0,36.90230474315948,1.5172856249846518,57.847175215474515,0.7215,78.7236448175215,0.833,129.5209705681409,685.5849663017555,8.006087742759034,0.0,5.648739111808406
10,11,pvi,0.003,16.0,True,0,407.65857256284363,1.5125342500396073,56.93807611015754,0.7935,83.77246168438936,0.8455,137.82759384928224,639.1956203692658,7.539908703603991,0.0,5.5647122278668695
10,12,POPS ellipse,,,True,0,1.6498558908781513,0.010108125396072865,53.506066744158346,0.999,832.7609337705459,0.9995,1074.8506794274147,832.7643834618201,inf,0.0005,5.37524461962882
10,12,Ellipse+EB,,,True,0,1.6498558908781513,0.0069947498850524426,53.506066744158346,1.0,913.0120447788102,1.0,1229.8899270134573,913.0120447788102,5.595315346997524,0.0,5.584379179870044
10,12,Ellipse+PAC,,,True,0,,0.0796634592115879,76.2667724853621,1.0,6839.6551372848435,1.0,20015.034116704046,6839.6551372848435,5.874256280758098,0.0,5.853388248167144
10,12,Bayesian stacking,,,True,0,,0.007072583772242069,56.79796549288592,0.8065,168.41572022031576,0.9695,269.5887552968998,317.53556917644363,5.332280075359924,0.0,5.182085705850391
10,12,pacm,1.0,1.0,True,0,2.3345914206915355,0.010776666924357414,79.10613753531588,0.9085,271.7299882000559,0.975,447.06684866688346,474.4572018227813,5.046763006592237,0.0,5.008957519850496
10,12,pacm,0.3,1.0,True,0,2.9276421151714436,0.01030583307147026,106.54858589232796,0.538,90.84769518739354,0.7775,149.46820211163308,812.7216047370795,9.772381792067403,0.0,5.933787958022664
10,12,pacm,0.1,1.0,True,0,12.968328555581675,0.018599750008434057,110.2527121338712,0.1985,30.630409810794692,0.347,50.395029559289384,1636.1360650139,60.440564113135345,0.0,8.201400500468976
10,12,pacm,0.03,1.0,True,0,132.83744163135086,0.03349154209718108,110.69207006077916,0.0515,9.201376195768248,0.0885,15.138668670651127,2039.42083268391,648.0143651586603,0.0,9.664979919049657
10,12,pacm,0.01,1.0,True,0,1191.3755990260247,0.08092933287844062,110.73081720714666,0.018,3.06737229176406,0.0295,5.046629094016178,2164.471273069006,5823.36414410098,0.0,10.0823170935574
10,12,pacm,0.003,1.0,True,0,13237.893612988211,0.2591815423220396,110.73520558735372,0.0075,0.9231977831615609,0.012,1.5189016359520342,2209.0008891187254,64485.79259620684,0.0,10.247999013245138
10,12,pacm,1.0,4.0,True,0,2.2134862758687968,0.03379433415830135,67.48489085942754,0.969,380.39112821534604,1.0,625.8428231589647,422.46972571250666,5.095050897147818,0.0,5.09315853853613
10,12,pacm,0.3,4.0,True,0,2.0380864788168997,0.04794166563078761,102.84259324334724,0.937,237.22064901121556,0.9515,390.2899665018833,536.8417901661935,5.121435984927161,0.0,4.979233203878675
10,12,pacm,0.1,4.0,True,0,3.9707804163038745,0.06591212516650558,155.1021186053085,0.643,97.3961958965073,0.795,160.24219726361807,1439.9592066152204,6.8199161916258,0.0,5.785765741177768
10,12,pacm,0.03,4.0,True,0,29.601392863728424,0.11939666699618101,160.99062925625515,0.5385,51.63051976892138,0.6865,84.94569893084831,2285.773040676982,16.987444054096574,0.0,6.162970719204753
10,12,pacm,0.01,4.0,True,0,255.5835900079639,0.2899164156988263,166.33576341049556,0.5445,57.9110273415261,0.6935,95.2787753318442,2297.419935973035,15.47020844856854,0.0,6.217612330965804
10,12,pacm,0.003,4.0,True,0,2834.2462012112915,0.5237879999913275,166.44119476363952,0.542,56.53804298057875,0.6905,93.01985722131994,2325.48635904942,16.24468208427763,0.0,6.226230291546779
10,12,pacm,1.0,16.0,True,0,2.1739174045931913,0.046701999846845865,100.30926375478263,0.976,525.0175407530838,1.0,863.7910706657514,547.0527621894913,5.282289357929292,0.0,5.278308719868825
10,12,pacm,0.3,16.0,True,0,1.8801618206632797,0.12429741630330682,197.2750300117489,0.9495,331.76845295070234,0.9735,545.8458145538137,577.9646275421561,5.289287676191829,0.0,5.21460560340102
10,12,pacm,0.1,16.0,True,0,1.9314766022911263,0.18808762496337295,127.48850273285112,0.9515,216.3905055947554,1.0,356.01893651302555,375.0249356807986,4.864753937762677,0.0,4.849685135089461
10,12,pacm,0.03,16.0,True,0,4.051121015217726,0.312479583080858,135.56332584783587,0.8525,112.6330650735967,0.909,185.3108292967369,1110.2617986223088,6.239862847469428,0.0,5.08580206360823
10,12,pacm,0.01,16.0,True,0,21.899473721089024,0.5582675831392407,149.13271411895326,0.6485,71.3352700128138,0.728,117.3651630233403,1839.1243555300875,10.084657579410345,0.0,5.852870219810765
10,12,pacm,0.003,16.0,True,0,250.8420478047492,0.5642627920024097,111.17360120519658,0.799,98.16073354086213,0.9115,161.5000615045618,918.3056788519212,5.937040347447455,0.0,5.038001304412961
10,12,pacm,1.0,64.0,True,0,2.186509494141446,0.1163464579731226,76.470376563734,0.972,524.5416413230959,1.0,863.0080917245735,567.965826311988,5.2689962019938905,0.0,5.264393528336496
10,12,pacm,0.3,64.0,True,0,1.8599269976397448,0.14258179208263755,154.24864990807419,0.924,319.4156921482656,1.0,525.5222945740632,467.2325532009645,5.089890458606189,0.0,5.076326584887023
10,12,pacm,0.1,64.0,True,0,1.8262866147680992,0.26007233280688524,105.02857266878364,0.9495,225.9835372550624,0.977,371.801980784082,429.06977902957897,4.940429691058443,0.0,4.899150041379299
10,12,pacm,0.03,64.0,True,0,2.6849209689690916,0.5822764998301864,101.86296932489283,0.83,197.17810174706548,1.0,324.4095109196362,330.05380393605935,5.1072195593032825,0.0,5.100082921669407
10,12,pacm,0.01,64.0,True,0,7.713982061359803,0.7359351250343025,90.3516793155989,0.607,135.66208538269169,0.765,223.19958646215096,576.4381563798406,6.913696839419204,0.0,6.123823279324925
10,12,pacm,0.003,64.0,True,0,81.82315457823967,0.6613885411061347,84.45928823551361,0.767,153.684520676994,0.9095,252.85120278060663,418.3361305714801,6.327354149599944,0.0,5.438529614544945
10,12,pac2t,1.0,16.0,True,0,2.262325303150564,0.08134054206311703,69.8850019173729,0.9485,301.6977068012721,1.0,496.37157798854366,440.22420966867264,5.034275982547089,0.0,5.022456595127329
10,12,pac2t,0.3,16.0,True,0,2.7566256999056984,0.11105695879086852,101.01236836787325,0.654,105.0579127903085,0.835,172.84772398438514,676.5113838861829,8.091795756393312,0.0,5.611393363024106
10,12,pac2t,0.1,16.0,True,0,12.677832174530398,0.12675962457433343,109.35807510835737,0.2345,34.68324382810842,0.382,57.06300074749856,1553.060354282907,46.608465183530015,0.0,7.98259086213271
10,12,pac2t,0.03,16.0,True,0,132.4495669263531,0.6164550827816129,110.1287872089607,0.056,9.771011282309049,0.0975,16.075867265170594,2018.874673228174,597.7730341103612,0.0,9.596269003231008
10,12,pac2t,0.01,16.0,True,0,1190.9233691105537,2.389716750010848,110.54008773762462,0.02,3.374652620337644,0.033,5.552185543868065,2155.041412131203,5046.435860349736,0.0,10.06201713904407
10,12,pac2t,0.003,16.0,False,0,13237.787445734615,5.390430417377502,110.69577798139824,0.006,0.6625777851526854,0.009,1.0901136248046766,2213.8115980481143,135882.7300267119,0.0,10.262876567379386
10,12,pac2t_ensemble,1.0,16.0,True,0,1.0625789908043712,0.010932916309684515,79.1062517114196,0.0,0.0001291090003590696,0.0,0.000138196103281709,1740.7430171859535,,,
10,12,pac2t_ensemble,0.3,16.0,True,0,1.017109958149696,0.1912210420705378,108.13202594263296,0.138,26.849955577666297,0.164,30.840127375050503,1520.5748733032456,,,
10,12,pac2t_ensemble,0.1,16.0,True,0,10.195327460456973,0.030716583132743835,109.78750591209499,0.066,9.437065381937527,0.091,12.32208216785315,2102.3024125430115,,,
10,12,pac2t_ensemble,0.03,16.0,True,0,129.33228238764013,0.034889624919742346,110.84711701143841,0.014,2.4151855075572994,0.017,3.438311721863245,2167.811299006265,,,
10,12,pac2t_ensemble,0.01,16.0,True,0,1187.2530882535646,0.041207415983080864,110.65580408347324,0.0055,0.9192747930338909,0.007,1.1245260840708988,2209.742235772407,,,
10,12,pac2t_ensemble,0.003,16.0,True,0,13233.077972568182,0.03714175010100007,110.73087936995573,0.0015,0.18046418199356282,0.0015,0.22684469770785864,2225.8262971377276,,,
10,12,pvi,1.0,1.0,True,0,1.0380883190506465,1.3066258332692087,110.74012126003767,0.0035,0.19549669965663946,0.0045,0.3216431650375077,2224.252207319612,487043.31046077,0.0,10.31922298407161
10,12,pvi,0.3,1.0,True,0,1.038829921487964,1.2861106251366436,110.7500617003577,0.0005,0.060954207651734184,0.001,0.10028560229349938,2227.1932098328184,5063539.03363164,0.0,10.350682709273775
10,12,pvi,0.1,1.0,True,0,10.531096082397273,1.2768342909403145,110.7343006305333,0.0,0.021642484564450382,0.0,0.035607543486981155,2227.8327113969294,38849705.08853465,0.0,10.373482756977582
10,12,pvi,0.03,1.0,True,0,129.7983428267263,1.2967070420272648,110.73853792047875,0.0,0.007915878016974288,0.0,0.013023688194747739,2228.1611084587603,297755199.2808642,0.0,10.373491181781866
10,12,pvi,0.01,1.0,True,0,1187.7875610317105,1.3048247499391437,110.73831339136946,0.0,0.013344244858029758,0.0,0.021954770380833176,2228.0434681547404,104515448.70659968,0.0,10.373491181781866
10,12,pvi,0.003,1.0,True,0,13233.73385772277,1.3014450841583312,110.74434896377758,0.0,0.014593190520681348,0.0,0.024009612414486504,2228.0889009466237,85980405.73855081,0.0,10.373491181781866
10,12,pvi,1.0,16.0,True,0,1.0380873458591866,1.4786412501707673,110.74766786481338,0.004,0.2481412830307533,0.005,0.4082572636298165,2223.229432595266,294606.1542904756,0.0,10.312602638348356
10,12,pvi,0.3,16.0,True,0,0.6204639436167967,1.4915886661037803,133.88696820797196,0.454,46.32808907564735,0.6725,76.22181462194709,1859.0853160590977,14.757475416578313,0.0,6.256811530045821
10,12,pvi,0.1,16.0,True,0,1.114202721923025,1.5031795417889953,65.5018838600392,0.7395,68.41217039211143,0.814,112.55590017965172,825.0027858382745,8.504848195527494,0.0,5.536051968898814
10,12,pvi,0.03,16.0,True,0,6.0074910994770105,1.5683314590714872,73.38962402021963,0.757,75.1374274536549,0.788,123.62070572759656,1035.607542951643,9.933670980049804,0.0,5.716693802001852
10,12,pvi,0.01,16.0,True,0,52.04544329683159,1.5741289998404682,73.37205863922844,0.756,77.37739291756363,0.789,127.3060343426152,1035.2357652169023,9.68591775040905,0.0,5.739716244521574
10,12,pvi,0.003,16.0,True,0,622.4852981876301,1.5638174158520997,71.24514698132272,0.766,78.49959735445337,0.8055,129.1523539353976,931.8831571404733,8.31300514388168,0.0,5.62238887526103
10,13,POPS ellipse,,,True,0,0.3130571304528442,0.013539250008761883,43.710580053157756,0.4235,44.60729290269285,0.4695,57.57496196031682,860.3305996181463,inf,0.5085,7.287905301028706
10,13,Ellipse+EB,,,True,0,0.3130571304528442,0.006492834072560072,43.710580053157756,0.6845,85.22894278885235,0.762,142.28443430460123,552.1741399657287,inf,0.0975,5.883961219512357
10,13,Ellipse+PAC,,,True,0,,0.1360817919485271,42.94185137339089,1.0,619.8504215164722,1.0,1201.3121174448002,619.8504215164722,5.101120182807093,0.0,5.10312906733059
10,13,Bayesian stacking,,,True,0,,0.007145875133574009,41.62874833856453,0.6255,74.84985275412356,0.749,116.87893140967147,523.5279499556605,6.901503111716542,0.0,6.1562947269167925
10,13,pacm,1.0,1.0,True,0,2.365331737340619,0.008558040950447321,45.31274989841171,0.722,129.8095621612981,0.8855,213.57065617488408,493.840559217292,5.959634078249748,0.0,5.665674770793305
10,13,pacm,0.3,1.0,True,0,2.570050847482139,0.007458916865289211,45.639244754813795,0.403,39.89649858127623,0.5725,65.64016732831948,943.343433240394,22.76825837704251,0.0,6.852199962508921
10,13,pacm,0.1,1.0,True,0,9.165195292439229,0.015097375027835369,45.673590707387994,0.239,13.329385646817627,0.3005,21.930323094854934,1231.1383288227767,179.86447415667263,0.0,8.137927114947937
10,13,pacm,0.03,1.0,True,0,89.83759701385668,0.03271433291956782,45.67756924617682,0.107,3.999882675933058,0.1455,6.580852392523253,1382.6235252370348,1978.1068446573518,0.0,9.071511276678212
10,13,pacm,0.01,1.0,True,0,803.7889592442593,0.05084375012665987,45.6779194026986,0.032,1.3333568958188735,0.06,2.193720573539108,1434.1163741291855,17795.22122441447,0.0,9.75127837002415
10,13,pacm,0.003,1.0,True,0,8930.63213854878,0.20954379113391042,45.677960230944514,0.0085,0.39994188990780083,0.0145,0.6580089358386149,1453.326129877716,197793.43032193146,0.0,10.2011659229464
10,13,pacm,1.0,4.0,True,0,2.1918043377227674,0.02617737464606762,43.03286448089261,0.916,221.93834617054708,1.0,365.1465842178472,257.41453510961185,5.154183781479947,0.0,5.155160548281712
10,13,pacm,0.3,4.0,True,0,1.9120534113578964,0.04181908303871751,42.964859642650666,0.703,98.15833131502693,0.82,161.49610921522842,481.583229182023,6.207311088706774,0.0,5.676387337831056
10,13,pacm,0.1,4.0,True,0,2.953281927520387,0.06567116593942046,44.99767311145376,0.6295,65.46514156471608,0.702,107.70726753692549,734.5315957705136,10.56052061786777,0.0,6.15185314814924
10,13,pacm,0.03,4.0,True,0,22.091057301842373,0.058952624909579754,44.31863581954899,0.5575,51.911183696637146,0.645,85.40746444495113,781.2906101341841,11.424730361204286,0.0,6.405720198399837
10,13,pacm,0.01,4.0,True,0,194.30584734168144,0.07671570777893066,44.4472281366275,0.557,50.73970818695187,0.6455,83.48008106016316,782.8977693147887,11.441017185333617,0.0,6.40069780670455
10,13,pacm,0.003,4.0,True,0,2171.6818769494444,0.060311457607895136,44.339434943641315,0.5565,51.50168703785684,0.6415,84.73373541712759,800.0322412149892,12.842787354509998,0.0,6.406995142357575
10,13,pacm,1.0,16.0,True,0,2.2229210311279592,0.05138029111549258,47.409588500943066,0.8905,325.750018007951,1.0,535.9439161230024,403.6285956796233,5.380040799333742,0.0,5.375975280964771
10,13,pacm,0.3,16.0,True,0,1.872456514038066,0.05239291675388813,44.408538057692894,0.738,137.80117923293486,0.897,226.71895490935694,439.26254491605704,5.749433752054402,0.0,5.57442761211216
10,13,pacm,0.1,16.0,True,0,1.8457363288561002,0.10624808305874467,43.799215954916235,0.671,86.67942776031732,0.762,142.61031279522896,575.5966885642327,7.323262716735156,0.0,5.892481286137816
10,13,pacm,0.03,16.0,True,0,3.530873153581406,0.14210970792919397,44.918169327295345,0.5985,60.78150497248951,0.7385,100.00146124937638,680.8004947440561,11.242700227412282,0.0,6.000654728021467
10,13,pacm,0.01,16.0,True,0,14.344122897330134,0.15685808286070824,44.65997869349925,0.5955,56.511236973965026,0.726,92.97575433454794,695.7480535012286,13.413373689553188,0.0,5.9845453664308925
10,13,pacm,0.003,16.0,True,0,181.94124864080555,0.20314666675403714,45.03324487670905,0.6175,62.06767519002345,0.751,102.11754740464741,669.4995571802175,12.290140984417464,0.0,5.903976750394924
10,13,pacm,1.0,64.0,True,0,2.2176527710755183,0.0984412501566112,44.89113752847775,0.8895,263.0791678506512,1.0,432.8339882541993,343.0306840887198,5.2944989181928594,0.0,5.291389065011145
10,13,pacm,0.3,64.0,True,0,1.7890735562164561,0.16459595877677202,44.51980121725399,0.831,202.12486700561936,0.943,332.5482326333704,374.30583083316407,5.359500175434673,0.0,5.314266123230083
10,13,pacm,0.1,64.0,True,0,1.7492919235196345,0.2084339577704668,46.21838376719664,0.7215,112.02310890137446,0.8815,184.3072919781412,453.47409395176845,5.885708146585648,0.0,5.622035591042616
10,13,pacm,0.03,64.0,True,0,2.167971590744263,0.40026595816016197,43.25412138669554,0.5805,73.66597373667207,0.6735,121.19977979090274,645.3506152976194,9.06661160900723,0.0,6.325152112729574
10,13,pacm,0.01,64.0,True,0,4.602741181087214,0.5143325831741095,44.47646803810229,0.699,92.97619495173808,0.834,152.97014051871508,506.1142744073304,7.305682665065966,0.0,5.665100880476953
10,13,pacm,0.003,64.0,True,0,29.229859001505307,0.48540608398616314,43.22133416630347,0.7655,113.08449769808524,0.807,186.0535539483382,533.4930005364137,8.739554764855413,0.0,5.655142199997346
10,13,pac2t,1.0,16.0,True,0,2.298114831565976,0.06104604201391339,45.08162444806857,0.7605,154.15585040645547,0.9105,253.6266633701027,424.9535599811087,5.669559983601506,0.0,5.533243609862684
10,13,pac2t,0.3,16.0,True,0,2.406733197729058,0.06024724990129471,45.48493579035511,0.454,48.71074443735524,0.6345,80.14190541160835,877.3706742730732,17.44297007607192,0.0,6.600089323191724
10,13,pac2t,0.1,16.0,True,0,8.843775394167864,0.11852733278647065,45.618907168770946,0.266,16.00102709756033,0.3245,26.325871529030714,1199.2248451144906,135.02374151547434,0.0,8.019248549950968
10,13,pac2t,0.03,16.0,True,0,89.39451317117083,0.3833617498166859,45.664000413676476,0.119,4.654651488967531,0.163,7.658118217277067,1370.9598081712597,1636.8547844965738,0.0,8.929748544534556
10,13,pac2t,0.01,16.0,True,0,803.2920861704168,1.7148880828171968,45.67432197453726,0.041,1.4367910953538394,0.0685,2.363896864852359,1431.9774199440626,15930.566213904176,0.0,9.684813664232617
10,13,pac2t,0.003,16.0,False,0,8930.50097137613,5.525893458165228,45.67809251982168,0.009,0.3581704088721109,0.014,0.5892839323361471,1454.2054692368722,287641.2745743661,0.0,10.196783997468817
10,13,pac2t_ensemble,1.0,16.0,True,0,1.0074744616412108,0.008466917090117931,45.31275236972739,0.0,0.0002869471773618401,0.0,0.0003535558307313037,1454.267881799949,,,
10,13,pac2t_ensemble,0.3,16.0,True,0,0.6040705489340756,0.08667762484401464,45.63820359316903,0.136,5.726551292185954,0.141,6.067169354270601,1348.4505038520574,,,
10,13,pac2t_ensemble,0.1,16.0,True,0,6.291701591454994,0.05794170778244734,45.71771812011177,0.172,4.708130975613487,0.193,6.423293390820729,1372.2252388109794,,,
10,13,pac2t_ensemble,0.03,16.0,True,0,86.14926147853616,0.059538708068430424,45.679680015761036,0.0485,1.361317108875367,0.074,1.7364192855498541,1433.3742591509977,,,
10,13,pac2t_ensemble,0.01,16.0,True,0,799.483932661133,0.03073991695418954,45.6779725440283,0.009,0.3398391982757715,0.0105,0.4105925819650588,1454.482747459846,,,
10,13,pac2t_ensemble,0.003,16.0,True,0,8925.708248700232,0.03475583391264081,45.67796234326834,0.0005,0.024509137853452514,0.0005,0.03300981264575472,1461.143892565874,,,
10,13,pvi,1.0,1.0,True,0,0.9993226074977324,1.417798874899745,45.66948091117326,0.0035,0.16472920355585374,0.005,0.2710225927029528,1458.028688433886,974730.9322524578,0.0,10.306175429376484
10,13,pvi,0.3,1.0,True,0,0.6080975058063034,1.4158510407432914,45.67974992236381,0.0015,0.05149636233874887,0.0025,0.08472497489545742,1460.6630138649004,9862875.887474913,0.0,10.34002952157146
10,13,pvi,0.1,1.0,True,0,6.654497787316706,1.3584006670862436,45.67690386837736,0.0,0.01697312973578078,0.0005,0.027925234433098828,1461.301834379973,90500296.70162025,0.0,10.367401057130525
10,13,pvi,0.03,1.0,True,0,86.72500769665356,1.2930323332548141,45.68167299385701,0.0,0.006322143880374153,0.0,0.010401579009147387,1461.6542531085813,641207380.8836509,0.0,10.368738744229477
10,13,pvi,0.01,1.0,True,0,800.1276150819025,1.300599291920662,45.67640430881792,0.0,0.00821971859348956,0.0,0.013523585353467184,1461.4727954680282,411259612.8065361,0.0,10.371094109935198
10,13,pvi,0.003,1.0,True,0,8926.384446736056,1.3080969168804586,45.67960765249429,0.0005,0.01418436686184783,0.001,0.023336990647468206,1461.4253728236292,175222993.32260153,0.0,10.362084739807422
10,13,pvi,1.0,16.0,True,0,0.9993213912511019,1.4593469169922173,45.678334177972005,0.003,0.17201830598209647,0.006,0.28301507123981307,1458.0886882554503,897110.9013157599,0.0,10.298029401106149
10,13,pvi,0.3,16.0,True,0,0.42480713115854485,1.4704175000078976,44.016007065045905,0.217,25.592805161723305,0.3305,42.106853306796516,1024.061814819015,2362.8517573117474,0.0,8.45993557858988
10,13,pvi,0.1,16.0,True,0,0.7071107763778404,1.4933837922289968,43.88759596846855,0.5365,45.93587805085426,0.668,75.5765249797249,756.8855872842972,16.452846656748783,0.0,6.329545883092984
10,13,pvi,0.03,16.0,True,0,2.913371856989003,1.522909457795322,44.535158262150524,0.605,53.42018279491753,0.7,87.89016234656418,712.3339172054175,10.820410433307577,0.0,6.199340013680596
10,13,pvi,0.01,16.0,True,0,31.61977885110647,1.5443175421096385,44.38812971491954,0.622,53.87530362245747,0.6995,88.63895505611653,712.7865363523348,11.509669059840943,0.0,6.195751239519259
10,13,pvi,0.003,16.0,True,0,348.87405076811996,1.556029791943729,45.4067582670807,0.5955,53.325844348932414,0.688,87.73495094706401,729.5533602160324,10.990974434085363,0.0,6.234105983194193
10,14,POPS ellipse,,,True,0,1.2133369059858037,0.011356417089700699,46.17514956462856,0.9415,280.6851656716952,1.0,362.2824135870731,291.41593166387315,4.9744176512060765,0.0,4.975646034521379
10,14,Ellipse+EB,,,True,0,1.2133369059858037,0.006878125015646219,46.17514956462856,1.0,297.6867636849811,1.0,398.3503172287531,297.6867636849811,4.980920860086568,0.0,4.982771488920701
10,14,Ellipse+PAC,,,True,0,,0.10977250011637807,49.45505988913939,1.0,618.8085592739632,1.0,1497.4218974440619,618.8085592739632,5.187161629121567,0.0,5.18725478005827
10,14,Bayesian stacking,,,True,0,,0.00910191610455513,41.02025294605889,0.525,57.4853778488418,0.7335,100.24076480710659,590.382635824129,6.883946602957384,0.0,6.274478159368724
10,14,pacm,1.0,1.0,True,0,2.486135903054139,0.004639292135834694,40.82591001064923,0.8,107.77230214355014,0.975,177.31360389056337,268.59184313037633,5.306120623700344,0.0,5.284926567557148
10,14,pacm,0.3,1.0,True,0,3.113273550257871,0.007571792230010033,40.9125688266045,0.394,32.60318864291455,0.5415,53.64076633436787,843.541944343373,15.280179584173828,0.0,7.000370639967621
10,14,pacm,0.1,1.0,True,0,13.399544483947086,0.011607541237026453,40.92124652823898,0.1575,10.875964662280325,0.24,17.89380436066662,1174.147269728586,112.38183413250013,0.0,8.547213206882887
10,14,pacm,0.03,1.0,True,0,136.05573931772872,0.025222917087376118,40.92224477383434,0.0665,3.263113744770302,0.0985,5.368674942281368,1316.3186248739748,1228.172533591093,0.0,9.513573511165815
10,14,pacm,0.01,1.0,True,0,1219.0951472155098,0.04541304102167487,40.92233167141433,0.0255,1.087583758066777,0.0385,1.7893595278200518,1360.0322769448026,11051.972845509381,0.0,9.988386416021715
10,14,pacm,0.003,1.0,True,0,13544.31481774991,0.10016195895150304,40.92234289213597,0.0015,0.326288318096803,0.005,0.5368295604567557,1375.8460597891585,122759.62236581245,0.0,10.304804389199624
10,14,pacm,1.0,4.0,True,0,2.3724376267430367,0.025637333281338215,43.13015687139197,0.929,177.64560906641012,1.0,292.27345553909964,201.03852963082147,5.073763855798017,0.0,5.076673701735868
10,14,pacm,0.3,4.0,True,0,2.198761208855281,0.029972999822348356,40.43737242803374,0.6725,75.83689653035525,0.9265,124.77151516873123,353.3348799832262,5.50831390493992,0.0,5.423418840355516
10,14,pacm,0.1,4.0,True,0,3.6909354122628315,0.0501219998113811,40.9334739518172,0.52,56.90497384231032,0.7585,93.62355438820083,527.7709180962944,6.831510492637939,0.0,6.071963077259845
10,14,pacm,0.03,4.0,True,0,27.961836991388566,0.07573545817285776,40.49480769281225,0.4605,48.37553144467485,0.594,79.5903924289504,635.4473037460311,10.334891703795057,0.0,6.7283315849913485
10,14,pacm,0.01,4.0,True,0,245.48033334575672,0.07064637495204806,40.61220785614648,0.4515,47.290006046702736,0.574,77.80441944144944,654.0450349585713,11.523463083397303,0.0,6.816823660731285
10,14,pacm,0.003,4.0,True,0,2705.800663638612,0.09538716683164239,40.82927074804428,0.4405,50.0478174531064,0.62,82.34173997366378,607.1870322588057,8.733263581160106,0.0,6.635592364221094
10,14,pacm,1.0,16.0,True,0,2.3446870216586992,0.02582604205235839,41.277005549996304,0.9555,179.56232531447583,1.0,295.42695471115445,185.23571022511922,5.061893958131568,0.0,5.065537956782806
10,14,pacm,0.3,16.0,True,0,1.988697188797092,0.042839750181883574,41.769442799622496,0.7095,91.11591083071181,0.973,149.90948694447667,300.4209992283933,5.3164774587299215,0.0,5.291450035006447
10,14,pacm,0.1,16.0,True,0,1.9547473078116298,0.07504841685295105,43.09145804768079,0.65,80.87302370075655,1.0,133.05726058266532,320.1628261000231,5.356377222023166,0.0,5.332207546078625
10,14,pacm,0.03,16.0,True,0,5.0646957677468585,0.18171495804563165,42.0069361881299,0.537,70.07204139189797,0.7005,115.28682179041438,504.668118404369,7.471315623570388,0.0,6.280496524655948
10,14,pacm,0.01,16.0,True,0,22.849064506353816,0.26525070797652006,40.09868763885935,0.479,54.34031386698278,0.6245,89.40401844126066,600.8422988561139,25.361231000877755,0.0,6.699094679168362
10,14,pacm,0.003,16.0,True,0,481.43526481166083,0.21414845809340477,41.56930976787794,0.6205,98.7764491755889,0.8135,162.51307464424352,345.1741461916532,7.055889572977427,0.0,6.023213978455022
10,14,pacm,1.0,64.0,True,0,2.3359523261371287,0.05643366603180766,41.14568345597751,0.9645,182.0015279163937,1.0,299.4400804898839,185.26662667758637,5.063195811650214,0.0,5.066888134973702
10,14,pacm,0.3,64.0,True,0,1.9769501126118794,0.09116824995726347,41.675149452938626,0.8335,109.47292407432734,1.0,180.11157143327932,201.3341591465629,4.993637592515748,0.0,4.9913686944901645
10,14,pacm,0.1,64.0,True,0,1.8494199778439144,0.10980625031515956,41.35690626043257,0.5695,71.44709792005864,0.8295,117.54914915757644,431.90035261033665,6.090495068720917,0.0,5.8394853278130645
10,14,pacm,0.03,64.0,True,0,2.4899456829904896,0.37915912503376603,39.370719738864715,0.5855,92.14844770368889,0.8335,151.60827995952798,352.17797339357867,6.229935110689224,0.0,5.901180399505166
10,14,pacm,0.01,64.0,True,0,4.57382626286611,0.38705754140391946,40.11890291384974,0.564,82.5099543528375,0.7465,135.75043932587147,472.8387088551736,11.070801430318609,0.0,6.226236240228992
10,14,pacm,0.003,64.0,True,0,31.090399681410034,0.4527501673437655,39.24617915144738,0.568,74.62818891246361,0.708,122.78287523513423,496.08346976953163,11.533694023128227,0.0,6.286404158897262
10,14,pac2t,1.0,16.0,True,0,2.4358989788054153,0.04361508274450898,41.475138560585606,0.832,119.06761294277912,1.0,195.89734224485397,222.24892073252892,5.195098049895924,0.0,5.189810026127492
10,14,pac2t,0.3,16.0,True,0,2.9604819987695823,0.03996299998834729,40.80918873579043,0.4565,36.27098078121687,0.5635,59.6752429988601,797.7138129040487,12.582813442006904,0.0,6.845941552326059
10,14,pac2t,0.1,16.0,True,0,13.101341284190642,0.09198437491431832,40.89374179068711,0.1765,11.911192843234303,0.273,19.597025280727554,1155.1893117612083,94.10632347204572,0.0,8.374868444436572
10,14,pac2t,0.03,16.0,True,0,135.6495661891779,0.4062857497483492,40.92104266306295,0.071,3.409959348910496,0.104,5.610274339971725,1313.4557982875876,1208.0091228556157,0.0,9.457802025017783
10,14,pac2t,0.01,16.0,True,0,1218.634851441266,1.8023557090200484,40.923037926451805,0.027,1.11034533989133,0.0415,1.826808278781924,1359.5425783236356,10946.798455750733,0.0,9.954371267969872
10,14,pac2t,0.003,16.0,False,0,13543.852288940545,5.523233624640852,40.92287476465948,0.0015,0.2765608405929953,0.004,0.45501486342223774,1376.825581044157,213688.44531093133,0.0,10.286826457605619
10,14,pac2t_ensemble,1.0,16.0,True,0,1.0448959494987697,0.00517845805734396,40.825911202260635,0.0,3.640735695955374e-05,0.0,4.201910028315187e-05,1376.0593214816531,,,
10,14,pac2t_ensemble,0.3,16.0,True,0,1.007354542325639,0.036072792019695044,41.244019932113034,0.101,10.421760595921297,0.125,13.884938284051247,1139.8823198486466,,,
10,14,pac2t_ensemble,0.1,16.0,True,0,10.465106425103933,0.0688050827011466,40.83123921096255,0.0975,5.633433356275205,0.114,6.586516799780981,1265.3783292818357,,,
10,14,pac2t_ensemble,0.03,16.0,True,0,132.29745245554196,0.022075542248785496,40.91851498897641,0.0195,0.7804205209228885,0.0285,1.057597299687969,1366.6547486597608,,,
10,14,pac2t_ensemble,0.01,16.0,True,0,1214.7488059566808,0.03238479234278202,40.91591562282403,0.0015,0.24583105614811052,0.0175,0.34137297003379113,1376.8941268540984,,,
10,14,pac2t_ensemble,0.003,16.0,True,0,13539.265259805694,0.0327139999717474,40.921519993676604,0.0005,0.06253935003878036,0.0005,0.09066191938199566,1381.2387829287127,,,
10,14,pvi,1.0,1.0,True,0,1.0408446101575404,1.4217292498797178,40.92126769958,0.002,0.17358011355755792,0.003,0.28558465288816426,1378.8106024643666,532919.2744878851,0.0,10.335622840259662
10,14,pvi,0.3,1.0,True,0,1.0694563366824976,1.41605066601187,40.92470227899413,0.001,0.05297683266126512,0.0015,0.08716073550478978,1381.5584775368782,5697111.185052841,0.0,10.356093986226224
10,14,pvi,0.1,1.0,True,0,10.80673608498686,1.3521809172816575,40.918517384761266,0.0,0.01787361340842842,0.0,0.029406765420802,1382.3161347761459,50730589.02708118,0.0,10.373491181781866
10,14,pvi,0.03,1.0,True,0,132.86100044930137,1.2912115422077477,40.92062834140783,0.0,0.006003069887143381,0.0,0.009876618898597325,1382.4779049214064,466766338.7732909,0.0,10.373491181781866
10,14,pvi,0.01,1.0,True,0,1215.3512959675006,1.2960301251150668,40.92314087283132,0.0,0.004610669265334838,0.0,0.007585755964413065,1382.5617580084586,790004157.8577651,0.0,10.373491181781866
10,14,pvi,0.003,1.0,True,0,13539.98058765058,1.3016000417992473,40.92521730690227,0.0,0.004366566081007719,0.0,0.00718414242852946,1382.6953507503677,951185480.9370296,0.0,10.373491181781866
10,14,pvi,1.0,16.0,True,0,1.0408436739515228,1.463268166873604,40.933359427038404,0.002,0.195746376632786,0.0035,0.3220539489176757,1378.8333406579495,423953.742352555,0.0,10.333972348513754
10,14,pvi,0.3,16.0,True,0,0.5936734127705199,1.4456391660496593,40.96778156273347,0.424,45.6112025639306,0.589,75.04234894806997,648.682842581965,14.134794229349144,0.0,6.79324790447767
10,14,pvi,0.1,16.0,True,0,0.6152650225732952,1.4648503339849412,40.90908229803621,0.4875,57.44833559602272,0.7245,94.51752648354326,518.6625153013704,7.510078247856382,0.0,6.236271280137751
10,14,pvi,0.03,16.0,True,0,4.594460403984391,1.5184588748961687,39.70958605423862,0.5985,61.81218242641451,0.7695,101.69719503411892,513.351201456668,7.45031490275558,0.0,5.977572051068102
10,14,pvi,0.01,16.0,True,0,39.98316093913933,1.5190958329476416,40.47541212780602,0.591,61.23934519826433,0.7685,100.7547280797553,527.4507010323271,7.365447299100058,0.0,5.978686074466024
10,14,pvi,0.003,16.0,True,0,456.07533317191104,1.5415142909623682,40.04999707716264,0.6215,65.4399715632484,0.8115,107.66585630619846,453.6089547131825,6.336811500142897,0.0,5.7711362355576945
10,15,POPS ellipse,,,True,0,1.9202499310805847,0.006051624659448862,61.075493404144886,0.968,1662.8376967296406,1.0,2146.2368797908025,1663.8543195931693,5.835981508056521,0.0,5.808521039427108
10,15,Ellipse+EB,,,True,0,1.9202499310805847,0.003925374709069729,61.07549340414489,1.0,1667.4845084045612,1.0,2155.08351677504,1667.4845084045612,5.856541771751992,0.0,5.829018600994986
10,15,Ellipse+PAC,,,True,0,,0.1473453752696514,372.54137538415915,1.0,1921.2941895790711,1.0,3778.8281249371357,1921.2941895790711,5.721284610646831,0.0,5.698380607265195
10,15,Bayesian stacking,,,True,0,,0.007186833769083023,45.10522297676318,0.56,93.3691599482023,0.8425,190.77816237190513,389.229390646812,6.099991427431249,0.0,5.985101276047126
10,15,pacm,1.0,1.0,True,0,2.505375010084205,0.007772875018417835,42.78652536913134,0.829,189.11559310830478,1.0,311.14457702935636,217.80615184993982,4.980861153686934,0.0,4.982017074793242
10,15,pacm,0.3,1.0,True,0,4.066584255295751,0.007160792127251625,46.12565031655157,0.3675,60.88775051371941,0.551,100.1762629325369,463.9353855437576,12.19399627221404,0.0,7.237553726288501
10,15,pacm,0.1,1.0,True,0,22.613116524892014,0.011813583318144083,46.547025002156936,0.1065,20.43734786356199,0.1765,33.62477864513315,957.7262405887329,84.61969340421571,0.0,9.17959346646193
10,15,pacm,0.03,1.0,True,0,239.2360281943788,0.021325666923075914,46.596607297547095,0.0305,6.136047556759248,0.051,10.095401919536544,1223.3588454282506,919.7142480531572,0.0,9.960777444047253
10,15,pacm,0.01,1.0,True,0,2148.357018590612,0.04031504085287452,46.60096578917051,0.012,2.045095166587881,0.014,3.3647160455370413,1306.1316321833976,8272.604665645882,0.0,10.22169397800677
10,15,pacm,0.003,1.0,True,0,23870.254752883862,0.11095395777374506,46.6014847596484,0.006,0.6137910227271088,0.008,1.009846649934737,1335.6916400004948,91870.3326946274,0.0,10.288149047731634
10,15,pacm,1.0,4.0,True,0,2.3560316118794593,0.026757207699120045,41.877335934741964,0.97,267.6794409951797,1.0,440.4026398828046,269.160290731092,4.876484223568462,0.0,4.87967548279014
10,15,pacm,0.3,4.0,True,0,2.484673725414688,0.04569249972701073,42.83309837706176,0.8895,228.34545798234583,1.0,375.68795768100875,253.6849170343025,4.898818137396201,0.0,4.900490518311533
10,15,pacm,0.1,4.0,True,0,7.046304377868541,0.05520987510681152,41.73386826109712,0.6465,115.47987745733676,0.8885,189.99457969754846,294.758581279134,5.578619162196569,0.0,5.513562449432438
10,15,pacm,0.03,4.0,True,0,64.4942183075346,0.09592408314347267,42.73992867918565,0.603,95.49015730146559,0.8045,157.1062656214491,483.92795430360513,7.5255990583051755,0.0,5.890652298773784
10,15,pacm,0.01,4.0,True,0,572.7294483631816,0.1584235830232501,42.663643626326966,0.6045,95.41471957426539,0.8255,156.9821508441535,476.66947713336987,7.389092620421515,0.0,5.861234597000828
10,15,pacm,0.003,4.0,True,0,6368.661367911822,0.11702074995264411,42.66134535856396,0.6015,95.76613701914856,0.776,157.56032438580476,479.2782988911334,7.417273189206571,0.0,5.922054987158694
10,15,pacm,1.0,16.0,True,0,2.318281230480513,0.05003470787778497,41.848873021622985,1.0,379.4143777315278,1.0,624.2358133341493,379.4143777315278,5.030770285490465,0.0,5.0322816611851975
10,15,pacm,0.3,16.0,True,0,2.0577545442818104,0.09119887510314584,72.1083929092025,0.9045,245.631178298383,1.0,404.12748531583986,262.4462169343979,5.015973173214668,0.0,5.016409747989905
10,15,pacm,0.1,16.0,True,0,2.3810558967593143,0.12315712496638298,53.791513447897756,0.826,167.1308823484577,0.883,274.9739820083107,312.46449478212276,5.659580433221723,0.0,5.314129815622124
10,15,pacm,0.03,16.0,True,0,9.003124870421864,0.12339995801448822,43.31449182049579,0.767,130.17917890963048,0.9735,214.1787723271941,244.0040541760063,5.596300185329012,0.0,5.153554988033113
10,15,pacm,0.01,16.0,True,0,63.75560712498382,0.27635712502524257,44.123707004068415,0.745,131.3879857525309,0.8975,216.16757551186353,271.6153393047563,5.938406875925906,0.0,5.295013059297252
10,15,pacm,0.003,16.0,True,0,700.0746106769207,0.9395596249960363,45.368608897102845,0.7025,113.7893564775553,0.8565,187.21323085915768,317.03290803370635,6.019941169870612,0.0,5.503164368399292
10,15,pacm,1.0,64.0,True,0,2.3152171222075038,0.09221595758572221,45.21697707531888,1.0,416.1179593567949,1.0,684.6227977840039,416.1179593567949,5.044198679663775,0.0,5.045042549307207
10,15,pacm,0.3,64.0,True,0,2.0204705102518354,0.2075699158012867,53.51731941575143,1.0,313.71199595736505,1.0,516.1382236486933,313.71199595736505,4.985099251947497,0.0,4.986395172104441
10,15,pacm,0.1,64.0,True,0,1.9394136785805718,0.6327928341925144,54.66191207864003,0.874,324.5305666398188,1.0,533.9375999123234,362.51864739831416,5.177343306481645,0.0,5.1756643017238675
10,15,pacm,0.03,64.0,True,0,2.1267403965400864,0.42934754211455584,44.169907555973495,0.7695,131.05415739221655,0.841,215.61834061132882,330.08955541971267,6.767460259081663,0.0,5.538638918327369
10,15,pacm,0.01,64.0,True,0,7.824488719588336,0.7310217921622097,48.08847243239631,0.707,89.77874708552213,0.9105,147.7095031087823,325.9932343342905,5.909755486202355,0.0,5.324909965319443
10,15,pacm,0.003,64.0,True,0,73.17812709599585,0.38402083283290267,54.7361724805404,0.6985,74.18992195036162,0.852,122.06181153907468,442.48251966911766,6.41919406304023,0.0,5.477743605086326
10,15,pac2t,1.0,16.0,True,0,2.4378507259076323,0.05253883311524987,44.726981122749834,0.9035,203.3848124004623,1.0,334.62117210131777,216.50403496155008,4.853774350825923,0.0,4.856905942357945
10,15,pac2t,0.3,16.0,True,0,3.887719226135435,0.0557646662928164,47.508656839388486,0.407,68.16018604749499,0.599,112.14132007530776,417.61719918284973,9.830695796167948,0.0,6.927339249444982
10,15,pac2t,0.1,16.0,True,0,22.302537437794086,0.07726295897737145,46.99803793626118,0.116,22.76987659458074,0.2055,37.46239802644994,921.6524660999222,66.47079644382752,0.0,9.064095342220451
10,15,pac2t,0.03,16.0,True,0,238.79814701803363,0.1924377093091607,46.71031688816914,0.0315,6.591263437718745,0.0525,10.844351016806772,1215.4858441557212,784.586488687669,0.0,9.935958451553164
10,15,pac2t,0.01,16.0,True,0,2147.8377279503957,0.6868216660805047,46.62989538016056,0.012,2.1364209778918886,0.0155,3.514970873618694,1304.5222143717244,7701.576931518933,0.0,10.214547200333277
10,15,pac2t,0.003,16.0,True,0,23869.700159412583,2.708111417014152,46.60831855553823,0.0055,0.6275471969405304,0.008,1.032479151765117,1335.4584978807723,95122.48053845511,0.0,10.287280218304812
10,15,pac2t_ensemble,1.0,16.0,True,0,1.1392588658707687,0.012312333099544048,42.786520045639286,0.0,0.00021918277849449673,0.0,0.000253233367364515,1316.2716096317083,,,
10,15,pac2t_ensemble,0.3,16.0,True,0,2.0161162075350565,0.025348833296447992,45.707187710853596,0.113,17.13977008341325,0.1405,20.534178885022317,1004.6575781750531,,,
10,15,pac2t_ensemble,0.1,16.0,True,0,19.731920544639152,0.054543417412787676,46.592829622286054,0.041,7.410748324946935,0.0605,10.528696573325542,1196.7849823799172,,,
10,15,pac2t_ensemble,0.03,16.0,True,0,235.56786639799267,0.018973708618432283,46.64143645959588,0.015,2.7435634870952974,0.019,3.788887009252189,1287.038846235045,,,
10,15,pac2t_ensemble,0.01,16.0,True,0,2144.008773522074,0.02292275009676814,46.62157616036335,0.004,0.49312310713441504,0.005,0.6325549346606636,1337.3911883611395,,,
10,15,pac2t_ensemble,0.003,16.0,True,0,23865.256059025698,0.02477229107171297,46.60161875537516,0.001,0.05509746632917979,0.001,0.07249547805186776,1347.2237489200006,,,
10,15,pvi,1.0,1.0,True,0,1.133778616327914,1.3702825419604778,46.59609833396607,0.003,0.15987856528508496,0.004,0.2630420250074244,1345.2117067063443,534581.1105139223,0.0,10.3195304264214
10,15,pvi,0.3,1.0,True,0,2.1020577216270886,1.4148599170148373,46.59300758356387,0.001,0.04805884823279098,0.002,0.07906936577856019,1347.4076377689046,5952966.167471589,0.0,10.34817573557046
10,15,pvi,0.1,1.0,True,0,20.10015231728123,1.3825209997594357,46.59977501784049,0.0005,0.017268948144818493,0.0005,0.028411933029680956,1348.1013601963423,49760845.417621754,0.0,10.365776407393987
10,15,pvi,0.03,1.0,True,0,236.12119627162687,1.4079565000720322,46.603800337068606,0.0005,0.005278521860780929,0.0005,0.00868454803075047,1348.432959739161,432885602.271179,0.0,10.365059681765477
10,15,pvi,0.01,1.0,True,0,2144.6930683352825,1.3092471659183502,46.601764926084684,0.0005,0.004785261533737379,0.0005,0.007873005876553419,1348.4195476099185,615982550.026264,0.0,10.364699599009567
10,15,pvi,0.003,1.0,True,0,23865.994477898028,1.2925879578106105,46.60062586015424,0.0,0.004274390631433556,0.0,0.007032489723435844,1348.391401400383,885085730.2432959,0.0,10.373491181781834
10,15,pvi,1.0,16.0,True,0,1.1337778456405752,1.439349084161222,46.6039368663326,0.003,0.16396498829158343,0.004,0.2697652588615035,1345.050379576928,443137.3275442013,0.0,10.322677532524379
10,15,pvi,0.3,16.0,True,0,1.2558797205323935,1.4506117920391262,69.75956115534356,0.44,66.02841961033057,0.6965,108.63400713767578,970.7584341429574,7.756311629416326,0.0,6.429758626193999
10,15,pvi,0.1,16.0,True,0,1.7734612701998196,1.4428890408016741,44.1929375339769,0.5495,46.678279379617365,0.676,76.79796919607644,722.4738904424256,10.12986850004216,0.0,6.231145994012713
10,15,pvi,0.03,16.0,True,0,10.179773577718517,1.5012141251936555,44.64023533639814,0.578,54.53714359425092,0.7215,89.72785478511383,653.7387475579027,8.140357458745124,0.0,6.045460257466536
10,15,pvi,0.01,16.0,True,0,91.01111822593641,1.5098978746682405,46.68535035877402,0.5885,55.95198970320787,0.708,92.05564641190442,693.2465792079046,8.368990644425157,0.0,6.0905016094570055
10,15,pvi,0.003,16.0,True,0,982.3325007070497,1.4726910828612745,47.82094466822773,0.5685,51.709124616032405,0.685,85.07502444814169,776.153868013416,9.86751736624867,0.0,6.200231599834097
10,16,POPS ellipse,,,True,0,-0.4115055072778935,0.006166541948914528,116.1046124582728,0.5175,66.39810494328948,0.607,85.7005237839985,1320.637251712469,inf,0.376,6.590111898015951
10,16,Ellipse+EB,,,True,0,-0.4115055072778935,0.00597058329731226,116.10461245827273,0.7115,94.42269648316847,0.888,150.98183608330896,1002.9793395483127,inf,0.063,5.412913051254356
10,16,Ellipse+PAC,,,True,0,,0.08169812522828579,387.0979955630377,1.0,9430.015436205884,1.0,54392.6634045929,9430.015436205884,5.544564806959159,0.0,5.536065349214605
10,16,Bayesian stacking,,,True,0,,0.007760041859000921,123.51287248726322,0.687,102.1633827039192,0.9445,149.0498458657624,275.7566983556768,6.174509888248642,0.0,5.752510249120933
10,16,pacm,1.0,1.0,True,0,2.2956156609097524,0.006794750224798918,132.80185805261772,0.9315,198.70257924873638,1.0,326.91767484018885,343.988192909932,4.99559601869791,0.0,4.985964721406202
10,16,pacm,0.3,1.0,True,0,1.745488254049076,0.007722207810729742,142.0498914856899,0.534,61.14914113723329,0.7465,100.6063188240471,1745.0659278147034,8.648204716098807,0.0,5.871674479977482
10,16,pacm,0.1,1.0,True,0,1.6914135573931892,0.012262624688446522,142.95310061331256,0.234,20.43160566534525,0.3305,33.61533122831256,2409.386465782109,50.13651637499845,0.0,7.975134066666445
10,16,pacm,0.03,1.0,True,0,6.7272379875104225,0.02202404197305441,143.05687210357704,0.0665,6.1311961998444025,0.111,10.087420169483687,2682.7152827236578,533.3383366613587,0.0,9.42480602336377
10,16,pacm,0.01,1.0,True,0,55.74150488350971,0.07047975016757846,143.06600577977304,0.024,2.043853509635244,0.033,3.3626731953363054,2766.2949090993498,4790.313648943399,0.0,10.019522200543223
10,16,pacm,0.003,1.0,True,0,618.9252073869915,0.27085245912894607,143.06704221505007,0.008,0.613126255861872,0.0105,1.0087529347010655,2796.0377463013556,53231.96640014385,0.0,10.24019601873359
10,16,pacm,1.0,4.0,True,0,2.1799576472810873,0.030631457921117544,127.98251225758546,1.0,313.2223199432243,1.0,515.3325786260009,313.2223199432243,5.140317256118453,0.0,5.14063197707198
10,16,pacm,0.3,4.0,True,0,1.5978171496439977,0.022609500214457512,144.68825693058122,0.763,107.63084349383355,0.9015,177.08086744080904,1176.2429680640614,5.517322977419997,0.0,5.147779773499742
10,16,pacm,0.1,4.0,True,0,1.2917465339666618,0.0397192919626832,145.4987233401654,0.449,47.04971475320031,0.6305,77.40907746223026,2010.6284683596784,12.008063456170172,0.0,6.375009798974379
10,16,pacm,0.03,4.0,True,0,2.4823046091977687,0.1090730419382453,144.76333738468466,0.329,29.55571563487302,0.5095,48.62687676285889,2287.223312735811,27.22486272868853,0.0,7.124564502453018
10,16,pacm,0.01,4.0,True,0,17.634294644895455,0.20040158368647099,141.23122828983298,0.285,24.421749704699764,0.4185,40.18016101841964,2322.3725984926837,42.7100799926867,0.0,7.564277687850816
10,16,pacm,0.003,4.0,True,0,186.09862405923522,0.2551774997264147,141.6751253624821,0.283,18.495132498363013,0.454,30.429326761064186,2453.2377013531477,124.10603556070613,0.0,7.412384562446645
10,16,pacm,1.0,16.0,True,0,2.2157022776142856,0.04209962487220764,126.07299376680467,1.0,319.487216058901,1.0,525.6399701002131,319.487216058901,5.14064935237158,0.0,5.140728526393452
10,16,pacm,0.3,16.0,True,0,1.630503860078095,0.0368986246176064,144.49652846178643,0.7555,114.66055457023819,0.9155,188.64657941387662,1159.8973713343646,5.671561119251883,0.0,5.233190363479761
10,16,pacm,0.1,16.0,True,0,1.2432287105180686,0.06234795833006501,147.50617069564586,0.5325,55.6416824900886,0.6605,91.54510994588158,1970.553437692654,10.894489676987389,0.0,6.217338774158981
10,16,pacm,0.03,16.0,True,0,1.14015139862936,0.13340345909819007,146.44363217814646,0.432,45.520912370118985,0.5665,74.8937979814267,2092.861552845406,15.339599534671112,0.0,6.734110208830755
10,16,pacm,0.01,16.0,True,0,2.456329509722309,0.1652721669524908,143.36823517667193,0.3235,26.481897929004482,0.4785,43.56964327809759,2320.416286206299,40.170274316333376,0.0,7.156521885271056
10,16,pacm,0.003,16.0,True,0,17.02830488553493,0.26957916701212525,144.1856419182285,0.3295,25.247818519061525,0.499,41.53926011552337,2368.971326168016,55.28085301154025,0.0,7.035141705807468
10,16,pacm,1.0,64.0,True,0,2.2047801924453916,0.07013091677799821,128.44741275782349,1.0,322.49003543817054,1.0,530.5803927819286,322.49003543817054,5.146624571943945,0.0,5.146567497430569
10,16,pacm,0.3,64.0,True,0,1.6186954794742299,0.07388308271765709,144.00544578864083,0.7585,111.39017169478265,0.909,183.26594485179206,1180.662297069111,5.6741223449885245,0.0,5.197937207865284
10,16,pacm,0.1,64.0,True,0,1.2191467760289179,0.13484066585078835,146.73619017259261,0.5045,52.253188227819344,0.6625,85.97015128344925,1989.027354006628,11.51852589623972,0.0,6.192079844547545
10,16,pacm,0.03,64.0,True,0,1.0359334980505928,0.24654720909893513,149.5192007396122,0.428,40.40092102515186,0.5775,66.47007408198371,2229.0103694760646,17.76299523012697,0.0,6.63854146306768
10,16,pacm,0.01,64.0,True,0,1.113835279298712,0.38068954227492213,141.94358696806694,0.3685,31.728265471576538,0.559,52.201289051692136,2231.2892600137425,29.605486105193464,0.0,6.819750776133699
10,16,pacm,0.003,64.0,True,0,3.8781742694661823,0.4526772079989314,143.54471933092978,0.411,33.924209024695834,0.534,55.814190118101564,2235.3289353879254,28.330428582406558,0.0,6.880429671094898
10,16,pac2t,1.0,16.0,True,0,2.240934256081199,0.04058820893988013,129.94893941350765,0.971,230.59955049056586,1.0,379.3965289760976,294.5801145133636,5.047752563765086,0.0,5.04342723963195
10,16,pac2t,0.3,16.0,True,0,1.6789871628095092,0.03904824983328581,141.64960899210652,0.613,72.31032312214984,0.7875,118.96938022351469,1606.5640765242888,7.557998104359873,0.0,5.658444947586743
10,16,pac2t,0.1,16.0,True,0,1.5709592272915165,0.08486133394762874,142.92381645875926,0.265,24.349128224494542,0.389,40.06067970347191,2342.29840065083,38.38494746202252,0.0,7.659738586134423
10,16,pac2t,0.03,16.0,True,0,6.470180104310517,0.18143637524917722,143.03549354549878,0.0785,7.280107785633148,0.132,11.977680002260366,2659.38808958719,398.0900674107515,0.0,9.242414320229383
10,16,pac2t,0.01,16.0,True,0,55.35963307265103,0.5437638340517879,143.06033336336887,0.0265,2.3520367693468605,0.0385,3.8697152028961153,2759.74814596802,3759.187257476383,0.0,9.973617479728517
10,16,pac2t,0.003,16.0,True,0,618.4467818871063,0.7243854589760303,143.0677734080238,0.009,0.6636494290291848,0.0125,1.091876759061341,2794.9900949278203,46310.26344126261,0.0,10.228513163815828
10,16,pac2t_ensemble,1.0,16.0,True,0,0.9436914455534069,0.004489084240049124,132.80189562893278,0.0,2.8262424485780125e-05,0.0,3.155730795809586e-05,2617.837638530115,,,
10,16,pac2t_ensemble,0.3,16.0,True,0,-0.20214579277654865,0.007795082870870829,142.0498999442934,0.0,4.0965267555279606e-05,0.0,4.54989925584263e-05,2789.4758455170095,,,
10,16,pac2t_ensemble,0.1,16.0,True,0,-0.8152761861736444,0.050196874886751175,142.99363400974102,0.0325,2.5773521529526144,0.0335,2.753663634340573,2756.882852319933,,,
10,16,pac2t_ensemble,0.03,16.0,True,0,3.4201406748334806,0.03510516695678234,143.0403591875924,0.028,2.688354586512053,0.031,2.938239503140473,2751.2408620294746,,,
10,16,pac2t_ensemble,0.01,16.0,True,0,51.617931467978195,0.036750500090420246,143.05498962465586,0.0085,0.7696331282229932,0.01,0.9653046176759739,2791.8285095081433,,,
10,16,pac2t_ensemble,0.003,16.0,True,0,614.0445885301716,0.022268707863986492,143.06113069235332,0.0015,0.17436372672855657,0.003,0.23865529339369904,2805.744456301789,,,
10,16,pvi,1.0,1.0,True,0,0.9245170053109222,1.3113957080058753,143.09964811640305,0.0055,0.24456328812720018,0.007,0.40237052688547215,2804.5006122516006,474923.33480881626,0.0,10.292426914553584
10,16,pvi,0.3,1.0,True,0,-0.2230751919194578,1.2973111658357084,143.0253936298853,0.001,0.07406760248474448,0.002,0.12186056404929214,2806.3375694876536,5212041.769709837,0.0,10.347592588836271
10,16,pvi,0.1,1.0,True,0,-0.826047168776805,1.3065227498300374,143.0549214806929,0.0005,0.025849675838221436,0.0005,0.042529472704154386,2808.046705812492,41882366.63275299,0.0,10.366095021903558
10,16,pvi,0.03,1.0,True,0,3.607854747240448,1.3144913329742849,143.0663057904166,0.0005,0.008615010563349962,0.0005,0.014173943955546551,2808.6768578939436,375591600.25297844,0.0,10.366008712797516
10,16,pvi,0.01,1.0,True,0,52.07296934407848,1.3820125833153725,143.06549452470296,0.0,0.006143303923002767,0.0,0.010107340538497015,2808.6929812675276,793166265.1147189,0.0,10.373186195922514
10,16,pvi,0.003,1.0,True,0,614.6646531182957,1.4194335411302745,143.05206167551435,0.0,0.007718319452483024,0.0,0.012698652723178548,2808.368708139889,465911230.19498134,0.0,10.373491181781866
10,16,pvi,1.0,16.0,True,0,0.924515735209166,1.5986177497543395,143.06344554262083,0.005,0.23668994794376114,0.007,0.38941682454437837,2803.8572103130064,505533.9108054812,0.0,10.293222987015378
10,16,pvi,0.3,16.0,True,0,-0.2230777401881041,1.6008737501688302,143.06157963784176,0.0005,0.07622964404474496,0.0015,0.12541768747655496,2807.149926143144,4938976.718768009,0.0,10.347747969817213
10,16,pvi,0.1,16.0,True,0,-0.825938872732408,1.6249459581449628,143.21840097177673,0.062,3.2650110765250018,0.117,5.371796548895649,2746.10511814335,15376.062681322566,0.0,9.415099727452283
10,16,pvi,0.03,16.0,True,0,-0.556270866106678,1.6844085417687893,140.20341727758986,0.3055,17.233072503821578,0.4575,28.352908223951125,2450.7881675246836,432.74655070773673,0.0,7.344185113472895
10,16,pvi,0.01,16.0,True,0,4.724877461828159,1.7679151673801243,116.29456766555067,0.5325,32.373491991134834,0.739,53.262855309749014,1806.5940665385608,64.85378583365902,0.0,5.8722180732700835
10,16,pvi,0.003,16.0,True,0,58.61410417323134,1.7037457502447069,117.65796645993878,0.535,32.402452285104715,0.74,53.31050256225634,1824.6392931413377,62.76026089080787,0.0,5.871375473268465
10,17,POPS ellipse,,,True,0,-0.22555182935345908,0.007953917142003775,237.12165422010804,0.856,4071.532992671896,0.8885,5255.157664120613,4294.376724040688,inf,0.1025,6.630040505782116
10,17,Ellipse+EB,,,True,0,-0.22555182935345908,0.008332917001098394,237.12165422010807,0.896,4296.475651814255,1.0,6025.2402125732815,4383.045016556123,6.391080875345599,0.0,6.31034039993394
10,17,Ellipse+PAC,,,True,0,,0.0871897921897471,183.31718741184565,1.0,10215.500691165309,1.0,16094.352932828648,10215.500691165309,6.083072027976449,0.0,6.035540562957192
10,17,Bayesian stacking,,,True,0,,0.005822333972901106,109.31886042856034,0.715,286.62923049997227,0.834,531.6583915720103,856.062481777525,7.3793660083883585,0.0,6.019579624813584
10,17,pacm,1.0,1.0,True,0,1.9691279697019444,0.037462125066667795,141.6037140128786,0.899,1442.6678154911945,1.0,2373.5656053903745,1538.2997016981226,6.060664605714238,0.0,6.034531864049576
10,17,pacm,0.3,1.0,True,0,1.3327920831867561,0.08638604218140244,406.7730589525411,0.8025,1222.845955741807,0.838,2011.9011944903195,1798.7787560822203,7.961483145586492,0.0,6.411457296419988
10,17,pacm,0.1,1.0,True,0,1.293956985443112,0.1460503749549389,1361.6740477176581,0.1445,904.756316410858,0.534,1488.5606033716992,12165.520779191775,16.15741309654229,0.0,8.4405178379461
10,17,pacm,0.03,1.0,True,0,4.388219945874004,0.1689054169692099,2437.397096962153,0.042,373.87015652475486,0.0715,615.1141204373049,46144.462857638464,98.57036941329608,0.0,9.77746051175385
10,17,pacm,0.01,1.0,True,0,33.73710232626792,0.1402453752234578,2634.0339385425596,0.014,129.88748861265455,0.025,213.69886555385804,55436.50422480701,842.3001773456195,0.0,10.140400827741278
10,17,pacm,0.003,1.0,True,0,372.586613809216,0.3016492500901222,2658.574231102688,0.0035,39.15960777328986,0.006,64.42778935884961,57860.66438739745,9314.887976584132,0.0,10.300058987354422
10,17,pacm,1.0,4.0,True,0,1.9345602481711297,0.09208066621795297,121.80787766522292,0.9195,1491.8265365918096,1.0,2454.4445494941297,1548.6423347743373,6.110293484276971,0.0,6.086058519092059
10,17,pacm,0.3,4.0,True,0,1.2483669350549502,0.1728932918049395,309.7174109669941,0.8155,1306.501806293125,0.8505,2149.5369325487577,1848.6485031552631,7.2851516203987705,0.0,6.3447658227077754
10,17,pacm,0.1,4.0,True,0,0.8869399618353513,0.4181973747909069,741.1230832430957,0.631,1159.133188441729,0.834,1907.0770406110594,1877.6628125708176,8.242601421694904,0.0,6.900206210950056
10,17,pacm,0.03,4.0,True,0,1.2885281075868869,0.7994568338617682,1658.864537990865,0.1995,949.1170643970298,0.287,1561.5456277264002,17801.11146067416,14.266717485791196,0.0,8.455879912987148
10,17,pacm,0.01,4.0,True,0,6.651253962012424,0.9252621247433126,2408.949030488361,0.1835,268.9017570548682,0.245,442.4136692597961,47865.35315724573,105.44308017294101,0.0,8.653675505668623
10,17,pacm,0.003,4.0,True,0,69.74659463857397,0.9049061657860875,2499.7401815580556,0.156,150.4795324988339,0.229,247.57815958682517,52238.25729904765,294.46660002372425,0.0,8.784586863191453
10,17,pacm,1.0,16.0,True,0,1.910727699265688,0.11581266717985272,99.86162090083626,0.9755,1546.2769966061817,1.0,2544.029787135127,1547.9630403172418,6.073349529995865,0.0,6.051029821817616
10,17,pacm,0.3,16.0,True,0,1.2108291705860013,0.23532574996352196,261.45378242358106,0.8355,1319.7124338414983,0.886,2171.2718675336114,1724.889546313916,6.565770065325241,0.0,6.245362687302473
10,17,pacm,0.1,16.0,True,0,0.7900149250975708,0.4995894590392709,418.8366862065079,0.8115,1228.814696194468,0.8445,2021.721332497013,1769.9543508372626,7.474785487477875,0.0,6.387830704967507
10,17,pacm,0.03,16.0,True,0,0.6101519110270286,1.5338941249065101,728.5827689858356,0.606,1194.76407158012,0.875,1965.6991556945466,1930.2599310900434,7.337041949942001,0.0,6.92443109778165
10,17,pacm,0.01,16.0,False,0,1.5522369164744547,2.4568230411969125,2364.283969336031,0.253,515.8419699108182,0.3045,848.6948585459784,41594.926536298575,36.22688727660559,0.0,8.338905751974995
10,17,pacm,0.003,16.0,True,0,8.844794917719748,3.3185093328356743,2683.10412790672,0.1915,181.89139956175285,0.246,299.2588905638685,55399.401064953294,241.921232197867,0.0,8.661030129727612
10,17,pacm,1.0,64.0,True,0,1.9160733500406768,0.267237416934222,99.878074572393,0.9555,1541.9779577432744,1.0,2536.9567446289707,1554.6313895894682,6.098511219557044,0.0,6.075641683577516
10,17,pacm,0.3,64.0,True,0,1.211276068543723,0.5786048332229257,241.9879254667475,0.8285,1357.0790067743994,0.8765,2232.7496459608287,1787.737080932675,6.6791877704486,0.0,6.292717367886528
10,17,pacm,0.1,64.0,True,0,0.7587973827794685,0.8653857917524874,404.42225887533033,0.8065,1262.055630986578,0.843,2076.4113579251557,1823.7807899170084,7.397424865282914,0.0,6.391139589942142
10,17,pacm,0.03,64.0,True,0,0.5425419242375784,2.5642669163644314,601.4706632117912,0.606,1311.2523689100608,0.7965,2157.352849638426,2074.869775015371,8.106722720816071,0.0,7.052642308615632
10,17,pacm,0.01,64.0,False,0,0.7648558921567212,8.734300500247627,798.3324201232227,0.4575,884.2500844800629,0.865,1454.8224924327508,1842.5884739776197,7.85916464315694,0.0,6.974409526333425
10,17,pacm,0.003,64.0,True,0,3.4186946908562157,5.34490029187873,2551.4834412369337,0.2385,159.7956575016551,0.2785,262.9056200352894,53122.06982457484,248.08665620595053,0.0,8.506413542639692
10,17,pac2t,1.0,16.0,True,0,1.9530736855342563,0.2482425421476364,130.73897360698018,0.904,1447.5290302934266,1.0,2381.563574244393,1527.0521143353296,6.072770174968811,0.0,6.047852283987322
10,17,pac2t,0.3,16.0,True,0,1.2977314691265716,0.4532662080600858,372.8204057441837,0.803,1252.5616635819845,0.841,2060.7913002457185,1819.1394874955956,7.721191638667195,0.0,6.389833653656549
10,17,pac2t,0.1,16.0,True,0,1.2081517383588651,0.9405169589444995,1310.7003867584224,0.173,914.4985305854052,0.5925,1504.5890918683242,10887.86610710234,15.109686297075811,0.0,8.289126292867657
10,17,pac2t,0.03,16.0,True,0,4.165491733438671,1.4984222082421184,2470.3660428252338,0.046,405.09443991593787,0.0825,666.4862272483522,46193.840573931855,86.02278146250953,0.0,9.699163573145848
10,17,pac2t,0.01,16.0,True,0,33.33904435248363,1.5870499168522656,2644.1206842939473,0.0145,136.59537490543852,0.027,224.73509164725058,55511.9397440243,776.3516966600665,0.0,10.125376344780936
10,17,pac2t,0.003,16.0,False,0,372.08229500305407,5.690413374919444,2659.809629918861,0.0045,37.51687958768645,0.006,61.7250721577828,57921.57419448817,10002.53121445895,0.0,10.297542183313876
10,17,pac2t_ensemble,1.0,16.0,True,0,0.9445527452745819,0.02237349981442094,141.60095145426308,0.0,0.004080414697945808,0.0,0.0045503692789719,4122.614734286689,,,
10,17,pac2t_ensemble,0.3,16.0,True,0,-0.15289309827923292,0.040269249584525824,406.7771834045298,0.0,0.013423018071326133,0.0,0.013526825323453114,10606.015559435427,,,
10,17,pac2t_ensemble,0.1,16.0,True,0,-0.54694972924595,0.07554275030270219,1959.8068082438353,0.026,29.330893470656406,0.03,36.65666904224626,43190.15041943417,,,
10,17,pac2t_ensemble,0.03,16.0,True,0,1.7370034220085464,0.0779786673374474,2622.2444605302585,0.0265,15.654092641701281,0.032,18.560072296913273,57509.69586610547,,,
10,17,pac2t_ensemble,0.01,16.0,True,0,30.30092198106153,0.01128925010561943,2622.2487777793826,0.0115,15.794878870952521,0.0135,18.67745726594147,57504.2220120271,,,
10,17,pac2t_ensemble,0.003,16.0,True,0,368.42512860701845,0.05007512494921684,2622.4472137497273,0.0015,12.500353845800586,0.002,14.830787752837084,57602.85336919328,,,
10,17,pvi,1.0,1.0,True,0,0.9275887298336198,1.4258904168382287,512.8453611580791,0.0015,0.2648722892340945,0.0045,0.4357841415717829,13008.15863297663,14347057.396826355,0.0,10.323654128265263
10,17,pvi,0.3,1.0,True,0,-0.2026407854809893,1.4366839998401701,778.1970273900589,0.001,0.08366310121108626,0.0015,0.13764766728875913,18707.5974326184,304259643.8903053,0.0,10.352348995619469
10,17,pvi,0.1,1.0,True,0,-0.746200925455049,1.3751673754304647,1037.6673453368428,0.0,0.029234413229200642,0.0,0.04809825033143086,24244.04962855129,4318009372.496661,0.0,10.373491181781631
10,17,pvi,0.03,1.0,True,0,3.9036529934522766,1.3549021668732166,1188.392210780606,0.0,0.011439606215049938,0.0,0.01882114202569265,27453.419249954626,32631317016.78988,0.0,10.373491181781866
10,17,pvi,0.01,1.0,True,0,68.29082108373228,1.4103203327395022,830.9955201969275,0.0,0.022035904783781583,0.0,0.03625482257024754,19837.300515936702,4563832917.842812,0.0,10.373491181781866
10,17,pvi,0.003,1.0,True,0,795.9082873012721,1.4069313327781856,829.2528174596388,0.0,0.024209125404378487,0.0,0.03983033847390225,19801.060130682283,3720029014.0507483,0.0,10.373491181781866
10,17,pvi,1.0,16.0,True,0,0.9258358589932318,1.559981582686305,902.436245339289,0.001,0.2525130281213746,0.0015,0.41544992688272386,21357.55799430773,43975794.093786865,0.0,10.355583667118447
10,17,pvi,0.3,16.0,True,0,-0.21732654170329546,1.5472419587895274,1115.610476447079,0.0005,0.09814976866145692,0.0005,0.16148202141221732,25902.540267251952,412629567.7299573,0.0,10.35825046060748
10,17,pvi,0.1,16.0,True,0,-0.6857925692031834,1.5588872092776,241.49419436718324,0.1105,17.81213075356332,0.199,29.305610384729974,6710.8101889572,908.2720733622031,0.0,8.976745314326722
10,17,pvi,0.03,16.0,True,0,0.5275487550012872,1.566817166749388,94.6656439116777,0.529,44.015556056049185,0.6095,72.41709341190268,2051.072008702607,39.18808383213599,0.0,6.598882247628011
10,17,pvi,0.01,16.0,True,0,8.056937220809493,1.6106581669300795,79.84964655088349,0.6125,51.043173972153376,0.6415,83.97936158921758,1611.0135637226265,21.445064994845296,0.0,6.270587383991013
10,17,pvi,0.003,16.0,True,0,105.14027766896089,1.5880450000986457,76.30738811696915,0.621,53.015460810293426,0.652,87.22428890561406,1504.30940000061,18.968584479349158,0.0,6.2449992904769225
10,18,POPS ellipse,,,True,0,0.46365239521934765,0.004156582988798618,37.19273852921155,1.0,177.53208299923992,1.0,229.14196895369108,177.53208299923992,4.848129960985841,0.0,4.853231745622461
10,18,Ellipse+EB,,,True,0,0.46365239521934765,0.005404124967753887,37.19273852921157,1.0,226.74641265279828,1.0,347.0965894436324,226.74641265279828,5.01139585294421,0.0,5.0158937113691895
10,18,Ellipse+PAC,,,True,0,,0.09258783282712102,137.29544915269886,1.0,4741.198999148747,1.0,7344.429129330438,4741.198999148747,4.997906641154801,0.0,4.998054158413486
10,18,Bayesian stacking,,,True,0,,0.006184083875268698,49.95937387009149,0.667,92.03756930793917,1.0,169.6692742116743,503.17590020834234,5.731803141271288,0.0,5.668268290210309
10,18,pacm,1.0,1.0,True,0,2.346165892044315,0.00942933326587081,53.80293366219073,1.0,248.91987428655554,1.0,409.5382497345734,248.91987428655554,5.2288164853210635,0.0,5.231987091468571
10,18,pacm,0.3,1.0,True,0,2.4472085646140584,0.008354082703590393,58.587434903866054,0.5225,78.2719038043753,0.7855,128.77773853659744,684.3784497563995,6.84375456678942,0.0,6.239240300415998
10,18,pacm,0.1,1.0,True,0,8.159353605288505,0.012723332736641169,59.125470038975024,0.2595,26.214200807515713,0.3505,43.129211549181925,1365.4225046144793,30.238596892079105,0.0,8.010396333533947
10,18,pacm,0.03,1.0,True,0,78.79135531194848,0.0249784579500556,59.188174774759524,0.1475,7.868404307393598,0.187,12.945581534981509,1666.1563895186293,307.6232590142442,0.0,8.870982420013524
10,18,pacm,0.01,1.0,True,0,704.4757959651511,0.051526458002626896,59.19369532076328,0.0575,2.6229026730332192,0.103,4.315360406704882,1759.6421848153084,2755.632914093116,0.0,9.467593256920965
10,18,pacm,0.003,1.0,True,0,7827.282779937622,0.10152854071930051,59.194287685045666,0.016,0.7868307126393752,0.0305,1.2945421646837987,1795.9129377422523,30611.594903201483,0.0,10.061565116834505
10,18,pacm,1.0,4.0,True,0,2.262714196146222,0.023195290938019753,47.22982494893174,1.0,324.84016858495073,1.0,534.4469760281806,324.84016858495073,5.3493691303454,0.0,5.351949168361415
10,18,pacm,0.3,4.0,True,0,1.9588201011388406,0.032439291942864656,52.834214591553426,0.8965,148.0179214634104,1.0,243.52816607841564,214.84452577359713,5.077381093221043,0.0,5.076989724739036
10,18,pacm,0.1,4.0,True,0,3.1747253057652873,0.05325591703876853,50.57462603731015,0.7585,87.31157128823607,0.7915,143.6503541127288,680.7603393138858,8.703906250265861,0.0,5.683923260355515
10,18,pacm,0.03,4.0,True,0,21.562454379497698,0.10500812530517578,50.7613107910604,0.676,78.33604310062312,0.7695,128.88326444207135,759.5482964468665,13.555759339667278,0.0,5.861874386412039
10,18,pacm,0.01,4.0,True,0,197.06829042473817,0.09172966703772545,54.14837581427473,0.7105,76.79640706874872,0.735,126.35016077757147,861.4966796906517,19.13443205624429,0.0,6.094734097369524
10,18,pacm,0.003,4.0,True,0,2185.309196478559,0.12368075037375093,54.930692134243834,0.7005,83.59344274971367,0.762,137.53306091418855,776.8996728151559,9.795500579889351,0.0,5.949101009271659
10,18,pacm,1.0,16.0,True,0,2.2447097043246167,0.039376708678901196,47.447013349350485,1.0,339.04137357963714,1.0,557.8116698049035,339.04137357963714,5.387844009802795,0.0,5.390280163740361
10,18,pacm,0.3,16.0,True,0,1.8398476289791859,0.054238957818597555,48.64738952424557,1.0,170.76696583741867,1.0,280.9562896574122,170.76696583741867,5.01714935058976,0.0,5.020352697850678
10,18,pacm,0.1,16.0,True,0,1.6758069583714743,0.09877699986100197,48.34105847805563,0.853,133.87146473175625,1.0,220.25354750313045,301.4431415295282,5.09006504428368,0.0,5.07637466656733
10,18,pacm,0.03,16.0,True,0,2.699117458171364,0.14278370793908834,52.02674007334635,0.743,88.17967421503116,0.7815,145.0786103106242,729.5980587629607,9.644690161660026,0.0,5.717118682658715
10,18,pacm,0.01,16.0,True,0,17.333273936021126,0.1582857919856906,56.87936243988569,0.7765,119.27084720690998,0.8455,196.23171572570521,610.2247059379832,6.1440300532984935,0.0,5.5818487038369575
10,18,pacm,0.003,16.0,True,0,202.51148189744788,0.1752136661671102,58.54756070452515,0.704,101.01512046246293,0.727,166.19627399980004,1037.969750895529,32.483155519735185,0.0,6.154167852170048
10,18,pacm,1.0,64.0,True,0,2.238189904005452,0.07546379091218114,47.99837601601942,1.0,347.9463189743832,1.0,572.4626323341066,347.9463189743832,5.408405114719296,0.0,5.410682307364039
10,18,pacm,0.3,64.0,True,0,1.8237540325277468,0.10112616699188948,46.2602116831314,1.0,189.45813973881664,1.0,311.7081557629324,189.45813973881664,4.959739252825449,0.0,4.964058429414204
10,18,pacm,0.1,64.0,True,0,1.6446191599022244,0.18947420828044415,51.34450534320194,0.839,146.18153655053274,1.0,240.50683294776687,358.0901789792038,5.24284809660021,0.0,5.2155170242415565
10,18,pacm,0.03,64.0,True,0,1.7856321642769286,0.30131037486717105,54.40491698113613,0.727,120.20195954339503,0.768,197.763638870385,814.9460021272737,10.41030900516122,0.0,5.818081117140134
10,18,pacm,0.01,64.0,True,0,4.159057009165684,0.5917346249334514,64.57059150149409,0.685,178.7848083885515,0.729,294.14773615982466,1068.7961737536743,14.334179749245264,0.0,6.324359622661221
10,18,pacm,0.003,64.0,True,0,39.7697375955335,0.4678338747471571,68.54195349417759,0.726,182.15456666043838,0.7855,299.69186922132724,970.6626687283263,8.564873188914364,0.0,6.165298210118235
10,18,pac2t,1.0,16.0,True,0,2.284450637432049,0.06025020871311426,49.54553494609422,1.0,281.23016283101765,1.0,462.69711885598826,281.23016283101765,5.280717250842554,0.0,5.283834001182531
10,18,pac2t,0.3,16.0,True,0,2.3198939228720867,0.05948895821347833,57.994933801794524,0.61,90.68927079642259,0.847,149.20755258342857,549.3152996906455,6.134879933442802,0.0,5.921945407901712
10,18,pac2t,0.1,16.0,True,0,7.92424397708986,0.08121445821598172,59.26647433532145,0.2765,30.151140381174454,0.388,49.606506087949356,1307.0131105497753,23.66216403108454,0.0,7.849897920452973
10,18,pac2t,0.03,16.0,True,0,78.43042120579878,0.26477304100990295,59.244395455191,0.1555,8.866170852984292,0.1955,14.58716827407217,1650.521739734977,247.18332788099787,0.0,8.81641715915397
10,18,pac2t,0.01,16.0,True,0,704.0037501383886,0.9768043328076601,59.188307714345775,0.067,2.884916669291075,0.1145,4.746441909300672,1754.5888695518836,2327.6135276432988,0.0,9.409475305990567
10,18,pac2t,0.003,16.0,False,0,7826.754076731867,5.345580916851759,59.18524066942047,0.0185,0.8031964089001106,0.0325,1.3214680122944784,1795.353497564371,32795.25502238156,0.0,10.042186417328114
10,18,pac2t_ensemble,1.0,16.0,True,0,0.994611290308673,0.00823679193854332,53.802968465377944,0.0,9.066857600633163e-05,0.0,0.00010096430578501386,1679.592704624616,,,
10,18,pac2t_ensemble,0.3,16.0,True,0,0.47197660544475895,0.04372770804911852,59.15465683476572,0.1285,12.799905770419318,0.158,16.879111581692282,1556.998960791695,,,
10,18,pac2t_ensemble,0.1,16.0,True,0,5.412736852279682,0.04265495762228966,59.40298024037596,0.124,9.002524552648635,0.156,12.606851612973777,1646.1786897796621,,,
10,18,pac2t_ensemble,0.03,16.0,True,0,75.28010155083662,0.058413832914084196,59.42600979584617,0.069,3.307684161918857,0.093,3.858370994877663,1737.916651610004,,,
10,18,pac2t_ensemble,0.01,16.0,True,0,700.2190275489836,0.061366625130176544,59.27255997363394,0.0325,1.1051468945127572,0.035,1.3044631697680538,1786.9729208008725,,,
10,18,pac2t_ensemble,0.003,16.0,True,0,7822.306686456717,0.028401999734342098,59.19540479448822,0.0035,0.13671738772340564,0.0045,0.1727263649264132,1808.6183992901729,,,
10,18,pvi,1.0,1.0,True,0,0.9893921841753839,1.4113567499443889,59.174991084497954,0.012,0.3472823279510252,0.017,0.5713701935631023,1804.3690401596027,350061.11345380306,0.0,10.177956523299988
10,18,pvi,0.3,1.0,True,0,0.49776283705060376,1.4074508342891932,59.20336515631639,0.0025,0.1075431053889103,0.004,0.1769365153273916,1810.2365409852557,3626677.6560364827,0.0,10.318669093522214
10,18,pvi,0.1,1.0,True,0,5.661492224984713,1.4169924170710146,59.2020364234076,0.0005,0.03736678070582297,0.0015,0.06147812026797702,1811.6830335175853,30046589.165139083,0.0,10.353186526493761
10,18,pvi,0.03,1.0,True,0,75.691628666073,1.4458474172279239,59.195189854514844,0.0,0.012875116492308195,0.0,0.021182931610027635,1811.979047113183,243314117.49230793,0.0,10.3734910250373
10,18,pvi,0.01,1.0,True,0,700.826947001991,1.4445647499524057,59.195532089507395,0.0,0.009961216295133593,0.0,0.016388804222359478,1812.0584697284664,461729309.4412326,0.0,10.37349118178165
10,18,pvi,0.003,1.0,True,0,7823.0380290382855,1.52720879111439,59.211001826735156,0.0,0.00798987755211498,0.0,0.013145436770227089,1812.7120257794775,683309497.679822,0.0,10.36983693575148
10,18,pvi,1.0,16.0,True,0,0.9893912032615928,1.66572825005278,59.212607192832216,0.008,0.3525246752110132,0.019,0.579995224921124,1805.6076121414249,339450.9502572066,0.0,10.17924927029571
10,18,pvi,0.3,16.0,True,0,0.4697862737283325,1.6822354588657618,51.54702968213094,0.3835,50.33461575795774,0.56,82.81359814140754,896.0882274457192,13.435467436523725,0.0,7.109078308881517
10,18,pvi,0.1,16.0,True,0,0.6214609392476289,1.7629562499932945,39.99360137452884,0.8165,109.1847948848901,0.9525,179.63752361256059,200.4954060847123,16.27139597425344,0.0,5.232413136490178
10,18,pvi,0.03,16.0,True,0,3.526494593281039,1.701412457972765,42.589052761194495,0.872,126.10257809207917,0.957,207.47169854101642,282.9710487801808,5.250603632282609,0.0,5.220357248644333
10,18,pvi,0.01,16.0,True,0,32.379091311865196,1.7143031251616776,43.84824689155974,0.8725,132.05228009849696,0.961,217.26051332784067,291.7986129166776,5.2832983162005,0.0,5.255053231948779
10,18,pvi,0.003,16.0,True,0,381.6395740868809,1.6908938339911401,40.464167492045796,0.8875,137.76899477510372,1.0,226.66600306464773,242.64507355299676,5.162426371840775,0.0,5.1556233495269455
10,19,POPS ellipse,,,True,0,1.6950552117878508,0.004548999946564436,50.5305502314249,0.936,729.0953473485317,0.949,941.0487424243938,747.6004271679014,inf,0.046,5.77066927151154
10,19,Ellipse+EB,,,True,0,1.6950552117878508,0.005251083988696337,50.5305502314249,1.0,768.5279053508125,1.0,1019.4199345829775,768.5279053508125,5.598085095554035,0.0,5.590252276140187
10,19,Ellipse+PAC,,,True,0,,0.10522745782509446,50.57034272127792,1.0,544.677983612193,1.0,1559.228196569259,544.677983612193,5.188157896420294,0.0,5.188789373899346
10,19,Bayesian stacking,,,True,0,,0.007250875234603882,45.22915621203014,0.6395,82.34608066645292,0.954,154.94589048928012,402.18958256407865,5.545599916106627,0.0,5.484892743275078
10,19,pacm,1.0,1.0,True,0,2.3826994360114484,0.013424457982182503,62.09502713743572,1.0,178.19996607672505,1.0,293.18551770522106,178.19996607672505,4.9155129402346365,0.0,4.919273051785598
10,19,pacm,0.3,1.0,True,0,3.210348431131672,0.01127625023946166,66.95024431194656,0.48,56.59081186686048,0.699,93.1066758306825,767.5881464290918,7.250642410978005,0.0,6.238555649751128
10,19,pacm,0.1,1.0,True,0,15.328757784155503,0.017514540813863277,67.49473995222696,0.1935,18.973992750728645,0.331,31.217177028879735,1348.2294566560631,36.87796902430913,0.0,8.1317957078915
10,19,pacm,0.03,1.0,True,0,158.83447698726903,0.041140375193208456,67.5581983339083,0.062,5.696158403961786,0.097,9.371669295814797,1602.1624181441377,385.11387622912616,0.0,9.492208506111544
10,19,pacm,0.01,1.0,True,0,1425.1672032783376,0.09918433288112283,67.56383400154057,0.0195,1.898979647441508,0.035,3.1243178284731172,1679.462007751069,3455.428774730946,0.0,10.040020058101247
10,19,pacm,0.003,1.0,True,0,15835.34846255143,0.19348554080352187,67.56448534977682,0.0045,0.5691720547736207,0.0075,0.9364367862466392,1707.1167127227661,38446.29537579766,0.0,10.282290278694013
10,19,pacm,1.0,4.0,True,0,2.2489492076507545,0.033028583973646164,55.177166413456014,1.0,250.25565382357837,1.0,411.73595618606316,250.25565382357837,5.077010836808351,0.0,5.080706291183826
10,19,pacm,0.3,4.0,True,0,2.0287910877256503,0.06264650030061603,68.53811890481755,0.8855,133.72317132218643,1.0,220.00956608711672,291.9582440446245,4.989363537957223,0.0,4.971602244751686
10,19,pacm,0.1,4.0,True,0,4.523361697944846,0.060990792233496904,64.8997639167291,0.8845,124.37135685993103,1.0,204.62338715025305,250.4385722031324,4.920153748061649,0.0,4.911018030676259
10,19,pacm,0.03,4.0,True,0,32.466300277117135,0.10214020917192101,68.58438502749298,0.874,117.83660995627753,1.0,193.87202060288044,263.4760706652343,4.870674826482814,0.0,4.865166735880994
10,19,pacm,0.01,4.0,True,0,314.6947465923235,0.1494611669331789,64.54768086670818,0.8625,110.2870233989188,1.0,181.4509775914211,279.40047733266067,4.943671482855318,0.0,4.932724457645824
10,19,pacm,0.003,4.0,True,0,3498.3083072247296,0.14250941714271903,64.6134474773327,0.8625,110.08804991178293,1.0,181.1236142023034,280.9739805903863,4.946753833842069,0.0,4.935412275766206
10,19,pacm,1.0,16.0,True,0,2.2417661647196447,0.035252292174845934,57.64407366454089,1.0,269.41468795782697,1.0,443.257574652383,269.41468795782697,5.108658306363429,0.0,5.112108188772603
10,19,pacm,0.3,16.0,True,0,1.8398759365747153,0.0763709582388401,81.76738498730798,0.9245,185.59717225414857,1.0,305.3558551662642,230.39386500202605,4.912921880108424,0.0,4.912695909435297
10,19,pacm,0.1,16.0,True,0,1.9810274975769828,0.12377462489530444,84.81744490241422,0.793,111.57058834982328,0.888,183.5627774021864,651.3316140890046,5.942977072965345,0.0,5.29140037192985
10,19,pacm,0.03,16.0,True,0,3.2010829977919166,0.2201320417225361,73.16903581271357,0.6905,85.9936306716808,0.8475,141.4819973477049,701.1400192880737,6.029715127404905,0.0,5.441320267039876
10,19,pacm,0.01,16.0,True,0,25.16902275501927,0.24918024986982346,64.52392012617521,0.801,92.78833485255169,0.9185,152.6610615573173,685.8509196253193,12.450434747587813,0.0,5.246817754321303
10,19,pacm,0.003,16.0,True,0,318.2477109025253,0.2696693749167025,57.53082160312233,0.828,109.39770648384217,0.9535,179.98781883841386,330.2073413660435,5.202595764278774,0.0,5.087792336496232
10,19,pacm,1.0,64.0,True,0,2.222498225360732,0.08024149993434548,58.85746093439306,1.0,274.5121030387228,1.0,451.644154697002,274.5121030387228,5.0956352808100505,0.0,5.099047452594714
10,19,pacm,0.3,64.0,True,0,1.7995915520957193,0.13685570796951652,87.0735470506879,0.9155,168.10245305255282,1.0,276.57246974171863,245.2955551989175,4.919508711288134,0.0,4.9166945319886475
10,19,pacm,0.1,64.0,True,0,1.6028704259972533,0.26012412505224347,68.24174898823246,0.8935,157.65618451978978,1.0,259.3856278174769,277.91617123517364,4.9295732201440865,0.0,4.923511288659579
10,19,pacm,0.03,64.0,True,0,1.6583187558926809,0.556324917357415,90.76376070455333,0.818,128.30498895306818,1.0,211.09524001913485,510.6112180966193,5.119629596059516,0.0,5.080933517812593
10,19,pacm,0.01,64.0,True,0,3.954615763208525,0.7606164580211043,88.06634447370466,0.7895,109.82646508101426,0.853,180.69323878910194,1035.7470666093466,12.57181920999781,0.0,5.470601618309994
10,19,pacm,0.003,64.0,True,0,24.17672549418545,0.5863225827924907,101.2415505811453,0.766,100.97281802204377,0.855,166.1266754293427,1191.5339009916377,13.279777489667886,0.0,5.479117211528965
10,19,pac2t,1.0,16.0,True,0,2.313839894800798,0.07919616671279073,64.65775017777253,1.0,194.19718492997242,1.0,319.5051236770521,194.19718492997242,4.968258582090046,0.0,4.971832837771311
10,19,pac2t,0.3,16.0,True,0,3.0301278481438056,0.07644616719335318,66.6605411496121,0.5145,61.939138927323576,0.81,101.90607165887015,703.7060668919152,6.72540279539717,0.0,6.005455914731083
10,19,pac2t,0.1,16.0,True,0,15.027929836505823,0.1728287087753415,67.6578787811405,0.208,20.45519390563453,0.3555,33.6541400485005,1325.5474413594918,33.29368330107651,0.0,7.995833507132259
10,19,pac2t,0.03,16.0,True,0,158.4624877489155,0.5864210422150791,67.62317600081771,0.066,5.869120114021565,0.108,9.656236513326066,1599.864491591697,392.8228196903121,0.0,9.434225455280274
10,19,pac2t,0.01,16.0,True,0,1424.75050136713,3.61880199983716,67.57421909940942,0.02,1.9123110104679015,0.038,3.1462514048741737,1679.3434815127277,3637.470015914498,0.0,10.000053499270859
10,19,pac2t,0.003,16.0,False,0,15834.87932605872,5.694562957622111,67.57182712954142,0.0055,0.5663707337594434,0.009,0.9318278810381692,1707.293147768724,44256.29259023085,0.0,10.270190960231384
10,19,pac2t_ensemble,1.0,16.0,True,0,1.0669412864053123,0.009160582907497883,62.09506955697702,0.0,0.00010740067098832276,0.0,0.00011959336897408271,1639.5697554883095,,,
10,19,pac2t_ensemble,0.3,16.0,True,0,1.2156447671752564,0.054151332937180996,69.21752329146733,0.184,24.851553239660177,0.234,29.431651489370946,1139.772449623464,,,
10,19,pac2t_ensemble,0.1,16.0,True,0,12.469009649805496,0.025355707854032516,66.966484748526,0.066,8.4241438803555,0.085,10.94346249576719,1557.5438733716323,,,
10,19,pac2t_ensemble,0.03,16.0,True,0,155.27251983168492,0.03395166667178273,67.55196389894,0.0095,0.9575715393250729,0.0125,1.2004019575995315,1699.6848526998017,,,
10,19,pac2t_ensemble,0.01,16.0,True,0,1421.1675480767076,0.010389541741460562,67.48715667529315,0.012,1.5976846807559182,0.012,1.7119873248587054,1685.4039206830032,,,
10,19,pac2t_ensemble,0.003,16.0,True,0,15830.485678055795,0.034062166698277,67.5510081063563,0.0005,0.10033240422413832,0.0015,0.1451494183426047,1717.359086992549,,,
10,19,pvi,1.0,1.0,True,0,1.0614653056406476,1.4473075000569224,67.54834857521064,0.0015,0.2100865996195489,0.0015,0.34564736362445614,1714.1563350626657,343615.79439787706,0.0,10.342971816393401
10,19,pvi,0.3,1.0,True,0,1.2985732328773936,1.5298607503063977,67.57429622017828,0.0,0.06297676086397855,0.0005,0.10361323093268122,1717.9863680007313,3844339.2522646114,0.0,10.366491877373694
10,19,pvi,0.1,1.0,True,0,12.868785850005391,1.4699907498434186,67.57466993457773,0.0,0.02273441076140797,0.0,0.03740404746169684,1718.8386745724138,29838998.162371285,0.0,10.373491178161125
10,19,pvi,0.03,1.0,True,0,155.77266784832983,1.465160083025694,67.55813171557035,0.0,0.007890121649350051,0.0,0.012981312238442741,1718.7239815195505,242536016.53841442,0.0,10.373491181781866
10,19,pvi,0.01,1.0,True,0,1421.556480394986,1.5615973342210054,67.55955640791188,0.0,0.008291958419170737,0.0,0.013642438746975323,1718.760786916256,227133855.8882218,0.0,10.373491181781866
10,19,pvi,0.003,1.0,True,0,15831.146704266528,1.4879737081937492,67.5543709157051,0.0005,0.010860704556540219,0.0005,0.017868697498414434,1718.6422400434324,129492199.66574408,0.0,10.366533292604235
10,19,pvi,1.0,16.0,True,0,1.0614642452687284,1.6561179999262094,67.55560952766145,0.0015,0.2618691666410443,0.0035,0.43084322002414793,1713.4246991516275,218884.41696596128,0.0,10.33326128710189
10,19,pvi,0.3,16.0,True,0,0.5260496497549325,1.6739985002204776,100.09457040183246,0.221,38.516725395686784,0.305,63.370079826964194,1651.2787715790648,5731.401497956925,0.0,8.372967843681753
10,19,pvi,0.1,16.0,True,0,1.0203945571317887,1.6561797908507288,53.99520378442393,0.7685,93.3093293141057,0.9025,153.5182336112489,377.86804993699,14.330182559147524,0.0,5.504112782053346
10,19,pvi,0.03,16.0,True,0,6.133377758346509,1.6617639577016234,52.870364137967044,0.789,107.58280084512492,0.9585,177.0018247274833,451.6875013474424,5.908913460999234,0.0,5.328323772344467
10,19,pvi,0.01,16.0,True,0,56.73491082273555,1.6947697079740465,51.43350614945453,0.8035,111.93153236966508,0.963,184.1566246494674,412.80906861887826,5.70267651052214,0.0,5.288119776637916
10,19,pvi,0.003,16.0,True,0,596.8234735619111,1.665269167162478,50.4986759769913,0.8135,109.0726497715291,0.9715,179.45301559135987,363.4216010747216,5.430680900293755,0.0,5.189799165928602
50,0,POPS ellipse,,,True,0,0.3837859900441525,0.004313459154218435,39.339616074745365,0.9985,109.89105177293952,1.0,141.83719104873663,109.92592077334275,4.52610451460032,0.0,4.5319159127991835
50,0,Ellipse+EB,,,True,0,0.3837859900441525,0.004813750274479389,39.33961607474536,1.0,127.82047463927962,1.0,184.57794426306646,127.82047463927962,4.573731273251394,0.0,4.579549884748936
50,0,Ellipse+PAC,,,True,0,,0.13132512522861362,39.30547898402532,1.0,159.17174545919954,1.0,238.55239581976838,159.17174545919954,4.637368004292117,0.0,4.642744731760069
50,0,Bayesian stacking,,,True,0,,0.02634129161015153,37.149986802965564,0.501,55.02764476649338,0.6865,80.72540048549574,463.1003655678786,7.544220771143212,0.0,6.463581029746266
50,0,pacm,1.0,1.0,True,0,1.4408093504552277,0.005271249916404486,40.447258478109475,0.654,68.48035354981673,0.9735,112.66807929410678,286.43952255806585,5.383970603681055,0.0,5.359772324525585
50,0,pacm,0.3,1.0,True,0,1.8451935738374687,0.009709209203720093,40.4701434704048,0.207,20.570549724803058,0.316,33.84393051988966,890.1337196915617,21.21585213295069,0.0,8.244822045161571
50,0,pacm,0.1,1.0,True,0,13.938355579193825,0.022124959155917168,40.47217648238615,0.0795,6.857542398512808,0.1275,11.28244950073579,1139.0204921032698,169.87782547828775,0.0,9.360058849024618
50,0,pacm,0.03,1.0,True,0,161.6616494436347,0.06364999990910292,40.47240587970941,0.016,2.0572447074753972,0.036,3.3847052156441424,1234.901073877003,1872.3357522575752,0.0,10.024201830442879
50,0,pacm,0.01,1.0,True,0,1468.865166280942,0.1283413339406252,40.47242581389183,0.006,0.685606076866666,0.0085,1.1280011832407033,1263.3688888588654,16852.896695582323,0.0,10.280730425387496
50,0,pacm,0.003,1.0,True,0,16348.468677907382,0.16686504194512963,40.47242910780988,0.002,0.20830108016397683,0.003,0.34270971746503054,1273.3427026021452,182185.89724516976,0.0,10.336452808854865
50,0,pacm,1.0,4.0,True,0,1.4140748507178764,0.031562333926558495,43.26007638630764,0.878,94.05284465128635,1.0,154.74151066259785,134.78471254853866,4.8899056280593465,0.0,4.891544407251206
50,0,pacm,0.3,4.0,True,0,1.073769607888773,0.06395491678267717,45.00837196999331,0.885,104.09025376829509,1.0,171.25567199034052,127.1219501870072,4.7302424900360185,0.0,4.733620775845557
50,0,pacm,0.1,4.0,True,0,3.850163083202729,0.12142362492159009,42.60951484402221,0.9485,102.05430031679631,0.998,167.90599645536093,190.63085981361016,4.714557035472602,0.0,4.707637224063599
50,0,pacm,0.03,4.0,True,0,38.78108452806225,0.13011625036597252,42.39618801207219,0.939,107.00227074476044,1.0,176.0467009877523,128.3351358166142,4.649112279028686,0.0,4.653015394769312
50,0,pacm,0.01,4.0,True,0,358.26635995695125,0.30648208409547806,42.30202487154058,0.95,110.06931455956178,0.991,181.0927896513156,193.75930571777525,4.721206328505704,0.0,4.712980836005153
50,0,pacm,0.003,4.0,True,0,4163.972860209869,0.12167833279818296,41.65561636118843,0.9485,101.73667949396366,0.998,167.38342718990967,186.34620726493898,4.751582977912449,0.0,4.745240206901853
50,0,pacm,1.0,16.0,True,0,1.4073542209863237,0.050032458268105984,45.6323352929019,0.9135,99.06887776634453,1.0,162.99419610380423,122.34216657437175,4.798538189560592,0.0,4.80157734684583
50,0,pacm,0.3,16.0,True,0,0.8865884035757783,0.12053283397108316,63.142894355026215,0.866,123.17984445124736,0.983,202.66303782986262,153.21650078126848,4.84706307530716,0.0,4.847178239804461
50,0,pacm,0.1,16.0,True,0,0.9599379387539462,0.20045383321121335,46.13445150211417,0.924,124.3656601935768,0.9985,204.6140146452463,178.6038273529493,4.764401917452132,0.0,4.762156441374557
50,0,pacm,0.03,16.0,True,0,4.7245087317299514,0.3391643753275275,37.216479768365055,1.0,154.6785968238223,1.0,254.4867178492279,154.6785968238223,4.649602629250845,0.0,4.655078021461629
50,0,pacm,0.01,16.0,True,0,37.352391951648585,0.3869475000537932,37.926493132105605,0.9805,151.6176001070799,1.0,249.45057824241277,177.04705904177385,4.744874998977003,0.0,4.7478285550104955
50,0,pacm,0.003,16.0,True,0,419.68546805037533,0.24477295903488994,38.50540340321715,0.9995,153.5514756904165,1.0,252.6323090056718,153.5943951013955,4.699478641177235,0.0,4.704836767402887
50,0,pacm,1.0,64.0,True,0,1.407075929521144,0.12725758273154497,45.57447996135546,0.906,98.46155044199294,1.0,161.99498392701918,127.766024024091,4.808902526402417,0.0,4.811680185967167
50,0,pacm,0.3,64.0,True,0,0.8560023251155902,0.2910388340242207,61.49748406731651,0.894,119.94324212134389,1.0,197.33798109393643,144.78511556460563,4.764381063110086,0.0,4.766773576955541
50,0,pacm,0.1,64.0,True,0,0.7706108226654487,0.4934565001167357,52.257098653868546,0.9155,113.58614832332957,1.0,186.8789003359244,214.57315271260322,4.774407737266182,0.0,4.769199144123482
50,0,pacm,0.03,64.0,True,0,1.2662314904449885,0.8142138342373073,37.376833370163375,1.0,175.7564594471715,1.0,289.1653106761504,175.7564594471715,4.71399984771308,0.0,4.7190237502763415
50,0,pacm,0.01,64.0,True,0,5.865803263092211,1.2885449170134962,37.892424429881025,1.0,214.36584853500844,1.0,352.6878464948499,214.36584853500844,4.8275535686614734,0.0,4.832192462563412
50,0,pacm,0.003,64.0,True,0,52.23540264498728,0.9207743341103196,37.55584684985042,1.0,219.9931520367987,1.0,361.94623148099765,219.9931520367987,4.786952277669669,0.0,4.79158586648848
50,0,pac2t,1.0,16.0,True,0,1.4227587417737548,0.11147812474519014,40.72067566154575,0.7455,81.19629967594179,1.0,133.5891340517407,173.05127626764838,4.992012357129163,0.0,4.9915118137608365
50,0,pac2t,0.3,16.0,True,0,1.7517825683333652,0.22469762479886413,40.3082031602564,0.281,30.423844493589197,0.4585,50.055175625541935,724.6069449009705,10.794589667150722,0.0,7.523872936827872
50,0,pac2t,0.1,16.0,True,0,13.710534047788531,0.5838937079533935,40.426217613130646,0.1295,10.753263217169081,0.19,17.69192841478328,1066.9521468125367,70.71481956626445,0.0,8.963003242159626
50,0,pac2t,0.03,16.0,True,0,161.2878700266255,1.6752658332698047,40.46516541570343,0.038,2.9811421858883587,0.071,4.904758033153805,1216.0596655448253,949.9671548953543,0.0,9.787017246483625
50,0,pac2t,0.01,16.0,True,0,1468.3961092077589,8.152006208896637,40.4702117673446,0.008,0.9056723430599798,0.0105,1.4900677066179424,1258.7757789324894,10119.017048769343,0.0,10.259759652791923
50,0,pac2t,0.003,16.0,True,0,16348.298774069508,7.35625020833686,40.47221996738088,0.002,0.17057926655813913,0.0025,0.280647475286793,1274.1331190863345,352172.6772814907,0.0,10.336490248144855
50,0,pac2t_ensemble,1.0,16.0,True,0,1.0661988050757691,0.008402958046644926,40.447252465011765,0.0,5.438776190663018e-05,0.0,6.227453377750561e-05,1277.8384654408912,,,
50,0,pac2t_ensemble,0.3,16.0,True,0,1.270738838966166,0.09188958304002881,40.53548714414701,0.159,19.67014405322604,0.2095,27.01862966751106,888.9194723769422,,,
50,0,pac2t_ensemble,0.1,16.0,True,0,12.984905477056987,0.026898415759205818,40.36264786638155,0.112,6.966848998943604,0.154,9.674563749976254,1124.0016424560354,,,
50,0,pac2t_ensemble,0.03,16.0,True,0,160.44606323865145,0.02002383442595601,40.53140606068734,0.034,2.361930466680099,0.04,2.71394900959928,1226.5239046903723,,,
50,0,pac2t_ensemble,0.01,16.0,True,0,1467.3862564992676,0.033658749889582396,40.470132741100706,0.005,0.4676458138663935,0.0055,0.6274363069560613,1266.7166733146225,,,
50,0,pac2t_ensemble,0.003,16.0,True,0,16346.893321212603,0.013925458304584026,40.47117112992116,0.0025,0.2758943214692074,0.0035,0.3254226471812989,1271.4947191777596,,,
50,0,pvi,1.0,1.0,True,0,1.066112294733934,1.5097286668606102,40.454513722005885,0.002,0.3108259349757873,0.005,0.5113898990466142,1271.176836062723,99629.57138153324,0.0,10.324417114090119
50,0,pvi,0.3,1.0,True,0,1.3502098546115078,1.4461912917904556,40.47603495349638,0.0005,0.09300752816225634,0.0015,0.15302169183912082,1275.833157930564,1104385.950359198,0.0,10.354846381278755
50,0,pvi,0.1,1.0,True,0,13.333524830890664,1.4540089997462928,40.472852144298095,0.0,0.03260418347786406,0.0,0.05364240309786564,1277.0381242263768,8985589.269655885,0.0,10.371992886721971
50,0,pvi,0.03,1.0,True,0,160.93645706659316,1.4958285000175238,40.47422643744554,0.0,0.0165956432991631,0.0,0.02730417058677474,1277.3625596284476,34413925.75637743,0.0,10.373491181781866
50,0,pvi,0.01,1.0,True,0,1468.030847831456,1.5007590842433274,40.474844945718026,0.0,0.013235002298434271,0.0,0.021775037819174378,1277.3816038625569,52830486.47899936,0.0,10.373491181781866
50,0,pvi,0.003,1.0,True,0,16347.520194636032,1.5036307913251221,40.46715468215884,0.0,0.013675821187733896,0.0005,0.022500300102433764,1277.4430284775692,54815348.64580751,0.0,10.368858115442556
50,0,pvi,1.0,16.0,True,0,1.0661115720981198,1.9734358750283718,40.467524172371974,0.0035,0.40475152316927654,0.0055,0.6659220395769848,1269.1845404162316,63152.68344097014,0.0,10.312125522701459
50,0,pvi,0.3,16.0,True,0,0.5869125057636917,1.9986765841022134,53.620166451372256,0.6365,95.4944405795263,0.7605,157.11331273331805,271.1895939739582,793.722251739898,0.0,6.236152717048837
50,0,pvi,0.1,16.0,True,0,0.8035963145738854,2.029939000029117,43.45548959999847,0.911,106.69055125162176,0.9635,175.5338409519933,195.74762566470193,6.470417875447492,0.0,4.9243158101031135
50,0,pvi,0.03,16.0,True,0,5.388142941469457,2.0595465409569442,43.268879462901914,0.9455,115.78845576854958,1.0,190.50227166807844,180.54755431645458,4.683155505331994,0.0,4.682200862462401
50,0,pvi,0.01,16.0,True,0,50.876851747247876,2.0116794579662383,42.30269308048709,0.959,122.81048981702328,1.0,202.05535292376769,171.42144161076732,4.7944537263076645,0.0,4.795866521757414
50,0,pvi,0.003,16.0,True,0,538.5338144154841,1.9533713753335178,43.2703032085426,0.959,123.27755092039897,1.0,202.82379050772442,175.31385299235217,4.75897300391367,0.0,4.760387552182125
50,1,POPS ellipse,,,True,0,0.6870842809056565,0.006964332889765501,35.587392532886504,1.0,115.35993494899787,1.0,148.89591890101505,115.35993494899787,4.567851037225326,0.0,4.573653544048411
50,1,Ellipse+EB,,,True,0,0.6870842809056565,0.00600054208189249,35.587392532886504,1.0,129.64777560370098,1.0,182.61862546134867,129.64777560370098,4.622390007057768,0.0,4.628168062588125
50,1,Ellipse+PAC,,,True,0,,0.12880695797502995,35.65156262293061,1.0,166.69321045999507,1.0,246.94352064579908,166.69321045999507,4.703546306643799,0.0,4.7088456371067196
50,1,Bayesian stacking,,,True,0,,0.027568624820560217,35.83714884439026,0.475,46.93387335684497,0.6655,74.3635056950754,550.554901906209,8.098222900928867,0.0,6.519844597226906
50,1,pacm,1.0,1.0,True,0,1.5140338383381344,0.005032583139836788,34.928483913950274,0.6,61.60278650202167,0.787,101.35268401175306,397.5547687118684,6.296797098613301,0.0,6.0070277060134485
50,1,pacm,0.3,1.0,True,0,2.6980501656818667,0.008196750190109015,34.9267014396262,0.179,18.500961256006853,0.284,30.43891659076511,918.9834510919517,32.12290510990817,0.0,8.50402952341911
50,1,pacm,0.1,1.0,True,0,21.645097144526034,0.013330291956663132,34.926545190988875,0.0345,6.167560934175341,0.0695,10.147249661574829,1149.3438314373814,268.6430716871341,0.0,9.782173314675875
50,1,pacm,0.03,1.0,True,0,247.33132985152005,0.03541366709396243,34.926527581925455,0.0105,1.8502725726563518,0.0185,3.0441819605984586,1237.5967345175509,2970.392943975066,0.0,10.209702805403529
50,1,pacm,0.01,1.0,True,0,2239.923320241357,0.1532423752360046,34.92652606159967,0.0005,0.616572728719921,0.003,1.01442328330657,1263.3171516423213,26715.54273102646,0.0,10.334463256624058
50,1,pacm,0.003,1.0,True,0,24915.8207568319,0.21294629108160734,34.9265254585836,0.0005,0.18354927446803224,0.0005,0.30198652807912335,1272.396977183729,300139.86746909923,0.0,10.367182207748796
50,1,pacm,1.0,4.0,True,0,1.4751420253333736,0.028874458745121956,35.04522325254578,0.785,94.16763267431196,1.0,154.93036696093534,189.58891380190738,5.106695247562102,0.0,5.103758908546648
50,1,pacm,0.3,4.0,True,0,1.4523648290565632,0.0731133334338665,36.5369389889481,0.987,111.75339248153134,1.0,183.86353797567833,111.89832544671181,4.6821992738574965,0.0,4.687175686893041
50,1,pacm,0.1,4.0,True,0,5.757945811467414,0.11895624967291951,36.496835306571526,1.0,116.0418564140868,1.0,190.91918195759186,116.0418564140868,4.737681835213607,0.0,4.742867728164368
50,1,pacm,0.03,4.0,True,0,60.437807960109964,0.15408608317375183,36.2788155421584,1.0,117.9462329585305,1.0,194.0523790921413,117.9462329585305,4.782110115189002,0.0,4.7873063496184605
50,1,pacm,0.01,4.0,True,0,549.1897667153407,0.1756810829974711,36.25210889776158,1.0,117.63416430448564,1.0,193.53894459543483,117.63416430448564,4.780860699576747,0.0,4.786057189284131
50,1,pacm,0.003,4.0,True,0,6121.022175820325,0.15111745800822973,36.2770255442041,1.0,118.03608400141302,1.0,194.20020754073107,118.03608400141302,4.781453354960506,0.0,4.786652842997507
50,1,pacm,1.0,16.0,True,0,1.4613975571590592,0.05108975013718009,37.538228398000896,0.8205,102.49649791911222,1.0,168.63352708186605,171.10330797525017,4.9800287531846354,0.0,4.979698411054978
50,1,pacm,0.3,16.0,True,0,1.019949855021757,0.12015366600826383,39.93998772561981,0.946,148.56352297938685,1.0,244.42582316805525,150.68274499444937,4.749646856991898,0.0,4.754292977836509
50,1,pacm,0.1,16.0,True,0,1.3760272774628195,0.24676775000989437,38.98509355995788,0.935,181.5580552606496,1.0,298.71045206724745,190.37442440473922,4.945131184844273,0.0,4.94833663327814
50,1,pacm,0.03,16.0,True,0,5.837226351663926,0.4296698342077434,36.413213789137195,1.0,145.97817429199685,1.0,240.17224888266733,145.97817429199685,4.718679823682067,0.0,4.724020954338743
50,1,pacm,0.01,16.0,True,0,53.20779803972382,0.2934522498399019,37.12562102482233,1.0,165.25603743601658,1.0,271.88937212665456,165.25603743601658,4.837274884676002,0.0,4.842538149121945
50,1,pacm,0.003,16.0,True,0,566.9050550307252,0.23199291620403528,36.88388217221822,1.0,152.75645830171504,1.0,251.32429761923447,152.75645830171504,4.770515572517974,0.0,4.775844218583223
50,1,pacm,1.0,64.0,True,0,1.4598858742964156,0.15662229107692838,37.611224552803684,0.81,105.50641762152826,1.0,173.58563165086494,176.3143530308014,4.978126620408021,0.0,4.9782409990644085
50,1,pacm,0.3,64.0,True,0,0.9680640818285928,0.30823558336123824,48.23937781802004,0.796,138.50022983738867,1.0,227.8690758542773,166.01868729418342,4.920736119473262,0.0,4.9234180874702025
50,1,pacm,0.1,64.0,True,0,0.868274041956437,0.8765412080101669,46.85097467883909,0.896,171.93090079198808,1.0,282.8712668582704,180.91145024519733,4.855706228107603,0.0,4.8593195101998425
50,1,pacm,0.03,64.0,True,0,1.6455877515779491,1.1881546662189066,36.60737988044217,0.918,201.1841335362696,1.0,331.0004802105939,212.53485080760572,4.849593586111233,0.0,4.853115828052068
50,1,pacm,0.01,64.0,True,0,6.253251678613887,1.1034484580159187,35.712501582703744,0.9735,196.09157304364467,1.0,322.621887232453,197.30572863359777,4.817219968370666,0.0,4.821447550463884
50,1,pacm,0.003,64.0,True,0,69.18543528511528,0.974795666988939,35.10671186335645,1.0,207.0496416994984,1.0,340.6507741208633,207.0496416994984,4.893132619423985,0.0,4.897420762523445
50,1,pac2t,1.0,16.0,True,0,1.4949023517497384,0.10458037490025163,34.9101377935505,0.65,71.93494355569173,0.9155,118.35178272924468,310.71042968820836,5.668423570718223,0.0,5.6080493108673
50,1,pac2t,0.3,16.0,True,0,2.5815208776141674,0.24778920784592628,34.92867141081291,0.2495,27.75220846224976,0.445,45.65963610770091,770.2831387273429,15.272017870568616,0.0,7.7183858958500355
50,1,pac2t,0.1,16.0,True,0,21.37691527988492,0.45637366687878966,34.92016982482811,0.0835,9.546191321792623,0.1615,15.705979672228539,1084.8922715588176,122.65718121427871,0.0,9.268363209078926
50,1,pac2t,0.03,16.0,True,0,246.92213133801965,2.380446667317301,34.92671270156294,0.0155,2.5760809933901667,0.0235,4.238326506597035,1223.0085211139112,1711.6056545483173,0.0,10.155959196517742
50,1,pac2t,0.01,16.0,True,0,2239.429778325661,13.423276542220265,34.92672584911202,0.0015,0.7547613157443758,0.0045,1.2417796252840647,1260.5075353709733,19619.952512862525,0.0,10.322521350727783
50,1,pac2t,0.003,16.0,True,0,24915.563833815944,8.634799709077924,34.926528747428165,0.0005,0.18168425362275153,0.0005,0.298918081355518,1272.4531340603899,648923.7162983549,0.0,10.367245892792903
50,1,pac2t_ensemble,1.0,16.0,True,0,1.1433092864863061,0.0176986251026392,34.92521756806472,0.0055,1.1968403602238964,0.0055,1.2241435137311067,1252.5796303642644,,,
50,1,pac2t_ensemble,0.3,16.0,True,0,2.08216669926615,0.20772441709414124,34.96705696946155,0.121,20.68124165551021,0.1595,26.49675379837025,862.4194579785174,,,
50,1,pac2t_ensemble,0.1,16.0,True,0,20.59333166277355,0.012519832700490952,34.90508082386107,0.081,6.922263125683444,0.1375,9.681393713663587,1111.6513608571024,,,
50,1,pac2t_ensemble,0.03,16.0,True,0,246.02439656067216,0.06944437511265278,34.923981452436934,0.008,1.5704179268365914,0.013,1.9873508854420316,1241.0409810887543,,,
50,1,pac2t_ensemble,0.01,16.0,True,0,2238.4054252477745,0.03699495829641819,34.926922531373,0.001,0.39513191887678073,0.001,0.5345270752390981,1267.6142625135371,,,
50,1,pac2t_ensemble,0.003,16.0,True,0,24914.13657973952,0.04420012468472123,34.926549482207825,0.0005,0.06552738870483207,0.0005,0.09131828875581423,1274.897358566792,,,
50,1,pvi,1.0,1.0,True,0,1.1432189816142504,1.454937791917473,34.93074121372841,0.0005,0.2792004811175824,0.001,0.45935776196927974,1270.9625720251747,140710.38045176852,0.0,10.363681707008702
50,1,pvi,0.3,1.0,True,0,2.2069463672114455,1.4273562501184642,34.92642276905016,0.0005,0.08430944650037606,0.0005,0.13871107421541842,1274.6063070882274,1574944.5690358472,0.0,10.36658759978677
50,1,pvi,0.1,1.0,True,0,21.044145127353573,1.4484303751960397,34.92659681545155,0.0,0.029556605896896047,0.0005,0.04862834147656176,1275.6506971177196,12853006.185430294,0.0,10.367310418863156
50,1,pvi,0.03,1.0,True,0,246.61002099721094,1.4660865417681634,34.92570539311694,0.0,0.014359347305686238,0.0,0.02362487920965242,1275.9036697490635,54578681.5670027,0.0,10.37344527330031
50,1,pvi,0.01,1.0,True,0,2239.0925822745785,1.4603195418603718,34.925915404557806,0.0,0.01142551569290186,0.0,0.01879795943412449,1275.9930733256222,89107505.0708396,0.0,10.37198125505017
50,1,pvi,0.003,1.0,True,0,24914.877243613035,1.4391909996047616,34.925051015232796,0.0,0.012202750239244374,0.0,0.020076713397240497,1275.9247235947137,74742291.97615963,0.0,10.368975357702313
50,1,pvi,1.0,16.0,True,0,1.1432178717280443,1.863410540856421,34.93060454454169,0.0005,0.4297616322112589,0.001,0.7070702054760772,1267.57721739059,67339.70640898343,0.0,10.354654846205934
50,1,pvi,0.3,16.0,True,0,0.7702815674529306,1.9490346247330308,41.24748104599322,0.5855,115.2103248973084,0.756,189.55109528730833,238.06590863192378,2927.49148601074,0.0,6.423010466566633
50,1,pvi,0.1,16.0,True,0,1.2919519746355066,1.9595564999617636,38.52521999785104,0.8805,130.02796612167958,0.9345,213.92998777075056,151.41136119521585,5.221330506782342,0.0,5.103740424652126
50,1,pvi,0.03,16.0,True,0,8.997606676916426,1.9793284158222377,35.318003267302764,1.0,139.24893188695128,1.0,229.10088640307322,139.24893188695128,4.713613929929138,0.0,4.719206123730943
50,1,pvi,0.01,16.0,True,0,78.86238226734996,1.962208625394851,35.133969266514775,1.0,142.09010803423317,1.0,233.77536372185068,142.09010803423317,4.720579704099832,0.0,4.726170837318732
50,1,pvi,0.003,16.0,True,0,913.2919829366858,1.8525353749282658,35.393255419549256,1.0,142.1957344829197,1.0,233.9491468359743,142.1957344829197,4.820584537097357,0.0,4.826060789009187
50,2,POPS ellipse,,,True,0,0.5096842588740045,0.00794608285650611,36.17284422641063,1.0,120.99673874561219,1.0,156.17138313678007,120.99673874561219,4.562858511969713,0.0,4.568687312281921
50,2,Ellipse+EB,,,True,0,0.5096842588740045,0.007666625082492828,36.172844226410625,1.0,135.77759600185632,1.0,193.04829451970906,135.77759600185632,4.611242476247018,0.0,4.616966331964821
50,2,Ellipse+PAC,,,True,0,,0.1235573748126626,36.908601469823935,1.0,225.0454715247802,1.0,345.35722773672757,225.0454715247802,4.679745348430364,0.0,4.684979782818719
50,2,Bayesian stacking,,,True,0,,0.026734082959592342,35.97419732201908,0.484,48.825681216601865,0.6815,77.1181309788966,519.8217966741651,7.62814588764534,0.0,6.417394672189672
50,2,pacm,1.0,1.0,True,0,1.4826328071190198,0.004682790953665972,35.327910133321964,0.623,65.9677648734544,0.841,108.53421424307531,357.6678192972755,5.971741921795045,0.0,5.8442338319322955
50,2,pacm,0.3,1.0,True,0,2.376271272898134,0.009351791813969612,35.33306962635971,0.1435,19.820004725243912,0.283,32.60908783668696,921.5066609677018,27.763673121481155,0.0,8.649479694107617
50,2,pacm,0.1,1.0,True,0,18.77074266766096,0.02335695782676339,35.33353973502473,0.0385,6.6075321536588865,0.0605,10.87111730644375,1174.8099174803285,228.81572536964794,0.0,9.901153105057933
50,2,pacm,0.03,1.0,True,0,215.42145071857288,0.04246308282017708,35.33359273329113,0.011,1.98251170472416,0.0155,3.261749894250571,1269.409601786542,2526.4151996012506,0.0,10.220713465131123
50,2,pacm,0.01,1.0,True,0,1952.7560831362348,0.07385245757177472,35.33359819336012,0.001,0.6602863303332202,0.003,1.0863435827427483,1296.9924056051368,22775.54710807059,0.0,10.333273168969031
50,2,pacm,0.003,1.0,True,0,21725.10119092736,0.2104948339983821,35.33359805786958,0.0005,0.20422039394704453,0.0005,0.33599592212912766,1306.5537070527216,238458.79730182255,0.0,10.36801252277617
50,2,pacm,1.0,4.0,True,0,1.4603604770402128,0.025192666798830032,34.91957887938162,0.758,85.14115668468862,1.0,140.07945484049182,197.85594126033425,5.170156147420628,0.0,5.165611643342784
50,2,pacm,0.3,4.0,True,0,1.3628929709607998,0.0664618331938982,35.616574021071486,0.965,105.55266626017742,1.0,173.6617227487705,107.90930532018677,4.671702639538267,0.0,4.676408802431482
50,2,pacm,0.1,4.0,True,0,5.273827306251812,0.16295162495225668,35.51237981465206,0.9925,117.16576230227506,1.0,192.76830088244367,118.63957263966172,4.74859988004583,0.0,4.753631126129265
50,2,pacm,0.03,4.0,True,0,53.44966309341334,0.4348647496663034,35.5310567589802,1.0,114.11259143896947,1.0,187.74503684986053,114.11259143896947,4.792890688510532,0.0,4.797886296380719
50,2,pacm,0.01,4.0,True,0,499.1374148172548,0.3913898332975805,35.08577846583091,0.9945,119.3081427391801,1.0,196.2930766236753,119.95070455696917,4.795215997559128,0.0,4.800235226661706
50,2,pacm,0.003,4.0,True,0,5400.206870954145,0.7235882501117885,35.53289380798448,1.0,115.24983841994164,1.0,189.61610535910737,115.24983841994164,4.79137905891591,0.0,4.796396605365047
50,2,pacm,1.0,16.0,True,0,1.4494194678873709,0.04595445794984698,34.967846188306176,0.8045,94.21448739175813,1.0,155.00745521686392,153.16780450251488,5.016296013504772,0.0,5.0171786031821375
50,2,pacm,0.3,16.0,True,0,1.016716413285311,0.11930941697210073,39.163243764146294,1.0,138.46909290647733,1.0,227.81784746512574,138.46909290647733,4.680233158381227,0.0,4.685431709641675
50,2,pacm,0.1,16.0,True,0,1.2820572177798435,0.2621550830081105,36.32328982531492,0.971,132.02163785729067,1.0,217.2100988325415,132.761277158805,4.680481206281663,0.0,4.685701753831669
50,2,pacm,0.03,16.0,True,0,5.35394959217588,0.33532887510955334,36.32836440740422,1.0,147.67693248762592,1.0,242.96715009396763,147.67693248762592,4.771202452576486,0.0,4.776375613931164
50,2,pacm,0.01,16.0,True,0,51.984860920037704,0.3376524578779936,36.588058167478714,1.0,169.72715796745277,1.0,279.2455339520006,169.72715796745277,4.864723659567353,0.0,4.869763440305474
50,2,pacm,0.003,16.0,True,0,566.2847348098373,0.2517352499999106,36.479121369519795,1.0,152.9299240093808,1.0,251.6096940445301,152.9299240093808,4.856685005266793,0.0,4.861863997338398
50,2,pacm,1.0,64.0,True,0,1.4498759410174542,0.14598225010558963,35.01835406325861,0.799,93.71024467804357,1.0,154.1778441662881,163.88093606644674,5.04475968166624,0.0,5.045054604392972
50,2,pacm,0.3,64.0,True,0,0.9866565746117568,0.2757047079503536,41.98474381810823,1.0,133.87424999811017,1.0,220.25812999422686,133.87424999811017,4.686730071263364,0.0,4.691746974534581
50,2,pacm,0.1,64.0,True,0,0.9206115942415152,0.7613214170560241,36.86450489511223,0.979,136.902368822602,1.0,225.24017687547772,137.100877689641,4.662863028158002,0.0,4.668333510398674
50,2,pacm,0.03,64.0,True,0,1.5776759314926267,1.5669933329336345,37.14358734782302,0.967,177.91656345672754,1.0,292.71924632654304,179.56117532313905,4.792363101307114,0.0,4.796671758320539
50,2,pacm,0.01,64.0,True,0,7.90956599187721,1.6488662087358534,36.31818512603599,1.0,219.69806440660508,1.0,361.46073520660724,219.69806440660508,4.939790436699673,0.0,4.943736978943103
50,2,pacm,0.003,64.0,True,0,81.506963883005,1.7446922082453966,35.1746497300245,1.0,231.34214073664262,1.0,380.6182840108046,231.34214073664262,4.9420896138851464,0.0,4.94618435454749
50,2,pac2t,1.0,16.0,True,0,1.4604328509605344,0.10047137504443526,35.36958817490293,0.7085,79.53613696547147,1.0,130.85773250066197,241.26661951090907,5.3476900546446124,0.0,5.333241122857686
50,2,pac2t,0.3,16.0,True,0,2.2626807186796305,0.1919718338176608,35.34690322006676,0.2445,30.269209069876077,0.438,49.80075993874333,745.6055126094958,12.877587372612581,0.0,7.806506431936357
50,2,pac2t,0.1,16.0,True,0,18.496799372171235,0.5888144997879863,35.3370607730516,0.0585,10.763278542014993,0.137,17.708406241713224,1093.9186801527092,92.53412247556743,0.0,9.467774003851297
50,2,pac2t,0.03,16.0,True,0,214.989929359534,2.0704905409365892,35.335339516876665,0.0145,2.857420918318912,0.0255,4.701204212790692,1251.4357476809655,1292.8674446224902,0.0,10.152459606644161
50,2,pac2t,0.01,16.0,True,0,1952.2477083873084,8.23002408305183,35.33425917240081,0.002,0.829730959211574,0.006,1.3651242825027012,1293.4358863587304,15484.776081929393,0.0,10.311089340414107
50,2,pac2t,0.003,16.0,False,0,21724.792106752153,19.971335458103567,35.33381499351475,0.0,0.16362513654476132,0.0,0.2692061139159166,1307.4061517666137,1186070.232197501,0.0,10.373489669068697
50,2,pac2t_ensemble,1.0,16.0,True,0,1.1146983002603048,0.006482208147644997,35.32791186174481,0.0,0.00011131229851646448,0.0,0.00013375630749727833,1309.9760105081898,,,
50,2,pac2t_ensemble,0.3,16.0,True,0,1.7830290971494427,0.054133083671331406,35.28699510287483,0.1305,21.638870596722388,0.1495,24.964749998243004,867.3674945126273,,,
50,2,pac2t_ensemble,0.1,16.0,True,0,17.737637940052362,0.026455833110958338,35.31418851620117,0.0455,7.886865019776713,0.1055,10.539733519544873,1125.2864205282224,,,
50,2,pac2t_ensemble,0.03,16.0,True,0,214.11474221551705,0.03014983329921961,35.345734888192226,0.0115,2.486788637978732,0.0165,2.9184734155822296,1259.682996500695,,,
50,2,pac2t_ensemble,0.01,16.0,True,0,1951.2122251755497,0.049626290798187256,35.333588666524264,0.0,0.3420955347599878,0.0005,0.4776958221890186,1303.2461125562224,,,
50,2,pac2t_ensemble,0.003,16.0,True,0,21723.417964857326,0.0661432920023799,35.33359415258252,0.0,0.0651974267148409,0.0,0.08422914247100857,1309.389297709101,,,
50,2,pvi,1.0,1.0,True,0,1.1145022044377737,1.4012632500380278,35.33409624180359,0.0005,0.28580093476981694,0.001,0.4702172332908765,1304.5715793090983,150285.92371708064,0.0,10.36224803663562
50,2,pvi,0.3,1.0,True,0,1.887874256297271,1.382665750104934,35.33864011303648,0.0005,0.08915705828153875,0.0005,0.14668666254455504,1309.2412718445457,1548190.0003684289,0.0,10.367249597728941
50,2,pvi,0.1,1.0,True,0,18.17249955168052,1.435902750119567,35.333526005145536,0.0,0.029721949210023465,0.0,0.04890037444001106,1310.1746650114671,13838117.519703846,0.0,10.373447926162932
50,2,pvi,0.03,1.0,True,0,214.70284338049927,1.4172445838339627,35.33349162129169,0.0,0.015597636181599676,0.0,0.025662188043914097,1310.5010219655073,54395753.257160574,0.0,10.373491181781866
50,2,pvi,0.01,1.0,True,0,1951.9280815765508,1.4037484168075025,35.33383585453423,0.0,0.01253102096295884,0.0,0.020616804533050596,1310.583635429651,83539405.32274975,0.0,10.373491181781866
50,2,pvi,0.003,1.0,True,0,21724.15783698231,1.4076397502794862,35.33310146055884,0.0,0.011370480530272963,0.0,0.01870741220786698,1310.5840415752573,102485051.2438328,0.0,10.373491181781866
50,2,pvi,1.0,16.0,True,0,1.114501327629681,1.8451114590279758,35.33313298178416,0.0005,0.3790042429064581,0.001,0.6235610343559979,1302.7486670616133,87707.28920453686,0.0,10.360832146174461
50,2,pvi,0.3,16.0,True,0,0.7577973988958333,1.8696309584192932,40.39869740966231,0.7215,112.79084423700732,0.8465,185.5704172569728,173.76579058441422,404.22909675089574,0.0,5.786742826543199
50,2,pvi,0.1,16.0,True,0,1.1351564823813631,1.91605320898816,36.22103469706056,0.9675,129.32055746166412,0.9775,212.766115640009,132.47278565960937,7.368114431047303,0.0,4.806780342905564
50,2,pvi,0.03,16.0,True,0,7.672504011893997,1.9929923750460148,35.662686615954506,1.0,137.83920227275573,1.0,226.78151274738826,137.83920227275573,4.609278820345715,0.0,4.614884369594169
50,2,pvi,0.01,16.0,True,0,69.67471104718248,2.0060884999111295,35.263525799023064,1.0,143.83522797878595,1.0,236.64654212702013,143.83522797878595,4.82998564718631,0.0,4.835473541663489
50,2,pvi,0.003,16.0,True,0,781.5179872921665,1.9442031253129244,35.0823012091265,1.0,144.7894647056102,1.0,238.21651093749026,144.7894647056102,4.8351208290740235,0.0,4.840607294519643
50,3,POPS ellipse,,,True,0,0.5241641586429457,0.006561500020325184,36.88811072521741,1.0,112.74613422497737,1.0,145.5222670278648,112.74613422497737,4.563596599139009,0.0,4.569435106981791
50,3,Ellipse+EB,,,True,0,0.5241641586429457,0.006961209233850241,36.88811072521741,1.0,128.7844832187176,1.0,187.14070178669994,128.7844832187176,4.614482979465998,0.0,4.620241773120564
50,3,Ellipse+PAC,,,True,0,,0.12861637491732836,37.22121173196544,1.0,186.41927006077137,1.0,282.46645692659166,186.41927006077137,4.696993510830058,0.0,4.702261372634904
50,3,Bayesian stacking,,,True,0,,0.02597020799294114,35.94841404095914,0.4865,49.24853192853225,0.676,76.80511526505593,526.0680522259536,7.9849287331495615,0.0,6.465604768227299
50,3,pacm,1.0,1.0,True,0,1.464738029668327,0.005158415995538235,35.95385083146504,0.586,66.08023613992872,0.8385,108.71925887138929,371.22445243291685,6.173822374649604,0.0,6.017549543787731
50,3,pacm,0.3,1.0,True,0,2.1575915209842593,0.010301166214048862,35.970212463617784,0.106,19.85201455567265,0.2185,32.66175237368168,980.9199477860027,29.89721180648452,0.0,9.024112951078001
50,3,pacm,0.1,1.0,True,0,16.78685434872048,0.01590704219415784,35.97168454008229,0.04,6.618109228198011,0.0565,10.888519358435303,1236.8306135143819,247.93171217281034,0.0,9.91503084853169
50,3,pacm,0.03,1.0,True,0,193.35830736589543,0.04117833310738206,35.971852871179486,0.0115,1.9852908081869907,0.0195,3.2663222457803993,1331.3330573467715,2739.8097151604766,0.0,10.189752087117869
50,3,pacm,0.01,1.0,True,0,1754.172016011347,0.18646987481042743,35.97186713388013,0.003,0.6621931146156205,0.0045,1.0894807412355123,1358.893460294139,24627.384023991042,0.0,10.319900192018064
50,3,pacm,0.003,1.0,True,0,19518.591434631817,0.1599066248163581,35.97186862281469,0.001,0.1968044573616731,0.001,0.3237947682517182,1368.6400603303266,278578.1683176342,0.0,10.359609845494045
50,3,pacm,1.0,4.0,True,0,1.4461297692204882,0.027908332645893097,35.94799224032127,0.702,82.53802880666909,1.0,135.79662913983228,249.40211381702736,5.440210964375667,0.0,5.427114875943829
50,3,pacm,0.3,4.0,True,0,1.3738529008033709,0.06771358335390687,36.356813587691285,0.967,117.46403853772144,1.0,193.25904324583368,118.60624091939083,4.804898689834072,0.0,4.8099953926679095
50,3,pacm,0.1,4.0,True,0,5.036696274843426,0.08692375011742115,35.45796041720257,1.0,132.64612821453343,1.0,218.2375486840824,132.64612821453343,4.86841940249496,0.0,4.8737711069399445
50,3,pacm,0.03,4.0,True,0,53.08623367613287,0.12952079204842448,35.20067259449516,1.0,129.15391244173523,1.0,212.4919410286615,129.15391244173523,4.884013186794004,0.0,4.889306004220791
50,3,pacm,0.01,4.0,True,0,480.5112414173323,0.16061362531036139,35.239313545809274,1.0,133.024153787603,1.0,218.8594995507762,133.024153787603,4.873852657834348,0.0,4.879208949199757
50,3,pacm,0.003,4.0,True,0,5382.263929391532,0.11149466689676046,35.26161336672979,1.0,129.19968237234818,1.0,212.56724452673464,129.19968237234818,4.8849770861837385,0.0,4.890268959897881
50,3,pacm,1.0,16.0,True,0,1.4417047083214465,0.0486108330078423,35.849694097085475,0.735,86.9628743953601,1.0,143.0766565901601,204.7354438254102,5.304005181271199,0.0,5.2981331451074745
50,3,pacm,0.3,16.0,True,0,1.0464108082563888,0.15791454119607806,37.478386519272235,0.983,122.49586428772422,1.0,201.53771169901307,122.77157562904364,4.699015243914699,0.0,4.704176353488149
50,3,pacm,0.1,16.0,True,0,1.1655801107744095,0.18752508284524083,36.912805483456154,0.9985,128.22918228104768,1.0,210.97051823118417,128.30053522080917,4.642606630720018,0.0,4.647941911529984
50,3,pacm,0.03,16.0,True,0,5.839176990397605,0.3815710828639567,35.577832581784065,0.997,157.83980989954742,1.0,259.68773955864805,157.9859222376287,4.990816612294916,0.0,4.995829737305705
50,3,pacm,0.01,16.0,True,0,50.522212067771065,0.30780599964782596,38.31816677122055,1.0,172.36989761806157,1.0,283.59353137131694,172.36989761806157,5.059651463479754,0.0,5.064389723134551
50,3,pacm,0.003,16.0,True,0,528.6686428922878,0.2677402920089662,35.31599413464184,1.0,160.11139642714392,1.0,263.4250930877662,160.11139642714392,4.993168548949205,0.0,4.998261700015746
50,3,pacm,1.0,64.0,True,0,1.440434929968415,0.14257491612806916,35.66946446559617,0.7375,87.73439772787243,1.0,144.3460141138697,198.43500819197013,5.25675319055507,0.0,5.253372977864575
50,3,pacm,0.3,64.0,True,0,1.0086688852996453,0.6002891669049859,37.59496992846546,1.0,119.40923635558846,1.0,196.45940204402143,119.40923635558846,4.704733916368448,0.0,4.709849120805538
50,3,pacm,0.1,64.0,True,0,0.8965601701021848,0.5068027921952307,37.87880035682873,0.986,121.9856751356204,1.0,200.69831720315364,122.07137861700542,4.667549849364625,0.0,4.67262375096236
50,3,pacm,0.03,64.0,True,0,1.2056713697797674,1.5700147082097828,39.23174454719296,1.0,160.13313623913555,1.0,263.4608607603079,160.13313623913555,4.666314784715225,0.0,4.6712866578968075
50,3,pacm,0.01,64.0,True,0,6.825082332002837,2.0009767920710146,35.48465702221201,1.0,206.13962316334974,1.0,339.1535557907139,206.13962316334974,5.0707312631363655,0.0,5.074658207229484
50,3,pacm,0.003,64.0,True,0,72.70719867633548,1.412252875044942,37.02212868325591,1.0,212.64169066996732,1.0,349.85115618902813,212.64169066996732,5.150159679328625,0.0,5.15383212951903
50,3,pac2t,1.0,16.0,True,0,1.44760897801293,0.10004379088059068,35.66528236586073,0.6845,78.21588488793479,1.0,128.68557277821103,255.41746339521933,5.510007449813893,0.0,5.494575376163563
50,3,pac2t,0.3,16.0,True,0,2.054710801617456,0.22797024995088577,35.861588856416944,0.174,31.047534010034383,0.4055,51.08130788466689,782.6592512926354,13.284930379885758,0.0,8.12214856449468
50,3,pac2t,0.1,16.0,True,0,16.526055722678016,0.47901941696181893,35.943705425106174,0.055,10.837418019929261,0.0915,17.83038505962911,1153.52196408061,93.99700296355938,0.0,9.698828951727997
50,3,pac2t,0.03,16.0,True,0,192.94742414348582,2.404473875183612,35.96456021234388,0.0165,2.8670413759543742,0.027,4.717032379958806,1313.0519420814915,1342.4010558555533,0.0,10.130149797432
50,3,pac2t,0.01,16.0,True,0,1753.6800602110434,9.916964166797698,35.97008705099233,0.004,0.8219190735105658,0.007,1.3522716888466626,1355.5157419457894,17264.253958138564,0.0,10.297356132492677
50,3,pac2t,0.003,16.0,False,0,19518.277954964142,19.863890832755715,35.97116808325543,0.001,0.2534164876108523,0.001,0.4169363538668524,1367.401564949931,505027.75461028924,0.0,10.354366046284493
50,3,pac2t_ensemble,1.0,16.0,True,0,1.094962505671063,0.006740833166986704,35.95385328351601,0.0,4.539598095218035e-05,0.0,5.036640842350515e-05,1371.3295877794574,,,
50,3,pac2t_ensemble,0.3,16.0,True,0,1.5715980679251382,0.0448644170537591,35.90541199704219,0.1265,22.905084248633592,0.162,28.76357361212447,915.0754565754963,,,
50,3,pac2t_ensemble,0.1,16.0,True,0,15.79413642078061,0.011973250191658735,35.9245584244734,0.049,8.6699268294459,0.057,10.972472997522804,1174.503943672477,,,
50,3,pac2t_ensemble,0.03,16.0,True,0,192.02077122172977,0.02007779199630022,35.970960375732076,0.0085,1.5990854072674114,0.014,2.1996860414662014,1334.54973307833,,,
50,3,pac2t_ensemble,0.01,16.0,True,0,1752.659787811159,0.03940904140472412,35.97196274677088,0.002,0.410850521366659,0.002,0.5354314384169881,1363.4054459778886,,,
50,3,pac2t_ensemble,0.003,16.0,True,0,19516.92416575505,0.041828874964267015,35.97220922145942,0.0005,0.09523048351132787,0.001,0.12267882197890555,1370.8480842359754,,,
50,3,pvi,1.0,1.0,True,0,1.0946434661072404,1.393658374901861,35.97430550001684,0.001,0.2894741127043972,0.0015,0.4762605709978526,1366.6963360272655,158808.15546478244,0.0,10.35283521087503
50,3,pvi,0.3,1.0,True,0,1.6672232840708832,1.4324098327197134,35.97501683170914,0.0005,0.08899971821752058,0.001,0.1464277970175826,1371.0187309021344,1652838.0304517883,0.0,10.362117898026266
50,3,pvi,0.1,1.0,True,0,16.186639332016377,1.4192110407166183,35.97409592036222,0.0,0.0300790517568421,0.0,0.04948790146017744,1372.2392863718862,14249306.55271885,0.0,10.370584309114184
50,3,pvi,0.03,1.0,True,0,192.63773155747123,1.4059820831753314,35.973875898865884,0.0,0.01379829156592106,0.0,0.02270179588283661,1372.5671494295234,75911241.71129358,0.0,10.3734911817812
50,3,pvi,0.01,1.0,True,0,1753.342159654797,1.4130772920325398,35.973085292717236,0.0,0.011377374500292463,0.0,0.018718754590325005,1372.5911634367988,107751753.62944895,0.0,10.373491181681016
50,3,pvi,0.003,1.0,True,0,19517.648175070433,1.4003588338382542,35.96956934710942,0.0,0.012104612450303805,0.0005,0.019915251085599807,1372.37448184128,92681675.67412084,0.0,10.367371457890004
50,3,pvi,1.0,16.0,True,0,1.0946427384532127,1.8442340828478336,35.98274239742626,0.001,0.33856253889133664,0.002,0.5570238615966621,1366.0425322013964,113604.28441472584,0.0,10.349903016101887
50,3,pvi,0.3,16.0,True,0,0.8312581449536056,1.884869041852653,36.091067122132934,0.9835,110.15685194572053,0.9895,181.23681152991003,110.7280914058385,5.8333443485694625,0.0,4.744681857254135
50,3,pvi,0.1,16.0,True,0,1.2184021268479732,1.9317507920786738,36.229576782917526,0.9745,132.53833379307525,0.9825,218.06019868814045,134.40875839932562,5.945061676620144,0.0,4.7611608470772335
50,3,pvi,0.03,16.0,True,0,8.508135706007497,2.0125788748264313,35.24162021551623,1.0,145.06314139353535,1.0,238.6667806159853,145.06314139353535,4.867572445620341,0.0,4.872999476841194
50,3,pvi,0.01,16.0,True,0,73.66676415516979,2.025988375302404,35.508661988277524,1.0,149.78651594666883,1.0,246.43796623495385,149.78651594666883,4.9838232697622935,0.0,4.9889896325863
50,3,pvi,0.003,16.0,True,0,803.8845323740862,1.8887816248461604,35.6865073735138,1.0,145.2456167680545,1.0,238.967000297979,145.2456167680545,4.959274428696094,0.0,4.9644987118884485
50,4,POPS ellipse,,,True,0,0.5828040941900272,0.01053495891392231,38.827085901395364,0.94,127.3457089748267,1.0,164.36604583984095,141.64336500760905,4.644884959873628,0.0,4.649651990109625
50,4,Ellipse+EB,,,True,0,0.5828040941900272,0.011418791953474283,38.82708590139537,1.0,147.44205763195757,1.0,217.00880047989696,147.44205763195757,4.656766491494129,0.0,4.662058389270298
50,4,Ellipse+PAC,,,True,0,,0.1329320832155645,36.49772722925419,0.938,228.98598971488263,1.0,347.2827189722089,247.35374027811713,4.741752396218153,0.0,4.745557654280356
50,4,Bayesian stacking,,,True,0,,0.030877708923071623,39.75603165029706,0.6255,68.8020470835256,0.788,97.99425753659554,366.7947634250631,6.433103821053611,0.0,5.869497051463667
50,4,pacm,1.0,1.0,True,0,1.444109471949877,0.004338374827057123,55.97272341060104,0.6105,71.07435094195657,0.847,116.93588295919308,466.04999585618856,5.943003508152286,0.0,5.692934015191152
50,4,pacm,0.3,1.0,True,0,1.9188987380314102,0.01011804211884737,56.155886667759916,0.287,21.35187249978356,0.3605,35.12941068759581,1103.3739959148447,27.615304689650987,0.0,7.809792331644561
50,4,pacm,0.1,1.0,True,0,14.630986904636115,0.023750165943056345,56.17212603803613,0.1055,7.118196475637938,0.194,11.711293580936148,1349.9966569012731,227.61339865494,0.0,8.904384330459724
50,4,pacm,0.03,1.0,True,0,169.3945636221913,0.030389583203941584,56.17397249203103,0.025,2.1354043524588477,0.051,3.513298259080877,1448.7541333280753,2513.9486161868863,0.0,9.891292717157222
50,4,pacm,0.01,1.0,True,0,1538.490676985404,0.0772526660002768,56.1741352769815,0.0105,0.7118697306793619,0.015,1.1712117579082135,1478.2071306994574,22638.67441001939,0.0,10.20154166414657
50,4,pacm,0.003,1.0,True,0,17122.12244037023,0.19256704160943627,56.174156448343794,0.005,0.21481747519583377,0.007,0.3534308903869373,1488.5722191989255,247262.6686970231,0.0,10.284500644046904
50,4,pacm,1.0,4.0,True,0,1.4017056807195503,0.02711170818656683,62.894151557834036,0.8055,101.89233033649097,0.985,167.63951350604273,302.86965965688347,4.9980469588843,0.0,4.970004296344948
50,4,pacm,0.3,4.0,True,0,1.0994040779028977,0.05482474993914366,66.1441307394695,0.835,94.88987748164449,0.946,156.11864843151952,441.7198596810911,5.291596709811024,0.0,4.993431153581642
50,4,pacm,0.1,4.0,True,0,3.7287021077611615,0.14441045792773366,57.60309374684816,0.8865,101.70156522584928,0.944,167.32565504156076,399.90969357256915,5.225290780664225,0.0,4.874339545393351
50,4,pacm,0.03,4.0,True,0,39.836968466728145,0.5316715408116579,57.905649265700795,0.901,108.27765088369523,0.962,178.1450346436833,325.22683036222605,4.9322336297710905,0.0,4.856246774838435
50,4,pacm,0.01,4.0,True,0,363.3055015329286,0.8601680407300591,58.03600588794859,0.9,108.86292388358945,0.964,179.107961692721,322.85199641854734,4.927750668905301,0.0,4.856823991868092
50,4,pacm,0.003,4.0,True,0,4052.837609409339,1.3663475420325994,57.95928353394278,0.899,108.5578271895789,0.9645,178.60599789242983,321.3300766618119,4.92054743827491,0.0,4.8513876303908585
50,4,pacm,1.0,16.0,True,0,1.3967695699373617,0.05189195880666375,62.919690711083376,0.8305,104.17258622345376,1.0,171.39113039710165,271.75591779757724,4.945444374248769,0.0,4.92963420733335
50,4,pacm,0.3,16.0,True,0,0.8320457824368765,0.12131633283570409,77.90263982074977,0.7575,110.29634735525602,0.9665,181.46631793646142,424.8496330751481,5.055355284508377,0.0,4.986476159746181
50,4,pacm,0.1,16.0,True,0,1.0981191894595557,0.41685145907104015,68.3007237793385,0.933,130.21908584615184,0.965,214.2444296676619,390.2211234186743,4.884427705885708,0.0,4.801840600245308
50,4,pacm,0.03,16.0,True,0,4.269892459027881,0.30116174975410104,57.94854700595227,0.919,132.82602584553453,0.929,218.533527304282,467.24966182264615,5.51669549106242,0.0,4.920524664241882
50,4,pacm,0.01,16.0,True,0,43.22287515952616,0.4725385420024395,56.87354654332468,0.9245,129.20771731550292,0.9345,212.5804641081993,492.25615807573115,6.164545597009226,0.0,4.923529294496378
50,4,pacm,0.003,16.0,True,0,413.86801019269694,0.2468657921999693,59.28458615895001,0.929,143.37492155016352,0.942,235.88921774840037,490.8310882611684,5.714251849922288,0.0,4.930962241806688
50,4,pacm,1.0,64.0,True,0,1.396900560765244,0.13418720895424485,64.73053349546514,0.842,103.70338477302047,0.9885,170.61917138284403,296.54461891896733,4.955469393737146,0.0,4.933204400209941
50,4,pacm,0.3,64.0,True,0,0.7762989802441864,0.37544641736894846,91.00441609375133,0.7265,115.32258797435888,0.951,189.73579738960683,542.7734222036038,5.293858987147167,0.0,5.13618540369127
50,4,pacm,0.1,64.0,True,0,0.770795161031081,0.7066321251913905,85.80988586735286,0.923,163.34732800347643,0.957,268.7490462587631,535.46097507452,4.965633648139412,0.0,4.842424657860149
50,4,pacm,0.03,64.0,True,0,1.4945629870033108,1.2503160410560668,52.07776536060718,0.937,191.12502913278254,0.956,314.45062446641583,410.77091511510594,5.129685676127079,0.0,4.921291823816691
50,4,pacm,0.01,64.0,True,0,6.276290773592104,1.1916847093962133,49.18017303254422,0.976,209.8896426981507,1.0,345.3233180130138,246.06473596084905,4.967283252287657,0.0,4.968516667626878
50,4,pacm,0.003,64.0,True,0,61.41223586971823,0.9722360419109464,54.8559089255652,0.9835,213.03084868601013,1.0,350.491422833936,232.150360682741,4.914715690321886,0.0,4.916523891751497
50,4,pac2t,1.0,16.0,True,0,1.4247257344858055,0.10167925013229251,56.430217906974654,0.6905,84.16563327705033,0.9605,138.47446387669527,343.3466500260725,5.387274044558622,0.0,5.352566262740401
50,4,pac2t,0.3,16.0,True,0,1.8354078324619167,0.2161607500165701,55.960306885010766,0.3395,31.30770239166857,0.472,51.50935286884555,945.8346682296235,13.527409621336638,0.0,7.27311616512729
50,4,pac2t,0.1,16.0,True,0,14.40683394956037,0.6970750000327826,56.08910032223778,0.202,11.323720107532127,0.2745,18.630479091373132,1273.4672495579016,90.61710801121896,0.0,8.351330559059885
50,4,pac2t,0.03,16.0,True,0,169.01607204474814,3.05645520798862,56.15357458241204,0.052,3.1873422083324794,0.0925,5.244010961547061,1427.364376667636,1189.9894744273804,0.0,9.572455262747441
50,4,pac2t,0.01,16.0,True,0,1538.0149604631383,14.973332582972944,56.167329652531784,0.015,0.9810129407208544,0.0215,1.6140226804360287,1472.5311280278584,13215.319973106321,0.0,10.124210845838821
50,4,pac2t,0.003,16.0,False,0,17121.720344330894,19.450178917031735,56.174413646346075,0.0065,0.2574001208270281,0.009,0.4234904716511916,1487.690151297066,332666.15367940045,0.0,10.267709127022773
50,4,pac2t_ensemble,1.0,16.0,True,0,1.073423040164513,0.02446600003167987,56.224547318039875,0.043,4.295524193362575,0.044,4.452553400595528,1406.724472384395,,,
50,4,pac2t_ensemble,0.3,16.0,True,0,1.373518935571322,0.1867488343268633,56.13342012574974,0.186,14.845353647110791,0.202,16.154435672834936,1161.6140854824198,,,
50,4,pac2t_ensemble,0.1,16.0,True,0,13.678635039761955,0.01590062491595745,56.05272119979475,0.1285,8.141000520765559,0.173,10.85964115277358,1319.3525311932094,,,
50,4,pac2t_ensemble,0.03,16.0,True,0,168.1936027609438,0.010000917129218578,56.25686460078397,0.033,2.3917229969006617,0.0385,2.7625026634167433,1441.366388931763,,,
50,4,pac2t_ensemble,0.01,16.0,True,0,1537.0985957827836,0.019055958837270737,56.22632897710824,0.017,1.0114464470428886,0.019,1.1401724665632833,1472.3776030802997,,,
50,4,pac2t_ensemble,0.003,16.0,True,0,17120.46830302692,0.09937270823866129,56.17412022733772,0.002,0.08932286760377664,0.0035,0.1079028665565961,1491.304867335293,,,
50,4,pvi,1.0,1.0,True,0,1.073075277774715,1.3845100002363324,56.176144232973705,0.0055,0.3071064734360568,0.0075,0.5052704127126998,1486.6381443951168,136655.66249506755,0.0,10.281934880662794
50,4,pvi,0.3,1.0,True,0,1.4275759937052572,1.3632906661368906,56.17132868729318,0.002,0.09314775876000016,0.0035,0.15325240782242155,1491.0482863737057,1499723.499243624,0.0,10.324892045398505
50,4,pvi,0.1,1.0,True,0,14.029814933543113,1.3801829577423632,56.16780133577643,0.001,0.032248783655949895,0.001,0.053057677505183545,1492.2990503325511,12472567.16650126,0.0,10.354830855380154
50,4,pvi,0.03,1.0,True,0,168.6730246214691,1.4059100830927491,56.18086899828564,0.0005,0.01376515324248065,0.0005,0.022647274679900194,1492.86884364747,70623098.23523144,0.0,10.365574773531794
50,4,pvi,0.01,1.0,True,0,1537.6597825796234,1.4244719170965254,56.177673279047944,0.0005,0.012905815393519177,0.0005,0.021233439325840382,1492.8242370769233,77080595.83573487,0.0,10.363795146271256
50,4,pvi,0.003,1.0,True,0,17121.179536936987,1.4244891656562686,56.17254593749324,0.0,0.012263211729021478,0.0005,0.02017618834985611,1492.805172305679,92107140.62535247,0.0,10.362929730293944
50,4,pvi,1.0,16.0,True,0,1.073075540688587,1.8783525419421494,56.58552986036146,0.0485,8.890432783760538,0.0785,14.627085491183902,1318.031729911395,13466.138321956552,0.0,9.8054434975923
50,4,pvi,0.3,16.0,True,0,0.6035864085034288,1.9495335407555103,67.2280258376386,0.462,98.92419581745949,0.566,162.75615648449303,412.51249651813083,2191.085819911399,0.0,7.449373480400299
50,4,pvi,0.1,16.0,True,0,1.1506820910275866,1.8700016671791673,50.32748828059152,0.9855,131.33992047824566,1.0,216.08849557355134,145.9725626747617,4.704768227483489,0.0,4.70848257364301
50,4,pvi,0.03,16.0,True,0,7.197528809753875,1.785782374907285,48.49855611723053,0.944,136.8884300064299,1.0,225.21724387989315,185.28073659672427,4.876235660828254,0.0,4.877294418630716
50,4,pvi,0.01,16.0,True,0,67.49067484841338,1.8102959170937538,49.047370355971694,0.9605,145.59089671173646,1.0,239.53507604608575,177.93693523599086,4.899955518069291,0.0,4.90241514251169
50,4,pvi,0.003,16.0,True,0,808.9082424428493,1.6155969998799264,51.58313722320529,0.9515,145.48401464154097,1.0,239.35922710641665,187.28072487657,4.900171785826698,0.0,4.901893627712877
50,5,POPS ellipse,,,True,0,0.5724605649271926,0.0037629157304763794,35.787193023611025,0.927,106.63424937356628,0.949,137.63361217060967,120.45250644632009,inf,0.044,4.963127752266454
50,5,Ellipse+EB,,,True,0,0.5724605649271926,0.0049985419027507305,35.78719302361104,1.0,128.76772769187812,1.0,192.53444430636603,128.76772769187812,4.705521242794599,0.0,4.711322114262868
50,5,Ellipse+PAC,,,True,0,,0.13415612513199449,36.0996664079069,0.982,188.45273974584654,1.0,285.4805810036516,188.77310396937978,4.763554183876725,0.0,4.768691672605022
50,5,Bayesian stacking,,,True,0,,0.02500433288514614,35.61833514598201,0.478,52.202555857063224,0.6605,78.7481980285446,515.0523512224057,7.962717962531673,0.0,6.720538514409735
50,5,pacm,1.0,1.0,True,0,1.45640048642555,0.004972999915480614,35.11324379217227,0.646,69.28423903023511,0.946,113.9906810091413,273.88098253698854,5.684196043453356,0.0,5.649291100294904
50,5,pacm,0.3,1.0,True,0,2.063487704991716,0.009149541147053242,35.11156562824661,0.1195,20.81539570488761,0.273,34.24676614892803,898.7987946999204,24.09172744246044,0.0,8.776467854006093
50,5,pacm,0.1,1.0,True,0,15.938795676320915,0.020944333169609308,35.111418344913695,0.0425,6.939368452098785,0.0645,11.417074744559073,1166.2218209456198,195.38825672380358,0.0,9.874934566618522
50,5,pacm,0.03,1.0,True,0,183.9340161579686,0.0411768751218915,35.11140245082969,0.015,2.081762021801749,0.0215,3.4250426054415013,1265.1068310580974,2155.506268586075,0.0,10.168931839063642
50,5,pacm,0.01,1.0,True,0,1669.3522741273207,0.12116183340549469,35.11140077275745,0.006,0.6942179100685358,0.0075,1.1421698996061942,1293.950066947701,19399.25833502255,0.0,10.288491662051085
50,5,pacm,0.003,1.0,True,0,18576.14843916843,0.25418504187837243,35.11140027163267,0.0025,0.20796671223022045,0.0035,0.34215959482516206,1304.1071126706752,217509.2087001345,0.0,10.329076321707637
50,5,pacm,1.0,4.0,True,0,1.4242413659399622,0.026042750105261803,36.712331999650125,0.8235,93.46399443356347,1.0,153.7726981553071,135.80629527781815,5.046186728108501,0.0,5.047990546728675
50,5,pacm,0.3,4.0,True,0,1.2163048644277952,0.05113000003620982,38.047698707661944,0.7775,107.4866542508758,0.9765,176.8436384515179,156.54067403399753,5.067715008207433,0.0,5.065475769186334
50,5,pacm,0.1,4.0,True,0,4.131251246117148,0.11489845812320709,38.029029304389795,0.9595,136.47405259139222,1.0,224.53548473241233,138.76423210047773,4.864334983211289,0.0,4.869196847853283
50,5,pacm,0.03,4.0,True,0,42.64400275098248,0.1683002500794828,37.72131184753304,1.0,137.56367933275592,1.0,226.32820550170035,137.56367933275592,4.884613887930047,0.0,4.889567391405391
50,5,pacm,0.01,4.0,True,0,389.1852508037,0.2422152911312878,37.753465472101595,1.0,137.74420601594665,1.0,226.62521907715805,137.74420601594665,4.88316737849301,0.0,4.888129895827317
50,5,pacm,0.003,4.0,True,0,4343.504116201338,0.18671141704544425,37.803319854781435,1.0,138.1053817712434,1.0,227.21944758982596,138.1053817712434,4.884293777627715,0.0,4.889244913110067
50,5,pacm,1.0,16.0,True,0,1.4210280308957168,0.050485209096223116,37.244076558044526,0.8265,94.62687383045771,1.0,155.68593868791405,139.01155795280485,5.0345125129897506,0.0,5.0362735470165205
50,5,pacm,0.3,16.0,True,0,0.9699683889451043,0.11318195797502995,55.33281414491055,0.82,117.75733343985118,1.0,193.74159001401986,141.40968465819398,4.830914688652015,0.0,4.833676373819991
50,5,pacm,0.1,16.0,True,0,1.2030854786434766,0.2342967502772808,36.134500942762386,0.927,136.06212916620052,1.0,223.8577630395937,150.8933822609874,4.757736525798656,0.0,4.7623011975256615
50,5,pacm,0.03,16.0,True,0,4.375526409287086,0.3577948329038918,35.293657494192516,0.9995,145.34211734748277,1.0,239.12576897207595,145.36208911806204,4.819318586850058,0.0,4.8246980218633375
50,5,pacm,0.01,16.0,True,0,51.062141089413515,0.31501937517896295,35.26700640593913,1.0,177.25903125258947,1.0,291.63743400119677,177.25903125258947,4.966168633244566,0.0,4.971025832966061
50,5,pacm,0.003,16.0,True,0,438.568351616741,0.24856358394026756,35.16230245710367,0.977,149.44518283903565,0.986,245.87638406367145,187.47880798576645,5.004405224734228,0.0,4.9354696237075135
50,5,pacm,1.0,64.0,True,0,1.4196815573874355,0.1564369169063866,37.251810036783034,0.8295,95.14024224842433,1.0,156.53056390703586,136.0193698700051,5.01845870805963,0.0,5.020614385640656
50,5,pacm,0.3,64.0,True,0,0.9164685627064619,0.27641341695562005,55.71172571630095,0.828,115.83873892619799,1.0,190.58500060417887,141.0934271623071,4.859586833783686,0.0,4.860556087695826
50,5,pacm,0.1,64.0,True,0,0.8400452621122971,0.6556424591690302,53.60834737238419,0.8795,131.81245848295646,1.0,216.86594409161953,146.30862548544152,4.829139571412544,0.0,4.832718184433341
50,5,pacm,0.03,64.0,True,0,1.6442163495568964,1.444118541199714,35.91715455213683,0.984,211.73299722501545,1.0,348.356117980217,211.8868383568726,4.799615681321518,0.0,4.804079204346776
50,5,pacm,0.01,64.0,True,0,5.963908227588056,1.3661547908559442,35.28778281334866,1.0,217.17131381540347,1.0,357.30357010437336,217.17131381540347,5.071640543030398,0.0,5.076165757075621
50,5,pacm,0.003,64.0,True,0,76.8617518814337,0.8963428339920938,35.79918984473098,1.0,227.3421121633845,1.0,374.03719157905056,227.3421121633845,5.05344625699847,0.0,5.057479739147667
50,5,pac2t,1.0,16.0,True,0,1.436382002775976,0.11149345897138119,35.25249629253974,0.75,83.23282703261589,1.0,136.93975381072687,170.136362849322,5.20288096360873,0.0,5.201225417632915
50,5,pac2t,0.3,16.0,True,0,1.9514998980542702,0.2299483329989016,35.12371794953469,0.2385,32.6691981674781,0.4265,53.74936925421524,698.8846505872943,11.135001001567257,0.0,7.9244909276064215
50,5,pac2t,0.1,16.0,True,0,15.67010472758227,0.4650889579206705,35.11928793686839,0.064,11.202955617172572,0.097,18.43178994228975,1083.3279604069112,73.71348306116273,0.0,9.640492962678294
50,5,pac2t,0.03,16.0,True,0,183.52923680207357,2.968308666255325,35.11327398281706,0.018,2.977735903511077,0.029,4.899153808393159,1246.8716863099285,1037.1429878525305,0.0,10.112661904962733
50,5,pac2t,0.01,16.0,True,0,1668.8749973662575,8.531714209355414,35.112200889374336,0.007,0.8777985764266748,0.0095,1.4442080755489806,1290.1687712382168,12451.270465553835,0.0,10.270731209896178
50,5,pac2t,0.003,16.0,False,0,18575.685223398435,19.949878165964037,35.11168207064453,0.0025,0.297123476977278,0.004,0.4888457744287773,1302.1932517516213,244426.61924410562,0.0,10.32487373510217
50,5,pac2t_ensemble,1.0,16.0,True,0,1.0862139742624928,0.01324258279055357,35.11910339143723,0.015,1.9897246883800541,0.0155,2.109128443527812,1266.9303612970202,,,
50,5,pac2t_ensemble,0.3,16.0,True,0,1.4874796557413337,0.14295837515965104,34.95787852470746,0.132,20.945683322307755,0.1775,27.038061397631754,890.538980243807,,,
50,5,pac2t_ensemble,0.1,16.0,True,0,14.897175617789546,0.013149334117770195,35.115686379621756,0.048,7.921322158655117,0.062,11.065825352847856,1119.8016822764953,,,
50,5,pac2t_ensemble,0.03,16.0,True,0,182.63003862707802,0.02962683280929923,35.11206892395022,0.0105,1.5643044954242433,0.013,1.9485815107016649,1272.3460444206885,,,
50,5,pac2t_ensemble,0.01,16.0,True,0,1667.8808742143472,0.05387262487784028,35.110786075329045,0.005,0.5543005727442921,0.0055,0.6529895436576307,1297.0088857631554,,,
50,5,pac2t_ensemble,0.003,16.0,True,0,18574.499950710706,0.04669574974104762,35.11141987467519,0.001,0.10682572839359818,0.0015,0.14691244739915624,1306.2257210971845,,,
50,5,pvi,1.0,1.0,True,0,1.0861616237542107,1.4024525419808924,35.1186670039071,0.003,0.3020169465537569,0.006,0.4968968108163931,1301.8751446999768,127156.7977132048,0.0,10.31051489157208
50,5,pvi,0.3,1.0,True,0,1.572978247881414,1.3970809169113636,35.109102380756724,0.001,0.09078186502084117,0.001,0.1493598942825918,1306.5712821485815,1388071.8083743306,0.0,10.36028708369872
50,5,pvi,0.1,1.0,True,0,15.338440899699666,1.4162984159775078,35.11186285839646,0.0005,0.030986196482351253,0.001,0.05098039162073963,1307.7890446686004,12276190.203982178,0.0,10.361660829557255
50,5,pvi,0.03,1.0,True,0,183.21329463718325,1.4090130827389657,35.11063970660971,0.0,0.015951876720524255,0.0,0.026245006313094076,1308.1148733223868,48001308.021753445,0.0,10.367652300781632
50,5,pvi,0.01,1.0,True,0,1668.522309017558,1.4061360419727862,35.11280743758465,0.0,0.013074861182295715,0.0,0.021511563829393683,1308.1496451041023,74759190.29378106,0.0,10.373491181781866
50,5,pvi,0.003,1.0,True,0,18575.206463552975,1.3975756666623056,35.11237424784754,0.0,0.014184984486718186,0.0,0.02333800680179983,1308.103276112406,63126778.86336755,0.0,10.373491181781866
50,5,pvi,1.0,16.0,True,0,1.0861607548202565,1.8439515409991145,35.11654702837595,0.005,0.39927285872982565,0.006,0.6569082046959952,1300.1110048047829,80661.71232593818,0.0,10.304884436857854
50,5,pvi,0.3,16.0,True,0,0.6911823482565982,1.864685459062457,49.52658915428646,0.4745,96.66081228480631,0.5275,159.03229902595297,325.98638827483643,1053.123887523991,0.0,7.579063473821474
50,5,pvi,0.1,16.0,True,0,1.0599442011974665,1.9107869588769972,39.53119506342401,0.949,116.17652509256348,0.9595,191.14074713006335,124.67499883830641,7.409037141421033,0.0,4.930325654109525
50,5,pvi,0.03,16.0,True,0,6.687723275547383,1.9837757921777666,35.90950349569553,0.9935,132.58241282489183,1.0,218.13272021576816,133.63602367138049,4.861376599833418,0.0,4.866605661357518
50,5,pvi,0.01,16.0,True,0,55.657389194074625,2.0099927498959005,36.041267330954184,1.0,136.87139994853507,1.0,225.1892249837599,136.87139994853507,4.895073958220303,0.0,4.900319008526215
50,5,pvi,0.003,16.0,True,0,642.3359929730129,1.9294390408322215,35.7724997083823,1.0,134.56619778714128,1.0,221.39656495142046,134.56619778714128,4.871240498810766,0.0,4.876578632007758
50,6,POPS ellipse,,,True,0,0.29633934513437676,0.004926959052681923,37.52441523004419,0.956,106.39880892193925,1.0,137.32972744315228,110.9538721597682,4.592446944192287,0.0,4.597834979414291
50,6,Ellipse+EB,,,True,0,0.29633934513437676,0.005288290791213512,37.5244152300442,1.0,122.80757385394614,1.0,177.936981669043,122.80757385394614,4.626881828388102,0.0,4.632433676210534
50,6,Ellipse+PAC,,,True,0,,0.12589249992743134,37.46560065669242,1.0,129.56474685910766,1.0,189.04307780830445,129.56474685910766,4.623151868928416,0.0,4.6286561490879174
50,6,Bayesian stacking,,,True,0,,0.025068667251616716,37.43372667401545,0.4405,43.057844575525166,0.6405,67.51736209609581,615.0360617413752,8.86514565870041,0.0,6.6250130802220495
50,6,pacm,1.0,1.0,True,0,1.4269868424699972,0.003939708229154348,36.43057167400746,0.6105,66.37524037435628,0.867,109.20461793794847,378.5403059191771,5.964705467118283,0.0,5.828866488393302
50,6,pacm,0.3,1.0,True,0,1.7643753303955565,0.00756049994379282,36.4309417059737,0.179,19.940745541798684,0.2965,32.8077380361742,938.650832192699,27.516871187466624,0.0,8.465101131149206
50,6,pacm,0.1,1.0,True,0,13.268719707285971,0.019338249694555998,36.430985549806515,0.033,6.647731114747757,0.0635,10.937255103647248,1189.719953366218,226.46249012840588,0.0,9.88722759482539
50,6,pacm,0.03,1.0,True,0,154.29423090264177,0.04417670890688896,36.43099108255483,0.0055,1.9941835357400024,0.0155,3.280953106766752,1285.0341445073616,2501.1231231131915,0.0,10.234672431054543
50,6,pacm,0.01,1.0,True,0,1402.6161437655687,0.15848195785656571,36.430991458553706,0.0025,0.6644314325533643,0.004,1.0931633592393997,1312.7762202980093,22509.64141916985,0.0,10.329487414176816
50,6,pacm,0.003,1.0,True,0,15612.44148361002,0.35139137506484985,36.43099106843212,0.0005,0.19237257578643335,0.002,0.3165031647646257,1322.6554817926617,268890.1661854981,0.0,10.351094310475347
50,6,pacm,1.0,4.0,True,0,1.4073716968583447,0.02462533302605152,36.48915672778864,0.7065,82.28244195942499,0.988,135.37612197713372,255.7597436710126,5.345369094438829,0.0,5.327713373651438
50,6,pacm,0.3,4.0,True,0,1.1308966727225123,0.06650087516754866,37.88745195625094,1.0,110.05737498016899,1.0,181.0731459227419,110.05737498016899,4.696809880911636,0.0,4.701622862505925
50,6,pacm,0.1,4.0,True,0,3.640550127605949,0.13585350010544062,36.82597989773876,1.0,113.38596453749098,1.0,186.54954568912262,113.38596453749098,4.684605196289378,0.0,4.689556790142063
50,6,pacm,0.03,4.0,True,0,39.428325858325096,0.11939712474122643,36.1624843078346,0.9825,117.92974369554288,1.0,194.02524994497014,118.51562652750832,4.856057771814774,0.0,4.860807689556279
50,6,pacm,0.01,4.0,True,0,352.58473534657924,0.15697845816612244,36.30814505552147,0.9975,116.58137642393686,1.0,191.8068333802196,116.73306089836478,4.840010293519315,0.0,4.844837751429011
50,6,pacm,0.003,4.0,True,0,4050.873811324715,0.08955324999988079,36.9147768175381,0.997,117.90106296663456,1.0,193.97806265005485,118.14060721054074,4.807474470498442,0.0,4.812520838986024
50,6,pacm,1.0,16.0,True,0,1.4023511065199665,0.051249874755740166,36.45880981990702,0.7375,88.36384520884434,1.0,145.38161972951573,207.8472653156736,5.175649534862615,0.0,5.171354042285561
50,6,pacm,0.3,16.0,True,0,0.9016359577899129,0.14619695814326406,39.077506987783956,1.0,129.71176829851052,1.0,213.40975971165236,129.71176829851052,4.6669105464451315,0.0,4.672089650953735
50,6,pacm,0.1,16.0,True,0,0.9852560768340766,0.18331583263352513,37.66836017457193,0.9685,128.4766876796153,1.0,211.37772929868038,129.28741422310176,4.672320282356961,0.0,4.677686344747521
50,6,pacm,0.03,16.0,True,0,4.130848036270634,0.29211258282884955,36.80541832604282,1.0,148.97618342328286,1.0,245.1047574492662,148.97618342328286,4.814812454333315,0.0,4.820097347561247
50,6,pacm,0.01,16.0,True,0,37.919835370787865,0.3276833752170205,38.281082515313265,1.0,143.0573664904566,1.0,235.3667566804785,143.0573664904566,4.854377046918691,0.0,4.8594636731842495
50,6,pacm,0.003,16.0,True,0,438.6049727336986,0.39716883283108473,37.56416327229001,1.0,152.01433549182687,1.0,250.10331163922461,152.01433549182687,4.852901240143366,0.0,4.858083154790434
50,6,pacm,1.0,64.0,True,0,1.4052409179022893,0.1456443746574223,36.153842436790704,0.7365,86.99621425427759,1.0,143.13150937162882,207.05368832038664,5.177182902857642,0.0,5.1728085007323585
50,6,pacm,0.3,64.0,True,0,0.8909528534760742,0.47841720934957266,38.180755863089374,1.0,119.83894507178894,1.0,197.16638518882988,119.83894507178894,4.671268956537427,0.0,4.676161457579747
50,6,pacm,0.1,64.0,True,0,0.6778097003907924,0.7076003332622349,40.165099372672394,0.979,139.8473829153073,1.0,230.08549475307612,140.1214845919298,4.655636885978627,0.0,4.660622058418919
50,6,pacm,0.03,64.0,True,0,0.8506375997942959,1.9938468746840954,37.371603973216324,1.0,140.5173783599446,1.0,231.1878123663777,140.5173783599446,4.626688501078904,0.0,4.631990476086472
50,6,pacm,0.01,64.0,True,0,6.488194463600933,1.48037666734308,35.50805106163325,1.0,229.1757371177896,1.0,377.0539838566821,229.1757371177896,5.071269661094433,0.0,5.075377084065863
50,6,pacm,0.003,64.0,True,0,35.01652488799691,1.1678662919439375,37.06121124877876,1.0,176.1060378741484,1.0,289.7404585527088,176.1060378741484,4.905435746762833,0.0,4.91053804430753
50,6,pac2t,1.0,16.0,True,0,1.410165150998683,0.10851370776072145,36.1732257989772,0.689,79.23949807107317,0.964,130.36968399122387,258.6012263970681,5.377295609332761,0.0,5.352614247096804
50,6,pac2t,0.3,16.0,True,0,1.6705394308095167,0.21053308295086026,36.296154130059705,0.2675,30.970208201046308,0.486,50.954086719370025,753.1107840609574,12.611511893921065,0.0,7.594067742872034
50,6,pac2t,0.1,16.0,True,0,13.02711830221649,0.49237266601994634,36.381806682720544,0.063,11.167336313400417,0.171,18.373186878290046,1101.2439186311994,85.36920764383927,0.0,9.276890271329375
50,6,pac2t,0.03,16.0,True,0,153.8946563739505,1.4559426666237414,36.423963315218444,0.0135,3.0583752701489963,0.024,5.031826642039942,1263.039733155057,1149.2205501249034,0.0,10.166346600329616
50,6,pac2t,0.01,16.0,True,0,1402.1315340728947,8.252433124929667,36.43077376420385,0.0025,0.8894690445546803,0.0055,1.463409045758472,1308.0747425285167,13222.346974681443,0.0,10.322692326380475
50,6,pac2t,0.003,16.0,False,0,15611.912009957445,19.960047208704054,36.43078129660731,0.001,0.2135844997090946,0.002,0.3514023234665494,1322.207377064567,219413.67298695154,0.0,10.349977438315355
50,6,pac2t_ensemble,1.0,16.0,True,0,1.059680875040467,0.005562374833971262,36.43057171596567,0.0,6.188776160849864e-05,0.0,7.037291300215056e-05,1326.0141498923763,,,
50,6,pac2t_ensemble,0.3,16.0,True,0,1.216578849501352,0.21581808291375637,36.57969139742494,0.113,18.961527393932926,0.1465,24.53742564543854,937.883582220848,,,
50,6,pac2t_ensemble,0.1,16.0,True,0,12.323147301464449,0.03826162498444319,36.36446769120132,0.0765,8.682659104613471,0.0935,10.634467189804477,1132.6997460536863,,,
50,6,pac2t_ensemble,0.03,16.0,True,0,152.9611709138638,0.016825707629323006,36.42412811993448,0.006,1.6048141656182857,0.0075,2.1329498369271844,1289.5176200246456,,,
50,6,pac2t_ensemble,0.01,16.0,True,0,1401.111807781709,0.059757167007774115,36.430883976917094,0.002,0.386183966137553,0.002,0.4822549395943193,1318.3364644348355,,,
50,6,pac2t_ensemble,0.003,16.0,True,0,15610.783591790858,0.06064079189673066,36.43148808279497,0.0005,0.10930241826353244,0.0005,0.144170162835337,1324.3559809387275,,,
50,6,pvi,1.0,1.0,True,0,1.0594884801240942,1.3951072501949966,36.419844107531155,0.0015,0.28932453662006036,0.003,0.4760144792466131,1320.2978988499412,143009.95813366078,0.0,10.343315829416664
50,6,pvi,0.3,1.0,True,0,1.2766088478353685,1.4352226248010993,36.43604727565399,0.0005,0.08568349126676622,0.0005,0.1409717369700386,1325.0649334132404,1649425.1940197202,0.0,10.36450908581148
50,6,pvi,0.1,1.0,True,0,12.671107604941856,1.4135378748178482,36.43199985046551,0.0,0.029527975156071178,0.0005,0.048581236425108615,1326.0895532166278,13957435.944192335,0.0,10.367881980829234
50,6,pvi,0.03,1.0,True,0,153.5762541383373,1.4211680828593671,36.43239805079214,0.0,0.014747131777044247,0.0,0.024262886014570363,1326.4857147601247,55779077.930936046,0.0,10.373491177060659
50,6,pvi,0.01,1.0,True,0,1401.7888722096914,1.4088844591751695,36.42942269743882,0.0,0.011259337527465281,0.0005,0.01852455292043362,1326.3504269858802,95732110.0761669,0.0,10.368530830786014
50,6,pvi,0.003,1.0,True,0,15611.501470187106,1.409934958908707,36.43428238081165,0.0,0.012280529860076326,0.0,0.020204681201626697,1326.6487580956095,79121045.878212,0.0,10.373491181781866
50,6,pvi,1.0,16.0,True,0,1.0594874013892355,1.8385182498022914,36.434628622208585,0.0015,0.32549838359746963,0.0025,0.5355299117517746,1319.9870459392093,112548.11156097168,0.0,10.342741087056577
50,6,pvi,0.3,16.0,True,0,0.6844872944556482,1.8775951671414077,37.320774253838856,0.8915,100.31169378505159,0.9775,165.0389532711562,117.84363866311358,11.800969368794549,0.0,4.930368135170516
50,6,pvi,0.1,16.0,True,0,0.881260221490372,1.9014524999074638,37.17406502956734,0.9695,122.85837465294706,0.9785,202.13413599381883,125.39918083008544,8.925015909231307,0.0,4.808646895079268
50,6,pvi,0.03,16.0,True,0,6.239778976926863,2.011968499980867,35.60006045408148,1.0,139.3369244561754,1.0,229.24565717677288,139.3369244561754,4.947957241248498,0.0,4.953063035068195
50,6,pvi,0.01,16.0,True,0,54.03583525826962,2.0050094588659704,36.00836008743799,1.0,137.27350410146454,1.0,225.8507914073881,137.27350410146454,4.935481011430419,0.0,4.940541977758461
50,6,pvi,0.003,16.0,True,0,635.3894483535817,1.9529297091066837,35.513345854820045,1.0,134.21493661259197,1.0,220.81864851531043,134.21493661259197,4.880759288907683,0.0,4.886044824462398
50,7,POPS ellipse,,,True,0,1.072439568703865,0.007279625162482262,40.45109164966145,1.0,192.07863060681208,1.0,247.91730524201682,192.07863060681208,4.730618994472193,0.0,4.735205832057735
50,7,Ellipse+EB,,,True,0,1.072439568703865,0.0072807916440069675,40.45109164966144,1.0,199.70072008749895,1.0,266.23993916948933,199.70072008749895,4.771465461522759,0.0,4.77596120065277
50,7,Ellipse+PAC,,,True,0,,0.13234437489882112,42.96160061134773,1.0,622.4963124798893,1.0,1032.6058851917016,622.4963124798893,4.8866613263289755,0.0,4.889915671897445
50,7,Bayesian stacking,,,True,0,,0.032078624702990055,40.06816680725921,0.437,53.24774457748961,0.683,82.35041687394883,577.3472533708708,8.033692470405303,0.0,6.6986280203153665
50,7,pacm,1.0,1.0,True,0,1.5629376379785405,0.004584167152643204,39.64237729424324,0.418,59.51656869455686,0.8435,97.92031047435253,460.8006051790855,6.9009671190092465,0.0,6.363902749797029
50,7,pacm,0.3,1.0,True,0,3.2818292029423346,0.0095210000872612,39.63931029591027,0.0845,17.8887434158083,0.153,29.431658237249465,1125.0133850780908,39.02388556184509,0.0,9.383490239169786
50,7,pacm,0.1,1.0,True,0,26.9314183198582,0.016811915673315525,39.63904294214992,0.031,5.963921373762284,0.0495,9.812209362413043,1360.3819129340575,330.8914367731997,0.0,9.993555698006904
50,7,pacm,0.03,1.0,True,0,306.10910720098303,0.051300458144396544,39.639012650950555,0.01,1.7892861403886706,0.0135,2.9438433403896545,1446.2349400836708,3661.8582913734754,0.0,10.231502629168197
50,7,pacm,0.01,1.0,True,0,2768.955660391728,0.09538208320736885,39.63900946425921,0.003,0.5961413328636563,0.0045,0.9808082972690303,1471.105623334539,32982.73010889914,0.0,10.320077658318887
50,7,pacm,0.003,1.0,True,0,30793.998820390498,0.17261991696432233,39.639009798881894,0.001,0.17375757437052466,0.0015,0.28587662230581906,1479.9506063490824,387713.7160688728,0.0,10.35757968499438
50,7,pacm,1.0,4.0,True,0,1.5150019581672578,0.030137457884848118,40.80585002066535,0.787,93.88782313454273,1.0,154.47000713830343,194.85863278323757,5.298927566485771,0.0,5.291166122579243
50,7,pacm,0.3,4.0,True,0,1.7481652013228302,0.07375029195100069,38.89537897083875,0.968,134.18743160900016,1.0,220.77339559582077,135.12475765931046,4.838342868273148,0.0,4.843250149749436
50,7,pacm,0.1,4.0,True,0,7.422328957155571,0.11968454206362367,37.42143163775896,1.0,132.15286553384666,1.0,217.42600265752733,132.15286553384666,4.97026069239423,0.0,4.975061320683912
50,7,pacm,0.03,4.0,True,0,78.08817582921188,0.1855760421603918,37.27032133527355,0.9885,132.10229673736768,1.0,217.34280377089547,132.20580661971803,4.971340421722155,0.0,4.976150187395258
50,7,pacm,0.01,4.0,True,0,707.9917570518859,0.18334329221397638,37.25517242478306,0.9925,132.23426496429116,1.0,217.55992599478265,132.25808056196152,4.971232183016131,0.0,4.976049185418126
50,7,pacm,0.003,4.0,True,0,8002.083539533717,0.16498829191550612,37.21021966561626,0.9585,127.09870142265065,1.0,209.1105817619355,129.79853727184337,4.983912884134314,0.0,4.988521813374913
50,7,pacm,1.0,16.0,True,0,1.4954377230218268,0.05783712491393089,44.803983725646425,0.9045,105.06092704467997,1.0,172.85268322061762,168.50093217554615,5.0520325407709805,0.0,5.051912433358222
50,7,pacm,0.3,16.0,True,0,1.2349621440675862,0.11647129198536277,52.57455797506502,0.9105,167.51032199618842,0.9565,275.598259397398,194.50789262351697,4.9774721019208155,0.0,4.969327522520333
50,7,pacm,0.1,16.0,True,0,1.8610654203331305,0.22919683391228318,37.77757343119731,1.0,154.5669403351481,1.0,254.30301374334158,154.5669403351481,4.652427980279523,0.0,4.657868559208171
50,7,pacm,0.03,16.0,True,0,8.08478527797015,0.5421051671728492,36.87859070281014,1.0,179.28718462716157,1.0,294.9742763710404,179.28718462716157,5.028608745336227,0.0,5.033530383729242
50,7,pacm,0.01,16.0,True,0,63.59308859912461,1.716892915777862,37.14730562942024,1.0,176.4014029868242,1.0,290.2264113583038,176.4014029868242,5.030666759558353,0.0,5.035617289876438
50,7,pacm,0.003,16.0,True,0,763.2738534896628,0.5098183341324329,36.72744705545251,1.0,180.44051265273785,1.0,296.8718024015276,180.44051265273785,5.0124120198477655,0.0,5.017385138865095
50,7,pacm,1.0,64.0,True,0,1.4928333505172522,0.19763108436018229,45.56112302588064,0.9125,105.92300435320075,1.0,174.27102570162444,170.12035796814789,5.052156042150342,0.0,5.051972727567276
50,7,pacm,0.3,64.0,True,0,1.1408745758705723,0.2764066671952605,55.06785842811526,0.891,135.66313277603155,0.9335,223.20130969793684,173.58109496533896,5.154560412206878,0.0,5.106675185775235
50,7,pacm,0.1,64.0,True,0,1.1631897838070562,0.755561166908592,55.189031880303666,1.0,144.19257774354432,1.0,237.23447588530715,144.19257774354432,4.686196952304914,0.0,4.690239501292961
50,7,pacm,0.03,64.0,True,0,2.18787846936782,1.5047317501157522,36.2262396053382,1.0,216.99079144881253,1.0,357.0065636308506,216.99079144881253,4.889977086595864,0.0,4.8944748266274
50,7,pacm,0.01,64.0,True,0,11.959469196377663,1.516789040993899,35.24762857490429,1.0,199.62242370337813,1.0,328.4310593743156,199.62242370337813,4.908905525387883,0.0,4.91340715712129
50,7,pacm,0.003,64.0,True,0,100.07327640396838,1.2445291657932103,34.50213700097241,1.0,206.61545897171735,1.0,339.93643005769803,206.61545897171735,4.991817761711063,0.0,4.996157315504033
50,7,pac2t,1.0,16.0,True,0,1.5403997363171036,0.12839066609740257,39.62231380799237,0.5975,71.45265804638836,0.916,117.55829701855744,334.5537906432189,6.007375998801028,0.0,5.814352167636968
50,7,pac2t,0.3,16.0,True,0,3.1428223626086313,0.2263489169999957,39.39240219276931,0.1575,29.26946058948869,0.3255,48.15591239892292,909.2511493509581,17.0917402094934,0.0,8.55529581253282
50,7,pac2t,0.1,16.0,True,0,26.606455192234225,0.5264397081919014,39.59220069318822,0.049,9.418180404310633,0.077,15.495368256636473,1288.903518652079,146.56517758398138,0.0,9.809271224968965
50,7,pac2t,0.03,16.0,True,0,305.6493355371568,2.9376063332892954,39.63486469196557,0.0115,2.3699354777415453,0.021,3.899163256128016,1433.8127442356567,2202.525840181168,0.0,10.182783280668147
50,7,pac2t,0.01,16.0,True,0,2768.435553199521,11.283113583922386,39.63855071146432,0.003,0.6848493762466141,0.0055,1.126756212952986,1469.1599032600018,25902.305214132266,0.0,10.303775814630074
50,7,pac2t,0.003,16.0,True,0,30793.51615869412,6.620849458966404,39.639291693690886,0.001,0.16055126329057826,0.0015,0.2641487890396603,1480.2256620491228,2869395.875325707,0.0,10.35655973134609
50,7,pac2t_ensemble,1.0,16.0,True,0,1.194915667660903,0.048363249748945236,39.90499421820886,0.042,9.136169003196189,0.0425,9.224617796685779,1297.916531457662,,,
50,7,pac2t_ensemble,0.3,16.0,True,0,2.6462028054787967,0.15381466690450907,39.28180718551341,0.1255,22.846630716333973,0.154,26.97458122826489,943.0559381913573,,,
50,7,pac2t_ensemble,0.1,16.0,True,0,25.796643239811846,0.02168108383193612,39.5617379107584,0.038,7.128768052488591,0.052,9.346352520693006,1326.237494155014,,,
50,7,pac2t_ensemble,0.03,16.0,True,0,304.7143578362998,0.0518677500076592,39.639782873727775,0.006,1.1572265188907231,0.0085,1.454091777297851,1457.7792323632843,,,
50,7,pac2t_ensemble,0.01,16.0,True,0,2768.3159595304164,0.009358750190585852,39.63977211866837,0.0105,2.4702810027162196,0.012,2.8259934521184182,1433.3351558219902,,,
50,7,pac2t_ensemble,0.003,16.0,True,0,30792.315268462826,0.06394987506791949,39.63902019626679,0.0,0.058555922934113734,0.0,0.07682316806693677,1482.4585730230644,,,
50,7,pvi,1.0,1.0,True,0,1.196122138517136,1.4471262921579182,39.67844762235172,0.002,0.25627835745581706,0.002,0.4216448777267301,1479.3838596071298,228405.1275504107,0.0,10.350644072365743
50,7,pvi,0.3,1.0,True,0,2.7947641576850226,1.4490777920000255,39.63575387105753,0.0005,0.080361369493207,0.001,0.1322154556876989,1481.9610284941994,2318514.6971240304,0.0,10.362528087621245
50,7,pvi,0.1,1.0,True,0,26.334509692723802,1.4426234578713775,39.6365999205942,0.0,0.027924671705381314,0.0,0.045943383216838746,1482.9647448818641,18967262.093251344,0.0,10.37314848353838
50,7,pvi,0.03,1.0,True,0,305.39183585255057,1.4343116250820458,39.64000809142289,0.0,0.013254560997821066,0.0,0.02180721699143576,1483.3176339668091,85552904.06440674,0.0,10.373491181781866
50,7,pvi,0.01,1.0,True,0,2768.1289874423346,1.463000874966383,39.6383423483306,0.0,0.010639603783006152,0.0,0.01750492894008792,1483.332422337054,142399025.98039433,0.0,10.373491181781866
50,7,pvi,0.003,1.0,True,0,30793.06066993733,1.416007457766682,39.64177883439352,0.0,0.011236760721496198,0.0,0.01848740817404603,1483.4355941162523,115165630.07192041,0.0,10.373491181781866
50,7,pvi,1.0,16.0,True,0,1.1961216526696279,1.8891003751195967,39.63129146713945,0.0025,0.4255705830668387,0.004,0.7001748342805196,1474.6449376414464,100161.41072692916,0.0,10.331858752611979
50,7,pvi,0.3,16.0,True,0,0.9868653745417659,1.921941832639277,50.40602926421231,0.669,125.92367625088079,0.6895,207.1773582552973,262.55062056778854,122.47154095916495,0.0,6.644304312507382
50,7,pvi,0.1,16.0,True,0,1.7151876523250018,1.8985676667653024,37.344448387563496,0.976,127.409397345776,0.984,209.62175775751092,128.9119382375851,5.316833771003421,0.0,4.7411381059168685
50,7,pvi,0.03,16.0,True,0,10.892967144618204,1.9883393747732043,36.32590620826014,1.0,148.18817299618158,1.0,243.80827434597037,148.18817299618158,4.915395239987249,0.0,4.92068012459742
50,7,pvi,0.01,16.0,True,0,100.29531964875936,1.921630292199552,35.732792188123135,1.0,147.30692901199345,1.0,242.3583976741781,147.30692901199345,4.892542866034879,0.0,4.89793958652173
50,7,pvi,0.003,16.0,True,0,1033.0559187954848,1.8464853749610484,36.351276723604705,1.0,151.3200588602583,1.0,248.96104512740618,151.3200588602583,4.951681630083337,0.0,4.956905420335373
50,8,POPS ellipse,,,True,0,0.6313702329594122,0.00424495805054903,35.5586148819072,1.0,131.04608177936635,1.0,169.14214431156645,131.04608177936635,4.751524987831299,0.0,4.757161701200147
50,8,Ellipse+EB,,,True,0,0.6313702329594122,0.004634459037333727,35.5586148819072,1.0,156.84770173210939,1.0,227.92403053725096,156.84770173210939,4.828106480376665,0.0,4.833597126382654
50,8,Ellipse+PAC,,,True,0,,0.12787349987775087,36.18104838289803,1.0,156.55643120114698,1.0,224.4952523608181,156.55643120114698,4.74981023577194,0.0,4.755387205922698
50,8,Bayesian stacking,,,True,0,,0.029311958234757185,34.920646068143185,0.493,53.391444222487756,0.722,84.10425436505886,467.23914579547323,7.391431198293625,0.0,6.400942139364954
50,8,pacm,1.0,1.0,True,0,1.4700098632000689,0.004651624709367752,34.951290812257604,0.6755,74.93910793427312,0.941,123.29441828635105,279.312912534345,5.701561467194581,0.0,5.641797989914329
50,8,pacm,0.3,1.0,True,0,2.2044016435346743,0.007961125113070011,34.961136716665905,0.123,22.515820119280267,0.2795,37.044408725569475,901.2856580461417,23.44327253001807,0.0,8.783875928686832
50,8,pacm,0.1,1.0,True,0,17.19885737740686,0.022597207687795162,34.962025061250664,0.0355,7.506302297994298,0.0645,12.349829092233428,1189.2003572794185,188.88577206011354,0.0,9.89166290002926
50,8,pacm,0.03,1.0,True,0,197.92438215244536,0.046342582907527685,34.96212612048046,0.0055,2.251750414735887,0.0135,3.704717939188848,1297.1170808967959,2082.6666060208217,0.0,10.247600821919612
50,8,pacm,0.01,1.0,True,0,1795.2574027599428,0.15890062507241964,34.96213513839788,0.003,0.750593453114343,0.0035,1.2349224019645921,1328.4830915533146,18739.30781343262,0.0,10.336201646379791
50,8,pacm,0.003,1.0,True,0,19975.084080512854,0.38047095807269216,34.962136175987474,0.0015,0.22075960284701746,0.0025,0.3632072433798036,1339.5687703609603,215614.10556837445,0.0,10.34865904023376
50,8,pacm,1.0,4.0,True,0,1.4454857677247706,0.029775999952107668,35.19041873084835,0.798,96.75727447502193,1.0,159.1910045397626,156.25573410281856,5.121013925118774,0.0,5.12173562536572
50,8,pacm,0.3,4.0,True,0,1.2964540578263204,0.06629337510094047,36.88543145565514,0.813,108.62049799427463,0.9825,178.70910774550242,148.20635954937495,4.969552068166566,0.0,4.96946637627988
50,8,pacm,0.1,4.0,True,0,4.362299973049547,0.10122195770964026,34.78207385738708,1.0,122.20308926593253,1.0,201.0560202698565,122.20308926593253,4.888627987491311,0.0,4.893617029966495
50,8,pacm,0.03,4.0,True,0,45.00153726715099,0.16618708334863186,34.80141062340648,0.945,122.66212397666821,1.0,201.81125234018003,128.28124525855813,4.929977529315303,0.0,4.934745079162691
50,8,pacm,0.01,4.0,True,0,412.4747029253475,0.11742237489670515,34.73608453728973,0.976,123.20683925179401,1.0,202.70745133199654,123.85549148758138,4.91397711239601,0.0,4.918885756794354
50,8,pacm,0.003,4.0,True,0,4579.436464908929,0.14834129204973578,34.81414854030916,0.9455,122.2821923029788,1.0,201.1861654397971,127.78350927884647,4.920456191947558,0.0,4.925226012457673
50,8,pacm,1.0,16.0,True,0,1.4346678865140738,0.056709999684244394,36.04125506824409,0.868,105.50425107188278,1.0,173.58206711045887,133.56666356014605,4.9913583839103755,0.0,4.994454148351017
50,8,pacm,0.3,16.0,True,0,1.0105826989790234,0.12418683432042599,48.72599701573767,0.9085,128.88932411481872,1.0,212.05662407931717,137.77066219069832,4.718017595009249,0.0,4.722422110739418
50,8,pacm,0.1,16.0,True,0,1.2135839053880622,0.3039930840022862,40.583041277643176,0.9095,141.14148038168065,0.931,232.2146233045166,166.50385510744096,5.9836279154172844,0.0,5.10978980128077
50,8,pacm,0.03,16.0,True,0,6.430543863782848,0.3230294589884579,35.00562236496853,1.0,193.55899077133304,1.0,318.4551274906523,193.55899077133304,4.961220548923165,0.0,4.965986627524686
50,8,pacm,0.01,16.0,True,0,35.73250319722511,0.38274633418768644,35.1511757687183,1.0,140.64484906592642,1.0,231.39753499286482,140.64484906592642,4.850585124295117,0.0,4.856082023107727
50,8,pacm,0.003,16.0,True,0,484.2356359215053,0.22289275005459785,34.695587645890136,1.0,157.15919436749564,1.0,258.56794912593324,157.15919436749564,4.860069448305797,0.0,4.865498783551549
50,8,pacm,1.0,64.0,True,0,1.43500435629171,0.16253716684877872,35.5324496100801,0.8615,105.79632670313059,1.0,174.0626078593813,140.99021384679415,5.014464010973663,0.0,5.01696827825458
50,8,pacm,0.3,64.0,True,0,0.9501963897788954,0.28416683292016387,60.69940692147206,0.8645,145.42057964542968,0.9655,239.2548599587376,175.17325019675306,4.973294562569813,0.0,4.969305799202094
50,8,pacm,0.1,64.0,True,0,0.8847077932858332,0.8646345841698349,65.50786552216337,0.899,168.49604420367584,0.9275,277.2200300524569,202.08862986745876,5.618622447110172,0.0,5.174800514344757
50,8,pacm,0.03,64.0,True,0,1.4845247837901532,1.8604220002889633,38.24925038999039,0.9165,202.18241764883362,0.937,332.6429184826245,222.66650089981454,5.881185388341249,0.0,5.205339750434354
50,8,pacm,0.01,64.0,True,0,6.570601493158579,1.663180666975677,36.22614887683355,1.0,220.15209349023354,1.0,362.20773171209214,220.15209349023354,5.062169139671485,0.0,5.066034680410841
50,8,pacm,0.003,64.0,True,0,78.55965382868104,1.0966282081790268,36.33802994169155,1.0,227.13760891985473,1.0,373.7007302954337,227.13760891985473,5.1017612704160875,0.0,5.105255476203336
50,8,pac2t,1.0,16.0,True,0,1.4522958974950164,0.1048154579475522,34.95058535849072,0.731,86.14343397602259,0.991,141.72846293523756,215.53471325470383,5.349256944233007,0.0,5.338680840404264
50,8,pac2t,0.3,16.0,True,0,2.0932703947403226,0.24038404086604714,34.98791456890523,0.222,34.5740311582491,0.467,56.8833173622678,696.7397469340426,11.23903033515702,0.0,7.790426616219638
50,8,pac2t,0.1,16.0,True,0,16.920529095329492,0.6217130837030709,34.97525447547233,0.064,11.87836814748896,0.107,19.543020077317628,1103.6375246635357,74.80689629634368,0.0,9.625542731036655
50,8,pac2t,0.03,16.0,True,0,197.50286446588203,2.0085834581404924,34.96365118082871,0.011,3.1119077689998287,0.022,5.119901593652883,1279.3459248384497,1046.702270956293,0.0,10.187566582875899
50,8,pac2t,0.01,16.0,True,0,1794.762108550538,9.287601332645863,34.962529395835645,0.0035,0.9116527323785208,0.0035,1.499907010053501,1325.1286280022798,12030.180960450463,0.0,10.32964398479723
50,8,pac2t,0.003,16.0,True,0,19974.872541095287,15.87171179195866,34.96220120810241,0.0015,0.20977268499573745,0.0025,0.3451308920250261,1339.7957279669731,275985.7130327228,0.0,10.346953270590438
50,8,pac2t_ensemble,1.0,16.0,True,0,1.0989180002942174,0.009171041194349527,34.951293046349576,0.0,5.231519086400388e-05,0.0,6.154821285721298e-05,1342.9380531591169,,,
50,8,pac2t_ensemble,0.3,16.0,True,0,1.6207551855966376,0.07324570883065462,34.91824708890149,0.1425,24.23195263965081,0.174,29.31734551590693,847.8171281385494,,,
50,8,pac2t_ensemble,0.1,16.0,True,0,16.12454356914258,0.01411720784381032,34.99435224597154,0.042,8.618828616866791,0.065,12.02053785045398,1134.7259844507118,,,
50,8,pac2t_ensemble,0.03,16.0,True,0,196.57146278152598,0.02166333282366395,34.96172370403565,0.0055,1.7535500197494538,0.011,2.4623509882272927,1301.7930855416776,,,
50,8,pac2t_ensemble,0.01,16.0,True,0,1794.1402460671627,0.009708417113870382,34.95502783117156,0.005,1.9028075589251383,0.0055,2.128723053849447,1304.7249155088327,,,
50,8,pac2t_ensemble,0.003,16.0,True,0,19973.788430894812,0.012054332997649908,34.962067434476985,0.003,0.5627658698819941,0.003,0.6660932648774648,1332.1513538868028,,,
50,8,pvi,1.0,1.0,True,0,1.0987522269490029,1.4518653750419617,34.9656989317445,0.001,0.32247074727498887,0.0025,0.5305486587124356,1338.0807464837767,126751.91763541571,0.0,10.350903768474994
50,8,pvi,0.3,1.0,True,0,1.7128719286591192,1.4101929999887943,34.958726034201305,0.0,0.09959431271894363,0.0,0.16385867392605072,1342.3933174457582,1305746.909544233,0.0,10.366342527298817
50,8,pvi,0.1,1.0,True,0,16.59748252220991,1.418969374615699,34.962444309919626,0.0,0.033697749320889966,0.0005,0.05544160471889279,1343.4753966866915,11462027.604081275,0.0,10.368413663512351
50,8,pvi,0.03,1.0,True,0,197.2026428402992,1.4395562917925417,34.9627391579121,0.0,0.01656227289529437,0.0,0.027249267550878087,1343.904379156639,48179621.35333645,0.0,10.373491181781862
50,8,pvi,0.01,1.0,True,0,1794.4262705750245,1.4377154996618629,34.96106080435462,0.0,0.014168205161758573,0.0,0.02331040042687495,1343.9303807330139,65893821.07579731,0.0,10.373491181781866
50,8,pvi,0.003,1.0,True,0,19974.14143350939,1.4198944582603872,34.96104603527964,0.0,0.013616174481300914,0.0,0.02240216568136754,1343.868894681178,76509001.51735887,0.0,10.373491181781866
50,8,pvi,1.0,16.0,True,0,1.0987512822384549,1.862434834241867,34.966333550626956,0.002,0.4191940164040987,0.0025,0.6896837155706967,1335.6992291467682,79873.70082190014,0.0,10.34411669365434
50,8,pvi,0.3,16.0,True,0,0.7265075666033436,1.883616375271231,47.343671344281184,0.497,112.2814500223393,0.5615,184.73233064095635,314.23967335619267,2271.2157763496116,0.0,7.421903430663664
50,8,pvi,0.1,16.0,True,0,1.1563857632486858,1.924373374786228,40.754841158117095,0.868,130.22344431699477,0.878,214.25160049131017,196.35090744211098,203.70875706053414,0.0,5.417593854519415
50,8,pvi,0.03,16.0,True,0,7.124051466470865,1.9809554172679782,35.181199955164246,1.0,159.964448602842,1.0,263.18332551119664,159.964448602842,4.9733198656321855,0.0,4.9785716822157
50,8,pvi,0.01,16.0,True,0,60.563518771348704,2.0270679173991084,34.90060428019364,1.0,152.07299807857984,1.0,250.19982692621483,152.07299807857984,4.926508390131909,0.0,4.931888550673738
50,8,pvi,0.003,16.0,True,0,700.8030891004968,1.9253859580494463,35.08355646413817,1.0,150.0965265794746,1.0,246.94801474884727,150.0965265794746,4.920063314312209,0.0,4.925446472968912
50,9,POPS ellipse,,,True,0,0.6557860735218974,0.0055991667322814465,36.14499701457953,1.0,128.7589579843523,1.0,166.19013676016172,128.7589579843523,4.567793521572589,0.0,4.573611992253747
50,9,Ellipse+EB,,,True,0,0.6557860735218974,0.005335249938070774,36.14499701457953,1.0,140.71244213929964,1.0,196.77771931755936,140.71244213929964,4.639552768580481,0.0,4.645249802874152
50,9,Ellipse+PAC,,,True,0,,0.12287679174914956,37.2066616714657,1.0,205.75522884503553,1.0,311.80913826258274,205.75522884503553,4.747455865796131,0.0,4.75232143034591
50,9,Bayesian stacking,,,True,0,,0.028185292147099972,36.09882038180086,0.4585,46.60539035801921,0.656,73.88781904146488,547.692483730677,7.907908140067696,0.0,6.645201353879622
50,9,pacm,1.0,1.0,True,0,1.5476409054836524,0.004520667251199484,36.01868069263616,0.5915,56.58538515767055,0.792,93.09774747576576,392.1765947341558,6.272091012320494,0.0,6.01969900639353
50,9,pacm,0.3,1.0,True,0,3.0746966340576667,0.008810250088572502,36.02241757909015,0.167,16.99420538411176,0.263,27.95990938283589,933.4004923056782,32.78596258882698,0.0,8.625248943485724
50,9,pacm,0.1,1.0,True,0,25.03748249202372,0.014491042122244835,36.022749932884565,0.0285,5.665272942136883,0.0795,9.320854639033096,1147.407784403927,275.3522668310192,0.0,9.783858006544046
50,9,pacm,0.03,1.0,True,0,285.0277458504068,0.06281004101037979,36.022788081690685,0.008,1.699682609921372,0.0115,2.796422114411644,1228.9974773902554,3045.8373262219716,0.0,10.257635140682684
50,9,pacm,0.01,1.0,True,0,2579.1936383992297,0.1483007911592722,36.02279128047835,0.0025,0.5659579943571253,0.003,0.9311488168497178,1252.6300042751986,27482.42700927245,0.0,10.32809454170036
50,9,pacm,0.003,1.0,True,0,28685.49417415279,0.13636595895513892,36.0227912395115,0.0005,0.16708283696164533,0.001,0.274894934790087,1260.9813052760708,315503.42703232326,0.0,10.359151927069512
50,9,pacm,1.0,4.0,True,0,1.5048314216123404,0.027332750149071217,38.38350767256093,0.768,85.19552164482816,1.0,140.16889940849285,177.64734378124268,5.064812031249092,0.0,5.062636694803252
50,9,pacm,0.3,4.0,True,0,1.457040428538567,0.058852207846939564,38.009743678440735,0.9425,104.41049025358721,1.0,171.7825447041549,109.52776461581225,4.704279566329312,0.0,4.708899231289911
50,9,pacm,0.1,4.0,True,0,6.3195331628530536,0.0979256252758205,36.28628543018974,0.9415,107.55896447727284,1.0,176.96260767260333,114.09463373164232,4.791979952050731,0.0,4.796466181357873
50,9,pacm,0.03,4.0,True,0,67.03235558967442,0.20207149954512715,35.95834368073654,0.985,111.18988990514495,1.0,182.93642896312704,113.47073067868827,4.811328064443407,0.0,4.8160835478167225
50,9,pacm,0.01,4.0,True,0,608.5142944771227,0.19317650003358722,35.95731107087616,0.993,111.4728397920503,1.0,183.4019554775443,113.70291064523963,4.810207875935524,0.0,4.814971929329314
50,9,pacm,0.003,4.0,True,0,6388.981977087545,0.8095522499643266,35.9276399291537,0.9835,106.74331332186033,1.0,175.62064834718174,122.18706548886065,4.815423382741032,0.0,4.818890853870473
50,9,pacm,1.0,16.0,True,0,1.4818860524540178,0.05786837497726083,39.767923800988896,0.8295,91.79126622571883,1.0,151.02062307698807,128.41569137573248,4.890460007974518,0.0,4.892974590736128
50,9,pacm,0.3,16.0,True,0,1.1368969178960255,0.12652583373710513,42.74677005948633,1.0,119.67074911685832,1.0,196.88965888406156,119.67074911685832,4.643911423423618,0.0,4.649023027322514
50,9,pacm,0.1,16.0,True,0,1.414041014634949,0.2865803330205381,36.743503661862626,0.973,125.34179902608021,1.0,206.22001814379055,139.57362759496644,4.670101198934865,0.0,4.674111690811626
50,9,pacm,0.03,16.0,True,0,9.53670104061435,0.32481304183602333,36.20571211209122,1.0,176.2674075702929,1.0,290.00595387769494,176.2674075702929,4.876073449570561,0.0,4.881173816711806
50,9,pacm,0.01,16.0,True,0,61.69238629725085,1.4613660420291126,36.196813100355925,0.9825,150.22577543785053,0.9885,247.16066290074983,173.87724356165813,4.85913477047623,0.0,4.8371446864655745
50,9,pacm,0.003,16.0,True,0,803.8226502214733,0.34384683379903436,35.81744966434198,1.0,157.67184699771482,1.0,259.4113966871356,157.67184699771482,4.807428606465909,0.0,4.812791149758582
50,9,pacm,1.0,64.0,True,0,1.4773541153661527,0.1586630418896675,41.13381181072282,0.859,94.30410880611672,1.0,155.15490586651717,126.16814525117542,4.8572340218676056,0.0,4.859883106173573
50,9,pacm,0.3,64.0,True,0,1.051659595217275,0.2905170419253409,59.77464388214865,0.929,142.15154894203474,1.0,233.87645007309004,145.71289629351216,4.685727812216451,0.0,4.690108089136852
50,9,pacm,0.1,64.0,True,0,1.0612127837832523,0.6900573330931365,37.32427732281493,0.9625,131.09900059247815,1.0,215.69211939576797,134.44589777748848,4.678971019219496,0.0,4.6841691724251
50,9,pacm,0.03,64.0,True,0,1.7229968054643696,0.9924177918583155,38.5767752254355,1.0,174.0783370283086,1.0,286.40436071090056,174.0783370283086,4.731897009899067,0.0,4.736672981487329
50,9,pacm,0.01,64.0,True,0,8.082863306418279,1.1422894592396915,35.52030724294491,0.9915,195.72963017871103,1.0,322.02639662394415,195.78574536191803,4.821647868729188,0.0,4.8259756611065265
50,9,pacm,0.003,64.0,True,0,79.27002540103126,1.4356193328276277,34.9638240581979,1.0,175.56879001090175,1.0,288.8565454050813,175.56879001090175,4.936212627169991,0.0,4.940916560986104
50,9,pac2t,1.0,16.0,True,0,1.522672753598536,0.10086150001734495,35.96061249012616,0.662,68.68641018177225,0.939,113.0070963076704,282.3074683766383,5.544408434010938,0.0,5.503881309338062
50,9,pac2t,0.3,16.0,True,0,2.9513275972189708,0.20787433302029967,35.93418263914463,0.2395,26.122941983702198,0.391,42.97906693302967,779.4208314002873,14.852268806071752,0.0,7.921598714913086
50,9,pac2t,0.1,16.0,True,0,24.75552191682265,0.4193254578858614,35.996146964480815,0.0815,9.027506701496284,0.1555,14.85260791085658,1082.8170772266938,114.29731490341294,0.0,9.296141072450377
50,9,pac2t,0.03,16.0,True,0,284.59532370258887,3.8619487918913364,36.01783426213778,0.01,2.4234360709774547,0.018,3.9871857146657086,1214.3445824708003,1648.7079386427113,0.0,10.204234649433998
50,9,pac2t,0.01,16.0,True,0,2578.6794613857815,10.360161665827036,36.021489074052376,0.0025,0.7126057513507005,0.005,1.1724227042754822,1249.6173543222897,18067.199744168076,0.0,10.322433810760199
50,9,pac2t,0.003,16.0,False,0,28685.489096146033,19.59988066693768,36.02426782603045,0.0,0.1164589114048142,0.001,0.1916053464168783,1262.068402893677,819783.7042955795,0.0,10.361820208329387
50,9,pac2t_ensemble,1.0,16.0,False,0,1.175407681634789,0.06393299996852875,36.289472262872465,0.041,7.364865694897542,0.041,7.379906878406231,1116.733867609744,,,
50,9,pac2t_ensemble,0.3,16.0,True,0,2.4512630958142894,0.07059491705149412,35.83451872925081,0.113,18.689828988380615,0.1525,23.63030934423596,896.5823512551151,,,
50,9,pac2t_ensemble,0.1,16.0,True,0,24.014284705622366,0.025521709118038416,35.99850077926409,0.0805,6.481982378397198,0.096,8.272523250611767,1116.6416548848422,,,
50,9,pac2t_ensemble,0.03,16.0,True,0,283.6606233009557,0.049400999676436186,36.01820188174058,0.0055,1.4126068358145702,0.0085,1.8340206096563716,1231.3474636606024,,,
50,9,pac2t_ensemble,0.01,16.0,True,0,2577.681725287748,0.041329334024339914,36.02239248139662,0.0015,0.4606680259770906,0.002,0.530881286171153,1254.4242222755433,,,
50,9,pac2t_ensemble,0.003,16.0,True,0,28683.810886406158,0.04684391710907221,36.02278080492913,0.0,0.06269960111322824,0.0005,0.08077228902985276,1263.1135750741796,,,
50,9,pvi,1.0,1.0,True,0,1.1771456036252004,1.392395416740328,36.02489163241411,0.001,0.2576936930036667,0.0025,0.4239734746084168,1258.8102437007876,141907.73172740225,0.0,10.35027518714547
50,9,pvi,0.3,1.0,True,0,2.5839131274892444,1.386093208566308,36.024262779217075,0.0005,0.07942531246712893,0.0005,0.13067539723631758,1262.896652304374,1522281.4009568742,0.0,10.367888421952532
50,9,pvi,0.1,1.0,True,0,24.43685096118853,1.3702193330973387,36.02198169307855,0.0,0.027152372697341876,0.0005,0.04467274950416026,1263.9679400222838,12816919.34118436,0.0,10.368546664899437
50,9,pvi,0.03,1.0,True,0,284.30675431910487,1.3841718747280538,36.02110332388806,0.0,0.013040810149133115,0.0,0.021455540980422662,1264.160080570702,58069287.47704436,0.0,10.373491181781866
50,9,pvi,0.01,1.0,True,0,2578.363331973531,1.3989287908188999,36.02200921279422,0.0,0.010602728088683275,0.0,0.017444258785267418,1264.1708098047766,81713941.49387594,0.0,10.373491181781866
50,9,pvi,0.003,1.0,True,0,28684.5489287834,1.4019819172099233,36.022559069150546,0.0,0.011623842061996095,0.0,0.019124258144935652,1264.2503837005327,71484660.51010287,0.0,10.373437262926812
50,9,pvi,1.0,16.0,True,0,1.1767184656575398,1.8774803751148283,36.54507683644693,0.1015,19.343989689292766,0.1575,31.825918693485985,910.7985674750045,8575.66131414707,0.0,9.452354273154835
50,9,pvi,0.3,16.0,True,0,0.8696400947987288,1.8974424172192812,44.09297942422415,0.6985,109.18268662332808,0.777,179.63405497128565,185.1954720520522,145.87678698906015,0.0,6.084870422154928
50,9,pvi,0.1,16.0,True,0,1.4507953211603586,1.9616987076587975,36.730971918548754,0.9695,121.19673329624736,0.9785,199.4003016832407,123.81419685970543,6.7046524130811695,0.0,4.771350273724861
50,9,pvi,0.03,16.0,True,0,10.578680463472889,1.922203832771629,36.431046823170774,1.0,127.66564999659171,1.0,210.04336034109613,127.66564999659171,4.597019811007,0.0,4.60261195243312
50,9,pvi,0.01,16.0,True,0,89.88069639048457,1.7760140001773834,36.037544630048274,1.0,140.5856095377275,1.0,231.30007048641409,140.5856095377275,4.8310596168041595,0.0,4.836543697504761
50,9,pvi,0.003,16.0,True,0,992.3141931108481,1.7083489578217268,35.98085434705075,1.0,137.3414345096678,1.0,225.962554682856,137.3414345096678,4.797345744104281,0.0,4.802867571056745
50,10,POPS ellipse,,,True,0,0.46903153081425764,0.008289874996989965,36.242094691027766,1.0,105.74623497843838,1.0,136.48744544107439,105.74623497843838,4.521250563333262,0.0,4.52724479365518
50,10,Ellipse+EB,,,True,0,0.46903153081425764,0.008716582786291838,36.24209469102777,1.0,123.87446311034702,1.0,180.09294511781545,123.87446311034702,4.57450476245058,0.0,4.580469757268053
50,10,Ellipse+PAC,,,True,0,,0.11990529205650091,36.12968499062129,1.0,124.33216471245957,1.0,177.88236871083842,124.33216471245957,4.5753647002495015,0.0,4.581239057139731
50,10,Bayesian stacking,,,True,0,,0.025173249654471874,35.078946238106504,0.4905,52.83404881115362,0.716,81.73942541976483,434.14470295540957,7.1974793692655314,0.0,6.386329233530104
50,10,pacm,1.0,1.0,True,0,1.4443107134562645,0.00497599970549345,36.226657211746456,0.6225,70.05075913039303,0.936,115.2518069080065,289.8437063456932,5.692000086772104,0.0,5.620372872371121
50,10,pacm,0.3,1.0,True,0,1.940239045864013,0.011135959066450596,36.23295442915708,0.1235,21.04373086545359,0.292,34.62243716466782,900.21662910795,24.12186961096307,0.0,8.597492443247269
50,10,pacm,0.1,1.0,True,0,14.838302016063116,0.019750915933400393,36.23351104645906,0.044,7.0153812422920865,0.0675,11.542135650774092,1169.217374316256,195.61839233553863,0.0,9.845307385041586
50,10,pacm,0.03,1.0,True,0,171.71735782304077,0.045925125014036894,36.233573258718536,0.0135,2.104665134635372,0.0225,3.4627242119031747,1268.8670512684325,2157.6534812622062,0.0,10.164666338568793
50,10,pacm,0.01,1.0,True,0,1559.4110907153286,0.08686887472867966,36.233579752723216,0.006,0.7015669921481668,0.0075,1.154261060348879,1298.029996819988,19414.966046333404,0.0,10.293324438260104
50,10,pacm,0.003,1.0,True,0,17354.590778308142,0.1783571671694517,36.23358030431706,0.002,0.20947021402108598,0.002,0.34463324821932567,1308.3203306108592,217610.2893517863,0.0,10.343560687922182
50,10,pacm,1.0,4.0,True,0,1.4206647656077669,0.02773150010034442,36.357100311234056,0.8095,90.61843548385914,1.0,149.091009981076,161.25568118778483,5.110712938427049,0.0,5.110110250103473
50,10,pacm,0.3,4.0,True,0,1.1927432185764228,0.07249995786696672,40.09206133679802,0.9375,122.18251327940926,1.0,201.02216739438222,131.32359067295073,4.736753986639065,0.0,4.741353150201782
50,10,pacm,0.1,4.0,True,0,4.008302986238183,0.1645704577676952,37.31734796493824,0.9815,118.69730257759392,1.0,195.28808491154064,130.89110832325568,4.8170765387300145,0.0,4.821637003505213
50,10,pacm,0.03,4.0,True,0,37.31065626297363,0.20675504114478827,36.36257589090417,1.0,126.19958809377461,1.0,207.63130534788337,126.19958809377461,4.802620693599912,0.0,4.807954958842895
50,10,pacm,0.01,4.0,True,0,334.13807096432254,0.8281808751635253,37.19752888564185,0.977,121.00290985169282,1.0,199.08141146015836,136.6715065167959,4.82095335680115,0.0,4.825374090848936
50,10,pacm,0.003,4.0,True,0,4100.73285958667,2.147331583779305,36.71265996397505,0.9765,117.46469799055441,1.0,193.26012821809542,140.18066389420025,4.867293317797395,0.0,4.870939798928919
50,10,pacm,1.0,16.0,True,0,1.4184608092610222,0.050258500035852194,36.59841816871623,0.8145,92.27000780390934,1.0,151.8082780947694,151.269550308571,5.058022106827868,0.0,5.058797493264113
50,10,pacm,0.3,16.0,True,0,0.9752772834269159,0.13342104200273752,57.227513529398784,0.882,126.97249700690064,1.0,208.90294251383136,145.19169359035837,4.82374441559848,0.0,4.826521642266392
50,10,pacm,0.1,16.0,True,0,1.0267921222379677,0.24507816601544619,38.545890310603475,0.961,121.7980731499035,0.986,200.38966290587248,176.05114137252815,4.706934464781027,0.0,4.6981928258019146
50,10,pacm,0.03,16.0,True,0,3.989906069113676,0.35775529127568007,37.34628901210844,0.9655,144.4461715791084,0.976,237.6517040229079,223.90851216508023,5.2417636913200445,0.0,4.9528077591314865
50,10,pacm,0.01,16.0,True,0,31.95193328561308,0.4551791250705719,36.6806028214959,0.986,164.71771711777112,1.0,271.0036945102622,177.04518428783976,4.933777468933248,0.0,4.9381908125678
50,10,pacm,0.003,16.0,True,0,406.26419047881757,0.32097579166293144,36.05718536358691,0.981,159.58587210090144,0.999,262.56046822251926,181.88186984617133,4.969283539673211,0.0,4.971157711492826
50,10,pacm,1.0,64.0,True,0,1.4184827961338833,0.155690458137542,36.2912193368642,0.815,92.2106055515449,1.0,151.71054586453522,151.66293134818972,5.057262668123235,0.0,5.057794299450559
50,10,pacm,0.3,64.0,True,0,0.9478478240981207,0.32929329201579094,51.62745233517022,0.8915,120.95229352638283,1.0,198.99813437617755,140.70011880174988,4.722507302568381,0.0,4.726093022761249
50,10,pacm,0.1,64.0,True,0,0.8448910569910915,0.9558167089708149,40.569513427557865,0.981,118.51889438054492,1.0,194.9945567994638,136.75898479429318,4.641458311904866,0.0,4.645773043035021
50,10,pacm,0.03,64.0,True,0,1.2345460950218516,1.2651379997842014,35.99696116049058,1.0,168.6495165727707,1.0,277.47253221043786,168.6495165727707,4.676940782649466,0.0,4.682189065470285
50,10,pacm,0.01,64.0,True,0,4.503930153832812,1.7734576249495149,36.93996942332001,0.9945,184.4684733697477,1.0,303.49885050996755,184.49831396834801,4.879983853364077,0.0,4.88440841454639
50,10,pacm,0.003,64.0,True,0,64.685227842653,1.4224915406666696,35.43375826886111,1.0,227.21543276117487,1.0,373.8287708540801,227.21543276117487,5.0293479190122,0.0,5.0333708090972245
50,10,pac2t,1.0,16.0,True,0,1.428116562306185,0.11121737491339445,36.60918934895957,0.7295,81.62639603428815,0.9885,134.29675496919145,212.12613440360275,5.303363100272951,0.0,5.291448080765554
50,10,pac2t,0.3,16.0,True,0,1.8331082544115098,0.23654266679659486,36.38053310669921,0.2695,33.19794086690574,0.501,54.61928918449067,704.5467394177532,11.2586700970014,0.0,7.580555843323891
50,10,pac2t,0.1,16.0,True,0,14.55067301904767,0.582996207755059,36.25997264529139,0.066,11.756069727915866,0.139,19.34180721377741,1077.9132329441763,75.25479787094767,0.0,9.415602955829565
50,10,pac2t,0.03,16.0,True,0,171.27507297443967,2.388252249918878,36.239133736840365,0.0185,2.994086477864501,0.031,4.92605477651412,1250.8279249423622,1204.9840953413973,0.0,10.097520670995634
50,10,pac2t,0.01,16.0,True,0,1558.8994329294833,7.879297541920096,36.235368896654705,0.007,0.8616892318622301,0.009,1.417703993477579,1294.7602745201345,14052.644124878349,0.0,10.282003388051256
50,10,pac2t,0.003,16.0,False,0,17354.3469568615,19.481278874911368,36.233744563629344,0.002,0.21789585088073773,0.0025,0.3584956229384641,1308.1606995781897,238828.8828420908,0.0,10.341219800754606
50,10,pac2t_ensemble,1.0,16.0,True,0,1.0753288177524425,0.005336625035852194,36.22665408561189,0.0,0.00018341185435764263,0.0,0.00020563488770464355,1312.0863212900686,,,
50,10,pac2t_ensemble,0.3,16.0,True,0,1.377034271029161,0.06933529209345579,36.24666742518025,0.1335,21.505782967802872,0.1585,25.783596448220248,889.5267962557429,,,
50,10,pac2t_ensemble,0.1,16.0,True,0,13.760600843546571,0.011917207855731249,36.21208402046474,0.0575,9.143720459320047,0.085,12.645471726053453,1101.3002149749293,,,
50,10,pac2t_ensemble,0.03,16.0,True,0,170.3303589165236,0.06322837481275201,36.23420934762718,0.0105,1.691920608151799,0.012,2.216478546977595,1275.674076563687,,,
50,10,pac2t_ensemble,0.01,16.0,True,0,1557.8725021764585,0.04589737532660365,36.23312342496826,0.0025,0.3152241816813739,0.003,0.43523661044539974,1306.0123422574973,,,
50,10,pac2t_ensemble,0.003,16.0,True,0,17352.923566539812,0.09003662504255772,36.23344225368909,0.001,0.08157745342270029,0.001,0.09466845766183328,1311.0155775753212,,,
50,10,pvi,1.0,1.0,True,0,1.0751676747155825,1.3799435002729297,36.24365556286724,0.003,0.30636714299774914,0.0045,0.5040540209137406,1306.3153311102246,130846.2697769407,0.0,10.324902188511132
50,10,pvi,0.3,1.0,True,0,1.450823199610494,1.3968785000033677,36.23041248805996,0.001,0.09376037193016928,0.001,0.1542603165970603,1310.7525563194174,1410214.1636018557,0.0,10.359448247620028
50,10,pvi,0.1,1.0,True,0,14.239039722687744,1.3822254166007042,36.23270181409233,0.0005,0.03133617373499559,0.0005,0.051556195669755805,1312.0909779463452,12876245.928446129,0.0,10.366413536249933
50,10,pvi,0.03,1.0,True,0,170.99773421030577,1.3951382087543607,36.23447608641981,0.0,0.016174939731798847,0.0,0.026612003265345574,1312.412852118793,50795661.13633572,0.0,10.371561054192473
50,10,pvi,0.01,1.0,True,0,1558.5821730306852,1.410611417144537,36.23575434627466,0.0005,0.012640144376981851,0.0005,0.0207963410691034,1312.450888440325,84330853.6730881,0.0,10.365653341070006
50,10,pvi,0.003,1.0,True,0,17353.64743596177,1.4183649169281125,36.230039970198476,0.0,0.013795127989684573,0.0,0.022696590973109932,1312.4609350252242,63780695.02642502,0.0,10.373482378675934
50,10,pvi,1.0,16.0,True,0,1.0751667530871014,1.8956193746998906,36.23517998653115,0.003,0.36554020652431385,0.005,0.6014091756098442,1305.0357474839943,93354.57728668119,0.0,10.321128636993624
50,10,pvi,0.3,16.0,True,0,0.7134739143111339,1.91199008282274,51.148721484403666,0.5,100.01828900626535,0.5815,164.55622572715325,303.2851459631991,218.7234797938077,0.0,7.21704374670757
50,10,pvi,0.1,16.0,True,0,1.0490734066218685,1.98597141681239,37.94868118295087,0.9485,117.6840087935762,0.9705,193.62095180711307,134.29585440405424,6.803286066616244,0.0,4.839518615388557
50,10,pvi,0.03,16.0,True,0,6.507706265112985,1.9129322092048824,37.58996862022243,0.979,139.1280842219959,1.0,228.90206041004154,160.0607016983831,4.946889310549009,0.0,4.950398270044634
50,10,pvi,0.01,16.0,True,0,56.84244922692673,1.8178809159435332,37.282965518546526,0.985,139.14037542896716,1.0,228.92228265788157,155.20195275930297,4.892195111261375,0.0,4.896347163406956
50,10,pvi,0.003,16.0,True,0,631.511895015772,1.719259458128363,37.2773945930278,0.985,138.98170878821054,1.0,228.66123456546634,153.84626817486176,4.88802148522582,0.0,4.8923205247551955
50,11,POPS ellipse,,,True,0,0.4544172083427762,0.008642375003546476,36.16336137852005,1.0,116.93018198006068,1.0,150.922648325707,116.93018198006068,4.560319875112469,0.0,4.5661822395441165
50,11,Ellipse+EB,,,True,0,0.4544172083427762,0.008020416833460331,36.16336137852005,1.0,131.5331102337766,1.0,186.71640630680756,131.5331102337766,4.606452948057047,0.0,4.612225610982554
50,11,Ellipse+PAC,,,True,0,,0.12675091717392206,36.431311768448694,1.0,169.9676502043461,1.0,255.11663489612076,169.9676502043461,4.658944441232305,0.0,4.664291724328756
50,11,Bayesian stacking,,,True,0,,0.02691266592592001,37.21808879684804,0.4415,44.39388465829073,0.6515,71.52339892333073,607.3585966362358,8.681537927992693,0.0,6.635467884522246
50,11,pacm,1.0,1.0,True,0,1.447754493861411,0.005086374934762716,37.25846300297516,0.6205,68.064473641085,0.842,111.9838481518168,398.810723221174,6.177166550544178,0.0,5.877884756703701
50,11,pacm,0.3,1.0,True,0,1.9963823840924402,0.010472208727151155,37.277959865369695,0.17,20.44616478291708,0.336,33.63928478182103,953.510418611174,29.70683132442576,0.0,8.37912805051805
50,11,pacm,0.1,1.0,True,0,15.35773510902068,0.024420333094894886,37.279706487438304,0.0425,6.816188879840609,0.0635,11.21441215455795,1210.4269745000515,246.033755364706,0.0,9.879686767508899
50,11,pacm,0.03,1.0,True,0,177.50671151821993,0.05134316626936197,37.279905139920906,0.01,2.0448039654648107,0.02,3.3642369435826285,1307.1759209299855,2718.3578801359004,0.0,10.190600039928551
50,11,pacm,0.01,1.0,True,0,1611.529416918954,0.11102970829233527,37.27992248136677,0.0025,0.6822042488694142,0.0035,1.1224042870993813,1335.5607796606546,24407.814667491577,0.0,10.330247735164702
50,11,pacm,0.003,1.0,True,0,17933.701250068374,0.27369854180142283,37.279924495260474,0.001,0.20336279499885235,0.002,0.33458494772130476,1345.5795162468128,277415.06722536107,0.0,10.353324353821131
50,11,pacm,1.0,4.0,True,0,1.4265182661316205,0.03030608408153057,37.18974383790818,0.759,89.06447264813181,0.9345,146.53433497985162,282.1380961796944,5.45399607097887,0.0,5.3948734193924865
50,11,pacm,0.3,4.0,True,0,1.20665651641536,0.06617945805191994,36.80919269187675,0.931,116.54219623198163,1.0,191.74237172450165,135.54627610613107,4.742383688757346,0.0,4.746348829769957
50,11,pacm,0.1,4.0,True,0,4.677765203083488,0.11866862513124943,35.31041140920314,0.9425,119.27817670500023,1.0,196.243774665667,132.95700738404346,4.846897247031994,0.0,4.851326043266176
50,11,pacm,0.03,4.0,True,0,48.55188411754846,0.19318045815452933,35.28426668772151,0.947,120.46278971499822,1.0,198.192772672025,131.1733493434817,4.867594652160924,0.0,4.872142309855343
50,11,pacm,0.01,4.0,True,0,430.20404053703453,0.6527812499552965,35.48358924129814,0.955,119.59772001177382,1.0,196.76950691965246,126.04355895867688,4.851596230394876,0.0,4.856291674475009
50,11,pacm,0.003,4.0,True,0,4810.635399046666,0.16705491626635194,35.24015414833683,0.952,119.1957715171458,1.0,196.10819659461228,126.41409441254663,4.861706344754761,0.0,4.866377602148663
50,11,pacm,1.0,16.0,True,0,1.4258017461504933,0.056646791752427816,36.58122941914262,0.7655,88.54952426421464,0.948,145.68711030380865,248.4083544330968,5.331043492767167,0.0,5.2967389342013975
50,11,pacm,0.3,16.0,True,0,0.9880430867231658,0.11809795768931508,39.34445499388326,0.915,127.01490261657034,1.0,208.9727108246697,163.05701051873683,4.743615294035096,0.0,4.74661853067492
50,11,pacm,0.1,16.0,True,0,1.133087499498239,0.2778290417045355,36.750732177570015,1.0,136.1090613511845,1.0,223.93497874986858,136.1090613511845,4.663529174971585,0.0,4.668663640092938
50,11,pacm,0.03,16.0,True,0,4.870072580324185,0.3739224593155086,35.435563929862866,1.0,166.6110741181733,1.0,274.1187616148469,166.6110741181733,4.920080464417153,0.0,4.925175774887676
50,11,pacm,0.01,16.0,True,0,41.90196410242836,0.3152826251462102,35.25866484036379,1.0,150.70955596748698,1.0,247.95660831061653,150.70955596748698,4.990469223171378,0.0,4.995376722051011
50,11,pacm,0.003,16.0,True,0,505.61636929431404,0.28158249985426664,35.05993664361152,1.0,145.38677281036786,1.0,239.19923887946473,145.38677281036786,5.00357239105182,0.0,5.008435145623218
50,11,pacm,1.0,64.0,True,0,1.4229800596312296,0.1423866250552237,36.84209384872586,0.7755,90.79936998897134,0.9575,149.38869453018086,242.50325771915183,5.2940702712589935,0.0,5.267858074007157
50,11,pacm,0.3,64.0,True,0,0.9549986165847342,0.5601615831255913,40.20738732963614,0.92,126.79380306375676,1.0,208.60894427474716,155.68152093648376,4.710361265904416,0.0,4.71387348061842
50,11,pacm,0.1,64.0,True,0,0.8147643858880738,0.9554956248030066,38.65949450237118,0.961,121.8893748087036,1.0,200.53987799677282,124.63861636769182,4.657060432517159,0.0,4.661671108730292
50,11,pacm,0.03,64.0,True,0,1.1339504221019352,1.2299000406637788,42.15267270290735,1.0,131.59083003800944,1.0,216.5013073759087,131.59083003800944,4.638624347169256,0.0,4.6428746775932215
50,11,pacm,0.01,64.0,True,0,8.724121960645654,1.1241264580748975,40.24500521971596,1.0,225.82888906324254,1.0,371.5475440904107,225.82888906324254,5.108888969555942,0.0,5.112151004102531
50,11,pacm,0.003,64.0,True,0,49.34020612297872,1.0779345002956688,40.45807114478712,1.0,217.44456138532007,1.0,357.75313377159205,217.44456138532007,5.005386534756856,0.0,5.009622527900531
50,11,pac2t,1.0,16.0,True,0,1.4303480396674964,0.11815029103308916,37.131415428478824,0.701,81.63310380455144,0.926,134.307791004386,305.4337088439404,5.593794095243068,0.0,5.496591750255951
50,11,pac2t,0.3,16.0,True,0,1.898710097328947,0.22305191587656736,37.128600631339275,0.2855,31.244707385201966,0.4755,51.40570961912797,774.1287354018644,13.915748406012892,0.0,7.578195121166278
50,11,pac2t,0.1,16.0,True,0,15.117076225999831,0.5457502081990242,37.23055107268197,0.0595,10.97662950866209,0.1575,18.059424342257685,1128.2181266109478,99.41931520884168,0.0,9.365422531323178
50,11,pac2t,0.03,16.0,True,0,177.11384226706255,1.5625020409934223,37.27398230342939,0.0145,3.012595477443714,0.0315,4.956506918247418,1287.1279512942858,1319.720237389994,0.0,10.111408351183423
50,11,pac2t,0.01,16.0,True,0,1611.048594936981,8.957603582646698,37.27942388796851,0.0025,0.8692219666347796,0.0055,1.4300973108987236,1331.6266373049411,16555.98503584646,0.0,10.315911619657804
50,11,pac2t,0.003,16.0,False,0,17933.44886980166,19.532991250045598,37.27748645576807,0.0015,0.28680312251469625,0.0015,0.4718660940582955,1343.6885357030587,242335.60568247258,0.0,10.353542981736071
50,11,pac2t_ensemble,1.0,16.0,True,0,1.080650801383296,0.006664208136498928,37.25846683526529,0.0,7.585219951820704e-05,0.0,8.186257302252302e-05,1348.434229444273,,,
50,11,pac2t_ensemble,0.3,16.0,True,0,1.4260876737604802,0.1098626246675849,37.3662155646872,0.132,21.55555817079988,0.158,25.814528376479927,916.3675054388242,,,
50,11,pac2t_ensemble,0.1,16.0,True,0,14.419874000574985,0.033286040648818016,37.163380992427186,0.0515,8.977874967263665,0.069,11.64865438288334,1162.7998893555393,,,
50,11,pac2t_ensemble,0.03,16.0,True,0,176.18676996081123,0.021391124930232763,37.272829058321435,0.008,1.7845972134027588,0.014,2.4060411023080785,1307.6683757837145,,,
50,11,pac2t_ensemble,0.01,16.0,True,0,1610.0304136623542,0.04504125006496906,37.27918898515681,0.0025,0.48450415096916766,0.0025,0.5921047513309659,1339.4109930507022,,,
50,11,pac2t_ensemble,0.003,16.0,True,0,17932.04648535141,0.08293112460523844,37.27992752669808,0.0,0.0662414240683075,0.0005,0.08145227260659399,1348.417114603645,,,
50,11,pvi,1.0,1.0,True,0,1.0803792949116549,1.3850425421260297,37.27816727044483,0.0015,0.29666200845265883,0.002,0.48808653809853053,1343.4844801831287,166283.40710652788,0.0,10.348659431146343
50,11,pvi,0.3,1.0,True,0,1.5087341830880252,1.3933460423722863,37.270875589542385,0.0005,0.09213267759119678,0.0005,0.15158233400287727,1347.5782812967839,1705745.1027412338,0.0,10.361831098551352
50,11,pvi,0.1,1.0,True,0,14.760241430460496,1.3848614171147346,37.27883572191936,0.0005,0.030943983826027744,0.0005,0.05091094076858533,1349.233487988433,15186591.89159692,0.0,10.367369632152037
50,11,pvi,0.03,1.0,True,0,176.78885670991684,1.395037875045091,37.279992572935214,0.0,0.017534122569741028,0.0,0.028848214263424703,1349.4744099668817,47434666.16338007,0.0,10.372040734496515
50,11,pvi,0.01,1.0,True,0,1610.7024213168356,1.4026422500610352,37.27544906024874,0.0,0.012637454294174321,0.0,0.020791915179817363,1349.4096137261283,94398651.83753714,0.0,10.372984555733405
50,11,pvi,0.003,1.0,True,0,17932.76228872944,1.4208434168249369,37.2802985397022,0.0,0.013702539208867649,0.0,0.02254425823009558,1349.4843307186882,74711557.03733556,0.0,10.373491181781866
50,11,pvi,1.0,16.0,True,0,1.0803787056409426,1.8976459163241088,37.28703944938943,0.002,0.35038761555235404,0.003,0.5764792032507203,1342.9083413161059,118112.27085948572,0.0,10.342018327232486
50,11,pvi,0.3,16.0,True,0,0.7553277295446863,1.9161276672966778,36.455674159812936,0.874,104.306960552239,0.973,171.61221128740064,155.6670567970148,10.380215475651077,0.0,5.008020701204146
50,11,pvi,0.1,16.0,True,0,1.0729133349579083,1.9964128751307726,35.654772796772356,0.9345,123.54163983685766,0.9765,203.25828579634202,128.9250878140852,6.924590412965767,0.0,4.844743891927742
50,11,pvi,0.03,16.0,True,0,7.031562724011844,1.9240578329190612,35.361987449660816,1.0,145.74256578664668,1.0,239.78461131383258,145.74256578664668,4.97587732231022,0.0,4.9807633973627
50,11,pvi,0.01,16.0,True,0,61.126293009058394,1.7873374577611685,35.494224828982695,1.0,150.53051768995414,1.0,247.66204355147127,150.53051768995414,4.988475800451633,0.0,4.993368875256119
50,11,pvi,0.003,16.0,True,0,682.3015326546935,1.727920665871352,35.97454498187984,1.0,148.54263170139143,1.0,244.39145155570856,148.54263170139143,4.996996890986444,0.0,5.0018654466399335
50,12,POPS ellipse,,,True,0,0.6745707328179109,0.0067437500692903996,37.33358736585632,1.0,120.1527683615233,1.0,155.08206433714903,120.1527683615233,4.5651307186312495,0.0,4.570927729954444
50,12,Ellipse+EB,,,True,0,0.6745707328179109,0.007293750066310167,37.33358736585633,1.0,132.88813518332742,1.0,184.0229855665628,132.88813518332742,4.603676304329946,0.0,4.609456925171895
50,12,Ellipse+PAC,,,True,0,,0.14947458263486624,38.33076725617792,1.0,171.16734036922944,1.0,253.2995499546918,171.16734036922944,4.673785446124976,0.0,4.678973386447074
50,12,Bayesian stacking,,,True,0,,0.02852874994277954,36.66953264568786,0.5245,51.81376989596476,0.651,79.22289458165918,538.0118959284796,7.958792428831082,0.0,6.520070084004652
50,12,pacm,1.0,1.0,True,0,1.5043730441504146,0.004884333349764347,36.162663195068475,0.606,63.66397195733271,0.84,104.74387278752224,348.45092053798305,5.974857769475879,0.0,5.811401253522011
50,12,pacm,0.3,1.0,True,0,2.5800583496078615,0.010206792037934065,36.160815489451956,0.156,19.12509742451613,0.2785,31.465783709270394,918.6826365817143,28.205780768770815,0.0,8.618792840593883
50,12,pacm,0.1,1.0,True,0,20.57486082391862,0.0220249998383224,36.16065612932543,0.039,6.375831753165492,0.0655,10.489909591499996,1163.4235150216427,233.11321905229318,0.0,9.881752671663968
50,12,pacm,0.03,1.0,True,0,235.42932561504094,0.03889291686937213,36.16063789385225,0.01,1.9127638271663208,0.0185,3.146996406689125,1254.7574527872605,2575.623791239409,0.0,10.197087952818304
50,12,pacm,0.01,1.0,True,0,2132.7969849902915,0.1432381672784686,36.160636693578496,0.0055,0.6355071276164883,0.007,1.045575318097291,1281.3286368814156,23371.57586359795,0.0,10.299858249382321
50,12,pacm,0.003,1.0,True,0,23725.51756631411,0.40618137503042817,36.16063624360865,0.001,0.19125385730899763,0.002,0.31466258048621853,1290.6214321548462,255999.9377856858,0.0,10.345185082943116
50,12,pacm,1.0,4.0,True,0,1.4690424595499274,0.034224874805659056,37.93370376200317,0.8245,93.9926783455169,1.0,154.64252136482304,147.45521982611996,4.9567346162508725,0.0,4.9581983356128365
50,12,pacm,0.3,4.0,True,0,1.367469925931172,0.09446408366784453,41.105434281331135,0.8985,114.99934045403612,1.0,189.20397073621706,126.50033513252147,4.75261541833657,0.0,4.756965473028372
50,12,pacm,0.1,4.0,True,0,6.1683687923657775,0.12933204183354974,38.557720733969155,0.9065,109.86540641902315,1.0,180.7573074676524,116.12696856161743,4.718831822292436,0.0,4.723159825967081
50,12,pacm,0.03,4.0,True,0,61.66091125101769,0.21746420906856656,39.02820594079492,0.864,111.53028668327467,1.0,183.496470627659,129.33537979471697,4.7780601271062775,0.0,4.781873465888002
50,12,pacm,0.01,4.0,True,0,528.8007080937966,0.6445289580151439,39.14171954761527,0.872,112.2288639498594,1.0,184.64581280807533,148.18770024160423,4.797493257231675,0.0,4.800712858993987
50,12,pacm,0.003,4.0,True,0,6715.36187175377,0.13022270891815424,38.49680675498271,0.922,110.6176174265086,1.0,181.99489116931392,119.19828561348017,4.744548033104034,0.0,4.74886234924538
50,12,pacm,1.0,16.0,True,0,1.4634821227335952,0.0641012922860682,38.29189593227138,0.8455,96.09451817762772,1.0,158.1005972156655,158.1488777361389,4.96417551359396,0.0,4.9651233780041055
50,12,pacm,0.3,16.0,True,0,1.0704404912717211,0.17964700004085898,51.44760704544122,0.966,119.92509841485521,1.0,197.30812995480838,121.46309907822075,4.648265908819037,0.0,4.6524779619060395
50,12,pacm,0.1,16.0,True,0,1.5053692283425746,0.23537333402782679,37.454037596940104,0.951,188.1184888018901,1.0,309.5040798467899,192.473389133188,4.844364574164859,0.0,4.848617791032102
50,12,pacm,0.03,16.0,True,0,5.270209861641904,0.7057975837960839,35.6765734141688,0.98,165.06667138963985,0.993,271.5778154885414,191.1643440332017,4.920288641712513,0.0,4.918437015765807
50,12,pacm,0.01,16.0,True,0,69.00268138383304,0.40434245904907584,36.83465852941422,0.9905,196.6987106328482,1.0,323.62078724533114,200.09415203745843,4.9504712080527336,0.0,4.95492587181706
50,12,pacm,0.003,16.0,True,0,545.818745318404,0.3627050002105534,36.94912187843313,0.986,178.85214949199502,1.0,294.2585298749448,188.29555425904104,4.884291675689377,0.0,4.888641007504717
50,12,pacm,1.0,64.0,True,0,1.4597712685235709,0.17250637477263808,39.10486702658475,0.84,98.51550278951142,1.0,162.08374963942006,144.2355590317601,4.92790057749669,0.0,4.930042414545192
50,12,pacm,0.3,64.0,True,0,0.9743093766523399,0.4821012909524143,61.81952231916956,0.978,122.34270324232011,1.0,201.28572174986942,124.50092283045896,4.610111428719307,0.0,4.614283790098508
50,12,pacm,0.1,64.0,True,0,1.005215283103047,0.6980714998207986,38.21124984708366,0.9355,132.19791536975285,1.0,217.50012141160724,149.09825937395783,4.739778922791271,0.0,4.743905550040078
50,12,pacm,0.03,64.0,True,0,1.889941092351774,1.2884271671064198,35.95639075406953,1.0,215.97760560868394,1.0,355.33960812233045,215.97760560868394,4.828507594481656,0.0,4.832392223654728
50,12,pacm,0.01,64.0,True,0,8.192493422204178,1.8419359172694385,34.832323344343905,1.0,232.64339119622633,1.0,382.759181105549,232.64339119622633,4.953296886688641,0.0,4.957118250306233
50,12,pacm,0.003,64.0,True,0,85.04226253916156,1.4963267496787012,34.62084287885429,1.0,227.23014726910282,1.0,373.85298006533645,227.23014726910282,5.0330668240097385,0.0,5.0368761572442216
50,12,pac2t,1.0,16.0,True,0,1.4809180522392045,0.11649391613900661,36.29029007624921,0.7055,77.21495034113504,0.98,127.03877384915747,251.48201931314293,5.353604213421872,0.0,5.333389844693752
50,12,pac2t,0.3,16.0,True,0,2.460336823818231,0.2427121247164905,36.12625450109664,0.266,30.17499591023237,0.51,49.64575466801903,735.85875105205,12.683527861757673,0.0,7.5547280407330675
50,12,pac2t,0.1,16.0,True,0,20.286313989097728,0.8047752920538187,36.15292707424613,0.0645,10.543126218824286,0.15,17.346198132083817,1080.8770967298149,90.99170169720199,0.0,9.357217900972485
50,12,pac2t,0.03,16.0,True,0,234.9895396584945,2.530769500415772,36.159770614439125,0.0175,2.7441250069705894,0.025,4.514802828133633,1237.347808466012,1318.3812532228942,0.0,10.133388988983262
50,12,pac2t,0.01,16.0,True,0,2132.282613230569,9.010152209084481,36.16046813502787,0.0055,0.7918699797763545,0.007,1.3028330761634006,1277.993299723339,15823.184806502022,0.0,10.290188522121605
50,12,pac2t,0.003,16.0,True,0,23725.12482963437,13.358946000225842,36.16060452258139,0.001,0.15463880214468553,0.0025,0.2544212452014965,1291.373800769097,961767.0295205871,0.0,10.34656608594548
50,12,pac2t_ensemble,1.0,16.0,True,0,1.13260461810632,0.00838566618040204,36.16266238629629,0.0,4.6609252158950506e-05,0.0,5.397593842506711e-05,1294.0595293261176,,,
50,12,pac2t_ensemble,0.3,16.0,True,0,1.9710105914000144,0.14583945786580443,36.07524910183655,0.1335,19.98293889305892,0.1715,25.798171535487192,879.9293832700778,,,
50,12,pac2t_ensemble,0.1,16.0,True,0,19.49522396358732,0.011382916010916233,36.156150992160484,0.0485,7.7505248653745324,0.113,10.598340814721189,1117.6963676075422,,,
50,12,pac2t_ensemble,0.03,16.0,True,0,234.0397997480218,0.0185139998793602,36.16070266208288,0.0085,1.4231378521719662,0.012,1.9974516929864035,1259.9111776808259,,,
50,12,pac2t_ensemble,0.01,16.0,True,0,2131.2486511241646,0.04903754172846675,36.160181716855284,0.0025,0.35605938632833567,0.004,0.46301188421648354,1286.9615999593245,,,
50,12,pac2t_ensemble,0.003,16.0,True,0,23723.830192492722,0.08057124959304929,36.16062803751657,0.001,0.06199097840412725,0.001,0.0738346762483779,1293.3654788328959,,,
50,12,pvi,1.0,1.0,True,0,1.1325058080283683,1.221565208863467,36.169128078403936,0.001,0.27465228829909366,0.003,0.4518747960884799,1288.8190800325629,162492.1876652772,0.0,10.327802957834258
50,12,pvi,0.3,1.0,True,0,2.0879160653916764,1.2406902080401778,36.171831005428785,0.0005,0.08273563779895723,0.001,0.136121747578309,1292.981829113327,1787251.6886977872,0.0,10.361813595658829
50,12,pvi,0.1,1.0,True,0,19.97287050525165,1.2267702920362353,36.161831391392184,0.0,0.02847865533996179,0.0005,0.046854831082293644,1294.0747610454948,15014795.897100162,0.0,10.364628689586416
50,12,pvi,0.03,1.0,True,0,234.70697316734825,1.1583734997548163,36.163687241618454,0.0,0.01395718139187519,0.0,0.022963211173232138,1294.3411214790153,61367628.34812291,0.0,10.370847199399773
50,12,pvi,0.01,1.0,True,0,2131.9652141178103,1.0861180420033634,36.161901906091956,0.0,0.011782994264541546,0.0,0.01938610511339762,1294.3958651177995,91813418.35838577,0.0,10.37147769394325
50,12,pvi,0.003,1.0,True,0,23724.572253702947,1.0791334169916809,36.157993974209575,0.0,0.013145541626318029,0.0,0.02162785163252049,1294.3846286358353,72371976.10733336,0.0,10.373030930720288
50,12,pvi,1.0,16.0,True,0,1.1325051177754886,1.4555520000867546,36.161589332263766,0.0015,0.3943977088085765,0.006,0.6488873089291766,1286.3875253450283,86463.78398615764,0.0,10.312697151159549
50,12,pvi,0.3,16.0,True,0,0.8157983564334921,1.5139486668631434,49.640141716826115,0.542,104.97170527968282,0.6575,172.70589009861612,268.7839021483901,1229.3344980320633,0.0,6.791276204388739
50,12,pvi,0.1,16.0,True,0,1.3645477700000437,1.5198612906970084,37.75915381492105,0.953,123.45441750589747,0.966,203.11478226589236,130.60347622115475,5.27932041966366,0.0,4.871255166987313
50,12,pvi,0.03,16.0,True,0,8.882579565509264,1.5627592499367893,35.99722568887171,1.0,137.06567445822586,1.0,225.50885732687775,137.06567445822586,4.78777581351046,0.0,4.793300691091508
50,12,pvi,0.01,16.0,True,0,78.58469098306517,1.575540792196989,35.94074418757822,1.0,142.29138453058718,1.0,234.10651616303596,142.29138453058718,4.863638678593485,0.0,4.8689805044778325
50,12,pvi,0.003,16.0,True,0,866.1658113641403,1.4843633328564465,35.81094309474202,1.0,140.1443692272664,1.0,230.57411485520342,140.1443692272664,4.834551288446026,0.0,4.8399444460433285
50,13,POPS ellipse,,,True,0,0.5846867670986811,0.0057017081417143345,38.600530863840035,0.979,131.46875459895796,1.0,169.6876912373288,131.8066093236004,4.5991133478764645,0.0,4.6047350456584715
50,13,Ellipse+EB,,,True,0,0.5846867670986811,0.005992041900753975,38.600530863840035,1.0,146.1467704692683,1.0,205.04168353157047,146.1467704692683,4.651974418148542,0.0,4.657503906496296
50,13,Ellipse+PAC,,,True,0,,0.14876520913094282,39.767798127349295,0.969,169.34618717809343,1.0,247.94268489892556,170.7665738716388,4.687680576960796,0.0,4.692682355326398
50,13,Bayesian stacking,,,True,0,,0.029264207929372787,37.32768568483081,0.4535,45.9060018252488,0.6405,71.53687180030676,598.9080631119087,8.897669353476278,0.0,6.674226600010787
50,13,pacm,1.0,1.0,True,0,1.516280480689864,0.004969624802470207,37.661451638832474,0.6025,57.47519917513529,0.807,94.56172409212178,398.54074068251845,6.586366829406055,0.0,5.941934378107738
50,13,pacm,0.3,1.0,True,0,2.6398988113412267,0.011086125392466784,37.65913350859751,0.1715,17.25892593336537,0.2595,28.395443872481707,946.8662576223918,36.404222075062236,0.0,8.593785945505433
50,13,pacm,0.1,1.0,True,0,21.055814823183233,0.02396441577002406,37.65892667949578,0.0345,5.753500344699314,0.086,9.466011774949251,1163.0150989119043,308.01054738244073,0.0,9.69715766615389
50,13,pacm,0.03,1.0,True,0,240.70041449783042,0.06367849977687001,37.6589044016182,0.01,1.7260508954718878,0.017,2.8398048356339287,1245.3102893086927,3408.9178358684044,0.0,10.208673478228512
50,13,pacm,0.01,1.0,True,0,2180.179145472525,0.05744812497869134,37.658901548213265,0.0025,0.5755896494907973,0.0065,0.94699540682891,1269.2595420956961,30665.20500937982,0.0,10.309215465141587
50,13,pacm,0.003,1.0,True,0,24251.913240465077,0.25332387490198016,37.65890082142251,0.002,0.1748790039940258,0.002,0.28772166712807584,1277.6491889815834,338265.44150351826,0.0,10.347504406431105
50,13,pacm,1.0,4.0,True,0,1.4605136832895784,0.03468375001102686,44.039348387115794,0.8735,105.70534764876456,1.0,173.91292353708937,160.5245571777645,4.897265156837969,0.0,4.89692119198496
50,13,pacm,0.3,4.0,True,0,1.3112606087290812,0.07456658268347383,42.02389268027336,0.9445,126.60959824615561,1.0,208.30587920688436,140.73009747572488,4.676415266461214,0.0,4.680938007909754
50,13,pacm,0.1,4.0,True,0,5.244969300080922,0.1472699581645429,39.227834538259984,0.8885,119.60940727991755,1.0,196.7887355302786,133.70524084887865,4.761282835781835,0.0,4.765390204470961
50,13,pacm,0.03,4.0,True,0,55.82763088019773,0.17512770788744092,40.14100562266693,0.904,120.10776469301146,1.0,197.6086637231788,136.35724003739068,4.818583266041027,0.0,4.822020907857013
50,13,pacm,0.01,4.0,True,0,494.76340684409683,0.1613401249051094,41.708542574655915,0.9325,130.54532178184436,1.0,214.78117304537318,132.76594291342602,4.730348034051748,0.0,4.735241051473846
50,13,pacm,0.003,4.0,True,0,5530.50319484469,0.16074179206043482,42.01919336261717,0.928,129.73476183870386,1.0,213.44759009475445,132.38235626799502,4.718753027860536,0.0,4.723613021702336
50,13,pacm,1.0,16.0,True,0,1.4626987878454347,0.05780645925551653,43.007301101259394,0.8675,100.58644173920975,1.0,165.490985462584,157.68361783796863,4.907734465147802,0.0,4.906889355995214
50,13,pacm,0.3,16.0,True,0,1.036269720065703,0.13603691710159183,45.55287770071817,0.9615,113.03530818491863,1.0,185.9726243432382,113.93963858784235,4.668467271391736,0.0,4.672965218317317
50,13,pacm,0.1,16.0,True,0,1.2034949463874227,0.22174645774066448,39.93531172006512,0.9065,129.42391909188777,1.0,212.93617253583662,150.10206964744552,4.808682652314253,0.0,4.812113143448442
50,13,pacm,0.03,16.0,True,0,5.530555456788494,0.3838809169828892,38.37024872044896,0.982,128.87802208280152,1.0,212.03802928280274,147.63097421084748,4.6840517524597365,0.0,4.688032385043142
50,13,pacm,0.01,16.0,True,0,63.711736832675065,0.317154583055526,37.668002172173715,0.981,167.98838869357004,1.0,276.38480405986496,189.49753876990323,4.9493696606537565,0.0,4.952779106555879
50,13,pacm,0.003,16.0,True,0,623.6577194630186,0.19331983290612698,38.11360428658227,1.0,149.36720929192612,1.0,245.74809719987508,149.36720929192612,4.759825582598409,0.0,4.765032963291682
50,13,pacm,1.0,64.0,True,0,1.4583070158502043,0.198704042006284,44.15373475525654,0.8685,102.7663912376185,1.0,169.0775721288633,164.8037475937027,4.926815983387722,0.0,4.922686880364809
50,13,pacm,0.3,64.0,True,0,0.9422309738522534,0.43567854119464755,79.25543319312166,0.9545,141.33752397094946,1.0,232.53716624589865,144.8137805273016,4.6784050047538255,0.0,4.681189350924018
50,13,pacm,0.1,64.0,True,0,0.9158534439728294,0.6707222918048501,44.34560839476257,0.885,127.74596014070785,0.959,210.17549151764845,187.2459972968163,5.057949837953253,0.0,5.022962222225526
50,13,pacm,0.03,64.0,True,0,1.7287645789198125,1.3478531250730157,36.80622135400258,0.94,200.75320308666082,1.0,330.29148699502224,203.23128886224754,4.845393124057782,0.0,4.849469567032242
50,13,pacm,0.01,64.0,True,0,7.3377290174204,1.6794852912425995,36.860193523995655,0.9495,197.86567014864454,1.0,325.5407406398928,201.72544678307023,4.860461337585883,0.0,4.864765598018115
50,13,pacm,0.003,64.0,True,0,70.76293471029473,1.3405118342489004,36.442760357450155,1.0,188.74067724604296,1.0,310.5277424496809,188.74067724604296,4.82253420673545,0.0,4.827228150659023
50,13,pac2t,1.0,16.0,True,0,1.490689021691332,0.09498404199257493,37.76617662881014,0.6835,71.19211763269934,0.892,117.129639944416,283.67726665057705,5.598105433443663,0.0,5.489199033420173
50,13,pac2t,0.3,16.0,True,0,2.5274401389527243,0.24240354215726256,37.557430477575025,0.2385,25.73689224674707,0.388,42.34391421958628,801.7045281555963,15.83283964652499,0.0,7.85494474196629
50,13,pac2t,0.1,16.0,True,0,20.796705236627393,0.4097446659579873,37.62844950893031,0.099,9.16700909074501,0.1635,15.0821258008622,1097.5061012521019,120.47507637000398,0.0,9.190897348885953
50,13,pac2t,0.03,16.0,True,0,240.28434620725807,4.36328583303839,37.65644890574695,0.014,2.4754113979580605,0.026,4.072698711576977,1229.748251375753,1717.2735750532947,0.0,10.116762868903312
50,13,pac2t,0.01,16.0,True,0,2179.6779091725602,9.329115999862552,37.65937356960407,0.0035,0.7059589439106995,0.0065,1.1614869688582001,1266.5115030366183,20929.045898728833,0.0,10.305442332547434
50,13,pac2t,0.003,16.0,True,0,24251.394676730957,9.386368250008672,37.659038585316765,0.002,0.17413333694886465,0.002,0.2864948499547371,1277.6522936901586,672434.1296335629,0.0,10.346469253864498
50,13,pac2t_ensemble,1.0,16.0,True,0,1.1372588204096648,0.06021020794287324,37.68211884560509,0.0145,2.514034364615102,0.015,2.560232493608171,1230.0742616814973,,,
50,13,pac2t_ensemble,0.3,16.0,True,0,2.040680756759503,0.07689945818856359,37.462349892773084,0.104,16.581490524288384,0.1265,20.140610323222667,936.1853223032829,,,
50,13,pac2t_ensemble,0.1,16.0,True,0,20.06385371349391,0.013381417375057936,37.59468759412244,0.0885,6.131563692799531,0.126,8.124070761438356,1143.936495255934,,,
50,13,pac2t_ensemble,0.03,16.0,True,0,239.369560802867,0.024381875060498714,37.651421032810134,0.0085,1.669420004849815,0.012,2.100306232064132,1245.3157136117168,,,
50,13,pac2t_ensemble,0.01,16.0,True,0,2178.642644521313,0.056588999927043915,37.659018641187956,0.0025,0.3540657703038776,0.0025,0.430330392705106,1273.5056833684891,,,
50,13,pac2t_ensemble,0.003,16.0,True,0,24250.228338030847,0.0590634997934103,37.65889698509698,0.0,0.03952069252655032,0.0005,0.050329949264474816,1280.3930142880793,,,
50,13,pvi,1.0,1.0,True,0,1.137243554063704,1.0966530828736722,37.650508532508745,0.002,0.2578290820268877,0.0025,0.42419622493625625,1275.870735419021,176676.46076807738,0.0,10.33569543710702
50,13,pvi,0.3,1.0,True,0,2.1405557239181014,1.0738264583051205,37.65770054976536,0.0005,0.08110572532120025,0.0015,0.13344011556610294,1279.706946661475,1797687.5288949527,0.0,10.353756393888135
50,13,pvi,0.1,1.0,True,0,20.446623128828872,1.0806034170091152,37.65802553218106,0.0,0.027850372932956887,0.0,0.04582114231782095,1280.750185562124,14923228.412467094,0.0,10.37349116362847
50,13,pvi,0.03,1.0,True,0,239.97086677157517,1.1011935002170503,37.662981856071376,0.0,0.013533991127618251,0.0,0.022266952585502712,1281.0853326015012,61271737.46626763,0.0,10.373491181781866
50,13,pvi,0.01,1.0,True,0,2179.340359368389,1.123572625219822,37.65448325983277,0.0,0.011658189952931003,0.0,0.01918076940252762,1281.0176842137766,85498705.29837674,0.0,10.373491181781866
50,13,pvi,0.003,1.0,True,0,24250.96036382584,1.0896712909452617,37.664400228717035,0.0,0.01181007180488495,0.0,0.01943065474412175,1281.093030615224,81475628.41891854,0.0,10.373491181781866
50,13,pvi,1.0,16.0,True,0,1.1372428066599731,1.4669778342358768,37.658741284996836,0.0025,0.4401779152920613,0.006,0.7242077134949864,1272.1065038934316,77728.60147738866,0.0,10.312345742599378
50,13,pvi,0.3,16.0,True,0,0.8013585570596691,1.4982779999263585,45.4769442226016,0.6615,108.27768850459057,0.818,178.14509653989035,220.2999080144893,290.33561648228823,0.0,6.018093607047958
50,13,pvi,0.1,16.0,True,0,1.2236711195721872,1.5427870000712574,40.24244538762225,0.9435,116.72897890458903,0.974,192.04967803758774,148.44373737049068,6.465331674516972,0.0,4.867738924752343
50,13,pvi,0.03,16.0,True,0,9.110437484312573,1.5431300830096006,38.636247488425056,0.9815,143.8563940874238,1.0,236.6813659076045,160.20214884582273,4.900717295333163,0.0,4.904891814733644
50,13,pvi,0.01,16.0,True,0,81.92957463794872,1.5106145828031003,38.44840606159732,0.986,126.36603245852064,1.0,207.90514982901274,139.0743252526845,4.725465063818769,0.0,4.73002745802276
50,13,pvi,0.003,16.0,True,0,972.8828090543157,1.423904791008681,38.77401689647857,0.9815,141.68927699153053,1.0,233.11589189727974,158.8005642979974,4.891054095839078,0.0,4.895208177325086
50,14,POPS ellipse,,,True,0,0.7250388903645999,0.006225207820534706,38.93085175892791,1.0,126.78067604882887,1.0,163.63675367473206,126.78067604882887,4.611486731305783,0.0,4.617020947700712
50,14,Ellipse+EB,,,True,0,0.7250388903645999,0.006694709416478872,38.93085175892791,1.0,134.58204979114944,1.0,181.99549833977466,134.58204979114944,4.635021619143472,0.0,4.640537774958588
50,14,Ellipse+PAC,,,True,0,,0.15309566725045443,42.38704875855936,1.0,344.31623089624617,1.0,782.3969651748736,344.31623089624617,4.841894921462496,0.0,4.8458183299448425
50,14,Bayesian stacking,,,True,0,,0.027245459146797657,39.05002420717752,0.42,47.52730651643404,0.6545,73.65080106879248,608.0148295753917,8.80333932848851,0.0,6.662891446229602
50,14,pacm,1.0,1.0,True,0,1.5413029560900697,0.0056825000792741776,38.98575953763358,0.48,53.15394081947991,0.741,87.45212471321196,552.9764754501566,7.710483779600401,0.0,6.434214307493019
50,14,pacm,0.3,1.0,True,0,3.026569424796556,0.00985304219648242,38.986150522219155,0.0915,15.967233825277066,0.2055,26.270272764073287,1088.1145257551564,49.09349736098682,0.0,9.098328418267263
50,14,pacm,0.1,1.0,True,0,24.622091506449173,0.01691574975848198,38.98618595460233,0.032,5.323052525079471,0.0475,8.757812611847328,1296.6541028678967,422.36837582535884,0.0,9.969452467160496
50,14,pacm,0.03,1.0,True,0,280.43474253264264,0.05200104182586074,38.98618814974822,0.0085,1.5966749727061404,0.015,2.626947629598688,1373.1144046276138,4680.561737689739,0.0,10.231200311492973
50,14,pacm,0.01,1.0,True,0,2537.874367238936,0.0969332498498261,38.98618791789413,0.0025,0.5323467746993681,0.0045,0.875849576041666,1395.3242169198932,42125.20807139756,0.0,10.32514836246899
50,14,pacm,0.003,1.0,True,0,28226.413575875595,0.5518477079458535,38.98618877553829,0.0005,0.15964905345181968,0.002,0.2626644180575615,1403.129144482935,469637.8719195724,0.0,10.354113822417327
50,14,pacm,1.0,4.0,True,0,1.5042523501398049,0.03390304185450077,39.13080054156104,0.6645,74.42549097406247,0.885,122.44938415027998,350.118607529954,5.7645413146490245,0.0,5.620210311197207
50,14,pacm,0.3,4.0,True,0,1.6187697548473143,0.07655466580763459,38.08277855603299,0.8105,101.71635960975813,1.0,167.3499956696818,157.61127187519787,4.9059364021173515,0.0,4.907691248459738
50,14,pacm,0.1,4.0,True,0,7.128475535431651,0.09722991660237312,36.282690767272676,0.9965,118.41904060146952,1.0,194.83027123556843,118.42461052148161,4.86590497133812,0.0,4.870606750059016
50,14,pacm,0.03,4.0,True,0,75.2815436157136,0.20683145802468061,36.00072272070928,1.0,118.59662803293902,1.0,195.12244897375558,118.59662803293902,4.8692219262466985,0.0,4.873955876676024
50,14,pacm,0.01,4.0,True,0,682.5170925639143,0.1748473751358688,36.16102257058598,1.0,119.82791817363668,1.0,197.14824305943094,119.82791817363668,4.871912221392371,0.0,4.876669817516558
50,14,pacm,0.003,4.0,True,0,7600.791482079605,0.17818199982866645,36.17953891051825,1.0,119.7090319402323,1.0,196.95264413393127,119.7090319402323,4.869863491285365,0.0,4.874615456720605
50,14,pacm,1.0,16.0,True,0,1.4910381375478372,0.057379959151148796,40.22863978857081,0.686,79.90370565193132,0.92,131.4624790559198,313.1621319555707,5.585189483944312,0.0,5.4268583097196395
50,14,pacm,0.3,16.0,True,0,1.2455103768513527,0.1016778340563178,41.200775602583406,0.854,113.33200564121249,0.9685,186.46076920229999,168.90581368579058,4.958775506461816,0.0,4.955532673468852
50,14,pacm,0.1,16.0,True,0,1.5615049278998447,0.2248832080513239,39.023797244513815,1.0,131.55848446289087,1.0,216.44809045115056,131.55848446289087,4.671413047246683,0.0,4.676411987729007
50,14,pacm,0.03,16.0,True,0,8.489009030332486,0.34386625001206994,41.51221250545311,1.0,132.8552447990295,1.0,218.58160011931005,132.8552447990295,4.857717529841388,0.0,4.862011124789138
50,14,pacm,0.01,16.0,True,0,80.5651116774511,0.2894791248254478,38.52225575920383,1.0,169.02135633930675,1.0,278.0843058086906,169.02135633930675,4.9263938529467,0.0,4.931199256184916
50,14,pacm,0.003,16.0,True,0,811.5396545884178,0.24080300005152822,40.08172759798799,0.9885,134.76499372616567,1.0,221.72363622748946,134.88089043274917,4.879192982572956,0.0,4.883609676312887
50,14,pacm,1.0,64.0,True,0,1.4881401519444357,0.16641541616991162,39.86931923323309,0.708,80.93704350384048,0.927,133.16258989065446,299.31939349540846,5.518268188126156,0.0,5.415939901347487
50,14,pacm,0.3,64.0,True,0,1.1066038183132823,0.2871745419688523,51.4515845828148,0.843,109.93391028812121,0.9825,180.87001423616934,184.1194422170762,4.94813652542552,0.0,4.94533684601013
50,14,pacm,0.1,64.0,True,0,1.1377796272252207,0.9000587081536651,39.09817469598925,0.9555,114.96721850650522,1.0,189.15112173728681,124.2176756576571,4.684245720002841,0.0,4.688564364882138
50,14,pacm,0.03,64.0,True,0,1.7899196201513754,1.5501294587738812,37.889151640000904,0.9835,139.55673336786154,1.0,229.60730028472264,139.82581794669898,4.715184715797829,0.0,4.719891552793847
50,14,pacm,0.01,64.0,True,0,8.023014456864772,1.319646917283535,35.433327074873965,1.0,183.30204364090773,1.0,301.57976875341177,183.30204364090773,4.968094885912577,0.0,4.972935791537331
50,14,pacm,0.003,64.0,True,0,91.42542593290344,0.9013130003586411,35.7929596185608,1.0,171.2967300318445,1.0,281.8278902139328,171.2967300318445,4.926706277768348,0.0,4.93136383346155
50,14,pac2t,1.0,16.0,True,0,1.521463330548619,0.11205979203805327,38.88308512509318,0.544,61.99872567722294,0.8005,102.00410743576865,452.2075789171506,6.501534195665234,0.0,6.04609403099361
50,14,pac2t,0.3,16.0,True,0,2.909695242410017,0.24969450011849403,38.822658144352,0.1805,24.490615197845266,0.354,40.293462753006935,927.42379085991,21.311731327943797,0.0,8.272135250461883
50,14,pac2t,0.1,16.0,True,0,24.34415404938052,0.5347515419125557,38.94802742600064,0.047,8.493677968063633,0.0775,13.974320125380862,1231.3203828216056,173.9121399821976,0.0,9.785575931663745
50,14,pac2t,0.03,16.0,True,0,280.00761662535007,1.905943791847676,38.979570002086234,0.012,2.257439061270267,0.022,3.714077249495932,1358.8043564127092,2405.278267099829,0.0,10.176650652633015
50,14,pac2t,0.01,16.0,True,0,2537.3718796850535,9.910610042046756,38.986023242009125,0.003,0.6520442005504223,0.0055,1.0727831251255864,1392.6643366952646,26091.79727117537,0.0,10.314109811473445
50,14,pac2t,0.003,16.0,True,0,28226.188022359987,6.733665165957063,38.98659056966184,0.0005,0.15290213822742685,0.002,0.25156397917125395,1403.2401967092708,935204.862900536,0.0,10.352945564442459
50,14,pac2t_ensemble,1.0,16.0,True,0,1.1731322113896545,0.013394542038440704,38.98012589400213,0.0185,2.579810623419679,0.019,2.7310543224141295,1357.7355132914613,,,
50,14,pac2t_ensemble,0.3,16.0,True,0,2.4081409927286557,0.14039312489330769,38.739530678185695,0.1075,17.71780689388418,0.125,20.90177509036928,1032.3701134623332,,,
50,14,pac2t_ensemble,0.1,16.0,True,0,23.586269608550488,0.037766207940876484,38.940682583580006,0.0405,6.410066363681905,0.054,8.961345646951099,1265.175961456909,,,
50,14,pac2t_ensemble,0.03,16.0,True,0,279.0929308786373,0.025013208854943514,38.98131689262978,0.007,1.4634740242933781,0.0095,1.8793900167629773,1374.1973432685486,,,
50,14,pac2t_ensemble,0.01,16.0,True,0,2536.689882504715,0.017651000060141087,38.992955791090175,0.006,1.1338138896669607,0.0065,1.2294023325961236,1382.2707510478804,,,
50,14,pac2t_ensemble,0.003,16.0,True,0,28224.73077377484,0.10095204086974263,38.9861798440023,0.0005,0.05763286377095297,0.0005,0.0766546129578265,1405.2689070520041,,,
50,14,pvi,1.0,1.0,True,0,1.1730138817379632,1.0799916670657694,38.957658425232,0.0015,0.23745083298101688,0.002,0.3906686792920153,1400.6894596445507,219729.95111474115,0.0,10.348674832775476
50,14,pvi,0.3,1.0,True,0,2.5380051531501864,1.071289958897978,38.977279203732245,0.0005,0.0730765035356104,0.0005,0.12022994724898475,1404.6901240957982,2295314.817516507,0.0,10.366527505913695
50,14,pvi,0.1,1.0,True,0,24.023681963171363,1.0844054170884192,38.98404277708362,0.0,0.02456665514170122,0.0,0.040418568334094365,1405.9768296660823,20553003.312669672,0.0,10.373331642428663
50,14,pvi,0.03,1.0,True,0,279.715958092893,1.1027347082272172,38.98656932296942,0.0,0.010923888946756385,0.0,0.01797265233389651,1406.2434386506316,109454953.8913634,0.0,10.370884230280833
50,14,pvi,0.01,1.0,True,0,2537.046030580846,1.1135918330401182,38.9851740161247,0.0,0.009481145834496394,0.0,0.015598962845642408,1406.2482731801044,143401073.52261668,0.0,10.373491061849046
50,14,pvi,0.003,1.0,True,0,28225.47068458453,1.0935275838710368,38.9874106497251,0.0005,0.010254025082502461,0.0005,0.016870551204714673,1406.2504847898474,125353121.76857774,0.0,10.366312639602912
50,14,pvi,1.0,16.0,True,0,1.1730131468509506,1.4840229582041502,38.99198150887766,0.0015,0.3784266506397853,0.0025,0.6226107441205098,1398.6160704763508,99878.49003172031,0.0,10.340591925090283
50,14,pvi,0.3,16.0,True,0,0.9742886232496164,1.4974095826037228,40.903347252658854,0.803,105.72372562619479,0.97,173.943160113146,143.06877132025167,12.210568023750016,0.0,5.018197801864614
50,14,pvi,0.1,16.0,True,0,1.5478380086924166,1.5418190001510084,38.57797601643108,0.978,123.24611145873104,0.9865,202.77206437641016,124.47905703779199,6.463938693716151,0.0,4.768874815282382
50,14,pvi,0.03,16.0,True,0,10.10804242809758,1.545883750077337,37.404592080794735,1.0,140.14062329131738,1.0,230.56795181154703,140.14062329131738,4.936458941139509,0.0,4.941361488385521
50,14,pvi,0.01,16.0,True,0,87.02880651149367,1.4906185832805932,38.180894521957086,1.0,145.05447910914856,1.0,238.65252889423496,145.05447910914856,4.973511801617021,0.0,4.9781917717860615
50,14,pvi,0.003,16.0,True,0,1062.855724194973,1.4238266251049936,36.784645118498666,1.0,145.26777171479065,1.0,239.00345097567322,145.26777171479065,4.979535145936561,0.0,4.984392296704547
50,15,POPS ellipse,,,True,0,0.38172063740208717,0.006898249965161085,36.016487883359474,0.986,109.69174481354341,1.0,141.57994408621218,116.18267975818037,4.553565254673453,0.0,4.559234561737516
50,15,Ellipse+EB,,,True,0,0.38172063740208717,0.007010208908468485,36.016487883359495,1.0,131.08913362142474,1.0,193.872037452214,131.08913362142474,4.604219661512836,0.0,4.610068870653187
50,15,Ellipse+PAC,,,True,0,,0.12353025004267693,35.74856032375307,1.0,136.84780770203386,1.0,200.58204625115684,136.84780770203386,4.590743396596401,0.0,4.596561127962005
50,15,Bayesian stacking,,,True,0,,0.025492665823549032,35.589880061826484,0.47,48.538352460684486,0.681,76.26904650779886,503.8934724205935,7.540791209771134,0.0,6.4305405289735305
50,15,pacm,1.0,1.0,True,0,1.4476714761634213,0.004640584345906973,35.4301639687094,0.657,72.93820383520841,0.9625,120.00240809646016,283.1234824849899,5.514205249916621,0.0,5.4812475774391825
50,15,pacm,0.3,1.0,True,0,1.9341611617788166,0.009856041986495256,35.43063215686019,0.1975,21.90570514050066,0.3285,36.04061012868202,860.4120845755164,21.71482364792016,0.0,8.278036772409926
50,15,pacm,0.1,1.0,True,0,14.74909382633354,0.015446041245013475,35.4306756271741,0.0425,7.30259554951731,0.0705,12.014678251146519,1131.6147250292943,173.61525326007973,0.0,9.758706986231342
50,15,pacm,0.03,1.0,True,0,170.68252483765713,0.0744298747740686,35.43068012859502,0.0145,2.1907392284082614,0.022,3.604338592081828,1235.6125104817077,1912.761909994565,0.0,10.169523356923634
50,15,pacm,0.01,1.0,True,0,1550.0630715564332,0.17485091695562005,35.430681106622906,0.0035,0.7299032189314112,0.0075,1.200881559230911,1265.9553105029463,17242.81956481241,0.0,10.299181344134594
50,15,pacm,0.003,1.0,True,0,17250.68028093004,0.40597425028681755,35.43068059998514,0.0005,0.22083641951770808,0.002,0.36333362687953524,1276.6035770969872,187084.26731726856,0.0,10.35425178224988
50,15,pacm,1.0,4.0,True,0,1.4283382381288456,0.026509167160838842,35.7736871581892,0.8145,91.93662793755362,1.0,151.25978108401287,172.40501010979423,5.049340449218582,0.0,5.048343019123147
50,15,pacm,0.3,4.0,True,0,1.171828318668136,0.06973645789548755,37.08451846596162,0.993,127.73073351889303,1.0,210.15043974520447,129.07963803573236,4.682187652334262,0.0,4.687083516819348
50,15,pacm,0.1,4.0,True,0,3.823309582998763,0.17244558315724134,36.51589180437501,1.0,127.91043721098283,1.0,210.44609928520805,127.91043721098283,4.618770642996121,0.0,4.624390101064962
50,15,pacm,0.03,4.0,True,0,40.768291154752816,0.2184842498973012,35.33944716350183,1.0,123.67743702830396,1.0,203.4817076675875,123.67743702830396,4.758343180280657,0.0,4.763788277692818
50,15,pacm,0.01,4.0,True,0,372.3922730728076,0.17393516609445214,35.331277134926346,1.0,123.85223326465315,1.0,203.76929316030805,123.85223326465315,4.75858651294657,0.0,4.764033645403241
50,15,pacm,0.003,4.0,True,0,3839.240483963954,0.43614670913666487,35.643557724602374,0.987,126.10428317865878,1.0,207.47450385407137,131.30909671231888,4.736568357662248,0.0,4.741790795062533
50,15,pacm,1.0,16.0,True,0,1.4243498684817606,0.04363537486642599,36.03521170695424,0.8295,95.94675859469682,1.0,157.85749408399116,150.60119319726707,4.9707780879993955,0.0,4.972451402809922
50,15,pacm,0.3,16.0,True,0,0.9444084655903451,0.11379379173740745,46.294067759516125,0.8835,126.9339526269347,1.0,208.8395269350087,151.08008255855367,4.828198562947093,0.0,4.830718482819842
50,15,pacm,0.1,16.0,True,0,1.0565594479859985,0.25526112457737327,36.983846935407456,0.948,144.59858568774183,1.0,237.90246506584785,148.43289987909205,4.734160701896181,0.0,4.739316214600876
50,15,pacm,0.03,16.0,True,0,3.7165286681570935,0.42553950008004904,35.56394997618126,1.0,154.07298705564935,1.0,253.4903315012491,154.07298705564935,4.637511733949722,0.0,4.643152052174108
50,15,pacm,0.01,16.0,True,0,41.32387450154337,0.2838109997101128,35.88240560304142,1.0,189.23446801991676,1.0,311.3401573275486,189.23446801991676,4.863866248725148,0.0,4.868860390632238
50,15,pacm,0.003,16.0,True,0,382.240139838979,0.319063666742295,35.52825000690108,1.0,144.6694610362508,1.0,238.01907353779444,144.6694610362508,4.7656677281917394,0.0,4.771175510812277
50,15,pacm,1.0,64.0,True,0,1.4231485663638113,0.13963387487456203,35.83923468735858,0.8385,96.83021788828385,1.0,159.3110155187275,141.03157518320165,4.951092970249915,0.0,4.953442943699146
50,15,pacm,0.3,64.0,True,0,0.9073679533450667,0.3899973751977086,48.95904924360863,1.0,127.38976963434027,1.0,209.5894650423903,127.38976963434027,4.612268763202401,0.0,4.617142805029054
50,15,pacm,0.1,64.0,True,0,0.7695806730506751,0.526070708874613,41.43892882125895,0.951,123.53587236598081,1.0,203.2487967993884,128.2795785195875,4.7371984866702155,0.0,4.7416442878860146
50,15,pacm,0.03,64.0,True,0,1.1711113342474242,1.2432950418442488,39.37576691389632,0.974,178.87627398560053,1.0,294.2982209719906,179.54403180538014,4.746814883936461,0.0,4.751300298708634
50,15,pacm,0.01,64.0,True,0,5.507572879219845,1.5654393751174212,36.72097005475518,1.0,218.64547433321678,1.0,359.7289494358689,218.64547433321678,4.898468008761688,0.0,4.9028377161865375
50,15,pacm,0.003,64.0,True,0,63.95549356255717,0.8883812921121716,38.64583276334743,1.0,243.52550922003857,1.0,400.6631093541493,243.52550922003857,5.088522821450173,0.0,5.092327881779547
50,15,pac2t,1.0,16.0,True,0,1.4314378481764845,0.09235845785588026,35.63322554242338,0.7595,86.51814351023928,1.0,142.34495805135393,177.42416215628322,5.0806157321983285,0.0,5.079635199141114
50,15,pac2t,0.3,16.0,True,0,1.8308766103032426,0.20191833283752203,35.40177957181122,0.2935,33.62812478181215,0.56,55.32705415536609,670.2256954589274,10.400321293913905,0.0,7.311225579491808
50,15,pac2t,0.1,16.0,True,0,14.485342376470685,0.4739320408552885,35.41652571733879,0.088,11.916764515793572,0.186,19.606192138273816,1042.3563031640053,69.72916969496582,0.0,9.128921911840143
50,15,pac2t,0.03,16.0,True,0,170.26609465027082,1.5075830831192434,35.43435211574393,0.0185,3.1141164760009654,0.03,5.1235354939270765,1216.6959598386513,1033.4131736807408,0.0,10.099446247995182
50,15,pac2t,0.01,16.0,True,0,1549.5716198864545,7.43059420818463,35.432007514138576,0.006,0.9028413674173348,0.009,1.485410011795248,1262.329934749192,11715.138815921846,0.0,10.275851850430168
50,15,pac2t,0.003,16.0,False,0,17250.254929216942,15.24008483439684,35.43081383569251,0.0,0.18654394529087476,0.0005,0.30691354425584705,1277.312478716444,330601.41328434204,0.0,10.364698687574034
50,15,pac2t_ensemble,1.0,16.0,True,0,1.0743233942152361,0.004773708991706371,35.43016406638034,0.0,4.79804287379542e-05,0.0,5.2361951518537284e-05,1280.8115721756792,,,
50,15,pac2t_ensemble,0.3,16.0,True,0,1.3688745751452718,0.09370891703292727,35.55833919978234,0.133,21.092494036267077,0.155,24.372391885621518,849.0968335146197,,,
50,15,pac2t_ensemble,0.1,16.0,True,0,13.720107934231065,0.012906459160149097,35.36213566550085,0.095,8.960288472677306,0.1605,12.093396602806493,1083.733982806629,,,
50,15,pac2t_ensemble,0.03,16.0,False,0,169.42404930469635,0.008887792006134987,35.43298932325825,0.019,3.324341229623041,0.0235,4.04284486864212,1209.6747271259221,,,
50,15,pac2t_ensemble,0.01,16.0,True,0,1548.5319806005677,0.02577133383601904,35.431156495760234,0.001,0.34270749598498257,0.0025,0.4458044407162587,1273.1228899571438,,,
50,15,pac2t_ensemble,0.003,16.0,True,0,17249.011886956487,0.048033458180725574,35.430703918641576,0.0005,0.09203892000087625,0.0005,0.11974655306460093,1279.280776809432,,,
50,15,pvi,1.0,1.0,True,0,1.0742322903144537,0.9700614167377353,35.416159968840034,0.0015,0.3250659142745524,0.0035,0.5348183866874172,1274.7116876042705,109083.72519351312,0.0,10.339203289182805
50,15,pvi,0.3,1.0,True,0,1.4404317750100644,0.9596351250074804,35.434443138280976,0.0005,0.09762409083190514,0.001,0.1606171439939025,1279.4297758509904,1246178.7877045765,0.0,10.36021897388868
50,15,pvi,0.1,1.0,True,0,14.145515485735425,0.9735455000773072,35.43502720650879,0.0005,0.033741021918328076,0.0005,0.05551279945120264,1280.6410006291546,10305083.042150147,0.0,10.367073074345624
50,15,pvi,0.03,1.0,True,0,169.9585774908506,0.9631504998542368,35.43119638276567,0.0,0.016230208099249403,0.0,0.026702934174483453,1280.8638346109371,43777927.97128444,0.0,10.370878408456383
50,15,pvi,0.01,1.0,True,0,1549.229628023136,0.9713285411708057,35.43419810581279,0.0,0.012326751791194569,0.0,0.020280728358664114,1281.041989080111,79989485.53929625,0.0,10.372875439567808
50,15,pvi,0.003,1.0,True,0,17249.732579678926,0.9558257921598852,35.42812188379058,0.0,0.014813694896624085,0.0,0.02437239974290451,1280.916134439543,54146072.283397056,0.0,10.373491181781866
50,15,pvi,1.0,16.0,True,0,1.074231530337804,1.2616697908379138,35.43191219489318,0.0025,0.39108134666898126,0.004,0.643431026460657,1273.058573616523,75689.66544998693,0.0,10.330763377066884
50,15,pvi,0.3,16.0,True,0,0.6753093092110474,1.2618525829166174,42.262589970756615,0.7295,107.72801463904553,0.7905,177.24073937088016,175.83649493303284,366.601691208654,0.0,6.042672121785473
50,15,pvi,0.1,16.0,True,0,0.8943762331259046,1.2661170000210404,37.67070883459976,0.9485,120.42761557709312,0.968,198.13490202222502,130.99678765390814,14.677190827756831,0.0,4.857316587463181
50,15,pvi,0.03,16.0,True,0,5.966631166622708,1.3108107913285494,36.614543044326915,0.988,128.40102493146603,1.0,211.25324430311517,128.65495804044062,4.633361919016354,0.0,4.638852600602213
50,15,pvi,0.01,16.0,True,0,56.00841108327361,1.3091745828278363,36.12953349584698,0.9975,136.76661090260347,1.0,225.01681961602787,136.9664310415982,4.8417156008841795,0.0,4.846973955754394
50,15,pvi,0.003,16.0,True,0,650.2563584346098,1.2249913746491075,36.16030931410764,1.0,136.5774333031638,1.0,224.7055730223777,136.5774333031638,4.795343996108668,0.0,4.800761980696429
50,16,POPS ellipse,,,True,0,0.6389314182976387,0.005446707829833031,36.657133961167425,1.0,124.56467505929513,1.0,160.77654485294258,124.56467505929513,4.588221203275765,0.0,4.5939443729170355
50,16,Ellipse+EB,,,True,0,0.6389314182976387,0.00507679209113121,36.657133961167425,1.0,137.80350743702968,1.0,192.0650400477175,137.80350743702968,4.656058491242324,0.0,4.661689645061543
50,16,Ellipse+PAC,,,True,0,,0.13482562499120831,38.2439759535396,1.0,607.971031859055,1.0,946.5793399585876,607.971031859055,4.913126514252708,0.0,4.915891080669705
50,16,Bayesian stacking,,,True,0,,0.02908712485805154,36.867398415940734,0.4925,50.6170978611727,0.685,79.38408544502207,523.1502686410776,7.68539661177681,0.0,6.427428039363415
50,16,pacm,1.0,1.0,True,0,1.548033123580466,0.004611375275999308,36.154385257073876,0.5425,57.99357713667038,0.762,95.4145913196846,436.4208405551523,6.5589769028473,0.0,6.134447483855027
50,16,pacm,0.3,1.0,True,0,3.0389062362637924,0.008429958019405603,36.15470657429307,0.156,17.412657681991877,0.2615,28.648372777582548,961.5751280894094,35.81808145954191,0.0,8.612030893815342
50,16,pacm,0.1,1.0,True,0,24.683435882635084,0.017418333794921637,36.15473599861226,0.032,5.804610509568226,0.073,9.550101354072064,1180.9568177001602,302.5247620336581,0.0,9.81502606776679
50,16,pacm,0.03,1.0,True,0,281.0535156742966,0.034162957686930895,36.15473944484181,0.01,1.7414065766170626,0.017,2.8650689444066875,1264.1782078474519,3347.5003820530214,0.0,10.221539329594252
50,16,pacm,0.01,1.0,True,0,2543.393610826826,0.08242608373984694,36.154739210634396,0.004,0.5811235322308929,0.005,0.9561000902460566,1288.3271060456323,30077.445933771774,0.0,10.310504263723287
50,16,pacm,0.003,1.0,True,0,28287.67578687253,0.14803191600367427,36.1547400453016,0.0,0.1724013397865184,0.0015,0.28364526195600637,1296.8801537917004,345505.0855600616,0.0,10.357218985870587
50,16,pacm,1.0,4.0,True,0,1.4898290799072456,0.02867570798844099,37.05482646576622,0.9145,119.20106250826015,1.0,196.11690165782406,164.03179442579096,4.978144187487,0.0,4.976861480197369
50,16,pacm,0.3,4.0,True,0,1.5457836218456498,0.06068362481892109,36.29220679428999,0.951,137.8649450249636,1.0,226.82386630277313,141.32659253765073,4.68779915956107,0.0,4.693174633304448
50,16,pacm,0.1,4.0,True,0,7.2878714924201455,0.11881449958309531,35.864715074977404,0.9695,129.3114138596717,1.0,212.7510720250003,130.2808916898498,4.744596525979506,0.0,4.749914747181185
50,16,pacm,0.03,4.0,True,0,77.8769458757375,0.129915667232126,35.799581016641106,1.0,133.30762089155795,1.0,219.32587702241753,133.30762089155795,4.784597941318374,0.0,4.7899287300660305
50,16,pacm,0.01,4.0,True,0,687.9559338837664,0.10745254158973694,35.819754470822005,0.971,138.18226844347978,1.0,227.3459462603956,139.19819824391692,4.786870354880318,0.0,4.792259131039957
50,16,pacm,0.003,4.0,True,0,7302.9474626878255,0.10398412495851517,35.614665463843124,0.9505,136.84890904890887,1.0,225.15222157575633,140.52615553149272,4.760345425488016,0.0,4.765715692029223
50,16,pacm,1.0,16.0,True,0,1.48426835225946,0.04541387502104044,38.506735013262166,0.8465,114.74281332381156,1.0,188.7819165622676,134.73211514013377,4.886737589400788,0.0,4.890333587973932
50,16,pacm,0.3,16.0,True,0,1.0636910370439852,0.09969633398577571,44.18430574765952,0.8835,164.75706531523474,0.968,271.06843257895054,184.81676174658685,4.936892415738028,0.0,4.93580229967987
50,16,pacm,0.1,16.0,True,0,1.3235748098392284,0.18385224975645542,38.575316149786836,0.948,163.5763000408953,1.0,269.125765103377,166.2283981371488,4.760012346819498,0.0,4.7651603410551235
50,16,pacm,0.03,16.0,True,0,6.691379857083946,0.39246375020593405,36.21160136885174,1.0,165.59802645101178,1.0,272.45203343696977,165.59802645101178,4.786199279396906,0.0,4.791614908371743
50,16,pacm,0.01,16.0,True,0,53.8033891035489,0.3241927083581686,35.71168736010726,1.0,166.76632524958598,1.0,274.3741903017297,166.76632524958598,4.776003659051332,0.0,4.781482495462416
50,16,pacm,0.003,16.0,True,0,625.598641373142,0.3718805410899222,36.971854327940434,1.0,157.6553756152534,1.0,259.38429695810316,157.6553756152534,4.728306343333231,0.0,4.733830878750952
50,16,pacm,1.0,64.0,True,0,1.4797344540063895,0.12448129057884216,39.588776935675796,0.9,115.05303546625089,1.0,189.29231306478738,130.5535339777089,4.836003153363474,0.0,4.839866373912848
50,16,pacm,0.3,64.0,True,0,0.9370901853231013,0.25713920779526234,67.60352830048375,0.865,142.45605743490668,1.0,234.37744612877873,155.68241454328742,4.7756401528802,0.0,4.778969588754328
50,16,pacm,0.1,64.0,True,0,0.9642905182861501,0.7693235841579735,38.188306884761865,0.9575,144.20638588377292,1.0,237.2571938848141,146.8674982371021,4.730872733568309,0.0,4.735953874537497
50,16,pacm,0.03,64.0,True,0,1.8499634622854053,1.2249080832116306,37.64871676571615,1.0,210.55227952252872,1.0,346.4135287727743,210.55227952252872,4.796231689632183,0.0,4.800439450084909
50,16,pacm,0.01,64.0,True,0,9.481436273338268,1.0129587911069393,37.74344429297779,1.0,199.6487644684806,1.0,328.4743968172083,199.6487644684806,4.8668851807340525,0.0,4.870916373640377
50,16,pacm,0.003,64.0,True,0,88.76327775309866,0.8020678330212831,35.66371270668089,1.0,203.80767327862804,1.0,335.31688876284016,203.80767327862804,4.837019954966267,0.0,4.841343504854579
50,16,pac2t,1.0,16.0,True,0,1.5195598185224037,0.08150716684758663,36.31060466406882,0.652,72.94136721910839,0.894,120.00761268974284,323.5755873297932,5.668028047604958,0.0,5.604420159920253
50,16,pac2t,0.3,16.0,True,0,2.908905137511103,0.15400037541985512,36.12630960235443,0.2565,27.321224884658392,0.446,44.95055548271264,799.3813809159608,16.157264136992623,0.0,7.707992489548213
50,16,pac2t,0.1,16.0,True,0,24.397908155800593,0.4743574997410178,36.147219068155636,0.09,9.380378909860134,0.159,15.433174918643752,1112.2263065046425,131.5901650973434,0.0,9.252538423491014
50,16,pac2t,0.03,16.0,True,0,280.62433629708255,1.2997251660563052,36.15706433525682,0.0145,2.47717813366916,0.022,4.075605453567509,1249.0679810085744,2000.505443772673,0.0,10.165205166699492
50,16,pac2t,0.01,16.0,True,0,2542.8900749174163,9.612736457958817,36.15627936121164,0.004,0.728823272618126,0.0075,1.199104765295844,1285.2578776848839,23474.467169705455,0.0,10.293061089410905
50,16,pac2t,0.003,16.0,False,0,28287.461818090957,14.405719541944563,36.15491982992146,0.001,0.19786437991895828,0.0015,0.32553861787485067,1296.337025743223,372055.76882045495,0.0,10.354445559767948
50,16,pac2t_ensemble,1.0,16.0,True,0,1.1736706508658434,0.0073507498018443584,36.15438438362581,0.0,0.0007003619558048884,0.0,0.0007561228185594432,1300.3883669178472,,,
50,16,pac2t_ensemble,0.3,16.0,True,0,2.395948856234159,0.04061450017616153,36.05069906463173,0.1095,18.97484403141245,0.1485,24.142193985705713,902.3332347414678,,,
50,16,pac2t_ensemble,0.1,16.0,True,0,23.612051065301657,0.007669083774089813,36.08832167657237,0.074,6.243149706694004,0.123,8.590746493535944,1155.3624373303144,,,
50,16,pac2t_ensemble,0.03,16.0,True,0,279.6872625934165,0.02035241574048996,36.15094029041763,0.0095,1.2528399695010886,0.012,1.691925028990483,1271.4274691723538,,,
50,16,pac2t_ensemble,0.01,16.0,True,0,2541.8589190833477,0.025365374982357025,36.153896362852365,0.002,0.3034029012336987,0.0025,0.39816353339750926,1293.7752193113877,,,
50,16,pac2t_ensemble,0.003,16.0,True,0,28286.161170708478,0.010537417139858007,36.15709089297495,0.001,0.2827720052728477,0.0015,0.3229437013090556,1294.5499458330287,,,
50,16,pvi,1.0,1.0,True,0,1.173565319781539,0.9014163329266012,36.14491508968619,0.0005,0.2722699775692431,0.0025,0.44795527230829496,1294.2029290796906,144894.06910604975,0.0,10.34376822672416
50,16,pvi,0.3,1.0,True,0,2.5441318726682676,0.9127659997902811,36.16666602258558,0.0,0.08367538092938287,0.0005,0.13766787063472496,1299.1588681212074,1534178.1017159543,0.0,10.367938819420422
50,16,pvi,0.1,1.0,True,0,24.078810505631424,0.8925418332219124,36.1595722699925,0.0,0.028372613808114757,0.0,0.04668036504788663,1300.0774385254033,13707263.043828126,0.0,10.373491181781866
50,16,pvi,0.03,1.0,True,0,280.3285295834047,0.898540458176285,36.15599866613384,0.0,0.014439687375585663,0.0,0.02375705962194109,1300.2237123405444,52691297.56804194,0.0,10.373491181781866
50,16,pvi,0.01,1.0,True,0,2542.5591488236882,0.9042039168998599,36.15491730737588,0.0,0.010644894438467266,0.0,0.01751363345106212,1300.2884823826791,96506507.4105229,0.0,10.373491181781866
50,16,pvi,0.003,1.0,True,0,28286.725353135796,0.9088634578511119,36.15869613887702,0.0,0.011616926965025766,0.0,0.01911288100312224,1300.4205455373558,79255023.90976147,0.0,10.373491181781866
50,16,pvi,1.0,16.0,True,0,1.173564743552971,1.1952967499382794,36.14389693403369,0.004,0.6231012973065302,0.0055,1.025164484907679,1286.9335981400316,37680.76913292856,0.0,10.315126555625083
50,16,pvi,0.3,16.0,True,0,0.769003322601705,1.2799437916837633,45.637615934468805,0.563,117.84788578883516,0.7035,193.8905722944385,260.205458512376,644.779979253114,0.0,6.747382859076977
50,16,pvi,0.1,16.0,True,0,1.335999869346022,1.3131622080691159,36.86849019682003,0.959,129.31294326401513,0.9695,212.75358829486532,135.27414455841065,10.679309914948385,0.0,4.847364073780669
50,16,pvi,0.03,16.0,True,0,9.941859638846626,1.3207380827516317,35.684971498111146,1.0,144.19182955795364,1.0,237.23324492447045,144.19182955795364,4.801271494201669,0.0,4.80680870259936
50,16,pvi,0.01,16.0,True,0,87.46063384830774,1.3143184590153396,35.861189634271696,1.0,134.44994707345884,1.0,221.20530214467044,134.44994707345884,4.614400727156547,0.0,4.620069082891076
50,16,pvi,0.003,16.0,True,0,982.2982151729911,1.1441668751649559,35.71055418600072,1.0,134.5104027567322,1.0,221.30476754406956,134.5104027567322,4.642357521919954,0.0,4.647999530414218
50,17,POPS ellipse,,,True,0,0.21765447470093768,0.008088584057986736,37.2917779182032,1.0,113.29986012297654,1.0,146.2369651285384,113.29986012297654,4.54955920851212,0.0,4.555389462525331
50,17,Ellipse+EB,,,True,0,0.21765447470093768,0.008556167129427195,37.2917779182032,1.0,127.85784072832938,1.0,185.52707944834228,127.85784072832938,4.594764320007681,0.0,4.600525002359278
50,17,Ellipse+PAC,,,True,0,,0.12515945779159665,37.102530730209466,1.0,124.05289676247104,1.0,179.26568993393937,124.05289676247104,4.588939928791742,0.0,4.594694539532311
50,17,Bayesian stacking,,,True,0,,0.025095791090279818,38.016185792070395,0.462,47.91335623465158,0.7005,75.29374706188206,579.4688829345938,8.00337870251619,0.0,6.452338936855511
50,17,pacm,1.0,1.0,True,0,1.4285421630311568,0.00508899986743927,36.81521402437868,0.68,76.24177172361894,0.946,125.43764067793532,298.3119577693012,5.527923564083699,0.0,5.44837378646382
50,17,pacm,0.3,1.0,True,0,1.7739158175802947,0.010108542162925005,36.80975687712087,0.223,22.90402989072886,0.369,37.68311526029113,874.66015045094,21.303227562442785,0.0,8.050352426193164
50,17,pacm,0.1,1.0,True,0,13.34843940009382,0.020767999812960625,36.80927350834388,0.042,7.635676671375195,0.1145,12.562683749125648,1149.5364273297134,169.457060833789,0.0,9.556706321419425
50,17,pacm,0.03,1.0,True,0,155.17223675722832,0.04146254202350974,36.80921916627371,0.0135,2.2907026266480472,0.0225,3.768804508152127,1258.2707539116507,1866.1106921005808,0.0,10.16805752968313
50,17,pacm,0.01,1.0,True,0,1410.5120493927052,0.11853000009432435,36.80921368716065,0.0045,0.763579103801293,0.01,1.2562871912135052,1289.9742006790489,16788.50213617751,0.0,10.277175963534527
50,17,pacm,0.003,1.0,True,0,15700.165928654558,0.20383775001391768,36.80921331133836,0.002,0.22701371585919067,0.0025,0.37349689383053103,1301.1950123571164,189928.5612688315,0.0,10.342249243795928
50,17,pacm,1.0,4.0,True,0,1.4093516956949728,0.029911208897829056,36.807356407830916,0.8725,99.19871931845692,1.0,163.2078193918094,172.18199915528166,5.045631531922478,0.0,5.04208532440009
50,17,pacm,0.3,4.0,True,0,1.0908456962003354,0.06491195783019066,37.12569319951978,0.9385,115.61302653297597,1.0,190.2136447261941,118.76042797361717,4.706463041583004,0.0,4.711252803967628
50,17,pacm,0.1,4.0,True,0,3.5644243584286963,0.16236358415335417,36.63056303135227,1.0,127.03042641610894,1.0,208.99825153213826,127.03042641610894,4.677245256052582,0.0,4.682805966979889
50,17,pacm,0.03,4.0,True,0,38.86392227429652,0.18466583313420415,36.64920062758699,1.0,132.4679988851215,1.0,217.94447938215202,132.4679988851215,4.819837615131021,0.0,4.825248458479202
50,17,pacm,0.01,4.0,True,0,355.2942603228811,0.1971080838702619,36.65429338938738,1.0,132.3646143756154,1.0,217.77438484392297,132.3646143756154,4.8194513256046925,0.0,4.82486090343309
50,17,pacm,0.003,4.0,True,0,3960.5659865577195,0.2842668332159519,36.6734813321014,1.0,132.20091843313193,1.0,217.50506223573242,132.20091843313193,4.822185647444656,0.0,4.827589115323043
50,17,pacm,1.0,16.0,True,0,1.4053883144712165,0.04910633387044072,37.13884686252759,0.8515,100.32369166623772,1.0,165.05869292141585,160.03110790052256,4.989941548911451,0.0,4.990167278743885
50,17,pacm,0.3,16.0,True,0,0.9172183861714522,0.13180091697722673,40.80046183316117,1.0,132.60284478564586,1.0,218.166336131208,132.60284478564586,4.661806467054463,0.0,4.6668272010774885
50,17,pacm,0.1,16.0,True,0,1.0235362038802203,0.24557783268392086,37.559417378741344,1.0,146.82857732489026,1.0,241.57138412913312,146.82857732489026,4.6495924255337355,0.0,4.6550960819811715
50,17,pacm,0.03,16.0,True,0,3.2988964164537125,0.4773213341832161,36.59843435230982,1.0,147.8315300046748,1.0,243.2215034143964,147.8315300046748,4.653597571142047,0.0,4.659165784878428
50,17,pacm,0.01,16.0,True,0,32.853386184776056,0.2940932922065258,36.60038306439997,1.0,156.8873426009798,1.0,258.1206819201095,156.8873426009798,4.795710410444743,0.0,4.801135411608926
50,17,pacm,0.003,16.0,True,0,340.50465787730826,0.4725505420938134,36.040699090784564,1.0,148.0314826191977,1.0,243.55047772396594,148.0314826191977,4.789200175321622,0.0,4.794730182617655
50,17,pacm,1.0,64.0,True,0,1.4044633653381187,0.1337188328616321,37.28736341047566,0.876,100.58043755890205,1.0,165.48110701675336,161.9600430717848,4.9855066435934665,0.0,4.985323268960847
50,17,pacm,0.3,64.0,True,0,0.8523985955363287,0.48470433289185166,43.93994019052632,0.985,124.13098363185213,1.0,204.22791036724158,124.68712865929291,4.663994273080154,0.0,4.668563381199036
50,17,pacm,0.1,64.0,True,0,0.6584786501266162,0.9675054587423801,43.23460004221656,0.9795,131.3060295608227,1.0,216.0327361568169,131.65077894549486,4.628899437994438,0.0,4.6339023731957525
50,17,pacm,0.03,64.0,True,0,1.2065542986624518,1.5220842501148582,36.1464376788698,1.0,193.25446733801658,1.0,317.95410685402754,193.25446733801658,4.724643602088878,0.0,4.729382101970794
50,17,pacm,0.01,64.0,True,0,4.672751854679565,1.1939904168248177,35.767754721242554,1.0,207.48295610453863,1.0,341.36368956617906,207.48295610453863,4.887363928720971,0.0,4.891867456204767
50,17,pacm,0.003,64.0,True,0,55.388215875784525,0.7410456668585539,34.82713618830321,1.0,208.65356647687892,1.0,343.28964957392634,208.65356647687892,4.98730211566952,0.0,4.9916226546342095
50,17,pac2t,1.0,16.0,True,0,1.4163610272819485,0.08288770774379373,36.716242254664046,0.7485,87.2284835000461,1.0,143.51365298572088,213.24472601929173,5.182204021280705,0.0,5.173506248770382
50,17,pac2t,0.3,16.0,True,0,1.6878975687266697,0.18032887484878302,36.60704718302351,0.3015,33.57924481625778,0.514,55.24663383699016,702.2394037044543,11.086825613602192,0.0,7.381992817272782
50,17,pac2t,0.1,16.0,True,0,13.109329571989935,0.37758125038817525,36.72988107298699,0.1125,12.18284710255239,0.1995,20.043967535591452,1063.4946931931954,73.07659667939824,0.0,9.016469120498854
50,17,pac2t,0.03,16.0,True,0,154.7675444796974,1.2726544169709086,36.79683727071731,0.0185,3.252806407673829,0.028,5.351716678880295,1238.7666522806219,1125.2279235129147,0.0,10.109639826900688
50,17,pac2t,0.01,16.0,True,0,1410.017060640163,5.194051541853696,36.80698616816349,0.0085,0.9443748952050695,0.0115,1.5537435200144833,1286.2326794158578,13514.936883559045,0.0,10.263523979342931
50,17,pac2t,0.003,16.0,False,0,15699.705520280868,14.620253500062972,36.80881731475989,0.0025,0.28247143422883925,0.003,0.46473933471828743,1300.034491881716,251528.44973687688,0.0,10.329922867118675
50,17,pac2t_ensemble,1.0,16.0,True,0,1.0603447690729864,0.0047969999723136425,36.81521024345442,0.0,0.00011366272089558873,0.0,0.00014434721604910717,1305.7613145461114,,,
50,17,pac2t_ensemble,0.3,16.0,True,0,1.2313627004985506,0.09055483434349298,36.74306711580341,0.1345,21.716693908833346,0.145,23.78678588306572,863.7111906547412,,,
50,17,pac2t_ensemble,0.1,16.0,True,0,12.382539290810836,0.031104374676942825,36.69707553915316,0.121,9.576252526072244,0.138,11.9043039444338,1090.2690456670432,,,
50,17,pac2t_ensemble,0.03,16.0,True,0,153.85574682066192,0.02363720815628767,36.79812212891048,0.014,2.0808735155567137,0.015,2.6200967853350514,1257.0385752060238,,,
50,17,pac2t_ensemble,0.01,16.0,True,0,1409.0423659081778,0.022955041844397783,36.80658891738124,0.0065,0.9387183134050006,0.008,1.0875420919414513,1286.538660723893,,,
50,17,pac2t_ensemble,0.003,16.0,True,0,15698.487133471654,0.03031187504529953,36.80918192387061,0.001,0.09488886525756769,0.001,0.11749163966515318,1303.8540964963897,,,
50,17,pvi,1.0,1.0,True,0,1.0602778938174229,0.9366447501815856,36.82115010865575,0.002,0.33346872159891944,0.003,0.5486432008543913,1299.0469240496889,95412.56919969473,0.0,10.338139302178655
50,17,pvi,0.3,1.0,True,0,1.2853799787253823,0.9000654583796859,36.81994165477756,0.001,0.10253416900506768,0.001,0.16869550586380344,1304.021901189182,998429.0501066985,0.0,10.358241734471084
50,17,pvi,0.1,1.0,True,0,12.7500572920939,0.9122646250762045,36.80879965414667,0.0005,0.03397901050013226,0.001,0.05590435286785191,1305.2539352376568,9223257.576236242,0.0,10.362762024542228
50,17,pvi,0.03,1.0,True,0,154.45349160889845,0.9052542499266565,36.809113163101145,0.0005,0.0168266152628628,0.0005,0.0276841798328118,1305.610037711457,39645692.9684481,0.0,10.366811711059075
50,17,pvi,0.01,1.0,True,0,1409.6838769528363,0.918078082613647,36.81278500169798,0.0005,0.014268209102837786,0.001,0.02347493304651232,1305.7124948857759,53017373.30949053,0.0,10.361300088516195
50,17,pvi,0.003,1.0,True,0,15699.223550398641,0.8925463343039155,36.81674848552879,0.0005,0.015002541226120086,0.001,0.024683101310918342,1305.7593723434018,48031135.06185561,0.0,10.361314118114274
50,17,pvi,1.0,16.0,True,0,1.0602768881141555,1.30606700014323,36.82311865492722,0.002,0.39050861086675204,0.003,0.6424887263784413,1298.2653517245437,70162.99224225542,0.0,10.335007314793879
50,17,pvi,0.3,16.0,True,0,0.6330652413715692,1.2756892079487443,41.4504675404689,0.6655,103.97421740831179,0.771,171.0647618514498,177.2327792301113,131.17662115469489,0.0,6.192873446688649
50,17,pvi,0.1,16.0,True,0,0.8017070231509464,1.294929957948625,36.54462141880131,0.968,130.18680025642848,0.978,214.1913114345585,133.2752691861877,7.487571325094993,0.0,4.79192270099699
50,17,pvi,0.03,16.0,True,0,5.382069861914364,1.3308725408278406,35.92823266591273,0.997,133.08620607541081,1.0,218.9615917819176,133.0945482441031,4.602498384777521,0.0,4.608143937291831
50,17,pvi,0.01,16.0,True,0,51.359156043211705,1.3161977091804147,35.17262890903292,1.0,144.895166494352,1.0,238.39041800569527,144.895166494352,4.841406132866047,0.0,4.84693073990399
50,17,pvi,0.003,16.0,True,0,581.4559850348442,1.2295272503979504,35.30125236647232,1.0,150.031687487169,1.0,246.8413374959628,150.031687487169,4.88012162644706,0.0,4.8855425235793595
50,18,POPS ellipse,,,True,0,0.21612229551219198,0.006623625289648771,37.053458445352334,1.0,106.39776976423597,1.0,137.32838619464016,106.39776976423597,4.541532874600951,0.0,4.547439394139931
50,18,Ellipse+EB,,,True,0,0.21612229551219198,0.007333457935601473,37.05345844535233,1.0,127.28638082520656,1.0,185.93394282174407,127.28638082520656,4.5871089144172705,0.0,4.592996397340972
50,18,Ellipse+PAC,,,True,0,,0.1334787500090897,36.83814118566461,1.0,133.01725021763016,1.0,198.72577290816554,133.01725021763016,4.618567836689815,0.0,4.624146099554444
50,18,Bayesian stacking,,,True,0,,0.025655291974544525,36.60507837661448,0.457,47.85068242065414,0.6885,74.05204931304776,527.0534022064717,7.856003290497789,0.0,6.495738682696205
50,18,pacm,1.0,1.0,True,0,1.421585341985753,0.004845624789595604,36.42823985872428,0.712,74.15000104734118,0.911,121.99613122006573,287.7684744313329,5.5493664328536,0.0,5.484293785923312
50,18,pacm,0.3,1.0,True,0,1.7016255719026656,0.009523000102490187,36.429353902513945,0.2065,22.279063413236543,0.3395,36.65488206650308,862.2865945679044,22.050252660839337,0.0,8.168913169954978
50,18,pacm,0.1,1.0,True,0,12.701837308923881,0.021988333202898502,36.429453338407654,0.0495,7.427357456609796,0.092,12.219944195501705,1134.505899557001,176.58625506910286,0.0,9.639225035515043
50,18,pacm,0.03,1.0,True,0,147.9928429243601,0.035881875082850456,36.42946497024066,0.017,2.228233031217521,0.028,3.66602569690786,1239.490572235516,1945.7449134728954,0.0,10.115118455302582
50,18,pacm,0.01,1.0,True,0,1345.9015198997918,0.08283241698518395,36.429466116723404,0.007,0.7422875262454993,0.0095,1.2212569814671776,1270.27146267059,17522.961737459555,0.0,10.263127340656588
50,18,pacm,0.003,1.0,True,0,14982.276240169378,0.1332940412685275,36.429465992872835,0.0025,0.22603848814514282,0.004,0.37189238935997154,1281.045253536982,191018.37207086766,0.0,10.321901986766743
50,18,pacm,1.0,4.0,True,0,1.4036783195935705,0.02699074987322092,36.52644913427044,0.789,93.4309911943152,0.9665,153.71839920117156,197.99437661393998,5.160456401973939,0.0,5.145398050893141
50,18,pacm,0.3,4.0,True,0,1.078393549660932,0.06534866662696004,37.78798198193662,0.914,101.06597731943603,1.0,166.27994682123085,113.72265412302758,4.703599683629125,0.0,4.707617011407275
50,18,pacm,0.1,4.0,True,0,3.469507281135204,0.12710020830854774,36.30572860801126,0.9785,127.61385431642881,1.0,209.95814291014952,142.06488500032228,4.7191937881259385,0.0,4.723719428470836
50,18,pacm,0.03,4.0,True,0,41.85258217407463,0.11762183299288154,36.488261815373924,1.0,109.57992879947217,1.0,180.28762217239668,109.57992879947217,4.781681404622546,0.0,4.786646919431905
50,18,pacm,0.01,4.0,True,0,382.5582954988323,0.1250922502949834,35.951897812247395,0.969,106.8651275170239,1.0,175.82106453501362,138.33042335531803,4.844559055482387,0.0,4.846368147284655
50,18,pacm,0.003,4.0,True,0,4185.84546748181,0.2226432920433581,36.910640421068805,1.0,114.41855679087253,1.0,188.24842981941327,114.41855679087253,4.78226540537938,0.0,4.787395403004482
50,18,pacm,1.0,16.0,True,0,1.4001205367730218,0.04934850009158254,36.43437246751867,0.803,93.54169946318105,1.0,153.90054323765082,165.0116455752958,4.993264723099375,0.0,4.993893290979261
50,18,pacm,0.3,16.0,True,0,0.8739322946197436,0.12439204100519419,40.207238926635284,1.0,105.569491996001,1.0,173.68940548169587,105.569491996001,4.632592898788341,0.0,4.637409210460754
50,18,pacm,0.1,16.0,True,0,0.9037017431225944,0.21256233286112547,37.992254823397545,1.0,123.95519358348483,1.0,203.93868979401316,123.95519358348483,4.618280611125302,0.0,4.623613323546554
50,18,pacm,0.03,16.0,True,0,3.589617659703256,0.43806533282622695,37.08217440141204,0.974,123.53816813366863,0.9885,203.25257393724596,163.74379206557066,4.709069643573863,0.0,4.701683773673203
50,18,pacm,0.01,16.0,True,0,32.44286315795747,0.3125553331337869,36.87000291153166,0.9705,133.01308637997917,0.9785,218.84129077270913,185.6504557887165,4.977316111218447,0.0,4.888421094981222
50,18,pacm,0.003,16.0,True,0,368.0047595839254,0.30586737487465143,35.53250014594942,0.978,132.74942230744904,1.0,218.40749446338918,153.1151690254506,4.805023313195053,0.0,4.808648057300852
50,18,pacm,1.0,64.0,True,0,1.3984101766991648,0.13077637506648898,36.65433355193035,0.8165,95.89650527765767,1.0,157.77481424349006,156.99219374321154,4.9647188174487455,0.0,4.966077570654839
50,18,pacm,0.3,64.0,True,0,0.8558010393371998,0.3376267091371119,39.28151014210569,1.0,111.00543735563156,1.0,182.63295631152252,111.00543735563156,4.630366726622216,0.0,4.635373156297243
50,18,pacm,0.1,64.0,True,0,0.6857970330462946,0.5551300002261996,39.90718776311234,0.9875,115.09002524164292,1.0,189.3531709127818,115.14880081138216,4.615398370653598,0.0,4.620299701529955
50,18,pacm,0.03,64.0,True,0,1.1598538612162237,0.9979145000688732,37.724216781875214,0.976,168.29163268382104,0.989,276.8837196782577,203.89396520645857,4.788006829123307,0.0,4.779151930979209
50,18,pacm,0.01,64.0,True,0,5.400275080202498,1.2253055828623474,37.361649193543805,1.0,189.1204480573025,1.0,311.1525646893244,189.1204480573025,4.911598817165722,0.0,4.915974737940626
50,18,pacm,0.003,64.0,True,0,55.83067977579335,0.6863493747077882,35.87802093801542,1.0,217.0458901572986,1.0,357.0972154066507,217.0458901572986,4.943979409102452,0.0,4.9481464357748175
50,18,pac2t,1.0,16.0,True,0,1.4046023364903384,0.09065341716632247,36.216775422078655,0.7715,86.86016894426898,1.0,142.90767928049922,202.89511268837256,5.156614962172209,0.0,5.148880485650172
50,18,pac2t,0.3,16.0,True,0,1.6141767825829287,0.16636350005865097,36.27548701008062,0.2885,32.438733007060584,0.5305,53.370193832032875,696.5382393854004,11.111044992346091,0.0,7.363189416759901
50,18,pac2t,0.1,16.0,True,0,12.475520869660205,0.3721771249547601,36.367185241967924,0.1005,11.785941925525549,0.194,19.39095478610308,1051.440951139189,70.90772503215298,0.0,9.081364209202382
50,18,pac2t,0.03,16.0,True,0,147.61365397945758,1.9677447089925408,36.420083147524174,0.022,3.228356747539826,0.0405,5.311490597911132,1219.386743677753,978.4345982616749,0.0,10.032732853405276
50,18,pac2t,0.01,16.0,True,0,1345.4285500961737,6.232462417334318,36.42803944761925,0.0095,0.977151024394549,0.013,1.6076688187468815,1265.4440543134451,10398.146461930697,0.0,10.237903705139345
50,18,pac2t,0.003,16.0,False,0,14981.960490568285,14.37700429186225,36.429413340951044,0.0035,0.2512350268037394,0.0055,0.4133472807027658,1280.5473643353591,341340.3997663082,0.0,10.31519426037174
50,18,pac2t_ensemble,1.0,16.0,True,0,1.0539392378963122,0.004964082967489958,36.42823955747826,0.0,3.0389095303503347e-05,0.0,3.7347501176312385e-05,1285.2486394731063,,,
50,18,pac2t_ensemble,0.3,16.0,True,0,1.1421151073489977,0.12708254205062985,36.62117016376009,0.114,19.27554214766428,0.1715,26.848884484221408,896.2819977771686,,,
50,18,pac2t_ensemble,0.1,16.0,True,0,11.780928552132146,0.0241968329064548,36.33488513565719,0.0875,8.28345737723379,0.1505,11.791085290584945,1107.2952663210622,,,
50,18,pac2t_ensemble,0.03,16.0,True,0,146.7293415229586,0.023301916662603617,36.41878514660599,0.0155,2.074391159303519,0.02,2.7402558704932902,1238.8524236914063,,,
50,18,pac2t_ensemble,0.01,16.0,True,0,1344.4378037129748,0.03280866704881191,36.42914768015287,0.0065,0.5650695679697401,0.007,0.7126492285906876,1273.5323941467361,,,
50,18,pac2t_ensemble,0.003,16.0,True,0,14980.68508521236,0.008658125065267086,36.42914366381107,0.003,0.24258470785935288,0.005,0.3138709315418773,1280.5809508781913,,,
50,18,pvi,1.0,1.0,True,0,1.0538167944254946,0.9079434997402132,36.42699691113875,0.0025,0.3205214666839304,0.0055,0.5273415826852934,1279.11618814517,118751.60100289488,0.0,10.311998396283846
50,18,pvi,0.3,1.0,True,0,1.213592364934792,0.9014245420694351,36.427833308029356,0.001,0.09828809174287477,0.0015,0.16170959903261775,1283.6901385617684,1250079.9603983336,0.0,10.354639965419215
50,18,pvi,0.1,1.0,True,0,12.1039578123675,0.9038055832497776,36.43355192861583,0.001,0.03357150543536145,0.001,0.055233900532687626,1285.0337564144588,11011635.96016457,0.0,10.357781433470954
50,18,pvi,0.03,1.0,True,0,147.27460315621477,0.9164956249296665,36.43086878021535,0.0,0.016307540773461228,0.0,0.026830166634867453,1285.4663788337916,50069688.02620616,0.0,10.371636888233954
50,18,pvi,0.01,1.0,True,0,1345.0738881096333,0.902255916967988,36.43477132646621,0.0005,0.013524837173617955,0.0005,0.022251891938738076,1285.5755231838332,62577637.299911715,0.0,10.366184523095576
50,18,pvi,0.003,1.0,True,0,14981.334622161268,0.8921084590256214,36.43344389448617,0.0,0.012950651739160015,0.0005,0.021307206832637034,1285.50350465682,74306376.8466575,0.0,10.364061915063758
50,18,pvi,1.0,16.0,True,0,1.0538159146182107,1.2079257499426603,36.44244412588537,0.003,0.3729110575568029,0.0065,0.6135361519694134,1278.1279335492356,90125.81923241827,0.0,10.303004062271008
50,18,pvi,0.3,16.0,True,0,0.6329343519293902,1.2826700829900801,41.12547986893363,0.588,95.94287467384842,0.7855,157.85110401911376,209.60240143797856,325.8738856160998,0.0,6.231484018071049
50,18,pvi,0.1,16.0,True,0,0.8524780216773769,1.2746197497472167,37.57370256174422,0.957,120.5284799833725,0.978,198.30085033200373,128.053804032099,9.549687300993416,0.0,4.802625107940725
50,18,pvi,0.03,16.0,True,0,6.0457795268080154,1.309149875305593,36.899430774620804,0.9925,131.9142197865239,1.0,217.03336803184806,133.26311507045955,4.730879526985782,0.0,4.736147292431662
50,18,pvi,0.01,16.0,True,0,54.5876831251925,1.3160824999213219,36.18120838320084,0.9935,145.31327964377002,1.0,239.0783234125836,146.38420079092862,4.922657823371541,0.0,4.9277369978231835
50,18,pvi,0.003,16.0,True,0,601.7462147500436,1.1206592922098935,36.71933608694879,0.998,138.63412162268858,1.0,228.08936283442821,138.78450234336364,4.834988963810307,0.0,4.840211149724662
50,19,POPS ellipse,,,True,0,0.5583089320039565,0.007278915960341692,35.925100482079095,1.0,131.3794874329692,1.0,169.57247344777772,131.3794874329692,4.595600382985911,0.0,4.60134365204361
50,19,Ellipse+EB,,,True,0,0.5583089320039565,0.009261166211217642,35.92510048207909,1.0,145.27418665338064,1.0,203.7234594333947,145.27418665338064,4.645757302778779,0.0,4.651365820980818
50,19,Ellipse+PAC,,,True,0,,0.14763383381068707,36.528298434705675,1.0,358.47025660363084,1.0,756.7718500067222,358.47025660363084,4.848524170520666,0.0,4.8523602869761255
50,19,Bayesian stacking,,,True,0,,0.02374991588294506,36.68818999601552,0.468,49.00284317577258,0.6915,78.44646389846359,543.7668677721826,7.682568486603259,0.0,6.505551433244919
50,19,pacm,1.0,1.0,True,0,1.5242609077952491,0.0045392499305307865,35.100696746438565,0.6335,65.86442178219104,0.8645,108.36418784868046,347.94862155295897,6.0220010209681245,0.0,5.870438445870909
50,19,pacm,0.3,1.0,True,0,2.7668525590282482,0.007441957946866751,35.099773470696796,0.1095,19.777875282468784,0.2665,32.539773892567915,925.2094341552528,28.426254812464716,0.0,8.774330368620634
50,19,pacm,0.1,1.0,True,0,22.22872944280357,0.01326570799574256,35.09969522264011,0.0325,6.5931149492635805,0.0625,10.847397237200415,1178.8814134143233,234.86781309158542,0.0,9.913093436885676
50,19,pacm,0.03,1.0,True,0,253.77113880828617,0.06174445804208517,35.09968673533689,0.009,1.977986383810299,0.013,3.254304558630578,1273.6611057670568,2594.4771098776755,0.0,10.243779049096972
50,19,pacm,0.01,1.0,True,0,2297.845999276806,0.12867162469774485,35.099685784351195,0.003,0.6591334897897314,0.0045,1.0844468587477012,1301.1822635124504,23356.96590632013,0.0,10.32539311442434
50,19,pacm,0.003,1.0,True,0,25559.361104475967,0.17439754074439406,35.099685328749835,0.001,0.2001434992579154,0.0015,0.32928836484739754,1310.793852979133,254096.5534699608,0.0,10.3558532951564
50,19,pacm,1.0,4.0,True,0,1.4842842019431628,0.02560683386400342,35.2635653458073,0.849,103.15775680421822,1.0,169.72147077139243,182.54866236973376,5.088707486574656,0.0,5.082031943099247
50,19,pacm,0.3,4.0,True,0,1.3824655218415045,0.06286454200744629,37.07257968730134,0.9215,131.68482940527815,0.9755,216.6559609023003,149.83609988155467,4.856345051694163,0.0,4.85708668135126
50,19,pacm,0.1,4.0,True,0,6.266517463784956,0.129272332880646,34.798782080842095,1.0,148.09588923246443,1.0,243.6564434358007,148.09588923246443,4.809886644826785,0.0,4.8154680242923185
50,19,pacm,0.03,4.0,True,0,63.33243410300004,0.3225811249576509,34.602700690155054,1.0,162.77119218938793,1.0,267.8011522684279,162.77119218938793,4.922364071884173,0.0,4.927693257185398
50,19,pacm,0.01,4.0,True,0,590.7384930178409,0.31997408298775554,34.7936894479952,1.0,149.9746739495963,1.0,246.747535325862,149.9746739495963,4.848851995954606,0.0,4.854365374492633
50,19,pacm,0.003,4.0,True,0,6600.05058931611,1.3458969998173416,34.71659515821287,1.0,154.49150487922319,1.0,254.17890270288748,154.49150487922319,4.890784177727335,0.0,4.896163629264327
50,19,pacm,1.0,16.0,True,0,1.4768242855785085,0.04831233387812972,36.42208211342154,0.887,110.00994111985926,1.0,180.99510482544068,140.75617390665624,4.891444538813299,0.0,4.894723216198978
50,19,pacm,0.3,16.0,True,0,1.0394527998036298,0.09494474995881319,44.20960358267425,0.9225,150.42781660195706,1.0,247.49307342023798,157.46160626874078,4.76697928446519,0.0,4.771430662442731
50,19,pacm,0.1,16.0,True,0,1.1879512717511704,0.15972275007516146,38.049031687452796,0.963,177.03053248794984,1.0,291.261493813997,178.86343652230303,4.751223931750295,0.0,4.756310391206182
50,19,pacm,0.03,16.0,True,0,5.353383272043152,0.3305795411579311,36.262617123345095,1.0,172.06689632221864,1.0,283.09501504865494,172.06689632221864,4.848399443701994,0.0,4.853641300720569
50,19,pacm,0.01,16.0,True,0,40.56333143767467,0.25180258275941014,37.968058911845816,1.0,175.63016647953364,1.0,288.9575257370473,175.63016647953364,4.832042648886166,0.0,4.8372210678933465
50,19,pacm,0.003,16.0,True,0,432.7757919244303,0.2041509160771966,35.35557009291977,1.0,170.01020728695747,1.0,279.7112240590311,170.01020728695747,4.8586179565346805,0.0,4.863986306788033
50,19,pacm,1.0,64.0,True,0,1.4706377682639604,0.12268862454220653,37.455031857715966,0.902,115.99909997297921,1.0,190.84883643734656,138.1666388005157,4.850462979381614,0.0,4.854360719833717
50,19,pacm,0.3,64.0,True,0,0.9574789215014188,0.2295613340102136,58.101461093576724,0.9,151.49520381654864,1.0,249.24920435556734,160.3161805784094,4.766796225026851,0.0,4.770809360843783
50,19,pacm,0.1,64.0,True,0,0.8866025527587733,0.6619370835833251,42.45059922653111,1.0,154.76899787683976,1.0,254.6354512082377,154.76899787683976,4.6637283249460255,0.0,4.668919445964212
50,19,pacm,0.03,64.0,True,0,1.5082318185783543,1.2035283748991787,36.269133632789334,0.9815,231.94075506241492,1.0,381.6031610277382,232.2463791474699,4.826186105233567,0.0,4.830337404369386
50,19,pacm,0.01,64.0,True,0,6.543084922749943,1.0675994590856135,36.09469484808454,1.0,232.26772623306752,1.0,382.1411140591163,232.26772623306752,5.14316607578262,0.0,5.14723644075799
50,19,pacm,0.003,64.0,True,0,77.10209318143448,0.7108379998244345,35.375780205336085,1.0,233.4263843388644,1.0,384.04740946461135,233.4263843388644,5.100099022097455,0.0,5.103890615033256
50,19,pac2t,1.0,16.0,True,0,1.5005192058956367,0.08364966604858637,35.19413829631848,0.6915,78.99583766231534,0.9645,129.9687989368733,254.05418713510176,5.426108561016519,0.0,5.403019042351779
50,19,pac2t,0.3,16.0,True,0,2.6414726359291794,0.1805949998088181,35.13561802023897,0.2485,30.832325428916725,0.4435,50.72723352282094,738.3143244493521,12.766649740754294,0.0,7.808644029879369
50,19,pac2t,0.1,16.0,True,0,21.938927710479625,0.3870745422318578,35.109135408242594,0.057,10.692248687093489,0.102,17.59154356633694,1097.8085380803473,92.0812416534997,0.0,9.55350671186975
50,19,pac2t,0.03,16.0,True,0,253.3313925398347,1.7771560410037637,35.10321327861976,0.0115,2.807777453856476,0.022,4.619527739166488,1256.3233987938297,1339.9973012046673,0.0,10.19105478872609
50,19,pac2t,0.01,16.0,True,0,2297.3314449468958,8.086740791797638,35.100861468838175,0.0035,0.8145934005160798,0.005,1.3402190421671298,1297.8891038129539,15491.680455426651,0.0,10.316445950126631
50,19,pac2t,0.003,16.0,True,0,25558.94711036515,5.406150958035141,35.09986841767068,0.0015,0.20294992290768255,0.0015,0.33390566522501286,1310.71189688503,543489.4796714699,0.0,10.352661904361371
50,19,pac2t_ensemble,1.0,16.0,True,0,1.149094638916543,0.00465870788320899,35.1006969184439,0.0,5.1701192356105835e-05,0.0,6.317158479416881e-05,1314.5786472346244,,,
50,19,pac2t_ensemble,0.3,16.0,True,0,2.130184178144883,0.02246166719123721,35.05591822466038,0.1395,22.55168623917933,0.173,26.808567307265566,844.5129303022381,,,
50,19,pac2t_ensemble,0.1,16.0,True,0,21.171606243975493,0.040553292259573936,35.10222250317221,0.0465,8.697149597638145,0.0705,11.55609023825528,1128.2748986037002,,,
50,19,pac2t_ensemble,0.03,16.0,True,0,252.37077333019758,0.05595562467351556,35.098263299204675,0.008,1.48082283342048,0.0105,1.9820488313855456,1279.916212991551,,,
50,19,pac2t_ensemble,0.01,16.0,True,0,2296.281796265996,0.015239458996802568,35.09971187767627,0.002,0.2759605496472691,0.002,0.38763774809424956,1308.808649063935,,,
50,19,pac2t_ensemble,0.003,16.0,True,0,25557.667656079324,0.0252699158154428,35.099684882821705,0.0005,0.057429160254201056,0.0005,0.07507614277192962,1313.7376771059955,,,
50,19,pvi,1.0,1.0,True,0,1.149010500468696,0.9602485420182347,35.0860886339965,0.0015,0.3077738100471069,0.002,0.50636835584985,1307.8202943595593,124972.12397011949,0.0,10.347902007467095
50,19,pvi,0.3,1.0,True,0,2.271299776116782,0.943675042130053,35.10473355262548,0.001,0.09475206980251553,0.001,0.15589191878258404,1313.1834645895594,1300316.2160050427,0.0,10.361935289999794
50,19,pvi,0.1,1.0,True,0,21.623328308523924,0.9444142081774771,35.10551684953231,0.0,0.03378091624500481,0.0005,0.055578436045180195,1314.5058795695309,10153735.680258969,0.0,10.363988177012722
50,19,pvi,0.03,1.0,True,0,253.04536833603223,0.9166312497109175,35.101044552664334,0.0,0.015532298648286024,0.0005,0.025554690725300918,1314.7115126097221,48072339.400994055,0.0,10.368280171827301
50,19,pvi,0.01,1.0,True,0,2297.010826975625,0.9378826250322163,35.096827356863876,0.0,0.01295143829235521,0.0,0.02130850091821302,1314.5835442097248,70585926.76110275,0.0,10.373491151095296
50,19,pvi,0.003,1.0,True,0,25558.414185003003,0.9231676673516631,35.100230197880364,0.0,0.012517213848059826,0.0005,0.02059408822047877,1314.6579295660974,79609618.92466113,0.0,10.368684937086739
50,19,pvi,1.0,16.0,True,0,1.1490097571549067,1.243850083090365,35.094098769352584,0.002,0.5012727906138842,0.003,0.8247247508700247,1304.2152121414751,55121.54362805295,0.0,10.33772046629294
50,19,pvi,0.3,16.0,True,0,0.7571153316424666,1.237975665833801,43.86545081722799,0.6625,131.07428818942705,0.7165,215.65146103403316,240.9237733989179,3335.5219908991276,0.0,6.524395671168714
50,19,pvi,0.1,16.0,True,0,1.1977696662130817,1.253592416178435,36.868997833906406,0.9625,136.47990713637682,0.9725,224.5451169890307,141.02408695078898,8.957796900209559,0.0,4.830978284476723
50,19,pvi,0.03,16.0,True,0,8.025696779063704,1.3666040417738259,36.00910906731263,1.0,143.55687346173173,1.0,236.18857619703232,143.55687346173173,4.6131808219838755,0.0,4.618827168827966
50,19,pvi,0.01,16.0,True,0,71.84933645969609,1.3549781669862568,35.64871844500143,1.0,147.00084451627743,1.0,241.85480868191416,147.00084451627743,4.773875851572626,0.0,4.779415162421075
50,19,pvi,0.003,16.0,True,0,810.2645868909256,1.2860578340478241,35.65245534200694,1.0,142.97093038822328,1.0,235.22454670177194,142.97093038822328,4.761715844685487,0.0,4.767264522543226
