study,repeat,pilot_seed,cert_seed,N0,N1,N_total,N_test,P,K,beta,min_half_width,xi,n_lambdas,y_lower,y_upper,time_pilot,time_certify,certified,loss_lower,loss_upper,loss_range,n_independent_units,pilot_coverage,fixed_prior_empirical,fixed_prior_mixture_empirical,fixed_prior_jensen_gap,fixed_prior_kl,fixed_prior_complexity_penalty,fixed_prior_hoeffding_penalty,fixed_prior_raw_bound,fixed_prior_capped_bound,fixed_prior_nonvacuous,fixed_prior_selected_lambda,fixed_prior_test_mixture_nll,fixed_prior_test_mixture_nll_se,fixed_prior_test_coverage,fixed_prior_test_width,fixed_prior_floor_fraction,fixed_prior_unit_loss_max,fixed_prior_unit_loss_q99,fixed_prior_unit_loss_var,fixed_prior_top_scale,fixed_prior_top_weight,fixed_prior_n_nonzero_weights,fixed_prior_top_candidate_outside_support_fraction,fixed_prior_top_candidate_unmodified_nonfinite,single_best_empirical,single_best_mixture_empirical,single_best_jensen_gap,single_best_kl,single_best_complexity_penalty,single_best_hoeffding_penalty,single_best_raw_bound,single_best_capped_bound,single_best_nonvacuous,single_best_selected_lambda,single_best_test_mixture_nll,single_best_test_mixture_nll_se,single_best_test_coverage,single_best_test_width,single_best_floor_fraction,single_best_unit_loss_max,single_best_unit_loss_q99,single_best_unit_loss_var,single_best_top_scale,single_best_top_weight,single_best_n_nonzero_weights,single_best_top_candidate_outside_support_fraction,single_best_top_candidate_unmodified_nonfinite,stacking_empirical,stacking_mixture_empirical,stacking_jensen_gap,stacking_kl,stacking_complexity_penalty,stacking_hoeffding_penalty,stacking_raw_bound,stacking_capped_bound,stacking_nonvacuous,stacking_selected_lambda,stacking_test_mixture_nll,stacking_test_mixture_nll_se,stacking_test_coverage,stacking_test_width,stacking_floor_fraction,stacking_unit_loss_max,stacking_unit_loss_q99,stacking_unit_loss_var,stacking_top_scale,stacking_top_weight,stacking_n_nonzero_weights,stacking_top_candidate_outside_support_fraction,stacking_top_candidate_unmodified_nonfinite,gibbs_empirical,gibbs_mixture_empirical,gibbs_jensen_gap,gibbs_kl,gibbs_complexity_penalty,gibbs_hoeffding_penalty,gibbs_raw_bound,gibbs_capped_bound,gibbs_nonvacuous,gibbs_selected_lambda,gibbs_test_mixture_nll,gibbs_test_mixture_nll_se,gibbs_test_coverage,gibbs_test_width,gibbs_floor_fraction,gibbs_unit_loss_max,gibbs_unit_loss_q99,gibbs_unit_loss_var,gibbs_top_scale,gibbs_top_weight,gibbs_n_nonzero_weights,gibbs_top_candidate_outside_support_fraction,gibbs_top_candidate_unmodified_nonfinite,stacking_solver,stacking_success,time_bare,bare_test_nll_contaminated,bare_test_unmodified_nonfinite_fraction,bare_test_unmodified_nll_finite_part,bare_test_support_coverage,bare_test_support_width,bare_test_coverage,bare_test_width,time_eb,eb_diagnostic_bound,eb_kl,eb_certificate_status,eb_test_outer_coverage,eb_test_outer_width,eb_test_coverage,eb_test_width,hypercube_test_coverage,hypercube_test_width,bayes_epistemic_2std_coverage,bayes_epistemic_2std_width,bayes_predictive_2std_coverage,bayes_predictive_2std_width,bayes_predictive_test_nll
fixed_pilot,0,0,2000,40,10,50,2000,5,17,0.02,0.5,0.05,24,-210.0,210.0,0.0034712916240096092,0.0058951666578650475,True,-0.6084318668970196,9.95227771670556,10.560709583602579,10,1.0,4.629646141341973,4.347140621736139,0.28250551960583437,0.0,2.8200499525208813,3.052045405402758,10.501741499265613,9.95227771670556,False,2.189247072869438,4.873498265069631,0.022015077154674892,1.0,289.88910360042223,0.0053037617958095785,5.615618924673903,5.592855493418426,1.0180668834899635,0.5,0.058823529411764705,17,0.3,3,4.064794869655081,4.064794869655081,0.0,2.833213344056216,3.1368302128830576,4.002997662245981,11.204622744784121,9.95227771670556,False,2.8713697703389016,4.577943657354519,0.02176550542685586,1.0,116.08552523762303,0.003939995954589301,5.233345440580435,5.218746445191831,0.9836469792354199,0.9576032806985736,1.0,1,0.0,0,4.064794869655081,4.064794869655081,0.0,2.833213344056216,3.1368302128830576,4.002997662245981,11.204622744784121,9.95227771670556,False,2.8713697703389016,4.577943657354519,0.02176550542685586,1.0,116.08552523762303,0.003939995954589301,5.233345440580435,5.218746445191831,0.9836469792354199,0.9576032806985736,1.0,1,0.0,0,4.2807911018578535,4.21326229515967,0.06752880669818317,0.2849220954953223,2.9501961105430894,3.052045405402758,10.283032617803702,9.95227771670556,False,2.189247072869438,4.730044490907934,0.021372389585053365,1.0,215.69498975711466,0.0045879624283302126,5.382992878399149,5.371517868732156,0.9715037360852851,0.9576032806985736,0.12550343761132393,17,0.0,0,slsqp,True,0.003636667039245367,4.574837955968848,0.0,4.560845171877126,1.0,154.82069075009903,1.0,110.94250300845907,0.0038305828347802162,4.677572448935184,7.729543895395162,diagnostic_empirical_bayes,1.0,182.1951571015816,1.0,127.57827390207319,0.918,233.2416680309086,0.1125,16.869611210348957,0.9765,128.3502819150974,4.9674028513163035
fixed_pilot,0,0,2000,40,30,70,2000,5,17,0.02,0.5,0.05,24,-210.0,210.0,0.0036588343791663647,0.004560583271086216,True,-0.6084318668970196,9.95227771670556,10.560709583602579,30,1.0,4.834573912925068,4.606012374337526,0.2285615385875417,0.0,1.6393365012728687,1.7500821204015053,8.223992534599441,8.223992534599441,True,3.7660273525955645,4.873498265069631,0.022015077154674892,1.0,289.88910360042223,0.00726042344697479,5.915671501058102,5.901392362972359,1.3095313755480633,0.5,0.058823529411764705,17,0.3,9,4.306219042934616,4.306219042934616,0.0,2.833213344056216,1.8234855243177335,2.2953703848259877,8.425074952078338,8.425074952078338,True,4.93944115697226,4.577943657354519,0.02176550542685586,1.0,116.08552523762303,0.005289116468533159,5.649351880680198,5.607975892833607,1.259512736430824,0.9576032806985736,1.0,1,0.0,0,4.306219042934616,4.306219042934616,0.0,2.833213344056216,1.8234855243177335,2.2953703848259877,8.425074952078338,8.425074952078338,True,4.93944115697226,4.577943657354519,0.02176550542685586,1.0,116.08552523762303,0.005289116468533159,5.649351880680198,5.607975892833607,1.259512736430824,0.9576032806985736,1.0,1,0.0,0,4.445216120579341,4.407336442864421,0.03787967771491996,0.4943179947763012,1.7705936453389133,1.7500821204015053,7.965891886319759,7.965891886319759,True,3.7660273525955645,4.677656512094697,0.021512699683930346,1.0,176.10937988636417,0.00582504084816341,5.691723988209752,5.663206877692462,1.2441576168974202,0.9576032806985736,0.16276813867704787,17,0.0,0,slsqp,True,0.003917166963219643,4.55449517955145,0.0,4.540493645467285,1.0,148.34455262926687,1.0,106.30178625753503,0.0039042080752551556,4.620205741517108,10.818672268420789,diagnostic_empirical_bayes,1.0,176.60199980650498,1.0,122.9198738177043,0.926,219.92652992381102,0.1005,15.620885631803565,0.9555,129.7362320970857,4.995606739433339
fixed_pilot,0,0,2000,40,100,140,2000,5,17,0.02,0.5,0.05,24,-210.0,210.0,0.003004875034093857,0.006352709140628576,True,-0.6084318668970196,9.95227771670556,10.560709583602579,100,1.0,5.033534784483878,4.768440088008448,0.2650946964754306,0.0,0.9529704117486445,0.9031676528974735,6.889672849129997,6.889672849129997,True,6.4784656772012505,4.873498265069631,0.022015077154674892,1.0,289.88910360042223,0.008596434080972555,6.0899922612265005,6.071784008805101,1.497659466266849,0.5,0.058823529411764705,17,0.35,35,4.485920859504924,4.485920859504924,0.0,2.833213344056216,1.0600189464319854,1.1845754315334898,6.730515237470399,6.730515237470399,True,8.497017414901531,4.600249587707015,0.021033144434087016,1.0,131.7534338101537,0.006239208465046042,5.721785733466915,5.708311883567642,1.3492516046745533,1.0905077326652575,1.0,1,0.0,0,4.486533932758417,4.4850371434658465,0.0014967892925703552,2.169831115151031,0.9819465833293998,1.1845754315334898,6.653055947621306,6.653055947621306,True,8.497017414901531,4.590692537623775,0.021286862328071282,1.0,126.61907779488803,0.006312263493379494,5.718562249535681,5.703822067501374,1.392614490561612,1.0905077326652575,0.6213845973388903,2,0.0,0,4.561691542343803,4.540134088209607,0.02155745413419652,0.7807976932792989,1.0734924199190434,0.9031676528974735,6.5383516151603205,6.5383516151603205,True,6.4784656772012505,4.649430362131818,0.02122064877208775,1.0,157.51869235883143,0.006642521390735496,5.780742584832424,5.766246279239955,1.3806184056502273,1.0905077326652575,0.20981315494642108,17,0.0,0,slsqp,True,0.007325083017349243,4.557476415120021,0.0,4.543418485891814,1.0,152.82659832908644,1.0,109.51356219088825,0.00779254175722599,4.615252559530852,16.355765756530957,diagnostic_empirical_bayes,1.0,186.2935957985787,1.0,128.41423064602353,0.971,207.82117349421517,0.087,12.668079089040654,0.9735,142.7679208057532,4.977915048335283
fixed_pilot,0,0,2000,40,300,340,2000,5,17,0.02,0.5,0.05,24,-210.0,210.0,0.0030843750573694706,0.006616958882659674,True,-0.6084318668970196,9.95227771670556,10.560709583602579,300,1.0,5.100506532262012,4.863374146195592,0.23713238606641962,0.0,0.5539757121025749,0.5178879574539874,6.172370201818573,6.172370201818573,True,11.144506824080384,4.873498265069631,0.022015077154674892,1.0,289.88910360042223,0.008757366220126277,6.2427755241445695,6.1052746222834084,1.1512486844316747,0.5,0.058823529411764705,17,0.29333333333333333,88,4.580139140172343,4.580139140172341,1.7763568394002505e-15,2.833213344056216,0.6162045992743446,0.6792507999139953,5.875594539360683,5.875594539360683,True,14.616897469712145,4.577943657354519,0.02176550542685586,1.0,116.08552523762303,0.006572992040016293,5.865135017901447,5.727572480388739,1.1295707569967848,0.9576032806985736,1.0,1,0.0,0,4.580139140172343,4.580139140172341,1.7763568394002505e-15,2.833213344056216,0.6162045992743446,0.6792507999139953,5.875594539360683,5.875594539360683,True,14.616897469712145,4.577943657354519,0.02176550542685586,1.0,116.08552523762303,0.006572992040016293,5.865135017901447,5.727572480388739,1.1295707569967848,0.9576032806985736,1.0,1,0.0,0,4.62557294844833,4.612091936210339,0.013481012237990697,1.0852600364129967,0.6513564265248616,0.5178879574539874,5.794817332427178,5.794817332427178,True,11.144506824080384,4.6140391935731095,0.021480952241101633,1.0,135.75567196990693,0.006688241288600749,5.890512591912801,5.7627932825826775,1.0922028484037722,0.9576032806985736,0.28891697344360157,17,0.0,0,slsqp,True,0.007407709024846554,4.553570568788922,0.0,4.5394932653053655,1.0,148.7973831342842,1.0,106.62627873603907,0.006903375033289194,4.625219585147271,24.697697165567305,diagnostic_empirical_bayes,1.0,171.91474227885814,1.0,120.04160547354662,0.982,155.19899496214882,0.0675,8.565420972874566,0.978,144.8333866020473,4.979189612078105
fixed_pilot,1,0,2001,40,10,50,2000,5,17,0.02,0.5,0.05,24,-210.0,210.0,0.003783958964049816,0.004677874967455864,True,-0.6084318668970196,9.95227771670556,10.560709583602579,10,1.0,5.170230829914109,5.037736279947271,0.13249454996683774,0.0,2.8200499525208813,3.052045405402758,11.042326187837748,9.95227771670556,False,2.189247072869438,4.900841854630371,0.021895451368698266,1.0,295.4439465941702,0.008111007939004416,5.645773596057332,5.644045010540689,0.20991417957143987,0.5,0.058823529411764705,17,0.0,0,4.699319805674345,4.699319805674345,0.0,2.833213344056216,3.1368302128830576,4.002997662245981,11.839147680803384,9.95227771670556,False,2.8713697703389016,4.634159688945663,0.02323876655625416,0.9625,104.27789562362108,0.005799552527648158,5.368732691296434,5.359949386888377,0.21471396786782418,0.8408964152537145,1.0,1,0.0,0,4.699319805674345,4.699319805674345,0.0,2.833213344056216,3.1368302128830576,4.002997662245981,11.839147680803384,9.95227771670556,False,2.8713697703389016,4.634159688945663,0.02323876655625416,0.9625,104.27789562362108,0.005799552527648158,5.368732691296434,5.359949386888377,0.21471396786782418,0.8408964152537145,1.0,1,0.0,0,4.920902087163887,4.861559930590286,0.05934215657360031,0.23956676257364315,2.929478790198688,3.052045405402758,10.902426282765333,9.95227771670556,False,2.189247072869438,4.751625039432121,0.022301534154101646,1.0,198.27886145951436,0.006808643560320626,5.496975628235026,5.491857662039413,0.2119282495822441,0.8408964152537145,0.12141410507436774,17,0.0,0,slsqp,True,0.004066292196512222,4.597209523130462,0.0,4.583415785927579,1.0,156.91532602024463,1.0,112.44349153030242,0.003164249937981367,4.747607403291007,4.778109525756348,diagnostic_empirical_bayes,1.0,191.3747357846276,1.0,132.78186406792145,0.9335,234.6507305267888,0.097,17.118721227108114,0.9695,133.2305576483509,4.9993577671315395
fixed_pilot,1,0,2001,40,30,70,2000,5,17,0.02,0.5,0.05,24,-210.0,210.0,0.0030590002425014973,0.005527166184037924,True,-0.6084318668970196,9.95227771670556,10.560709583602579,30,1.0,4.945563280964114,4.768537830788143,0.1770254501759707,0.0,1.6393365012728687,1.7500821204015053,8.334981902638487,8.334981902638487,True,3.7660273525955645,4.900841854630371,0.021895451368698266,1.0,295.4439465941702,0.007371584191014332,5.86819444044289,5.857473185363508,0.8524559401506554,0.5,0.058823529411764705,17,0.13333333333333333,4,4.458654623345615,4.458654623345617,-1.7763568394002505e-15,2.833213344056216,1.8234855243177335,2.2953703848259877,8.577510532489336,8.577510532489336,True,4.93944115697226,4.634159688945663,0.02323876655625416,0.9625,104.27789562362108,0.005500046071725717,5.736167486784535,5.708108382090891,0.8858521116268914,0.8408964152537145,1.0,1,0.0,0,4.458654623345615,4.458654623345617,-1.7763568394002505e-15,2.833213344056216,1.8234855243177335,2.2953703848259877,8.577510532489336,8.577510532489336,True,4.93944115697226,4.634159688945663,0.02323876655625416,0.9625,104.27789562362108,0.005500046071725717,5.736167486784535,5.708108382090891,0.8858521116268914,0.8408964152537145,1.0,1,0.0,0,4.602045184157193,4.5554365159508645,0.046608668206328474,0.4981068596883766,1.7715997094370575,1.7500821204015053,8.123727013995756,8.123727013995756,True,3.7660273525955645,4.69861423618772,0.02212627273330319,1.0,162.6225600063458,0.005953113562969311,5.704365842168935,5.685710814441527,0.8482190265500794,0.8408964152537145,0.16611188523158124,17,0.0,0,slsqp,True,0.0035485420376062393,4.609724790006398,0.0,4.596772025391036,1.0,147.46591847150842,0.987,105.67216839303529,0.003960208036005497,4.720819978110574,12.179724809803036,diagnostic_empirical_bayes,1.0,179.44724934672357,1.0,124.3944277115063,0.909,197.5294867446209,0.0825,15.16470332690116,0.956,127.36361176240389,5.020766681336626
fixed_pilot,1,0,2001,40,100,140,2000,5,17,0.02,0.5,0.05,24,-210.0,210.0,0.0037262081168591976,0.005309084430336952,True,-0.6084318668970196,9.95227771670556,10.560709583602579,100,1.0,4.920326605182641,4.732422218612496,0.1879043865701453,0.0,0.9529704117486445,0.9031676528974735,6.776464669828759,6.776464669828759,True,6.4784656772012505,4.900841854630371,0.021895451368698266,1.0,295.4439465941702,0.007688481411045703,6.155160987992364,5.918461383446558,1.126345889409535,0.5,0.058823529411764705,17,0.16,16,4.442262852159674,4.442262852159676,-1.7763568394002505e-15,2.833213344056216,1.0600189464319854,1.1845754315334898,6.686857230125149,6.686857230125149,True,8.497017414901531,4.634159688945663,0.02323876655625416,0.9625,104.27789562362108,0.006053620031512488,6.159912588546476,6.142626607651185,1.2181995187362562,0.8408964152537145,1.0,1,0.0,0,4.443034626844737,4.440771381109518,0.002263245735218966,2.171043155823309,0.9820892264020327,1.1845754315334898,6.609699284780259,6.609699284780259,True,8.497017414901531,4.620975292503844,0.022552000645105576,1.0,110.26684576378321,0.005880682824576027,5.944850520868778,5.932090237153151,1.1659265494211566,0.8408964152537145,0.6238058727598548,2,0.0,0,4.519883840013829,4.491476011334131,0.028407828679697822,0.8019485110969421,1.0767572080450463,0.9031676528974735,6.49980870095635,6.49980870095635,True,6.4784656772012505,4.660283355136267,0.02192894279876861,1.0,140.54466402746917,0.00604810143138983,5.849539605549671,5.745722679136591,1.120703433383604,0.8408964152537145,0.2168824174612007,17,0.0,0,slsqp,True,0.005354541819542646,4.6028110067115575,0.0,4.590255261403504,1.0,142.80523405091867,0.979,102.33238226465939,0.005578458309173584,4.583437074502434,17.4200475357547,diagnostic_empirical_bayes,1.0,175.30832863189605,1.0,119.5996085201503,0.8925,147.94587370674918,0.0625,11.033344392781826,0.951,127.10277819024986,5.0404848906181865
fixed_pilot,1,0,2001,40,300,340,2000,5,17,0.02,0.5,0.05,24,-210.0,210.0,0.0029883328825235367,0.005453791934996843,True,-0.6084318668970196,9.95227771670556,10.560709583602579,300,1.0,5.006922080364835,4.798379684287298,0.20854239607753744,0.0,0.5539757121025749,0.5178879574539874,6.078785749921397,6.078785749921397,True,11.144506824080384,4.900841854630371,0.021895451368698266,1.0,295.4439465941702,0.008184100324393026,6.2806033582733605,6.207144342289645,1.1400403537167165,0.5,0.058823529411764705,17,0.21,63,4.504762396880492,4.504762396880492,0.0,2.833213344056216,0.6162045992743446,0.6792507999139953,5.800217796068832,5.800217796068832,True,14.616897469712145,4.606660294044325,0.02164612675809588,1.0,118.3838530834296,0.006055873292687098,5.906669631215309,5.827664240156253,1.110262916872662,0.9576032806985736,1.0,1,0.0,0,4.504762396880492,4.504762396880492,0.0,2.833213344056216,0.6162045992743446,0.6792507999139953,5.800217796068832,5.800217796068832,True,14.616897469712145,4.606660294044325,0.02164612675809588,1.0,118.3838530834296,0.006055873292687098,5.906669631215309,5.827664240156253,1.110262916872662,0.9576032806985736,1.0,1,0.0,0,4.550295526612455,4.536849233249243,0.013446293363212014,1.0883690858453232,0.6516354024796888,0.5178879574539874,5.719818886546131,5.719818886546131,True,11.144506824080384,4.6385978486247605,0.021638644349905405,1.0,132.78117209557143,0.006251379172399403,5.944711158090397,5.865917657396149,1.1105271327244577,0.9576032806985736,0.2901376007494298,17,0.0,0,slsqp,True,0.007181332912296057,4.574973051541636,0.0,4.561102483570954,1.0,157.53664053130075,1.0,112.88871746669425,0.006730915978550911,4.567465072212489,31.85037010349595,diagnostic_empirical_bayes,1.0,165.29145203693858,1.0,119.34511643214795,0.966,106.50240732283423,0.0895,10.633026360868694,0.991,134.66759478329325,4.998726912043663
fixed_pilot,2,0,2002,40,10,50,2000,5,17,0.02,0.5,0.05,24,-210.0,210.0,0.0029702503234148026,0.005031458102166653,True,-0.6084318668970196,9.95227771670556,10.560709583602579,10,1.0,4.819447076421181,4.602233585601381,0.21721349081980001,0.0,2.8200499525208813,3.052045405402758,10.69154243434482,9.95227771670556,False,2.189247072869438,4.896911616374031,0.021149085231203343,1.0,291.49290689062514,0.008241256999698724,5.863125753750152,5.862053020460966,1.7965561345346113,0.5,0.058823529411764705,17,0.3,3,4.342130029578938,4.342130029578938,0.0,2.833213344056216,3.1368302128830576,4.002997662245981,11.481957904707976,9.95227771670556,False,2.8713697703389016,4.60091925371958,0.02086432118995734,1.0,116.70262168772757,0.006328439488341045,5.6731447822373,5.657547708375565,1.7880365276835228,0.9576032806985736,1.0,1,0.0,0,4.343098749132434,4.34206603366559,0.0010327154668434702,2.5808406222179254,3.998921288790491,3.052045405402758,11.394065443325683,9.95227771670556,False,2.189247072869438,4.60202321450876,0.020948303692669305,1.0,115.94376449739059,0.006370495228333178,5.700948451749869,5.683626990442976,1.8043067964858412,0.9576032806985736,0.9304888047426221,2,0.0,0,4.579768724794307,4.476678509929791,0.10309021486451542,0.23523209765510034,2.927498810427441,3.052045405402758,10.559312940624507,9.95227771670556,False,2.189247072869438,4.748951133632578,0.0208055845604181,1.0,209.0706782180331,0.007149523922834619,5.668517725310045,5.668105605202065,1.7573791145322706,0.9576032806985736,0.12521394703211386,17,0.0,0,slsqp,True,0.003279417287558317,4.612915170364655,0.0,4.599024071887874,1.0,163.37657322066838,1.0,117.07353764040836,0.0032126656733453274,4.729660690807902,7.693995104293524,diagnostic_empirical_bayes,1.0,191.5875345744482,1.0,134.25733936931508,0.964,254.15209958685054,0.0975,16.499820282229777,0.9705,135.6626627814608,4.983497515697048
fixed_pilot,2,0,2002,40,30,70,2000,5,17,0.02,0.5,0.05,24,-210.0,210.0,0.0028882501646876335,0.005032124929130077,True,-0.6084318668970196,9.95227771670556,10.560709583602579,30,1.0,4.730992883204012,4.54268664973125,0.18830623347276187,0.0,1.6393365012728687,1.7500821204015053,8.120411504878385,8.120411504878385,True,3.7660273525955645,4.896911616374031,0.021149085231203343,1.0,291.49290689062514,0.007010743683961458,5.863125753750152,5.859669168707217,1.4845178019033036,0.5,0.058823529411764705,17,0.16666666666666666,5,4.254158141455424,4.254158141455424,0.0,2.833213344056216,1.8234855243177335,2.2953703848259877,8.373014050599146,8.373014050599146,True,4.93944115697226,4.626442816658935,0.02235758446445944,0.97,102.79309831459197,0.005646294624309217,6.174810773527749,6.025521683170534,1.6128404367415665,0.8408964152537145,1.0,1,0.0,0,4.254158141455424,4.254158141455424,0.0,2.833213344056216,1.8234855243177335,2.2953703848259877,8.373014050599146,8.373014050599146,True,4.93944115697226,4.626442816658935,0.02235758446445944,0.97,102.79309831459197,0.005646294624309217,6.174810773527749,6.025521683170534,1.6128404367415665,0.8408964152537145,1.0,1,0.0,0,4.409391338575208,4.339581360682882,0.06980997789232646,0.48640606877001696,1.768492777430763,1.7500821204015053,7.927966236407477,7.927966236407477,True,3.7660273525955645,4.693050545133456,0.02141114028161741,1.0,158.10137226750211,0.005801534138230496,5.8016196964138995,5.760698626725691,1.5098382362754554,0.8408964152537145,0.17166767230741073,17,0.0,0,slsqp,True,0.004168916027992964,4.591408806153875,0.0,4.577540165360526,1.0,147.6025838638162,1.0,105.77010104418031,0.004130791872739792,4.6590197085457214,12.000405104668015,diagnostic_empirical_bayes,1.0,174.23660878707324,1.0,121.29000117621382,0.918,216.36353734500352,0.082,14.008598356551298,0.9585,128.52467694203028,4.985371549864072
fixed_pilot,2,0,2002,40,100,140,2000,5,17,0.02,0.5,0.05,24,-210.0,210.0,0.003389290999621153,0.005164999980479479,True,-0.6084318668970196,9.95227771670556,10.560709583602579,100,1.0,4.897642495072892,4.7073448460451655,0.19029764902772683,0.0,0.9529704117486445,0.9031676528974735,6.753780559719011,6.753780559719011,True,6.4784656772012505,4.896911616374031,0.021149085231203343,1.0,291.49290689062514,0.008044356609169913,6.275503306465628,6.12078513443345,1.3693520023902435,0.5,0.058823529411764705,17,0.2,20,4.414562046982876,4.414562046982875,1.7763568394002505e-15,2.833213344056216,1.0600189464319854,1.1845754315334898,6.6591564249483515,6.6591564249483515,True,8.497017414901531,4.60091925371958,0.02086432118995734,1.0,116.70262168772757,0.005909859961356067,5.899820926127417,5.742342998863009,1.3203653737577243,0.9576032806985736,1.0,1,0.0,0,4.415323157578511,4.413240592260283,0.0020825653182283688,2.1584666189084403,0.9806091144638353,1.1845754315334898,6.580507703575836,6.580507703575836,True,8.497017414901531,4.608626512535238,0.02138933953448637,1.0,111.81559335148168,0.006024287513812914,5.936309971672182,5.847818885379063,1.3732541775117908,0.9576032806985736,0.5956224778205058,2,0.0,0,4.491262782951415,4.46536827020058,0.025894512750834764,0.7958858838514954,1.0758213958408107,0.9031676528974735,6.470251831689699,6.470251831689699,True,6.4784656772012505,4.65536796948913,0.021076361496713707,1.0,140.04235783486243,0.006273988893741861,5.978223607785033,5.813100503566054,1.3458293041750746,0.9576032806985736,0.21429014278805636,17,0.0,0,slsqp,True,0.00666312500834465,4.584038311804971,0.0,4.5700698969622096,1.0,147.50728225764522,1.0,105.70180914677235,0.006554958876222372,4.607951623933243,18.256866537064273,diagnostic_empirical_bayes,1.0,179.25623890638167,1.0,122.35079783201736,0.9375,157.43418166187797,0.08,11.29685397659203,0.9845,137.82026752152407,4.976445991187349
fixed_pilot,2,0,2002,40,300,340,2000,5,17,0.02,0.5,0.05,24,-210.0,210.0,0.003084207884967327,0.006011208985000849,True,-0.6084318668970196,9.95227771670556,10.560709583602579,300,1.0,5.058046111847405,4.849144511586028,0.2089016002613775,0.0,0.5539757121025749,0.5178879574539874,6.129909781403967,6.129909781403967,True,11.144506824080384,4.896911616374031,0.021149085231203343,1.0,291.49290689062514,0.008427732673246464,6.275503306465628,6.164548720423275,0.9943489790470752,0.5,0.058823529411764705,17,0.23,69,4.557588993604381,4.557588993604378,2.6645352591003757e-15,2.833213344056216,0.6162045992743446,0.6792507999139953,5.853044392792721,5.853044392792721,True,14.616897469712145,4.60091925371958,0.02086432118995734,1.0,116.70262168772757,0.0062439657815074635,5.899820926127417,5.784875877518226,0.9687862542689691,0.9576032806985736,1.0,1,0.0,0,4.557588993604381,4.557588993604378,2.6645352591003757e-15,2.833213344056216,0.6162045992743446,0.6792507999139953,5.853044392792721,5.853044392792721,True,14.616897469712145,4.60091925371958,0.02086432118995734,1.0,116.70262168772757,0.0062439657815074635,5.899820926127417,5.784875877518226,0.9687862542689691,0.9576032806985736,1.0,1,0.0,0,4.602857524228964,4.588846895399628,0.014010628829336014,1.0898689000089885,0.6517699812625224,0.5178879574539874,5.772515462945474,5.772515462945474,True,11.144506824080384,4.632768045480262,0.02090986473780817,1.0,130.05845393098895,0.0064502472825758075,5.940514464361467,5.824354530897684,0.9726423071620774,0.9576032806985736,0.28971749221466453,17,0.0,0,slsqp,True,0.0071460832841694355,4.583902556597793,0.0,4.5699360130040025,1.0,149.48269674724997,1.0,107.11736560046158,0.007148333825170994,4.614760260194523,25.243164398979097,diagnostic_empirical_bayes,1.0,165.09008196040986,1.0,116.96992078639775,0.9685,111.48080386678761,0.0755,9.075871891953282,0.99,138.79188769796116,4.978601349450378
fixed_pilot,3,0,2003,40,10,50,2000,5,17,0.02,0.5,0.05,24,-210.0,210.0,0.0030176667496562004,0.005200165789574385,True,-0.6084318668970196,9.95227771670556,10.560709583602579,10,1.0,4.785000482144338,4.638983808825401,0.14601667331893697,0.0,2.8200499525208813,3.052045405402758,10.657095840067978,9.95227771670556,False,2.189247072869438,4.835967415305624,0.022692231549293115,1.0,288.7825561874126,0.006914152924082775,5.725938507426342,5.7045394497165205,1.137749126421887,0.5,0.058823529411764705,17,0.1,1,4.310714468248172,4.310714468248172,0.0,2.833213344056216,3.1368302128830576,4.002997662245981,11.450542343377212,9.95227771670556,False,2.8713697703389016,4.559112569823853,0.023805614810788314,0.968,101.83335874106028,0.0050515956881008245,5.525078989573795,5.490182280351212,1.1581031854673798,0.8408964152537145,1.0,1,0.0,0,4.311431494235292,4.310633966644809,0.0007975275904827939,2.5132920705087978,3.968066593335495,3.052045405402758,11.331543492973545,9.95227771670556,False,2.189247072869438,4.566260219273116,0.02402962141281478,0.965,100.89742448763096,0.005073892584073126,5.551266184850149,5.513345070132551,1.169848477021227,0.8408964152537145,0.9023353050394781,2,0.0,0,4.537925702147504,4.462398770001983,0.07552693214552075,0.2401432725972599,2.9297421273207336,3.052045405402758,10.519713234870995,9.95227771670556,False,2.189247072869438,4.682291596978958,0.023168683500890887,1.0,190.28035382080947,0.0058471963598468076,5.626112870227512,5.596376802949623,1.1547685713768927,0.8408964152537145,0.12299045321972732,17,0.0,0,slsqp,True,0.00466087507084012,4.536320370344214,0.0,4.522298812861691,1.0,153.75210144754115,1.0,110.17676574595588,0.004321916028857231,4.809244372530581,11.112931952428072,diagnostic_empirical_bayes,1.0,185.96561091993917,1.0,128.63762176505708,0.9115,206.53091730192122,0.107,17.025029326778153,0.978,131.34755012263847,4.955628286076829
fixed_pilot,3,0,2003,40,30,70,2000,5,17,0.02,0.5,0.05,24,-210.0,210.0,0.0031050844117999077,0.004897959064692259,True,-0.6084318668970196,9.95227771670556,10.560709583602579,30,1.0,5.074746778507125,4.847613414277733,0.2271333642293918,0.0,1.6393365012728687,1.7500821204015053,8.464165400181498,8.464165400181498,True,3.7660273525955645,4.835967415305624,0.022692231549293115,1.0,288.7825561874126,0.008338943148267863,5.863558940551748,5.855579816088576,1.0017042501412248,0.5,0.058823529411764705,17,0.26666666666666666,8,4.578677584336148,4.578677584336148,0.0,2.833213344056216,1.8234855243177335,2.2953703848259877,8.69753349347987,8.69753349347987,True,4.93944115697226,4.541095936119305,0.022362135089524202,1.0,115.60993729483333,0.006494295038222606,5.677755014510252,5.672873111490757,1.030071012666,0.9576032806985736,1.0,1,0.0,0,4.578677584336148,4.578677584336148,0.0,2.833213344056216,1.8234855243177335,2.2953703848259877,8.69753349347987,8.69753349347987,True,4.93944115697226,4.541095936119305,0.022362135089524202,1.0,115.60993729483333,0.006494295038222606,5.677755014510252,5.672873111490757,1.030071012666,0.9576032806985736,1.0,1,0.0,0,4.722108369919137,4.672028027878936,0.050080342040200954,0.49909686726982955,1.771862587926448,1.7500821204015053,8.24405307824709,8.24405307824709,True,3.7660273525955645,4.648869823197645,0.021941254282438385,1.0,179.59105865798793,0.006887174813167345,5.573096430142138,5.571606583624113,0.9522925280892608,0.9576032806985736,0.16630160941040545,17,0.0,0,slsqp,True,0.0038075419142842293,4.519946084845596,0.0,4.505759817576357,1.0,153.67366708343687,1.0,110.1205606958851,0.0034401253797113895,4.725824328861057,8.566039996993341,diagnostic_empirical_bayes,1.0,188.7929714611531,1.0,130.9544902488876,0.8655,197.04146699580818,0.097,14.956295703644031,0.9625,134.17194441975454,4.966668918429195
fixed_pilot,3,0,2003,40,100,140,2000,5,17,0.02,0.5,0.05,24,-210.0,210.0,0.0029186252504587173,0.005365875083953142,True,-0.6084318668970196,9.95227771670556,10.560709583602579,100,1.0,5.076929044745944,4.864620558715971,0.21230848602997288,0.0,0.9529704117486445,0.9031676528974735,6.933067109392062,6.933067109392062,True,6.4784656772012505,4.835967415305624,0.022692231549293115,1.0,288.7825561874126,0.008253422452475892,6.261725419028803,6.176305524939452,0.9072387961867407,0.5,0.058823529411764705,17,0.21,21,4.590827681781832,4.590827681781829,2.6645352591003757e-15,2.833213344056216,1.0600189464319854,1.1845754315334898,6.835422059747307,6.835422059747307,True,8.497017414901531,4.541095936119305,0.022362135089524202,1.0,115.60993729483333,0.0062925197325597315,5.8856982675187846,5.796399097388167,0.9017352375227822,0.9576032806985736,1.0,1,0.0,0,4.590827681781832,4.590827681781829,2.6645352591003757e-15,2.833213344056216,1.0600189464319854,1.1845754315334898,6.835422059747307,6.835422059747307,True,8.497017414901531,4.541095936119305,0.022362135089524202,1.0,115.60993729483333,0.0062925197325597315,5.8856982675187846,5.796399097388167,0.9017352375227822,0.9576032806985736,1.0,1,0.0,0,4.67260947720559,4.642224704256043,0.03038477294954678,0.8112913617439195,1.0781993474515814,0.9031676528974735,6.653976477554646,6.653976477554646,True,6.4784656772012505,4.595648357009587,0.022315151075269272,1.0,142.76352041750255,0.00658773441081964,5.946109486103488,5.858151902894231,0.8916681467393388,0.9576032806985736,0.22489954848610139,17,0.0,0,slsqp,True,0.004960040561854839,4.526856331019486,0.0,4.512948589654015,1.0,139.92875986629562,0.995,100.27113809674383,0.00465204194188118,4.682283035178395,15.204421127264945,diagnostic_empirical_bayes,1.0,168.7723513923687,1.0,117.06724397863206,0.9,165.1758768295715,0.07,10.826581653723292,0.9765,133.29542743346747,4.970907501849599
fixed_pilot,3,0,2003,40,300,340,2000,5,17,0.02,0.5,0.05,24,-210.0,210.0,0.0033353338949382305,0.006202166900038719,True,-0.6084318668970196,9.95227771670556,10.560709583602579,300,1.0,5.115433588275842,4.908186931993541,0.207246656282301,0.0,0.5539757121025749,0.5178879574539874,6.1872972578324035,6.1872972578324035,True,11.144506824080384,4.835967415305624,0.022692231549293115,1.0,288.7825561874126,0.008506356176110149,6.267642348320258,6.203995319133381,0.8642455498606008,0.5,0.058823529411764705,17,0.21666666666666667,65,4.627672998946959,4.627672998946955,4.440892098500626e-15,2.833213344056216,0.6162045992743446,0.6792507999139953,5.923128398135299,5.923128398135299,True,14.616897469712145,4.541095936119305,0.022362135089524202,1.0,115.60993729483333,0.0063919706630866605,5.89122454406644,5.824432751293552,0.8455945635999091,0.9576032806985736,1.0,1,0.0,0,4.627672998946959,4.627672998946955,4.440892098500626e-15,2.833213344056216,0.6162045992743446,0.6792507999139953,5.923128398135299,5.923128398135299,True,14.616897469712145,4.541095936119305,0.022362135089524202,1.0,115.60993729483333,0.0063919706630866605,5.89122454406644,5.824432751293552,0.8455945635999091,0.9576032806985736,1.0,1,0.0,0,4.67166718836501,4.655398542268199,0.01626864609681089,1.1104922878379344,0.6536205241492102,0.5178879574539874,5.843175669968208,5.843175669968208,True,11.144506824080384,4.570868523130902,0.022486841718895232,1.0,127.07668816960482,0.006598773377768735,5.935030580484302,5.866618715628413,0.8555875673158971,0.9576032806985736,0.2915838944491235,17,0.0,0,slsqp,True,0.005292833317071199,4.523012803695789,0.0,4.508969525504674,1.0,139.3942297610123,1.0,99.88810074220041,0.004863333888351917,4.659711455411825,23.829150423926304,diagnostic_empirical_bayes,1.0,158.67307444921678,1.0,111.23193974535388,1.0,135.2649278410735,0.081,9.433171415882443,0.983,136.39870729864185,4.964342696014939
fixed_pilot,4,0,2004,40,10,50,2000,5,17,0.02,0.5,0.05,24,-210.0,210.0,0.003259125165641308,0.004327042028307915,True,-0.6084318668970196,9.95227771670556,10.560709583602579,10,1.0,4.844762640034417,4.534596878514923,0.31016576151949415,0.0,2.8200499525208813,3.052045405402758,10.716857997958057,9.95227771670556,False,2.189247072869438,4.889259865607059,0.021604172821824284,1.0,293.63806100806,0.006480730170974708,5.708072406080239,5.684225159361578,1.1051109544911513,0.5,0.058823529411764705,17,0.4,4,4.263536898011815,4.263536898011815,0.0,2.833213344056216,3.1368302128830576,4.002997662245981,11.403364773140854,9.95227771670556,False,2.8713697703389016,4.59589761746823,0.021330012171367523,1.0,117.62018439372278,0.004955779678059024,5.500479968190604,5.472569248884573,1.0869760444690943,0.9576032806985736,1.0,1,0.0,0,4.264328370680663,4.263058715430437,0.0012696552502262648,2.2504910258733184,3.848024845698931,3.052045405402758,11.164398621782352,9.95227771670556,False,2.189247072869438,4.60156806119879,0.021099301549324434,1.0,122.50053394453052,0.004929566173611874,5.450105621814668,5.429123382359706,1.0662315874806176,0.9576032806985736,0.730538682239977,2,0.0,0,4.471940849314683,4.406287193594924,0.06565365571975867,0.2901580903789912,2.952587798054543,3.052045405402758,10.476574052771984,9.95227771670556,False,2.189247072869438,4.75888771574243,0.02072035932574937,1.0,224.74622372220492,0.005649012805928907,5.487794861560825,5.480608061121269,1.0336325385165088,0.9576032806985736,0.1240826363310569,17,0.0,0,slsqp,True,0.002827041782438755,4.6123153223848785,0.0,4.598509871604385,1.0,167.44709023703624,1.0,119.99041744598487,0.0027710418216884136,4.718728494121813,7.652994407673938,diagnostic_empirical_bayes,1.0,196.17778461886047,1.0,137.59341504059614,0.9305,249.11745393561887,0.103,16.760690068722454,0.96,130.74384487926824,4.980318698724796
fixed_pilot,4,0,2004,40,30,70,2000,5,17,0.02,0.5,0.05,24,-210.0,210.0,0.002623917069286108,0.004294875077903271,True,-0.6084318668970196,9.95227771670556,10.560709583602579,30,1.0,5.065468389521123,4.85491950192704,0.21054888759408286,0.0,1.6393365012728687,1.7500821204015053,8.454887011195497,8.454887011195497,True,3.7660273525955645,4.889259865607059,0.021604172821824284,1.0,293.63806100806,0.008252982960887483,6.210730317933597,6.081633739894449,0.9538445341022741,0.5,0.058823529411764705,17,0.2,6,4.570976995416522,4.570976995416523,-1.7763568394002505e-15,2.833213344056216,1.8234855243177335,2.2953703848259877,8.689832904560243,8.689832904560243,True,4.93944115697226,4.59589761746823,0.021330012171367523,1.0,117.62018439372278,0.0061836392701300645,5.831371035610136,5.772692471306766,0.9248065022753453,0.9576032806985736,1.0,1,0.0,0,4.570976995416522,4.570976995416523,-1.7763568394002505e-15,2.833213344056216,1.8234855243177335,2.2953703848259877,8.689832904560243,8.689832904560243,True,4.93944115697226,4.59589761746823,0.021330012171367523,1.0,117.62018439372278,0.0061836392701300645,5.831371035610136,5.772692471306766,0.9248065022753453,0.9576032806985736,1.0,1,0.0,0,4.71347616902329,4.664519828911207,0.04895634011208294,0.5018842012415515,1.7726027137170375,1.7500821204015053,8.236161003141833,8.236161003141833,True,3.7660273525955645,4.690246647111958,0.0212030618184937,1.0,173.5084269333666,0.006764332466442071,5.935940465694618,5.8415666059316695,0.9180449591799115,0.9576032806985736,0.1661817255316689,17,0.0,0,slsqp,True,0.003669292200356722,4.605599502784673,0.0,4.5919566489681305,1.0,163.12590454129344,1.0,116.89391170939784,0.0036542080342769623,4.769623124288578,12.101422953178549,diagnostic_empirical_bayes,1.0,185.1724547892899,1.0,131.12115159710666,0.965,251.444455584182,0.084,14.19968354902199,0.939,133.1191948957584,5.003988704166706
fixed_pilot,4,0,2004,40,100,140,2000,5,17,0.02,0.5,0.05,24,-210.0,210.0,0.0027344170957803726,0.004445207770913839,True,-0.6084318668970196,9.95227771670556,10.560709583602579,100,1.0,5.139142214947209,4.91196424050561,0.2271779744415987,0.0,0.9529704117486445,0.9031676528974735,6.995280279593327,6.995280279593327,True,6.4784656772012505,4.889259865607059,0.021604172821824284,1.0,293.63806100806,0.00861717922401206,6.264371597453303,6.2518832326001235,0.8676413955928116,0.5,0.058823529411764705,17,0.27,27,4.615117251363855,4.615117251363854,8.881784197001252e-16,2.833213344056216,1.0600189464319854,1.1845754315334898,6.85971162932933,6.85971162932933,True,8.497017414901531,4.59589761746823,0.021330012171367523,1.0,117.62018439372278,0.0063536908946846445,5.888607745477246,5.874231597896826,0.841083327397677,0.9576032806985736,1.0,1,0.0,0,4.615117251363855,4.615117251363854,8.881784197001252e-16,2.833213344056216,1.0600189464319854,1.1845754315334898,6.85971162932933,6.85971162932933,True,8.497017414901531,4.59589761746823,0.021330012171367523,1.0,117.62018439372278,0.0063536908946846445,5.888607745477246,5.874231597896826,0.841083327397677,0.9576032806985736,1.0,1,0.0,0,4.696207023804137,4.674297435737719,0.02190958806641774,0.7819716685336877,1.0736736318468183,0.9031676528974735,6.673048308548428,6.673048308548428,True,6.4784656772012505,4.656808606868857,0.021059292660175453,1.0,151.26877975321764,0.006691804347171029,5.941780466577126,5.929145418171429,0.822807229988404,0.9576032806985736,0.21742433631340954,17,0.0,0,slsqp,True,0.0055242907255887985,4.585191709487945,0.0,4.571361131628553,1.0,151.44841865067193,1.0,108.52597647235208,0.005689708050340414,4.71265776400166,15.187668066018691,diagnostic_empirical_bayes,1.0,176.97967895111813,1.0,123.74115863806868,0.972,208.44709027239335,0.074,11.42525960684563,0.976,140.73407898212264,4.9893359034250775
fixed_pilot,4,0,2004,40,300,340,2000,5,17,0.02,0.5,0.05,24,-210.0,210.0,0.0028163748793303967,0.005617291666567326,True,-0.6084318668970196,9.95227771670556,10.560709583602579,300,1.0,5.074169908106711,4.862027727286686,0.21214218082002478,0.0,0.5539757121025749,0.5178879574539874,6.146033577663273,6.146033577663273,True,11.144506824080384,4.889259865607059,0.021604172821824284,1.0,293.63806100806,0.008357220032935807,6.271196287528484,6.211140585629267,0.9055977177636688,0.5,0.058823529411764705,17,0.24,72,4.567917237236944,4.567917237236949,-4.440892098500626e-15,2.833213344056216,0.6162045992743446,0.6792507999139953,5.863372636425284,5.863372636425284,True,14.616897469712145,4.59589761746823,0.021330012171367523,1.0,117.62018439372278,0.006161448643418658,5.896156251594019,5.831798189096884,0.8726685332179793,0.9576032806985736,1.0,1,0.0,0,4.567917237236944,4.567917237236949,-4.440892098500626e-15,2.833213344056216,0.6162045992743446,0.6792507999139953,5.863372636425284,5.863372636425284,True,14.616897469712145,4.59589761746823,0.021330012171367523,1.0,117.62018439372278,0.006161448643418658,5.896156251594019,5.831798189096884,0.8726685332179793,0.9576032806985736,1.0,1,0.0,0,4.613413956076366,4.600054496891162,0.013359459185203981,1.0861904163382214,0.6514399097996185,0.5178879574539874,5.782741823329972,5.782741823329972,True,11.144506824080384,4.627796434665594,0.021340568459496903,1.0,131.7012498588422,0.006365618241889955,5.935311141298627,5.870862668212334,0.8746159778179856,0.9576032806985736,0.2893887224887332,17,0.0,0,slsqp,True,0.005124832969158888,4.5740494866251185,0.0,4.560085345355419,1.0,147.82351972972467,1.0,105.92842082591923,0.0049194167368113995,4.619998037202213,24.26429630536142,diagnostic_empirical_bayes,1.0,162.22118387186208,1.0,115.36762104449838,1.0,136.95880015158363,0.086,9.782489052999724,0.985,137.84564374997433,4.985625213312005
fixed_pilot,5,0,2005,40,10,50,2000,5,17,0.02,0.5,0.05,24,-210.0,210.0,0.0031557083129882812,0.004477041773498058,True,-0.6084318668970196,9.95227771670556,10.560709583602579,10,1.0,5.511156880596019,5.226922405481387,0.28423447511463173,0.0,2.8200499525208813,3.052045405402758,11.383252238519658,9.95227771670556,False,2.189247072869438,4.84250140208167,0.021892021013962436,1.0,288.7090772916087,0.00971801827601375,5.746346007934657,5.74302830961257,0.1958383367974797,0.5,0.058823529411764705,17,0.3,3,4.994359108338816,4.994359108338816,0.0,2.833213344056216,3.1368302128830576,4.002997662245981,12.134186983467856,9.95227771670556,False,2.8713697703389016,4.576337431345426,0.020924856081523738,1.0,131.20198204205147,0.007431285395409835,5.39362767634517,5.388176473031857,0.12175625173133238,1.0905077326652575,1.0,1,0.0,0,4.995244064382305,4.992777028905811,0.0024670354764939617,2.159660370384985,3.8065353963745645,3.052045405402758,11.853824866159627,9.95227771670556,False,2.189247072869438,4.563437601198795,0.021179971433871268,1.0,125.7474823884778,0.007533949732857878,5.477148757696962,5.471371070686227,0.15312832517337907,1.0905077326652575,0.5986556915047527,2,0.0,0,5.215182271726656,5.126445263468648,0.08873700825800768,0.27489012010394126,2.945613724427011,3.052045405402758,11.212841401556425,9.95227771670556,False,2.189247072869438,4.719168578195963,0.02104684464112287,1.0,222.44026438645676,0.008508983446339033,5.531246289077932,5.5281485685974445,0.12868098525498484,1.0905077326652575,0.12557064632270584,17,0.0,0,slsqp,True,0.003207166213542223,4.548027391875348,0.0,4.53394229343878,1.0,155.77797526753977,1.0,111.62848070266499,0.003006082959473133,4.804498335967694,4.869857086184728,diagnostic_empirical_bayes,1.0,186.91071448430728,1.0,130.9399964955295,0.9645,258.11683124913424,0.106,17.600712045328148,0.9765,137.63430576510277,4.939716516736861
fixed_pilot,5,0,2005,40,30,70,2000,5,17,0.02,0.5,0.05,24,-210.0,210.0,0.002859417349100113,0.0041714999824762344,True,-0.6084318668970196,9.95227771670556,10.560709583602579,30,1.0,5.0152440582347495,4.786373226697394,0.2288708315373551,0.0,1.6393365012728687,1.7500821204015053,8.404662679909123,8.404662679909123,True,3.7660273525955645,4.84250140208167,0.021892021013962436,1.0,288.7090772916087,0.008372055883746343,5.952403649359816,5.940301418056832,1.1823975277466159,0.5,0.058823529411764705,17,0.26666666666666666,8,4.510869801463274,4.510869801463274,0.0,2.833213344056216,1.8234855243177335,2.2953703848259877,8.629725710606996,8.629725710606996,True,4.93944115697226,4.546903073629348,0.021613977185330778,1.0,115.60133114545556,0.006357676507843342,5.64596341581461,5.637370756787093,1.1752277767884427,0.9576032806985736,1.0,1,0.0,0,4.510869801463274,4.510869801463274,0.0,2.833213344056216,1.8234855243177335,2.2953703848259877,8.629725710606996,8.629725710606996,True,4.93944115697226,4.546903073629348,0.021613977185330778,1.0,115.60133114545556,0.006357676507843342,5.64596341581461,5.637370756787093,1.1752277767884427,0.9576032806985736,1.0,1,0.0,0,4.653293345559778,4.606158871791156,0.047134473768621454,0.5065941281083256,1.7738533490485966,1.7500821204015053,8.17722881500988,8.17722881500988,True,3.7660273525955645,4.650646756213909,0.021293675157897273,1.0,176.75878049722022,0.00685007753235595,5.70578032812789,5.694850957511701,1.1230118340325725,0.9576032806985736,0.16691872641058414,17,0.0,0,slsqp,True,0.003510165959596634,4.528935516193837,0.0,4.514682843208054,1.0,153.33468407005356,1.0,109.87764985625583,0.0034726252779364586,4.750690273156088,12.541867909889115,diagnostic_empirical_bayes,1.0,181.89731705468665,1.0,126.89021049761686,0.911,196.183986054764,0.092,15.095941005165216,0.9765,137.85883323014895,4.943392431950749
fixed_pilot,5,0,2005,40,100,140,2000,5,17,0.02,0.5,0.05,24,-210.0,210.0,0.0027177920565009117,0.004502832889556885,True,-0.6084318668970196,9.95227771670556,10.560709583602579,100,1.0,5.094889220958116,4.875419735766015,0.21946948519210085,0.0,0.9529704117486445,0.9031676528974735,6.951027285604234,6.951027285604234,True,6.4784656772012505,4.84250140208167,0.021892021013962436,1.0,288.7090772916087,0.008630086399639792,6.143173319316906,5.954311346059388,0.9839301109052804,0.5,0.058823529411764705,17,0.27,27,4.583929429839839,4.583929429839838,8.881784197001252e-16,2.833213344056216,1.0600189464319854,1.1845754315334898,6.828523807805314,6.828523807805314,True,8.497017414901531,4.546903073629348,0.021613977185330778,1.0,115.60133114545556,0.00640494664778726,5.76374302144681,5.6537108066569095,0.9624537961501939,0.9576032806985736,1.0,1,0.0,0,4.583929429839839,4.583929429839838,8.881784197001252e-16,2.833213344056216,1.0600189464319854,1.1845754315334898,6.828523807805314,6.828523807805314,True,8.497017414901531,4.546903073629348,0.021613977185330778,1.0,115.60133114545556,0.00640494664778726,5.76374302144681,5.6537108066569095,0.9624537961501939,0.9576032806985736,1.0,1,0.0,0,4.665212000422811,4.641865207782182,0.023346792640628777,0.7895120592976378,1.0748375479867907,0.9031676528974735,6.643217201307075,6.643217201307075,True,6.4784656772012505,4.607309553453297,0.021435957618543965,1.0,146.96397535882133,0.006732566199091061,5.825302946183449,5.664674448448005,0.943469224022393,0.9576032806985736,0.21934379473940677,17,0.0,0,slsqp,True,0.005983875133097172,4.523928478259359,0.0,4.5097461284992795,1.0,145.4111778509767,1.0,104.19976786071304,0.0059552500024437904,4.694783235923943,15.91322736132833,diagnostic_empirical_bayes,1.0,178.83414157239267,1.0,122.0907764601792,0.9265,178.49110147133132,0.0715,11.555491202398875,0.977,141.61525674296803,4.950500760586798
fixed_pilot,5,0,2005,40,300,340,2000,5,17,0.02,0.5,0.05,24,-210.0,210.0,0.002743207849562168,0.005429249722510576,True,-0.6084318668970196,9.95227771670556,10.560709583602579,300,1.0,5.155877741114102,4.9352200527485435,0.22065768836555844,0.0,0.5539757121025749,0.5178879574539874,6.227741410670664,6.227741410670664,True,11.144506824080384,4.84250140208167,0.021892021013962436,1.0,288.7090772916087,0.008777562207294603,6.272063252036549,6.074674238252952,0.8228079938866588,0.5,0.058823529411764705,17,0.28,84,4.6455184541257415,4.64551845412574,1.7763568394002505e-15,2.833213344056216,0.6162045992743446,0.6792507999139953,5.940973853314081,5.940973853314081,True,14.616897469712145,4.546903073629348,0.021613977185330778,1.0,115.60133114545556,0.006545770788386451,5.896049398009941,5.699164333186366,0.8095931848585252,0.9576032806985736,1.0,1,0.0,0,4.6455184541257415,4.64551845412574,1.7763568394002505e-15,2.833213344056216,0.6162045992743446,0.6792507999139953,5.940973853314081,5.940973853314081,True,14.616897469712145,4.546903073629348,0.021613977185330778,1.0,115.60133114545556,0.006545770788386451,5.896049398009941,5.699164333186366,0.8095931848585252,0.9576032806985736,1.0,1,0.0,0,4.691702510662321,4.678344662065453,0.013357848596867505,1.0850728477859237,0.6513396300322013,0.5178879574539874,5.8609300981485095,5.8609300981485095,True,11.144506824080384,4.58261733538622,0.02145251540988473,1.0,132.92883773073424,0.006710153365304105,5.925138127608014,5.736148503188499,0.7918071219764973,0.9576032806985736,0.2912882468594512,17,0.0,0,slsqp,True,0.006063750013709068,4.520883065297385,0.0,4.5066854544291255,1.0,145.04558735617536,1.0,103.93779044430408,0.0061127920635044575,4.684654306584993,24.36695326563419,diagnostic_empirical_bayes,1.0,164.21749879932182,1.0,115.36800426075007,0.971,142.05438363622946,0.0585,8.38900150263116,0.977,143.0494962214002,4.957651190439285
fixed_pilot,6,0,2006,40,10,50,2000,5,17,0.02,0.5,0.05,24,-210.0,210.0,0.002971332985907793,0.004600584041327238,True,-0.6084318668970196,9.95227771670556,10.560709583602579,10,1.0,5.7512834605746,5.417833531817491,0.33344992875710844,0.0,2.8200499525208813,3.052045405402758,11.623378818498239,9.95227771670556,False,2.189247072869438,4.891168785726707,0.021575280449112038,1.0,292.1231766704002,0.01151596259019152,5.743948726328277,5.74201859817712,0.18202851339917397,0.5,0.058823529411764705,17,0.5,5,5.088968964555122,5.088968964555123,-8.881784197001252e-16,2.833213344056216,3.1368302128830576,4.002997662245981,12.228796839684161,9.95227771670556,False,2.8713697703389016,4.674312449910028,0.02007743212741111,1.0,150.63256871646155,0.008072191261346744,5.398272108583678,5.388611188378127,0.10812283351273924,1.241857812073484,1.0,1,0.0,0,5.089344343734805,5.088648842345528,0.0006955013892770978,2.209318169695182,3.829217988908587,3.052045405402758,11.97060773804615,9.95227771670556,False,2.189247072869438,4.656626317221271,0.020205417928050078,1.0,145.80988548885318,0.008094756226795537,5.362454107972716,5.359427262907788,0.11682026360677844,1.241857812073484,0.6838994142064396,2,0.0,0,5.281118261030774,5.2357866948538625,0.045331566176911586,0.3060644391067299,2.959853468944257,3.052045405402758,11.29301713537779,9.95227771670556,False,2.189247072869438,4.80105343616916,0.020259582503996468,1.0,242.74525248430322,0.009379914039708316,5.496581818903923,5.493777779779038,0.11797577662989248,1.241857812073484,0.12166467061745688,17,0.0,0,slsqp,True,0.0028844159096479416,4.617494927546359,0.0,4.603709257769358,1.0,176.0446670129138,1.0,126.1513296774312,0.0027097919955849648,4.852468063098836,5.104033491515646,diagnostic_empirical_bayes,1.0,209.09361728300328,1.0,146.2134224799776,0.9625,283.1896906147376,0.1035,18.55959666816313,0.993,143.8619406304212,4.9798056919233895
fixed_pilot,6,0,2006,40,30,70,2000,5,17,0.02,0.5,0.05,24,-210.0,210.0,0.002641499973833561,0.003964040894061327,True,-0.6084318668970196,9.95227771670556,10.560709583602579,30,1.0,5.433238487873327,5.139842047008569,0.2933964408647576,0.0,1.6393365012728687,1.7500821204015053,8.8226571095477,8.8226571095477,True,3.7660273525955645,4.891168785726707,0.021575280449112038,1.0,292.1231766704002,0.009819094036318225,5.907936814690277,5.895765481858245,0.5094307342508979,0.5,0.058823529411764705,17,0.43333333333333335,13,4.83787873729396,4.83787873729396,0.0,2.833213344056216,1.8234855243177335,2.2953703848259877,8.956734646437681,8.956734646437681,True,4.93944115697226,4.62082420266394,0.02050454704795912,1.0,132.7670562280611,0.0070609534404609065,5.500811643497178,5.486331941052046,0.4399626150486895,1.0905077326652575,1.0,1,0.0,0,4.83787873729396,4.83787873729396,0.0,2.833213344056216,1.8234855243177335,2.2953703848259877,8.956734646437681,8.956734646437681,True,4.93944115697226,4.62082420266394,0.02050454704795912,1.0,132.7670562280611,0.0070609534404609065,5.500811643497178,5.486331941052046,0.4399626150486895,1.0905077326652575,1.0,1,0.0,0,4.973635919029208,4.940048234080765,0.033587684948442664,0.4942326385685929,1.7705709805519332,1.7500821204015053,8.494289019982647,8.494289019982647,True,3.7660273525955645,4.725277613308703,0.020499742890021752,1.0,195.38914608616204,0.007808790532185093,5.6021512893426255,5.590057070989777,0.4363060753582742,1.0905077326652575,0.16078046020461897,17,0.0,0,slsqp,True,0.002924041822552681,4.592467910196177,0.0,4.578512274777406,1.0,168.37110591843853,1.0,120.65255512291402,0.0027832076884806156,4.8171341674320765,6.195743571595416,diagnostic_empirical_bayes,1.0,200.97221768188513,1.0,140.1082546731314,0.96,251.76039123846527,0.095,16.495295008304034,0.983,144.34693441013118,4.97783129632963
fixed_pilot,6,0,2006,40,100,140,2000,5,17,0.02,0.5,0.05,24,-210.0,210.0,0.0026126247830688953,0.004270999692380428,True,-0.6084318668970196,9.95227771670556,10.560709583602579,100,1.0,5.141903713323483,4.918573895916012,0.22332981740747115,0.0,0.9529704117486445,0.9031676528974735,6.998041777969601,6.998041777969601,True,6.4784656772012505,4.891168785726707,0.021575280449112038,1.0,292.1231766704002,0.008654951824620555,6.2298732874631,5.9362762445282735,0.8760886221605894,0.5,0.058823529411764705,17,0.23,23,4.626795553245818,4.626795553245818,0.0,2.833213344056216,1.0600189464319854,1.1845754315334898,6.871389931211293,6.871389931211293,True,8.497017414901531,4.598028424243019,0.021289105185989525,1.0,116.98240555927201,0.006489319517332205,5.850959589862801,5.680631287684346,0.8781287915522661,0.9576032806985736,1.0,1,0.0,0,4.626795553245818,4.626795553245818,0.0,2.833213344056216,1.0600189464319854,1.1845754315334898,6.871389931211293,6.871389931211293,True,8.497017414901531,4.598028424243019,0.021289105185989525,1.0,116.98240555927201,0.006489319517332205,5.850959589862801,5.680631287684346,0.8781287915522661,0.9576032806985736,1.0,1,0.0,0,4.707557916978416,4.684741891116972,0.022816025861444267,0.7877501157697864,1.0745655787249864,0.9031676528974735,6.685291148600876,6.685291148600876,True,6.4784656772012505,4.659341468355049,0.020961852927105666,1.0,151.57019955196245,0.006786782687738563,5.9049378104243,5.651385244660098,0.8476671336495025,0.9576032806985736,0.21822098721206232,17,0.0,0,slsqp,True,0.0057090832851827145,4.589332044082048,0.0,4.575566917013206,1.0,154.15133874757956,0.992,110.46285402747696,0.00570324994623661,4.727863583853794,17.844463676568875,diagnostic_empirical_bayes,1.0,185.57280640208214,1.0,127.05539237293556,0.942,174.60437080398208,0.07,11.080433621577386,0.9865,138.05406635457126,4.979982935626955
fixed_pilot,6,0,2006,40,300,340,2000,5,17,0.02,0.5,0.05,24,-210.0,210.0,0.0025168326683342457,0.004918708000332117,True,-0.6084318668970196,9.95227771670556,10.560709583602579,300,1.0,5.014104512446132,4.795303406221206,0.21880110622492666,0.0,0.5539757121025749,0.5178879574539874,6.085968182002694,6.085968182002694,True,11.144506824080384,4.891168785726707,0.021575280449112038,1.0,292.1231766704002,0.008073778980435663,6.229873287463099,6.1255234784286845,1.0483317512922057,0.5,0.058823529411764705,17,0.25333333333333335,76,4.5008533105664865,4.500853310566489,-2.6645352591003757e-15,2.833213344056216,0.6162045992743446,0.6792507999139953,5.796308709754826,5.796308709754826,True,14.616897469712145,4.598028424243019,0.021289105185989525,1.0,116.98240555927201,0.006013145005141949,5.8509595898628,5.747191126715152,1.0364999951563536,0.9576032806985736,1.0,1,0.0,0,4.5008533105664865,4.500853310566489,-2.6645352591003757e-15,2.833213344056216,0.6162045992743446,0.6792507999139953,5.796308709754826,5.796308709754826,True,14.616897469712145,4.598028424243019,0.021289105185989525,1.0,116.98240555927201,0.006013145005141949,5.8509595898628,5.747191126715152,1.0364999951563536,0.9576032806985736,1.0,1,0.0,0,4.547038971349427,4.534095845102423,0.012943126247003889,1.0825588582505725,0.6511140489836152,0.5178879574539874,5.71604097778703,5.71604097778703,True,11.144506824080384,4.631779417496787,0.021128637142533283,1.0,134.10326568756378,0.006176573266980257,5.883218223220495,5.783120105076315,1.021706475037947,0.9576032806985736,0.290562065753488,17,0.0,0,slsqp,True,0.006172167137265205,4.581810594895731,0.0,4.567922435503529,1.0,151.0811445584692,0.999,108.26279261183758,0.0058007086627185345,4.566558267461159,25.675223875197087,diagnostic_empirical_bayes,1.0,166.958530403992,1.0,118.1158657273653,0.9745,139.01675838691966,0.0525,7.719190787021236,0.9745,134.6435316772811,4.990329313866821
fixed_pilot,7,0,2007,40,10,50,2000,5,17,0.02,0.5,0.05,24,-210.0,210.0,0.002435707952827215,0.0038434998132288456,True,-0.6084318668970196,9.95227771670556,10.560709583602579,10,1.0,5.041684305698558,4.843708491999472,0.19797581369908634,0.0,2.8200499525208813,3.052045405402758,10.913779663622197,9.95227771670556,False,2.189247072869438,4.8842900026278055,0.022069950421371883,1.0,293.0651239673908,0.008258680959171033,5.849787289599914,5.835636034910393,0.8476394629626507,0.5,0.058823529411764705,17,0.3,3,4.5504185180215675,4.5504185180215675,0.0,2.833213344056216,3.1368302128830576,4.002997662245981,11.690246393150606,9.95227771670556,False,2.8713697703389016,4.590656536447967,0.021828894221376464,1.0,117.44989863312833,0.006055012575518246,5.481837285748059,5.480100560011272,0.799949797704111,0.9576032806985736,1.0,1,0.0,0,4.5504185180215675,4.5504185180215675,0.0,2.833213344056216,3.1368302128830576,4.002997662245981,11.690246393150606,9.95227771670556,False,2.8713697703389016,4.590656536447967,0.021828894221376464,1.0,117.44989863312833,0.006055012575518246,5.481837285748059,5.480100560011272,0.799949797704111,0.9576032806985736,1.0,1,0.0,0,4.775378861778913,4.7000585446268826,0.07532031715203047,0.24884274380447138,2.933715854779375,3.052045405402758,10.761140121961047,9.95227771670556,False,2.189247072869438,4.737768597714239,0.021696785270080426,1.0,211.93198462406056,0.0070032113540863415,5.641658478934978,5.633115630801578,0.7921226217397715,0.9576032806985736,0.12345521427044362,17,0.0,0,slsqp,True,0.0025824587792158127,4.59005212076045,0.0,4.576210915693503,1.0,165.28953440866007,1.0,118.4443408665508,0.002317457925528288,4.721875036384144,4.811411006850872,diagnostic_empirical_bayes,1.0,194.62635080191976,1.0,136.68063604465632,0.9635,267.64260216109955,0.107,18.05329966610551,0.978,136.9176691154078,4.969460014634155
fixed_pilot,7,0,2007,40,30,70,2000,5,17,0.02,0.5,0.05,24,-210.0,210.0,0.002439875155687332,0.003924792166799307,True,-0.6084318668970196,9.95227771670556,10.560709583602579,30,1.0,4.604192573463266,4.449645029394872,0.15454754406839388,0.0,1.6393365012728687,1.7500821204015053,7.99361119513764,7.99361119513764,True,3.7660273525955645,4.8842900026278055,0.022069950421371883,1.0,293.0651239673908,0.006440219870395514,5.910728270770827,5.8930553862312625,1.556692610361013,0.5,0.058823529411764705,17,0.13333333333333333,4,4.1366349260507445,4.136634926050744,8.881784197001252e-16,2.833213344056216,1.8234855243177335,2.2953703848259877,8.255490835194466,8.255490835194466,True,4.93944115697226,4.618365306985859,0.02334380189875219,0.967,103.45385468191719,0.004966367008070697,5.884272074386949,5.855534941196515,1.644433020168075,0.8408964152537145,1.0,1,0.0,0,4.1366349260507445,4.136634926050744,8.881784197001252e-16,2.833213344056216,1.8234855243177335,2.2953703848259877,8.255490835194466,8.255490835194466,True,4.93944115697226,4.618365306985859,0.02334380189875219,0.967,103.45385468191719,0.004966367008070697,5.884272074386949,5.855534941196515,1.644433020168075,0.8408964152537145,1.0,1,0.0,0,4.2796411247112776,4.23525149644495,0.04438962826632764,0.47659137206382135,1.7658866634046844,1.7500821204015053,7.795609908517467,7.795609908517467,True,3.7660273525955645,4.684406664374631,0.022170747579698266,1.0,164.51719668470454,0.0052293113064154715,5.774475014190307,5.731297470286174,1.548287315822357,0.8408964152537145,0.1623409190747634,17,0.0,0,slsqp,True,0.0032557500526309013,4.576345231429055,0.0,4.562469221836214,1.0,149.72174419590826,1.0,107.28866390796456,0.0031297500245273113,4.605611015757891,12.347078818098375,diagnostic_empirical_bayes,1.0,177.2114129055255,1.0,124.14734843324723,0.934,225.01489878179342,0.097,16.197199593539757,0.968,126.58080528044387,4.98273544149876
fixed_pilot,7,0,2007,40,100,140,2000,5,17,0.02,0.5,0.05,24,-210.0,210.0,0.00256520789116621,0.004267374984920025,True,-0.6084318668970196,9.95227771670556,10.560709583602579,100,1.0,4.955635121686521,4.75859974797995,0.1970353737065711,0.0,0.9529704117486445,0.9031676528974735,6.81177318633264,6.81177318633264,True,6.4784656772012505,4.8842900026278055,0.022069950421371883,1.0,293.0651239673908,0.007782317938357403,6.137484183933664,5.9129958299024565,1.0849578548922005,0.5,0.058823529411764705,17,0.2,20,4.46655999259699,4.466559992596988,1.7763568394002505e-15,2.833213344056216,1.0600189464319854,1.1845754315334898,6.711154370562465,6.711154370562465,True,8.497017414901531,4.590656536447967,0.021828894221376464,1.0,117.44989863312833,0.0058053671651149144,5.758607794898408,5.670106006758145,1.06793806693623,0.9576032806985736,1.0,1,0.0,0,4.46655999259699,4.466559992596988,1.7763568394002505e-15,2.833213344056216,1.0600189464319854,1.1845754315334898,6.711154370562465,6.711154370562465,True,8.497017414901531,4.590656536447967,0.021828894221376464,1.0,117.44989863312833,0.0058053671651149144,5.758607794898408,5.670106006758145,1.06793806693623,0.9576032806985736,1.0,1,0.0,0,4.54768653853896,4.522257359638342,0.0254291789006178,0.7947510936864218,1.0756462324268765,0.9031676528974735,6.52650042386331,6.52650042386331,True,6.4784656772012505,4.646228717555085,0.021761020595244523,1.0,146.04701094892195,0.006110210796769508,5.822514430644972,5.680465422322035,1.0597396775181458,0.9576032806985736,0.22027319513009738,17,0.0,0,slsqp,True,0.00534937484189868,4.56882557658097,0.0,4.554964622375581,1.0,146.76914444204075,0.9935,105.17286914248999,0.005220208782702684,4.625255281659362,16.477084662540122,diagnostic_empirical_bayes,1.0,174.89292877238876,1.0,120.31427363884355,0.951,192.71156505532952,0.0765,12.310581225808146,0.9715,131.32520138806757,4.984084578052859
fixed_pilot,7,0,2007,40,300,340,2000,5,17,0.02,0.5,0.05,24,-210.0,210.0,0.002508374862372875,0.004776416812092066,True,-0.6084318668970196,9.95227771670556,10.560709583602579,300,1.0,4.9896894983320195,4.784625867962304,0.20506363036971553,0.0,0.5539757121025749,0.5178879574539874,6.061553167888581,6.061553167888581,True,11.144506824080384,4.8842900026278055,0.022069950421371883,1.0,293.0651239673908,0.007991630864846083,6.28125331871321,6.13820068866381,1.0459333418918577,0.5,0.058823529411764705,17,0.20666666666666667,62,4.492140372040168,4.492140372040164,3.552713678800501e-15,2.833213344056216,0.6162045992743446,0.6792507999139953,5.787595771228507,5.787595771228507,True,14.616897469712145,4.590656536447967,0.021828894221376464,1.0,117.44989863312833,0.005941124946330163,5.907400793088808,5.759316954513107,1.021435564904372,0.9576032806985736,1.0,1,0.0,0,4.492140372040168,4.492140372040164,3.552713678800501e-15,2.833213344056216,0.6162045992743446,0.6792507999139953,5.787595771228507,5.787595771228507,True,14.616897469712145,4.590656536447967,0.021828894221376464,1.0,117.44989863312833,0.005941124946330163,5.907400793088808,5.759316954513107,1.021435564904372,0.9576032806985736,1.0,1,0.0,0,4.537763481206689,4.52390919065,0.013854290556688298,1.0910430365832056,0.6518753368958179,0.5178879574539874,5.707526775556494,5.707526775556494,True,11.144506824080384,4.622503085658646,0.02181696255351103,1.0,131.7711599541478,0.006126120769591934,5.9448624987650645,5.797109560685731,1.0202277995692652,0.9576032806985736,0.291206321038838,17,0.0,0,slsqp,True,0.007114209234714508,4.5779778782701035,0.0,4.5641538662109715,1.0,150.24793446728873,0.9965,107.66572504548319,0.00695687485858798,4.551784142945066,25.19785861658042,diagnostic_empirical_bayes,1.0,164.81866994208593,1.0,117.09003827277186,0.9655,148.0165636901519,0.06,7.890941349899393,0.9625,133.38337559644523,4.993628199780041
fixed_pilot,8,0,2008,40,10,50,2000,5,17,0.02,0.5,0.05,24,-210.0,210.0,0.0025786668993532658,0.004153875168412924,True,-0.6084318668970196,9.95227771670556,10.560709583602579,10,1.0,5.47854002744516,5.339877247061294,0.13866278038386604,0.0,2.8200499525208813,3.052045405402758,11.350635385368799,9.95227771670556,False,2.189247072869438,4.888195470554096,0.022200453238673385,1.0,293.4286676115504,0.010487216408966962,5.972018827228769,5.941366584417861,0.10969579253141973,0.5,0.058823529411764705,17,0.1,1,5.008723606588058,5.008723606588058,0.0,2.833213344056216,3.1368302128830576,4.002997662245981,12.148551481717096,9.95227771670556,False,2.8713697703389016,4.592599232479953,0.021898480206396145,1.0,117.58983310919922,0.007468418247570284,5.608839010598837,5.578342855237799,0.0927915194844255,0.9576032806985736,1.0,1,0.0,0,5.009011092370229,5.008679895085147,0.0003311972850816858,2.472808177457804,3.9495744397760837,3.052045405402758,12.01063093754907,9.95227771670556,False,2.189247072869438,4.594619520519473,0.02204127865263224,1.0,116.28599246571603,0.007477299137071319,5.609634778255081,5.580436768987817,0.0954448783546753,0.9576032806985736,0.8832470445096894,2,0.0,0,5.221144305351755,5.17115556678945,0.04998873856230546,0.23603781772135643,2.927866845664871,3.052045405402758,11.201056556419385,9.95227771670556,False,2.189247072869438,4.740921522905459,0.022006496737438937,1.0,209.14680906058427,0.008814094740256729,5.781992171058759,5.752293575862813,0.09936903364449405,0.9576032806985736,0.11858394965173721,17,0.0,0,slsqp,True,0.0028875828720629215,4.59309827684608,0.0,4.579266651039439,1.0,157.83277611985815,1.0,113.10092439630596,0.0028945417143404484,4.827924487919237,5.407059381539382,diagnostic_empirical_bayes,1.0,195.57216748030885,1.0,134.10498254208994,0.9545,231.6579776656695,0.102,17.33991036658229,0.9865,140.9598373847751,4.991493545558602
fixed_pilot,8,0,2008,40,30,70,2000,5,17,0.02,0.5,0.05,24,-210.0,210.0,0.0025178752839565277,0.004474791698157787,True,-0.6084318668970196,9.95227771670556,10.560709583602579,30,1.0,5.148240431744589,4.997238067654637,0.15100236408995205,0.0,1.6393365012728687,1.7500821204015053,8.537659053418963,8.537659053418963,True,3.7660273525955645,4.888195470554096,0.022200453238673385,1.0,293.4286676115504,0.008885381318041116,5.972018827228769,5.928635299131521,0.8741689372327129,0.5,0.058823529411764705,17,0.13333333333333333,4,4.673003284812399,4.673003284812398,8.881784197001252e-16,2.833213344056216,1.8234855243177335,2.2953703848259877,8.791859193956121,8.791859193956121,True,4.93944115697226,4.592599232479953,0.021898480206396145,1.0,117.58983310919922,0.006340749207800051,5.608839010598837,5.561880789142614,0.8274566774033059,0.9576032806985736,1.0,1,0.0,0,4.673434646144944,4.672569333391992,0.0008653127529516524,2.19565858996923,2.2223536661524523,1.7500821204015053,8.645870432698901,8.645870432698901,True,3.7660273525955645,4.599097344743303,0.022327165276862296,1.0,113.59355747458117,0.006388143746213481,5.6111229330106065,5.573211723519545,0.8509778117828399,0.9576032806985736,0.6651580363293331,2,0.0,0,4.80751597725983,4.775907311095984,0.031608666163846166,0.46713960553221906,1.7633769188790405,1.7500821204015053,8.320975016540375,8.320975016540375,True,3.7660273525955645,4.689442566414338,0.022097380455341663,1.0,169.40394745476414,0.007073847780186298,5.721214221920077,5.679665634841531,0.8486016861558305,0.9576032806985736,0.1557512244831038,17,0.0,0,slsqp,True,0.002965874969959259,4.5856237405295515,0.0,4.571827165654001,1.0,151.3334675766874,1.0,108.44360402064962,0.0029094163328409195,4.837969090542357,12.350414614412285,diagnostic_empirical_bayes,1.0,180.7498048625445,1.0,125.43833357249022,0.9385,215.7228587288313,0.097,15.957393671338352,0.971,139.46486269431009,4.990214144822858
fixed_pilot,8,0,2008,40,100,140,2000,5,17,0.02,0.5,0.05,24,-210.0,210.0,0.002629541791975498,0.004137958865612745,True,-0.6084318668970196,9.95227771670556,10.560709583602579,100,1.0,5.0551888182902465,4.853775477931197,0.2014133403590499,0.0,0.9529704117486445,0.9031676528974735,6.911326882936365,6.911326882936365,True,6.4784656772012505,4.888195470554096,0.022200453238673385,1.0,293.4286676115504,0.007994426895624752,5.972018827228769,5.9167443875335595,0.8497111547247527,0.5,0.058823529411764705,17,0.23,23,4.546809841113692,4.546809841113692,0.0,2.833213344056216,1.0600189464319854,1.1845754315334898,6.791404219079167,6.791404219079167,True,8.497017414901531,4.592599232479953,0.021898480206396145,1.0,117.58983310919922,0.00583806651664049,5.6474103463725775,5.609224723956575,0.8207539644381825,0.9576032806985736,1.0,1,0.0,0,4.546809841113692,4.546809841113692,0.0,2.833213344056216,1.0600189464319854,1.1845754315334898,6.791404219079167,6.791404219079167,True,8.497017414901531,4.592599232479953,0.021898480206396145,1.0,117.58983310919922,0.00583806651664049,5.6474103463725775,5.609224723956575,0.8207539644381825,0.9576032806985736,1.0,1,0.0,0,4.6275471780070765,4.606825514642373,0.020721663364703602,0.7757034893939351,1.0727060911586257,0.9031676528974735,6.603420922063176,6.603420922063176,True,6.4784656772012505,4.650368247535613,0.02183401489611947,1.0,147.2502591748995,0.006190754023927988,5.687377812323554,5.675580932022121,0.8184695285051088,0.9576032806985736,0.21557297649620033,17,0.0,0,slsqp,True,0.0033441251143813133,4.578274909297716,0.0,4.564612336176999,1.0,146.75284072150876,0.9905,105.16118610739042,0.0030674575828015804,4.663952159036852,13.964401397935307,diagnostic_empirical_bayes,1.0,175.5991777399538,1.0,121.80405685781756,0.9185,182.0028523425837,0.0755,12.041296654586386,0.9645,131.73020838119442,5.0014485414863
fixed_pilot,8,0,2008,40,300,340,2000,5,17,0.02,0.5,0.05,24,-210.0,210.0,0.0025369590148329735,0.004774332977831364,True,-0.6084318668970196,9.95227771670556,10.560709583602579,300,1.0,5.130961660564161,4.925961485650153,0.2050001749140078,0.0,0.5539757121025749,0.5178879574539874,6.202825330120723,6.202825330120723,True,11.144506824080384,4.888195470554096,0.022200453238673385,1.0,293.4286676115504,0.008521288452974412,6.282701669994759,6.007195114376018,0.8045889765491308,0.5,0.058823529411764705,17,0.24333333333333335,73,4.6280505275323485,4.628050527532346,2.6645352591003757e-15,2.833213344056216,0.6162045992743446,0.6792507999139953,5.923505926720688,5.923505926720688,True,14.616897469712145,4.592599232479953,0.021898480206396145,1.0,117.58983310919922,0.006285970758767162,5.909032342808636,5.670890966072162,0.7838334121992415,0.9576032806985736,1.0,1,0.0,0,4.6280505275323485,4.628050527532346,2.6645352591003757e-15,2.833213344056216,0.6162045992743446,0.6792507999139953,5.923505926720688,5.923505926720688,True,14.616897469712145,4.592599232479953,0.021898480206396145,1.0,117.58983310919922,0.006285970758767162,5.909032342808636,5.670890966072162,0.7838334121992415,0.9576032806985736,1.0,1,0.0,0,4.673629054554473,4.660801631661048,0.012827422893424867,1.0821446744341645,0.651076884143309,0.5178879574539874,5.84259389615177,5.84259389615177,True,11.144506824080384,4.625037006391798,0.021904173732496538,1.0,131.9304965701144,0.006494662134778008,5.94789350615041,5.6782165264953415,0.7843138943438921,0.9576032806985736,0.2884831892605923,17,0.0,0,slsqp,True,0.006758166942745447,4.57554799424799,0.0,4.561692522125413,1.0,148.21493819783237,0.9995,106.20890623368491,0.00647183321416378,4.681060900489759,23.067011456082096,diagnostic_empirical_bayes,1.0,166.56866574942856,1.0,117.24561339893067,0.988,155.224331736449,0.053,8.105700233093197,0.973,138.63346004310634,4.999588552564559
fixed_pilot,9,0,2009,40,10,50,2000,5,17,0.02,0.5,0.05,24,-210.0,210.0,0.0025101248174905777,0.00397495785728097,True,-0.6084318668970196,9.95227771670556,10.560709583602579,10,1.0,5.132805827985236,4.97058082602104,0.1622250019641962,0.0,2.8200499525208813,3.052045405402758,11.004901185908876,9.95227771670556,False,2.189247072869438,4.878841907271075,0.02181400227780321,1.0,290.9614467384251,0.00955148908722523,5.758437812781012,5.758423699937454,1.257685848426342,0.5,0.058823529411764705,17,0.1,1,4.64719448446124,4.64719448446124,0.0,2.833213344056216,3.1368302128830576,4.002997662245981,11.787022359590278,9.95227771670556,False,2.8713697703389016,4.727469745186853,0.02643927248787102,0.8675,90.40173179936134,0.007525170936746259,5.888712076136221,5.866901559410891,1.4773866804377183,0.7384130729697496,1.0,1,0.0,0,4.647859226294864,4.645196063143342,0.002663163151521708,2.155134293639179,3.8044679838828928,3.052045405402758,11.504372615580515,9.95227771670556,False,2.189247072869438,4.667807021541683,0.024633343455220662,0.9275,96.10575372484041,0.007246016735480967,5.739839527048721,5.724149223738955,1.3863537493452935,0.7384130729697496,0.5865802918145118,2,0.0,0,4.876759996798963,4.790969642897245,0.08579035390171796,0.24864188871394857,2.9336241085836114,3.052045405402758,10.862429510785333,9.95227771670556,False,2.189247072869438,4.728489449767012,0.022420721225416256,1.0,189.24339832529188,0.008071569987078375,5.6629961601810175,5.658743752850718,1.2880154678409956,0.7384130729697496,0.12468112145898684,17,0.0,0,slsqp,True,0.0030352910980582237,4.589067746736132,0.0,4.575227173568515,1.0,157.79885379875844,1.0,113.07661610009292,0.0027703330852091312,4.897598903137341,12.270424891064353,diagnostic_empirical_bayes,1.0,188.49660501608813,1.0,130.1946525808326,0.9435,205.41503765150645,0.095,16.24219015884745,0.9715,138.07014233277692,4.981445391125139
fixed_pilot,9,0,2009,40,30,70,2000,5,17,0.02,0.5,0.05,24,-210.0,210.0,0.002608874812722206,0.004183666780591011,True,-0.6084318668970196,9.95227771670556,10.560709583602579,30,1.0,5.214578905279435,5.012350242633394,0.202228662646041,0.0,1.6393365012728687,1.7500821204015053,8.603997526953808,8.603997526953808,True,3.7660273525955645,4.878841907271075,0.02181400227780321,1.0,290.9614467384251,0.009437857108249296,5.888945972564149,5.883972466745274,0.8695109438024112,0.5,0.058823529411764705,17,0.3,9,4.718531085553092,4.718531085553092,0.0,2.833213344056216,1.8234855243177335,2.2953703848259877,8.837386994696814,8.837386994696814,True,4.93944115697226,4.581649879323997,0.02157772252538859,1.0,116.55213105197195,0.006870425908056264,5.580359924563201,5.576376617243952,0.8003611425747343,0.9576032806985736,1.0,1,0.0,0,4.719511662671808,4.71806922600672,0.0014424366650880316,2.2711515600548546,2.242399449949958,1.7500821204015053,8.711993233023271,8.711993233023271,True,3.7660273525955645,4.586436519025112,0.02187679123654831,1.0,113.67216766923174,0.006944502141551341,5.631037923844663,5.6284631332272115,0.8295992779503413,0.9576032806985736,0.7502486734230108,2,0.0,0,4.855196150234646,4.81268509068892,0.04251105954572676,0.49589372428528933,1.7710120516226335,1.7500821204015053,8.376290322258784,8.376290322258784,True,3.7660273525955645,4.675740582479106,0.021630920424076966,1.0,168.65127324149853,0.007598261565145219,5.6861311435741175,5.680952835775118,0.8188210788005276,0.9576032806985736,0.1615993349946084,17,0.0,0,slsqp,True,0.0054282499477267265,4.576578296519355,0.0,4.563031203281171,1.0,147.05619460805877,0.9865,105.37856557591076,0.005250792019069195,4.830508156492499,13.298780290135682,diagnostic_empirical_bayes,1.0,182.3973055323718,1.0,124.27512065417002,0.953,182.26678549487497,0.0965,15.233747299477876,0.9565,140.24201487725722,5.008961251499781
fixed_pilot,9,0,2009,40,100,140,2000,5,17,0.02,0.5,0.05,24,-210.0,210.0,0.0025335419923067093,0.004437541123479605,True,-0.6084318668970196,9.95227771670556,10.560709583602579,100,1.0,5.16869082484554,4.962858186245653,0.20583263859988676,0.0,0.9529704117486445,0.9031676528974735,7.024828889491658,7.024828889491658,True,6.4784656772012505,4.878841907271075,0.02181400227780321,1.0,290.9614467384251,0.008976765557942657,6.248577631274641,6.150581449019651,0.7913405928789955,0.5,0.058823529411764705,17,0.25,25,4.656963956817215,4.656963956817213,1.7763568394002505e-15,2.833213344056216,1.0600189464319854,1.1845754315334898,6.90155833478269,6.90155833478269,True,8.497017414901531,4.581649879323997,0.02157772252538859,1.0,116.55213105197195,0.00656140065795164,5.870692400501255,5.771284234157609,0.7675968934917655,0.9576032806985736,1.0,1,0.0,0,4.656963956817215,4.656963956817213,1.7763568394002505e-15,2.833213344056216,1.0600189464319854,1.1845754315334898,6.90155833478269,6.90155833478269,True,8.497017414901531,4.581649879323997,0.02157772252538859,1.0,116.55213105197195,0.00656140065795164,5.870692400501255,5.771284234157609,0.7675968934917655,0.9576032806985736,1.0,1,0.0,0,4.73820638095841,4.717557077287784,0.02064930367062523,0.774849189600122,1.0725742235473146,0.9031676528974735,6.713948257403198,6.713948257403198,True,6.4784656772012505,4.641812912772573,0.021378684816337933,1.0,149.02847514977586,0.006926786722194579,5.928758289737382,5.8343293440468385,0.7530080446536244,0.9576032806985736,0.21609483901979065,17,0.0,0,slsqp,True,0.0044157919473946095,4.563216825611423,0.0,4.54931001233495,1.0,151.35109805956753,1.0,108.45623779647435,0.00436912477016449,4.744068959498837,19.14707165070145,diagnostic_empirical_bayes,1.0,183.69027531982323,1.0,125.58571403145726,0.936,112.02627004716274,0.112,14.988725889438287,0.985,142.670674968816,4.984397809401471
fixed_pilot,9,0,2009,40,300,340,2000,5,17,0.02,0.5,0.05,24,-210.0,210.0,0.002598999999463558,0.004682166036218405,True,-0.6084318668970196,9.95227771670556,10.560709583602579,300,1.0,5.084147889181562,4.874027419291327,0.21012046989023503,0.0,0.5539757121025749,0.5178879574539874,6.156011558738124,6.156011558738124,True,11.144506824080384,4.878841907271075,0.02181400227780321,1.0,290.9614467384251,0.008641913605418047,6.283566697123435,6.264764661820069,1.0231984227047655,0.5,0.058823529411764705,17,0.23,69,4.578557371392446,4.578557371392446,0.0,2.833213344056216,0.6162045992743446,0.6792507999139953,5.874012770580785,5.874012770580785,True,14.616897469712145,4.581649879323997,0.02157772252538859,1.0,116.55213105197195,0.006379699459497494,5.910008274193527,5.889042317331216,0.9927239727132942,0.9576032806985736,1.0,1,0.0,0,4.578557371392446,4.578557371392446,0.0,2.833213344056216,0.6162045992743446,0.6792507999139953,5.874012770580785,5.874012770580785,True,14.616897469712145,4.581649879323997,0.02157772252538859,1.0,116.55213105197195,0.006379699459497494,5.910008274193527,5.889042317331216,0.9927239727132942,0.9576032806985736,1.0,1,0.0,0,4.624635611329394,4.611575104443,0.013060506886393597,1.0837064653139883,0.6512170241158064,0.5178879574539874,5.793740592899187,5.793740592899187,True,11.144506824080384,4.614730293532655,0.02149765854810981,1.0,132.24857209232442,0.006571456491979907,5.943498173661849,5.923044067100675,0.9850940999269039,0.9576032806985736,0.2905476701289202,17,0.0,0,slsqp,True,0.0053279586136341095,4.572304312987378,0.0,4.558383784950749,1.0,153.475283820504,1.0,109.97840181751988,0.005040833260864019,4.628377315930734,24.793133220594495,diagnostic_empirical_bayes,1.0,168.12225316454314,1.0,119.45673125355009,0.992,139.71846047633397,0.077,10.099617381793232,0.996,142.0353050441666,4.983697843749378
fixed_pilot,10,0,2010,40,10,50,2000,5,17,0.02,0.5,0.05,24,-210.0,210.0,0.0025684996508061886,0.00415645819157362,True,-0.6084318668970196,9.95227771670556,10.560709583602579,10,1.0,4.656711412312218,4.523392105384135,0.13331930692808314,0.0,2.8200499525208813,3.052045405402758,10.528806770235857,9.95227771670556,False,2.189247072869438,4.920610147462778,0.02076463985207991,1.0,296.2297131741629,0.00772627157525013,6.247021104681981,6.186329016595341,1.716312099975483,0.5,0.058823529411764705,17,0.0,0,4.183539266624675,4.183539266624675,0.0,2.833213344056216,3.1368302128830576,4.002997662245981,11.323367141753714,9.95227771670556,False,2.8713697703389016,4.762086990664743,0.025456791479551173,0.8745,92.04512855252713,0.0059978667606576394,6.136359520678529,6.068915218304084,1.9266480137840845,0.7384130729697496,1.0,1,0.0,0,4.184285912705672,4.182889865973924,0.0013960467317479797,2.2115866881998674,3.8302541983583094,3.052045405402758,11.06658551646674,9.95227771670556,False,2.189247072869438,4.716611687322071,0.023990354309950064,0.918,96.50922123690052,0.005839981466300717,6.0749734940509414,6.0088975226337995,1.8593186177473224,0.7384130729697496,0.6868133705044802,2,0.0,0,4.405119468056278,4.337808870521561,0.0673105975347168,0.242840437482845,2.930974133026718,3.052045405402758,10.388139006485755,9.95227771670556,False,2.189247072869438,4.7721877486388475,0.021465906646168945,1.0,192.45502266204159,0.006536078824008015,6.116523251358911,6.053911862098052,1.7581451280315001,0.7384130729697496,0.1218116719861151,17,0.0,0,slsqp,True,0.003895999863743782,4.643516409300807,0.0,4.629880948537706,1.0,167.09812061406438,1.0,119.7403503311901,0.0036736661568284035,4.793953715864994,12.27622136081859,diagnostic_empirical_bayes,1.0,199.9320269874779,1.0,138.06418647211635,0.961,209.63951144362807,0.105,16.854447725199133,0.9495,134.87425821449983,5.007561820578527
fixed_pilot,10,0,2010,40,30,70,2000,5,17,0.02,0.5,0.05,24,-210.0,210.0,0.0025375420227646828,0.004128291737288237,True,-0.6084318668970196,9.95227771670556,10.560709583602579,30,1.0,4.870631088471358,4.689197041037735,0.18143404743362268,0.0,1.6393365012728687,1.7500821204015053,8.260049710145731,8.260049710145731,True,3.7660273525955645,4.920610147462778,0.02076463985207991,1.0,296.2297131741629,0.0074631839894437535,6.247021104681981,6.224144491320866,1.0114881484593097,0.5,0.058823529411764705,17,0.1,3,4.396721491819644,4.396721491819644,0.0,2.833213344056216,1.8234855243177335,2.2953703848259877,8.515577400963366,8.515577400963366,True,4.93944115697226,4.647697970348607,0.02196707120454691,0.9665,104.52878314098402,0.005923800962031864,6.189299757863155,6.120555779425055,1.1141821052298286,0.8408964152537145,1.0,1,0.0,0,4.396721491819644,4.396721491819644,0.0,2.833213344056216,1.8234855243177335,2.2953703848259877,8.515577400963366,8.515577400963366,True,4.93944115697226,4.647697970348607,0.02196707120454691,0.9665,104.52878314098402,0.005923800962031864,6.189299757863155,6.120555779425055,1.1141821052298286,0.8408964152537145,1.0,1,0.0,0,4.547075565872878,4.48601158478777,0.06106398108510813,0.48526790114343105,1.7681905577387576,1.7500821204015053,8.06534824401314,8.06534824401314,True,3.7660273525955645,4.715332793843317,0.020893655921816794,1.0,163.7722067693906,0.006128528450629783,6.005883841610647,5.980351091765057,1.0213716304089842,0.8408964152537145,0.1683503781012111,17,0.0,0,slsqp,True,0.0033725001849234104,4.643687440135004,0.0,4.630270407962865,1.0,156.48994865182732,0.9975,112.13867161413536,0.0031288331374526024,4.7103142931582465,12.631635020696118,diagnostic_empirical_bayes,1.0,193.6704350279389,1.0,131.51148104260176,0.8575,161.3130904507621,0.0955,14.113386120585249,0.92,126.69538804622259,5.053215637507201
fixed_pilot,10,0,2010,40,100,140,2000,5,17,0.02,0.5,0.05,24,-210.0,210.0,0.0024815420620143414,0.004533125087618828,True,-0.6084318668970196,9.95227771670556,10.560709583602579,100,1.0,5.107161661830167,4.9030925298741685,0.20406913195599863,0.0,0.9529704117486445,0.9031676528974735,6.9632997264762855,6.9632997264762855,True,6.4784656772012505,4.920610147462778,0.02076463985207991,1.0,296.2297131741629,0.008247888112731121,6.247021104681981,6.168925079759555,0.6434761642866207,0.5,0.058823529411764705,17,0.19,19,4.620977697113243,4.620977697113243,0.0,2.833213344056216,1.0600189464319854,1.1845754315334898,6.865572075078718,6.865572075078718,True,8.497017414901531,4.622917853573114,0.020494799009026593,1.0,118.67170928243834,0.006219522801898996,5.869035146112969,5.789198162341883,0.642809111823392,0.9576032806985736,1.0,1,0.0,0,4.620977697113243,4.620977697113243,0.0,2.833213344056216,1.0600189464319854,1.1845754315334898,6.865572075078718,6.865572075078718,True,8.497017414901531,4.622917853573114,0.020494799009026593,1.0,118.67170928243834,0.006219522801898996,5.869035146112969,5.789198162341883,0.642809111823392,0.9576032806985736,1.0,1,0.0,0,4.7018749541019895,4.673536370475832,0.02833858362615782,0.806401391199114,1.0774445436464128,0.9031676528974735,6.682487150645876,6.682487150645876,True,6.4784656772012505,4.6776332456781216,0.020470987979386263,1.0,146.23855455189386,0.006534845595094919,5.9320626011665984,5.852641018718109,0.6372573526778343,0.9576032806985736,0.2225236590820408,17,0.0,0,slsqp,True,0.004991875030100346,4.614461330797372,0.0,4.600760402273139,1.0,146.99082880391518,0.9975,105.33172528674966,0.0050572920590639114,4.698230389240598,12.198981710028695,diagnostic_empirical_bayes,1.0,183.57044559621855,1.0,125.0866321652994,0.8745,148.19812050892355,0.07,11.012900028357178,0.993,135.6361403147921,5.005842257223904
fixed_pilot,10,0,2010,40,300,340,2000,5,17,0.02,0.5,0.05,24,-210.0,210.0,0.002494750078767538,0.004824458155781031,True,-0.6084318668970196,9.95227771670556,10.560709583602579,300,1.0,5.148076518867962,4.933797867847454,0.21427865102050792,0.0,0.5539757121025749,0.5178879574539874,6.219940188424523,6.219940188424523,True,11.144506824080384,4.920610147462778,0.02076463985207991,1.0,296.2297131741629,0.008315968858061615,6.260060241220083,6.041712946141609,0.590903630339219,0.5,0.058823529411764705,17,0.24,72,4.644713943115359,4.644713943115359,0.0,2.833213344056216,0.6162045992743446,0.6792507999139953,5.940169342303698,5.940169342303698,True,14.616897469712145,4.622917853573114,0.020494799009026593,1.0,118.67170928243834,0.006231984613289485,5.883872293385879,5.67957966278764,0.5915723248251205,0.9576032806985736,1.0,1,0.0,0,4.644713943115359,4.644713943115359,0.0,2.833213344056216,0.6162045992743446,0.6792507999139953,5.940169342303698,5.940169342303698,True,14.616897469712145,4.622917853573114,0.020494799009026593,1.0,118.67170928243834,0.006231984613289485,5.883872293385879,5.67957966278764,0.5915723248251205,0.9576032806985736,1.0,1,0.0,0,4.690755034675158,4.676560301604479,0.014194733070678645,1.0924734971962802,0.6520036925633818,0.5178879574539874,5.860646684692527,5.860646684692527,True,11.144506824080384,4.655490969563207,0.020432516065117198,1.0,134.08238996326057,0.00641235779574763,5.918383685844991,5.706556124346941,0.5854748139377578,0.9576032806985736,0.29298478847409093,17,0.0,0,slsqp,True,0.005669999867677689,4.605019070394639,0.0,4.591212571260775,1.0,148.65847536107395,0.9975,106.52673922376451,0.005736625287681818,4.671288099050559,21.32228598575423,diagnostic_empirical_bayes,1.0,167.93970621361908,1.0,118.33287267406699,0.9635,152.92528159528703,0.051,7.598691820838767,0.9775,134.2390911719629,5.002658475734424
fixed_pilot,11,0,2011,40,10,50,2000,5,17,0.02,0.5,0.05,24,-210.0,210.0,0.002718583680689335,0.004026458133012056,True,-0.6084318668970196,9.95227771670556,10.560709583602579,10,1.0,4.9391700104323135,4.706772208999562,0.2323978014327519,0.0,2.8200499525208813,3.052045405402758,10.811265368355953,9.95227771670556,False,2.189247072869438,4.8777438217107685,0.02193891430751868,1.0,293.5952720473754,0.006613584859563924,5.719071527662846,5.709657431051293,0.48025660643953716,0.5,0.058823529411764705,17,0.3,3,4.412320431081925,4.412320431081925,0.0,2.833213344056216,3.1368302128830576,4.002997662245981,11.552148306210963,9.95227771670556,False,2.8713697703389016,4.583358176310237,0.021645488455824577,1.0,117.65094673849063,0.004984286301199057,5.529520647403861,5.5043769870692145,0.5144245253519021,0.9576032806985736,1.0,1,0.0,0,4.412320431081925,4.412320431081925,0.0,2.833213344056216,3.1368302128830576,4.002997662245981,11.552148306210963,9.95227771670556,False,2.8713697703389016,4.583358176310237,0.021645488455824577,1.0,117.65094673849063,0.004984286301199057,5.529520647403861,5.5043769870692145,0.5144245253519021,0.9576032806985736,1.0,1,0.0,0,4.634024464209936,4.563846912023509,0.0701775521864274,0.26161829140507203,2.939551444448044,3.052045405402758,10.625621314060739,9.95227771670556,False,2.189247072869438,4.737580661631529,0.021321344733016716,1.0,217.6297999454388,0.005688457576544549,5.55075684950979,5.536221130547659,0.4841733886550907,0.9576032806985736,0.12415429814065407,17,0.0,0,slsqp,True,0.0026666666381061077,4.572490707343708,0.0,4.558501288140007,1.0,157.35131325571172,1.0,112.75591433986428,0.0025936667807400227,4.689782625037664,4.8811191197939365,diagnostic_empirical_bayes,1.0,194.53491205532538,1.0,134.30297941097456,0.9685,240.23588608025898,0.1105,18.27186219750765,0.977,131.4341596231965,4.971360513199106
fixed_pilot,11,0,2011,40,30,70,2000,5,17,0.02,0.5,0.05,24,-210.0,210.0,0.0024764579720795155,0.0039060418494045734,True,-0.6084318668970196,9.95227771670556,10.560709583602579,30,1.0,4.961789193087826,4.782720968806415,0.17906822428141123,0.0,1.6393365012728687,1.7500821204015053,8.3512078147622,8.3512078147622,True,3.7660273525955645,4.8777438217107685,0.02193891430751868,1.0,293.5952720473754,0.007350518122998955,5.881195847356613,5.834179794645421,0.7245918713999087,0.5,0.058823529411764705,17,0.13333333333333333,4,4.480055865107213,4.480055865107213,0.0,2.833213344056216,1.8234855243177335,2.2953703848259877,8.598911774250935,8.598911774250935,True,4.93944115697226,4.604653930288406,0.02313782355953614,0.97,103.63287292828318,0.005678103391296208,5.901562364817136,5.890790131291899,0.7936218542384517,0.8408964152537145,1.0,1,0.0,0,4.480055865107213,4.480055865107213,0.0,2.833213344056216,1.8234855243177335,2.2953703848259877,8.598911774250935,8.598911774250935,True,4.93944115697226,4.604653930288406,0.02313782355953614,0.97,103.63287292828318,0.005678103391296208,5.901562364817136,5.890790131291899,0.7936218542384517,0.8408964152537145,1.0,1,0.0,0,4.623378180937238,4.57503858908903,0.04833959184820813,0.48687334008405014,1.7686168528211637,1.7500821204015053,8.142077154159907,8.142077154159907,True,3.7660273525955645,4.674837205014476,0.021942548670148387,1.0,165.2405273110084,0.006001362348840932,5.7379347102255895,5.710440741047137,0.7308190735956962,0.8408964152537145,0.1642140954746499,17,0.0,0,slsqp,True,0.003469540737569332,4.565371227054238,0.0,4.551586611044291,1.0,144.45395280918018,0.9905,103.51383278598392,0.003210875205695629,4.7098150704798485,10.70568615736764,diagnostic_empirical_bayes,1.0,177.00094925068203,1.0,122.02819643344321,0.9645,207.0060568382131,0.092,15.449419564881685,0.9685,128.2152252240194,4.979454708923218
fixed_pilot,11,0,2011,40,100,140,2000,5,17,0.02,0.5,0.05,24,-210.0,210.0,0.002468166872859001,0.00444254232570529,True,-0.6084318668970196,9.95227771670556,10.560709583602579,100,1.0,5.145225491388345,4.952698645177171,0.192526846211174,0.0,0.9529704117486445,0.9031676528974735,7.001363556034463,7.001363556034463,True,6.4784656772012505,4.8777438217107685,0.02193891430751868,1.0,293.5952720473754,0.00854393635259343,6.203236206118319,5.9157380700187625,0.6873073166707144,0.5,0.058823529411764705,17,0.2,20,4.652416458399018,4.652416458399018,0.0,2.833213344056216,1.0600189464319854,1.1845754315334898,6.897010836364493,6.897010836364493,True,8.497017414901531,4.583358176310237,0.021645488455824577,1.0,117.65094673849063,0.006305054866392992,5.823643889332278,5.676100934966093,0.6735845841472851,0.9576032806985736,1.0,1,0.0,0,4.652416458399018,4.652416458399018,0.0,2.833213344056216,1.0600189464319854,1.1845754315334898,6.897010836364493,6.897010836364493,True,8.497017414901531,4.583358176310237,0.021645488455824577,1.0,117.65094673849063,0.006305054866392992,5.823643889332278,5.676100934966093,0.6735845841472851,0.9576032806985736,1.0,1,0.0,0,4.732855664885882,4.7092784001364825,0.023577264749399696,0.7821090698629553,1.0736948407774687,0.9031676528974735,6.7097181585608245,6.7097181585608245,True,6.4784656772012505,4.639342244593158,0.021669863553528144,1.0,145.1056442944116,0.006672914365247861,5.891663624847344,5.693376649819971,0.6743507960918455,0.9576032806985736,0.2165396438423606,17,0.0,0,slsqp,True,0.003531833179295063,4.558629544476214,0.0,4.544730185017203,1.0,144.3048604020523,0.9955,103.40699509687285,0.0034463326446712017,4.728341008633965,13.203729254773291,diagnostic_empirical_bayes,1.0,178.94030108632654,1.0,122.3470035528136,0.929,153.82165671295215,0.0735,11.774542678440062,0.9725,137.25247823206686,4.979156433328433
fixed_pilot,11,0,2011,40,300,340,2000,5,17,0.02,0.5,0.05,24,-210.0,210.0,0.002605666872113943,0.004830333404242992,True,-0.6084318668970196,9.95227771670556,10.560709583602579,300,1.0,5.102866367467305,4.895739748634908,0.20712661883239747,0.0,0.5539757121025749,0.5178879574539874,6.174730037023867,6.174730037023867,True,11.144506824080384,4.8777438217107685,0.02193891430751868,1.0,293.5952720473754,0.008422368320710598,6.294983377923716,6.0557303043041095,0.8166677878408025,0.5,0.058823529411764705,17,0.22333333333333333,67,4.606459077328994,4.6064590773289975,-3.552713678800501e-15,2.833213344056216,0.6162045992743446,0.6792507999139953,5.901914476517334,5.901914476517334,True,14.616897469712145,4.583358176310237,0.021645488455824577,1.0,117.65094673849063,0.0062980892867762536,5.921471053348661,5.681896384080096,0.8052519746141175,0.9576032806985736,1.0,1,0.0,0,4.606459077328994,4.6064590773289975,-3.552713678800501e-15,2.833213344056216,0.6162045992743446,0.6792507999139953,5.901914476517334,5.901914476517334,True,14.616897469712145,4.583358176310237,0.021645488455824577,1.0,117.65094673849063,0.0062980892867762536,5.921471053348661,5.681896384080096,0.8052519746141175,0.9576032806985736,1.0,1,0.0,0,4.6525773317593675,4.638235272722317,0.01434205903705088,1.0933924167869622,0.652086147498821,0.5178879574539874,5.822551436712176,5.822551436712176,True,11.144506824080384,4.615969516479915,0.021573461865821476,1.0,133.05509067606314,0.006471913071573841,5.954813624464454,5.718976981636587,0.7962920953663527,0.9576032806985736,0.2935064317292661,17,0.0,0,slsqp,True,0.004943917039781809,4.557843232601294,0.0,4.543835868587373,1.0,147.67789317365694,1.0,105.82406672081625,0.00462612509727478,4.640684859243713,20.895773647361654,diagnostic_empirical_bayes,1.0,171.74762950633473,1.0,120.2344318322899,0.9925,165.6167770548077,0.056,8.543660167239166,0.973,138.44672411137248,4.983865119768245
fixed_pilot,12,0,2012,40,10,50,2000,5,17,0.02,0.5,0.05,24,-210.0,210.0,0.0025650830939412117,0.004022624809294939,True,-0.6084318668970196,9.95227771670556,10.560709583602579,10,1.0,5.079873466109828,4.8399258463703045,0.2399476197395236,0.0,2.8200499525208813,3.052045405402758,10.951968824033468,9.95227771670556,False,2.189247072869438,4.860024925730988,0.02158952638199609,1.0,286.6836931209371,0.00681879735460658,5.6727794202127235,5.650634661677313,0.23815911388331662,0.5,0.058823529411764705,17,0.3,3,4.529063369009613,4.529063369009613,0.0,2.833213344056216,3.1368302128830576,4.002997662245981,11.668891244138653,9.95227771670556,False,2.8713697703389016,4.565325041670901,0.021353271079276915,1.0,114.7301046590757,0.005035511387909729,5.305283452519996,5.29071679034419,0.25881550631343575,0.9576032806985736,1.0,1,0.0,0,4.529063369009613,4.529063369009613,0.0,2.833213344056216,3.1368302128830576,4.002997662245981,11.668891244138653,9.95227771670556,False,2.8713697703389016,4.565325041670901,0.021353271079276915,1.0,114.7301046590757,0.005035511387909729,5.305283452519996,5.29071679034419,0.25881550631343575,0.9576032806985736,1.0,1,0.0,0,4.739449680872368,4.683592779582652,0.0558569012897161,0.27233568335260666,2.944446913799289,3.052045405402758,10.735942000074415,9.95227771670556,False,2.189247072869438,4.723832552994922,0.020910002177269568,1.0,216.59412637320855,0.0059288985131130244,5.438327442410702,5.429676106897881,0.2767731601449868,0.9576032806985736,0.12242091573843784,17,0.0,0,slsqp,True,0.002641709055751562,4.56171623928842,0.0,4.547630512912219,1.0,156.5088184327083,1.0,112.15219345486621,0.002387958113104105,4.694781102054121,4.065037155077928,diagnostic_empirical_bayes,1.0,191.87369297537685,1.0,132.77333377390377,0.9545,229.6588122551189,0.0885,15.463134416315631,0.978,129.77455860048005,4.9522617257827175
fixed_pilot,12,0,2012,40,30,70,2000,5,17,0.02,0.5,0.05,24,-210.0,210.0,0.0025255829095840454,0.003975790925323963,True,-0.6084318668970196,9.95227771670556,10.560709583602579,30,1.0,5.4695619776828694,5.193069924324308,0.2764920533585613,0.0,1.6393365012728687,1.7500821204015053,8.858980599357244,8.858980599357244,True,3.7660273525955645,4.860024925730988,0.02158952638199609,1.0,286.6836931209371,0.010048012262258646,6.268748787056884,6.158148759006039,0.3444482560583341,0.5,0.058823529411764705,17,0.36666666666666664,11,4.882884271151991,4.882884271151991,0.0,2.833213344056216,1.8234855243177335,2.2953703848259877,9.001740180295712,9.001740180295712,True,4.93944115697226,4.589143246128423,0.020627842435372964,1.0,130.21913644773537,0.007259084699634342,5.86548385095864,5.771015332880336,0.31987607373873955,1.0905077326652575,1.0,1,0.0,0,4.882884271151991,4.882884271151991,0.0,2.833213344056216,1.8234855243177335,2.2953703848259877,9.001740180295712,9.001740180295712,True,4.93944115697226,4.589143246128423,0.020627842435372964,1.0,130.21913644773537,0.007259084699634342,5.86548385095864,5.771015332880336,0.31987607373873955,1.0905077326652575,1.0,1,0.0,0,5.01855634482274,4.986253582132737,0.032302762690003206,0.491617861419582,1.7698766740840821,1.7500821204015053,8.538515139308327,8.538515139308327,True,3.7660273525955645,4.694820262650677,0.020613304686066848,1.0,192.33007273649545,0.008037403324974563,5.976245216300214,5.881608170918291,0.3159669649914156,1.0905077326652575,0.16030921385312633,17,0.0,0,slsqp,True,0.0027692499570548534,4.576252414259515,0.0,4.562266646823626,1.0,170.7115124475714,1.0,122.3296601477098,0.002625084016472101,4.833154343672725,5.4855010101868045,diagnostic_empirical_bayes,1.0,200.87307878953501,1.0,141.13296580823226,0.922,268.28355772956104,0.0865,14.814432795297504,0.99,146.53815476177888,4.966374781545587
fixed_pilot,12,0,2012,40,100,140,2000,5,17,0.02,0.5,0.05,24,-210.0,210.0,0.002504332922399044,0.004421666730195284,True,-0.6084318668970196,9.95227771670556,10.560709583602579,100,1.0,5.114961851032866,4.895289159825719,0.21967269120714672,0.0,0.9529704117486445,0.9031676528974735,6.971099915678984,6.971099915678984,True,6.4784656772012505,4.860024925730988,0.02158952638199609,1.0,286.6836931209371,0.008674558479887297,6.268748787056884,6.0925373327268755,1.0136787819966844,0.5,0.058823529411764705,17,0.29,29,4.596321648194866,4.596321648194865,8.881784197001252e-16,2.833213344056216,1.0600189464319854,1.1845754315334898,6.8409160261603414,6.8409160261603414,True,8.497017414901531,4.565325041670901,0.021353271079276915,1.0,114.7301046590757,0.0064357082735438335,5.8934416818351965,5.716382087252804,1.0003198547391206,0.9576032806985736,1.0,1,0.0,0,4.596321648194866,4.596321648194865,8.881784197001252e-16,2.833213344056216,1.0600189464319854,1.1845754315334898,6.8409160261603414,6.8409160261603414,True,8.497017414901531,4.565325041670901,0.021353271079276915,1.0,114.7301046590757,0.0064357082735438335,5.8934416818351965,5.716382087252804,1.0003198547391206,0.9576032806985736,1.0,1,0.0,0,4.676280574170304,4.655208082421027,0.021072491749277056,0.7784570683934411,1.0731311268285986,0.9031676528974735,6.6525793538963764,6.6525793538963764,True,6.4784656772012505,4.629654856337671,0.020997333497708486,1.0,150.3953885995349,0.006728843495058622,5.941835305511263,5.781647111950649,0.9641601219092167,0.9576032806985736,0.21508002342127838,17,0.0,0,slsqp,True,0.005140833090990782,4.551778524049094,0.0,4.537680261680938,1.0,150.7719092279544,1.0,108.04119857670092,0.0049468339420855045,4.717357070393851,16.218622203887065,diagnostic_empirical_bayes,1.0,180.9890231793446,1.0,124.41514453458139,0.9545,187.4661149402078,0.069,11.426266470938884,0.984,143.48857855444888,4.961482439747959
fixed_pilot,12,0,2012,40,300,340,2000,5,17,0.02,0.5,0.05,24,-210.0,210.0,0.0024968748912215233,0.005007458850741386,True,-0.6084318668970196,9.95227771670556,10.560709583602579,300,1.0,5.073231652052092,4.868861947418747,0.20436970463334525,0.0,0.5539757121025749,0.5178879574539874,6.145095321608654,6.145095321608654,True,11.144506824080384,4.860024925730988,0.02158952638199609,1.0,286.6836931209371,0.008496662746066353,6.278098764004235,6.158186972589948,0.9990808708592263,0.5,0.058823529411764705,17,0.23,69,4.569493189055223,4.569493189055226,-3.552713678800501e-15,2.833213344056216,0.6162045992743446,0.6792507999139953,5.864948588243562,5.864948588243562,True,14.616897469712145,4.565325041670901,0.021353271079276915,1.0,114.7301046590757,0.006293880908838023,5.902676537668656,5.778663358570014,0.9881104201907687,0.9576032806985736,1.0,1,0.0,0,4.569493189055223,4.569493189055226,-3.552713678800501e-15,2.833213344056216,0.6162045992743446,0.6792507999139953,5.864948588243562,5.864948588243562,True,14.616897469712145,4.565325041670901,0.021353271079276915,1.0,114.7301046590757,0.006293880908838023,5.902676537668656,5.778663358570014,0.9881104201907687,0.9576032806985736,1.0,1,0.0,0,4.615629083657416,4.603241232755439,0.012387850901977693,1.078551970034614,0.6507545096806018,0.5178879574539874,5.784271550792005,5.784271550792005,True,11.144506824080384,4.599822665505092,0.021189260175543095,1.0,131.89786876421056,0.00646635362636658,5.932543099035125,5.813564031504167,0.9726315825682881,0.9576032806985736,0.2892396829592992,17,0.0,0,slsqp,True,0.006303916219621897,4.548808070258146,0.0,4.534669277641414,1.0,148.66790178414095,1.0,106.53349407651969,0.006059958133846521,4.632553394593876,24.41295575471355,diagnostic_empirical_bayes,1.0,167.23288424067974,1.0,117.87105539599234,0.9635,141.93658795403718,0.052,7.932622409521808,0.9865,142.24502474957913,4.964667243251717
fixed_pilot,13,0,2013,40,10,50,2000,5,17,0.02,0.5,0.05,24,-210.0,210.0,0.0025230408646166325,0.004104791674762964,True,-0.6084318668970196,9.95227771670556,10.560709583602579,10,1.0,5.236200996834013,4.940487794319894,0.2957132025141185,0.0,2.8200499525208813,3.052045405402758,11.108296354757652,9.95227771670556,False,2.189247072869438,4.878111640177338,0.022321604989947886,1.0,295.68458249657397,0.007387654430986048,5.6559011748512145,5.6540826551040935,0.20265654539031278,0.5,0.058823529411764705,17,0.5,5,4.630853392476091,4.630853392476091,0.0,2.833213344056216,3.1368302128830576,4.002997662245981,11.77068126760513,9.95227771670556,False,2.8713697703389016,4.606596126953429,0.021280275311439965,1.0,134.5035407941539,0.005371669824464686,5.244736126991352,5.242400715516695,0.18890864701255158,1.0905077326652575,1.0,1,0.0,0,4.631290967326017,4.630409908003352,0.0008810593226655783,2.1966811373993913,3.8234456699901793,3.052045405402758,11.506782042718955,9.95227771670556,False,2.189247072869438,4.596589443149875,0.02149637655232814,1.0,129.9476968672504,0.005363390690570201,5.256832339020433,5.2550618876358035,0.18601985880322222,1.0905077326652575,0.6666406406125358,2,0.0,0,4.832843888213418,4.782348903445615,0.0504949847678029,0.27769885001839123,2.9468966905888747,3.052045405402758,10.831785984205052,9.95227771670556,False,2.189247072869438,4.748320475059058,0.021468098726631173,1.0,227.59815295791802,0.006250353981802159,5.416432199716954,5.414362639046327,0.18813010897019908,1.0905077326652575,0.12083764726402255,17,0.0,0,slsqp,True,0.002505708020180464,4.58799078588008,0.0,4.574151100434316,1.0,163.54641273986508,1.0,117.19524244147946,0.002263832837343216,4.723619237813723,4.424774684663137,diagnostic_empirical_bayes,1.0,200.61041884432703,1.0,138.9580741019281,0.9175,255.53182678461488,0.1065,18.433447203062205,0.9775,131.99928891632294,4.985236571877926
fixed_pilot,13,0,2013,40,30,70,2000,5,17,0.02,0.5,0.05,24,-210.0,210.0,0.002494791056960821,0.003978000022470951,True,-0.6084318668970196,9.95227771670556,10.560709583602579,30,1.0,5.0379271895753295,4.801438932289093,0.23648825728623635,0.0,1.6393365012728687,1.7500821204015053,8.427345811249703,8.427345811249703,True,3.7660273525955645,4.878111640177338,0.022321604989947886,1.0,295.68458249657397,0.008457316300926884,5.903491407289046,5.901285315668947,1.292129465038243,0.5,0.058823529411764705,17,0.36666666666666664,11,4.49462335752028,4.49462335752028,0.0,2.833213344056216,1.8234855243177335,2.2953703848259877,8.613479266664001,8.613479266664001,True,4.93944115697226,4.579496120712478,0.021982853185822535,1.0,118.51571656194042,0.006115993626059901,5.636832917713855,5.624638745952488,1.217835771996239,0.9576032806985736,1.0,1,0.0,0,4.49462335752028,4.49462335752028,0.0,2.833213344056216,1.8234855243177335,2.2953703848259877,8.613479266664001,8.613479266664001,True,4.93944115697226,4.579496120712478,0.021982853185822535,1.0,118.51571656194042,0.006115993626059901,5.636832917713855,5.624638745952488,1.217835771996239,0.9576032806985736,1.0,1,0.0,0,4.632192120586693,4.597967020425184,0.03422510016150948,0.4840251175147211,1.7678605591720045,1.7500821204015053,8.150134800160203,8.150134800160203,True,3.7660273525955645,4.686766813792108,0.021670595782618596,1.0,183.30213119465938,0.006707113319049298,5.664593278445465,5.6577893234800145,1.1835948206193032,0.9576032806985736,0.16023712943089663,17,0.0,0,slsqp,True,0.003416583873331547,4.575358228743423,0.0,4.561530802197987,1.0,163.04516430439242,1.0,116.83605430072785,0.0032273330725729465,4.763076181903561,14.164835482144731,diagnostic_empirical_bayes,1.0,187.69112126165288,1.0,131.9352058450452,0.963,250.07662175682879,0.0895,16.402493688877154,0.9565,136.21862154223152,5.013609463450182
fixed_pilot,13,0,2013,40,100,140,2000,5,17,0.02,0.5,0.05,24,-210.0,210.0,0.0026454590260982513,0.004081792198121548,True,-0.6084318668970196,9.95227771670556,10.560709583602579,100,1.0,4.99371494673562,4.7790356645255505,0.21467928221006982,0.0,0.9529704117486445,0.9031676528974735,6.849853011381739,6.849853011381739,True,6.4784656772012505,4.878111640177338,0.022321604989947886,1.0,295.68458249657397,0.008203391153124791,6.166170586846,6.119841408156657,1.2376617895213504,0.5,0.058823529411764705,17,0.27,27,4.4903249781790615,4.49032497817906,1.7763568394002505e-15,2.833213344056216,1.0600189464319854,1.1845754315334898,6.734919356144537,6.734919356144537,True,8.497017414901531,4.579496120712478,0.021982853185822535,1.0,118.51571656194042,0.006108299517787549,5.786276033167487,5.741349728946088,1.209078542953589,0.9576032806985736,1.0,1,0.0,0,4.4903249781790615,4.49032497817906,1.7763568394002505e-15,2.833213344056216,1.0600189464319854,1.1845754315334898,6.734919356144537,6.734919356144537,True,8.497017414901531,4.579496120712478,0.021982853185822535,1.0,118.51571656194042,0.006108299517787549,5.786276033167487,5.741349728946088,1.209078542953589,0.9576032806985736,1.0,1,0.0,0,4.571411111275795,4.5465747466804505,0.024836364595344662,0.7940969244256841,1.0755452564715604,0.9031676528974735,6.550124020644829,6.550124020644829,True,6.4784656772012505,4.6369285034154455,0.021908440680548414,1.0,148.0282301103717,0.00643176405993584,5.8490718526903365,5.804931324539702,1.198997319432132,0.9576032806985736,0.22007152111904954,17,0.0,0,slsqp,True,0.005016957875341177,4.564932565645691,0.0,4.55101638875672,1.0,149.71465587182874,1.0,107.28358450667972,0.004924041219055653,4.644124932620805,16.741089688051066,diagnostic_empirical_bayes,1.0,178.4131414140045,1.0,123.93387338092143,0.9035,179.91138304459176,0.0735,11.799446128107983,0.973,137.0203535598975,4.994565331593432
fixed_pilot,13,0,2013,40,300,340,2000,5,17,0.02,0.5,0.05,24,-210.0,210.0,0.002570000011473894,0.004575749859213829,True,-0.6084318668970196,9.95227771670556,10.560709583602579,300,1.0,5.07132754073794,4.867032168052279,0.20429537268566111,0.0,0.5539757121025749,0.5178879574539874,6.143191210294502,6.143191210294502,True,11.144506824080384,4.878111640177338,0.022321604989947886,1.0,295.68458249657397,0.008420665790022566,6.166170586846,6.055610981770866,0.9974328930396112,0.5,0.058823529411764705,17,0.24333333333333335,73,4.5692370761646615,4.569237076164658,3.552713678800501e-15,2.833213344056216,0.6162045992743446,0.6792507999139953,5.864692475353001,5.864692475353001,True,14.616897469712145,4.579496120712478,0.021982853185822535,1.0,118.51571656194042,0.0062375483023535995,5.7862760331674865,5.68177096251767,0.978155739801741,0.9576032806985736,1.0,1,0.0,0,4.5692370761646615,4.569237076164658,3.552713678800501e-15,2.833213344056216,0.6162045992743446,0.6792507999139953,5.864692475353001,5.864692475353001,True,14.616897469712145,4.579496120712478,0.021982853185822535,1.0,118.51571656194042,0.0062375483023535995,5.7862760331674865,5.68177096251767,0.978155739801741,0.9576032806985736,1.0,1,0.0,0,4.615367288439234,4.602486588875156,0.012880699564078668,1.0815502573407105,0.6510235469160242,0.5178879574539874,5.784278792809245,5.784278792809245,True,11.144506824080384,4.613370260159236,0.02191419832288343,1.0,134.4859161819564,0.0064224352986156025,5.822583985773528,5.719638419730951,0.9696882796710184,0.9576032806985736,0.29008983699721136,17,0.0,0,slsqp,True,0.006576749961823225,4.559713432035034,0.0,4.5458886481248575,1.0,147.48955592628178,0.997,105.68910668716512,0.006785999983549118,4.6086631837164145,23.027189596051116,diagnostic_empirical_bayes,1.0,168.86725946042083,1.0,118.98964038303525,0.9695,171.15957728702,0.0535,8.4410453975514,0.9575,137.02612141153617,5.021862498106488
fixed_pilot,14,0,2014,40,10,50,2000,5,17,0.02,0.5,0.05,24,-210.0,210.0,0.002623958047479391,0.004126042127609253,True,-0.6084318668970196,9.95227771670556,10.560709583602579,10,1.0,5.102931472412937,4.957754649397815,0.14517682301512203,0.0,2.8200499525208813,3.052045405402758,10.975026830336576,9.95227771670556,False,2.189247072869438,4.856076424275613,0.021668233232173276,1.0,287.72218109221075,0.007610900987713533,6.00580126110462,5.9405043675300995,0.20470713341904712,0.5,0.058823529411764705,17,0.1,1,4.609552527460627,4.609552527460627,0.0,2.833213344056216,3.1368302128830576,4.002997662245981,11.749380402589665,9.95227771670556,False,2.8713697703389016,4.687967720909514,0.026372309702195354,0.8845,89.32605329830382,0.005596122489767825,5.730781591962975,5.693403005992327,0.2769323619015539,0.7384130729697496,1.0,1,0.0,0,4.609552527460627,4.609552527460627,0.0,2.833213344056216,3.1368302128830576,4.002997662245981,11.749380402589665,9.95227771670556,False,2.8713697703389016,4.687967720909514,0.026372309702195354,0.8845,89.32605329830382,0.005596122489767825,5.730781591962975,5.693403005992327,0.2769323619015539,0.7384130729697496,1.0,1,0.0,0,4.841133354250041,4.7624797212275976,0.07865363302244344,0.2516028771601433,2.9349766231000807,3.052045405402758,10.828155382752879,9.95227771670556,False,2.189247072869438,4.706292514702128,0.022577691237173403,1.0,182.75011561959724,0.0063298227735443776,5.837305626492982,5.78070227090902,0.2243043416530734,0.7384130729697496,0.12560379383460732,17,0.0,0,slsqp,True,0.0026907911524176598,4.560904566380875,0.0,4.546947412066847,1.0,150.4751110359424,1.0,107.82851683403034,0.0023974166251719,4.735818116658427,4.528587335491809,diagnostic_empirical_bayes,1.0,181.44598182372633,1.0,126.92737871962201,0.9385,230.4146709265424,0.1005,15.903727930952897,0.9585,131.47131654092226,4.951504890228104
fixed_pilot,14,0,2014,40,30,70,2000,5,17,0.02,0.5,0.05,24,-210.0,210.0,0.002514166757464409,0.00407795887440443,True,-0.6084318668970196,9.95227771670556,10.560709583602579,30,1.0,5.04502446207033,4.849020198633891,0.19600426343643917,0.0,1.6393365012728687,1.7500821204015053,8.434443083744704,8.434443083744704,True,3.7660273525955645,4.856076424275613,0.021668233232173276,1.0,287.72218109221075,0.007997528870777032,6.00580126110462,5.977106839868828,0.8390640799341468,0.5,0.058823529411764705,17,0.2,6,4.550847050283689,4.55084705028369,-8.881784197001252e-16,2.833213344056216,1.8234855243177335,2.2953703848259877,8.669702959427411,8.669702959427411,True,4.93944115697226,4.5807183148272035,0.02287943256233944,0.966,101.44578560443804,0.006090640647917942,5.917600629046061,5.841132622086612,0.8858003756224576,0.8408964152537145,1.0,1,0.0,0,4.551722091280815,4.550295092495036,0.001426998785778899,2.2482543368475176,2.236319509189157,1.7500821204015053,8.538123720871477,8.538123720871477,True,3.7660273525955645,4.573071868132849,0.022410337566119213,0.9875,105.71734131234919,0.006015482359041913,5.834676871258491,5.780942906782328,0.8618450682882414,0.8408964152537145,0.7282831330413246,2,0.0,0,4.6883952959581645,4.64475660213495,0.0436386938232145,0.4935796665388916,1.7703975957173137,1.7500821204015053,8.208875012076984,8.208875012076984,True,3.7660273525955645,4.652705544440558,0.021595864403332905,1.0,164.0009289443953,0.00649262577576507,5.7584099589770465,5.75516354860695,0.8248824514891983,0.8408964152537145,0.1617629605107699,17,0.0,0,slsqp,True,0.002734957728534937,4.545025070616908,0.0,4.530891908717501,1.0,150.23610398047347,1.0,107.65724747176398,0.002320542000234127,4.713486490944792,7.664947169040909,diagnostic_empirical_bayes,1.0,178.19395354662987,1.0,124.28098577117137,0.963,226.17218296851615,0.0905,13.509286491466588,0.9615,131.3627852248349,4.953291241153936
fixed_pilot,14,0,2014,40,100,140,2000,5,17,0.02,0.5,0.05,24,-210.0,210.0,0.002452374901622534,0.00448395824059844,True,-0.6084318668970196,9.95227771670556,10.560709583602579,100,1.0,5.035051030626525,4.820055794190324,0.21499523643620044,0.0,0.9529704117486445,0.9031676528974735,6.891189095272643,6.891189095272643,True,6.4784656772012505,4.856076424275613,0.021668233232173276,1.0,287.72218109221075,0.008396589776135988,6.081951983382725,6.0384795437393946,1.1829158674676228,0.5,0.058823529411764705,17,0.25,25,4.536782636179706,4.536782636179706,0.0,2.833213344056216,1.0600189464319854,1.1845754315334898,6.781377014145181,6.781377014145181,True,8.497017414901531,4.560745000406607,0.021412777594925984,1.0,115.17699562071616,0.0062623847982764816,5.706469574154481,5.674788100064312,1.149806698618833,0.9576032806985736,1.0,1,0.0,0,4.536782636179706,4.536782636179706,0.0,2.833213344056216,1.0600189464319854,1.1845754315334898,6.781377014145181,6.781377014145181,True,8.497017414901531,4.560745000406607,0.021412777594925984,1.0,115.17699562071616,0.0062623847982764816,5.706469574154481,5.674788100064312,1.149806698618833,0.9576032806985736,1.0,1,0.0,0,4.616615923289034,4.589941133104317,0.026674790184716635,0.7993771871929977,1.076360304822576,0.9031676528974735,6.596143881009084,6.596143881009084,True,6.4784656772012505,4.615206032747628,0.021441613572164713,1.0,141.221413281266,0.0066125342390088385,5.771320208163065,5.731122160170558,1.1545473152416328,0.9576032806985736,0.2194482260656748,17,0.0,0,slsqp,True,0.006085666827857494,4.547964616796153,0.0,4.533924991104359,1.0,144.38347842361057,1.0,103.46333175349794,0.005979249719530344,4.673755787631633,16.93433686385416,diagnostic_empirical_bayes,1.0,172.17031379091543,1.0,118.16948580337476,0.9755,177.59919381824972,0.0725,10.51800428361441,0.985,136.74091012141952,4.963728903232839
fixed_pilot,14,0,2014,40,300,340,2000,5,17,0.02,0.5,0.05,24,-210.0,210.0,0.0024707908742129803,0.004586166702210903,True,-0.6084318668970196,9.95227771670556,10.560709583602579,300,1.0,5.0801144105012925,4.863663635854744,0.21645077464654872,0.0,0.5539757121025749,0.5178879574539874,6.151978080057854,6.151978080057854,True,11.144506824080384,4.856076424275613,0.021668233232173276,1.0,287.72218109221075,0.00854812419276948,6.235116089503796,6.082687500538307,1.0394910144271217,0.5,0.058823529411764705,17,0.27666666666666667,83,4.567927175830661,4.567927175830666,-4.440892098500626e-15,2.833213344056216,0.6162045992743446,0.6792507999139953,5.863382575019001,5.863382575019001,True,14.616897469712145,4.560745000406607,0.021412777594925984,1.0,115.17699562071616,0.006310082624425071,5.856953599693976,5.707165107040754,1.0123682694177252,0.9576032806985736,1.0,1,0.0,0,4.567927175830661,4.567927175830666,-4.440892098500626e-15,2.833213344056216,0.6162045992743446,0.6792507999139953,5.863382575019001,5.863382575019001,True,14.616897469712145,4.560745000406607,0.021412777594925984,1.0,115.17699562071616,0.006310082624425071,5.856953599693976,5.707165107040754,1.0123682694177252,0.9576032806985736,1.0,1,0.0,0,4.614074573658122,4.601317979302747,0.012756594355375128,1.0796657218019121,0.6508544469667356,0.5178879574539874,5.782816978078845,5.782816978078845,True,11.144506824080384,4.594393080693675,0.021328917011436927,1.0,130.8364396544096,0.006505548337261066,5.891891317335617,5.744913572907128,1.0056826564694854,0.9576032806985736,0.28959912721000525,17,0.0,0,slsqp,True,0.0065154158510267735,4.546817083080883,0.0,4.532706902781956,1.0,148.4614484354168,1.0,106.3855522791348,0.006542874965816736,4.630213185913518,24.766438808756522,diagnostic_empirical_bayes,1.0,166.58351722592826,1.0,117.67237823109951,0.982,132.90016524315834,0.059,7.73754597718067,0.9875,141.0968212871495,4.96394244265283
fixed_pilot,15,0,2015,40,10,50,2000,5,17,0.02,0.5,0.05,24,-210.0,210.0,0.002621833235025406,0.005303042009472847,True,-0.6084318668970196,9.95227771670556,10.560709583602579,10,1.0,4.894797850558337,4.677275983679108,0.21752186687922936,0.0,2.8200499525208813,3.052045405402758,10.766893208481976,9.95227771670556,False,2.189247072869438,4.862737041058543,0.022253535619221304,1.0,291.3722704115126,0.007467246092529516,5.8916337171511906,5.877901935835125,1.1274880470775148,0.5,0.058823529411764705,17,0.2,2,4.435812984249959,4.435812984249959,0.0,2.833213344056216,3.1368302128830576,4.002997662245981,11.575640859378998,9.95227771670556,False,2.8713697703389016,4.566579293285149,0.02194583520455539,1.0,116.70523708959966,0.00602573841887728,5.667290903425862,5.662993085568589,1.1952167659841375,0.9576032806985736,1.0,1,0.0,0,4.524872076607031,4.432148895795972,0.0927231808110589,2.4573615634189614,3.9425187655992087,3.052045405402758,11.519436247608997,9.95227771670556,False,2.189247072869438,4.6048274074825795,0.022801131704530353,1.0,114.82886454321056,0.006234055759321687,5.798326369369474,5.794036758246455,1.2512559796719112,0.9576032806985736,0.8754714315987284,2,0.0,0,4.680368697658833,4.556426841264392,0.123941856394441,0.2168536433793156,2.9191039359961617,3.052045405402758,10.651518039057752,9.95227771670556,False,2.189247072869438,4.715436588791903,0.022058209502922168,1.0,205.93775814545043,0.0066801501193955145,5.754588916658805,5.747851021137213,1.1537484861808642,0.9576032806985736,0.1248094854230033,17,0.0,0,slsqp,True,0.0032665422186255455,4.556571498261242,0.0,4.54248760140627,1.0,153.57830275748827,1.0,110.05222385429633,0.003069958183914423,4.7432113499483375,7.389093893303541,diagnostic_empirical_bayes,1.0,196.40537026595322,1.0,134.0191409489067,0.92,201.79715984062528,0.1035,16.53383048750426,0.9705,131.45906772111456,4.97130658296018
fixed_pilot,15,0,2015,40,30,70,2000,5,17,0.02,0.5,0.05,24,-210.0,210.0,0.0025171670131385326,0.004254832863807678,True,-0.6084318668970196,9.95227771670556,10.560709583602579,30,1.0,5.045570744321845,4.8727301513051815,0.1728405930166632,0.0,1.6393365012728687,1.7500821204015053,8.434989365996218,8.434989365996218,True,3.7660273525955645,4.862737041058543,0.022253535619221304,1.0,291.3722704115126,0.008472173014301358,6.219632388365477,6.1245127737133345,0.9826544403217851,0.5,0.058823529411764705,17,0.16666666666666666,5,4.576645909246818,4.576645909246818,0.0,2.833213344056216,1.8234855243177335,2.2953703848259877,8.69550181839054,8.69550181839054,True,4.93944115697226,4.566579293285149,0.02194583520455539,1.0,116.70523708959966,0.006270666485800615,5.840318208055188,5.790140289712683,0.962616762846276,0.9576032806985736,1.0,1,0.0,0,4.5777228174470395,4.575643200614801,0.0020796168322387842,2.186024189566546,2.219795426527335,1.7500821204015053,8.54760036437588,8.54760036437588,True,3.7660273525955645,4.571025451199075,0.02238635010903984,1.0,112.54671886252885,0.006378991049147831,5.865697244601474,5.8521300968448395,1.0023623455238175,0.9576032806985736,0.6504153296819837,2,0.0,0,4.718272990397022,4.6695766826179,0.04869630777912182,0.4758364808540141,1.7656862157873066,1.7500821204015053,8.234041326585833,8.234041326585833,True,3.7660273525955645,4.661131218025881,0.022072749815721573,1.0,168.1438875165955,0.0068969135074197436,5.960317229438591,5.8917451020578255,0.9711248542491097,0.9576032806985736,0.16137807068772744,17,0.0,0,slsqp,True,0.004135290626436472,4.5669083150859695,0.0,4.552974748939063,1.0,149.29063047924532,0.9945,106.97973339889543,0.003915916197001934,4.748580286025529,10.483874409202015,diagnostic_empirical_bayes,1.0,186.7457362608903,1.0,127.63012458293149,0.9,186.4195934873121,0.0985,14.997170447181347,0.975,136.70945802194998,4.975155819791164
fixed_pilot,15,0,2015,40,100,140,2000,5,17,0.02,0.5,0.05,24,-210.0,210.0,0.0025508329272270203,0.004668542183935642,True,-0.6084318668970196,9.95227771670556,10.560709583602579,100,1.0,5.088449035035159,4.895183286448913,0.19326574858624657,0.0,0.9529704117486445,0.9031676528974735,6.944587099681278,6.944587099681278,True,6.4784656772012505,4.862737041058543,0.022253535619221304,1.0,291.3722704115126,0.008270126531930499,6.219632388365477,5.8949137038633355,0.7447694035560599,0.5,0.058823529411764705,17,0.21,21,4.595283403250145,4.595283403250145,0.0,2.833213344056216,1.0600189464319854,1.1845754315334898,6.83987778121562,6.83987778121562,True,8.497017414901531,4.566579293285149,0.02194583520455539,1.0,116.70523708959966,0.006084105317638078,5.840318208055188,5.669021176472156,0.7209633268379565,0.9576032806985736,1.0,1,0.0,0,4.595283403250145,4.595283403250145,0.0,2.833213344056216,1.0600189464319854,1.1845754315334898,6.83987778121562,6.83987778121562,True,8.497017414901531,4.566579293285149,0.02194583520455539,1.0,116.70523708959966,0.006084105317638078,5.840318208055188,5.669021176472156,0.7209633268379565,0.9576032806985736,1.0,1,0.0,0,4.675809106703669,4.652133703598978,0.02367540310469085,0.7842902297964064,1.074031519250757,0.9031676528974735,6.6530082788519,6.6530082788519,True,6.4784656772012505,4.622984679282206,0.021958070726390787,1.0,144.24549616385312,0.0064374766541546126,5.907305051310561,5.674269061008551,0.7215548753536491,0.9576032806985736,0.2171341077417073,17,0.0,0,slsqp,True,0.00414870772510767,4.56467629623623,0.0,4.551000219340669,1.0,147.22990880913494,0.99,105.50304692386321,0.004082416649907827,4.687453085385797,12.270770726112588,diagnostic_empirical_bayes,1.0,181.4858582973525,1.0,123.9758555454592,0.8855,170.6859739520187,0.081,11.608532585743763,0.9785,136.047946462769,4.977126438666348
fixed_pilot,15,0,2015,40,300,340,2000,5,17,0.02,0.5,0.05,24,-210.0,210.0,0.002606082707643509,0.005045542027801275,True,-0.6084318668970196,9.95227771670556,10.560709583602579,300,1.0,5.0876343121171175,4.88488896762469,0.20274534449242765,0.0,0.5539757121025749,0.5178879574539874,6.159497981673679,6.159497981673679,True,11.144506824080384,4.862737041058543,0.022253535619221304,1.0,291.3722704115126,0.008489782501955869,6.235265567873137,5.928097467553493,0.9462868887509296,0.5,0.058823529411764705,17,0.22,66,4.589935834392859,4.5899358343928585,8.881784197001252e-16,2.833213344056216,0.6162045992743446,0.6792507999139953,5.885391233581199,5.885391233581199,True,14.616897469712145,4.566579293285149,0.02194583520455539,1.0,116.70523708959966,0.006282750459089893,5.857112574204791,5.679292372962844,0.9210497138905128,0.9576032806985736,1.0,1,0.0,0,4.589935834392859,4.5899358343928585,8.881784197001252e-16,2.833213344056216,0.6162045992743446,0.6792507999139953,5.885391233581199,5.885391233581199,True,14.616897469712145,4.566579293285149,0.02194583520455539,1.0,116.70523708959966,0.006282750459089893,5.857112574204791,5.679292372962844,0.9210497138905128,0.9576032806985736,1.0,1,0.0,0,4.635151179604594,4.621488453134767,0.01366272646982658,1.0889900493567417,0.6516911217251629,0.5178879574539874,5.804730258783744,5.804730258783744,True,11.144506824080384,4.598406976850188,0.021991559657644738,1.0,130.13936655862244,0.006489862749698133,5.8974604914339075,5.6900321777082485,0.9244334406484507,0.9576032806985736,0.28929146449316834,17,0.0,0,slsqp,True,0.006091041024774313,4.553515120071062,0.0,4.539570415685329,1.0,147.9770451072129,0.998,106.03843512421064,0.006191709078848362,4.646794601953096,23.348695951143352,diagnostic_empirical_bayes,1.0,167.74484911085148,1.0,117.96929037325343,1.0,147.67821845264535,0.0645,7.752983808195131,0.9785,138.99782305348688,4.9803753077599415
fixed_pilot,16,0,2016,40,10,50,2000,5,17,0.02,0.5,0.05,24,-210.0,210.0,0.002529249992221594,0.0041686249896883965,True,-0.6084318668970196,9.95227771670556,10.560709583602579,10,1.0,5.456779625456744,5.123850651084702,0.3329289743720425,0.0,2.8200499525208813,3.052045405402758,11.328874983380384,9.95227771670556,False,2.189247072869438,4.887832179779349,0.021668722059068418,1.0,291.38630007186555,0.010151301712671158,5.910230825123119,5.896256139930003,0.6434161879904031,0.5,0.058823529411764705,17,0.5,5,4.802725833759591,4.80272583375959,8.881784197001252e-16,2.833213344056216,3.1368302128830576,4.002997662245981,11.94255370888863,9.95227771670556,False,2.8713697703389016,4.667935175726382,0.020210138443026847,1.0,150.17541546943602,0.006891732904660536,5.457889965799416,5.443645773275836,0.45572889893678337,1.241857812073484,1.0,1,0.0,0,4.802725833759591,4.80272583375959,8.881784197001252e-16,2.833213344056216,3.1368302128830576,4.002997662245981,11.94255370888863,9.95227771670556,False,2.8713697703389016,4.667935175726382,0.020210138443026847,1.0,150.17541546943602,0.006891732904660536,5.457889965799416,5.443645773275836,0.45572889893678337,1.241857812073484,1.0,1,0.0,0,4.996766364177232,4.9485982625991,0.048168101578132116,0.3098083666303425,2.9615636128425904,3.052045405402758,11.01037538242258,9.95227771670556,False,2.189247072869438,4.798348864745885,0.020360625983949183,1.0,243.2208253786643,0.00804693816206246,5.623674703780871,5.609650673574046,0.4806297878828226,1.241857812073484,0.12262770353159995,17,0.0,0,slsqp,True,0.002794708125293255,4.595029435380148,0.0,4.5811095688239885,1.0,172.97401318164938,1.0,123.95093888817381,0.0025254162028431892,4.799685645155174,5.203315529361531,diagnostic_empirical_bayes,1.0,210.62156005463237,1.0,146.3067785090574,0.971,271.3068874574665,0.123,19.327127415843123,0.983,142.58658932074852,4.972195971772176
fixed_pilot,16,0,2016,40,30,70,2000,5,17,0.02,0.5,0.05,24,-210.0,210.0,0.002426165621727705,0.003921708092093468,True,-0.6084318668970196,9.95227771670556,10.560709583602579,30,1.0,5.1686168311378005,4.923664978802137,0.24495185233566374,0.0,1.6393365012728687,1.7500821204015053,8.558035452812174,8.558035452812174,True,3.7660273525955645,4.887832179779349,0.021668722059068418,1.0,291.38630007186555,0.007948872932090855,5.910230825123119,5.865201283945303,0.4372560247833842,0.5,0.058823529411764705,17,0.3,9,4.648435478299902,4.648435478299902,0.0,2.833213344056216,1.8234855243177335,2.2953703848259877,8.767291387443624,8.767291387443624,True,4.93944115697226,4.592493065259204,0.02143032818965353,1.0,116.62318098551572,0.006123397465563226,5.67903863118778,5.673244768834081,0.46580075504545826,0.9576032806985736,1.0,1,0.0,0,4.648435478299902,4.648435478299902,0.0,2.833213344056216,1.8234855243177335,2.2953703848259877,8.767291387443624,8.767291387443624,True,4.93944115697226,4.592493065259204,0.02143032818965353,1.0,116.62318098551572,0.006123397465563226,5.67903863118778,5.673244768834081,0.46580075504545826,0.9576032806985736,1.0,1,0.0,0,4.787755103378602,4.742977500098636,0.04477760327996627,0.5037921353540001,1.773109330885161,1.7500821204015053,8.310946554665268,8.310946554665268,True,3.7660273525955645,4.69864251132501,0.020919015452016358,1.0,182.71349022641007,0.006539906653732014,5.640757375455475,5.6178197313549205,0.41379548791393883,0.9576032806985736,0.16451727651197268,17,0.0,0,slsqp,True,0.00294420775026083,4.569825882471944,0.0,4.555814380068081,1.0,153.6192644547763,1.0,110.08157647636897,0.002773582935333252,4.709329903144302,5.444062890998488,diagnostic_empirical_bayes,1.0,186.91609248189388,1.0,129.45308928615287,0.9675,210.71873434171536,0.1015,15.851351623185176,0.969,132.01755557543387,4.983229236558584
fixed_pilot,16,0,2016,40,100,140,2000,5,17,0.02,0.5,0.05,24,-210.0,210.0,0.002594208810478449,0.004512500017881393,True,-0.6084318668970196,9.95227771670556,10.560709583602579,100,1.0,5.224187824561351,4.9983045277785045,0.2258832967828468,0.0,0.9529704117486445,0.9031676528974735,7.08032588920747,7.08032588920747,True,6.4784656772012505,4.887832179779349,0.021668722059068418,1.0,291.38630007186555,0.008869404460333437,6.1191115656422435,6.051038533574627,0.6666940784182119,0.5,0.058823529411764705,17,0.26,26,4.711654421460511,4.711654421460512,-8.881784197001252e-16,2.833213344056216,1.0600189464319854,1.1845754315334898,6.956248799425986,6.956248799425986,True,8.497017414901531,4.592493065259204,0.02143032818965353,1.0,116.62318098551572,0.006669944704622942,5.741112681419828,5.6796593716901,0.6611360336003148,0.9576032806985736,1.0,1,0.0,0,4.711654421460511,4.711654421460512,-8.881784197001252e-16,2.833213344056216,1.0600189464319854,1.1845754315334898,6.956248799425986,6.956248799425986,True,8.497017414901531,4.592493065259204,0.02143032818965353,1.0,116.62318098551572,0.006669944704622942,5.741112681419828,5.6796593716901,0.6611360336003148,0.9576032806985736,1.0,1,0.0,0,4.7926686089798896,4.768530716269276,0.024137892710613507,0.792236067360063,1.0752580191597738,0.9031676528974735,6.771094281037137,6.771094281037137,True,6.4784656772012505,4.653742407665314,0.021080719622933435,1.0,151.2533910749976,0.006957153031037363,5.802804702032373,5.744604212970141,0.6290371530784761,0.9576032806985736,0.2195600201588866,17,0.0,0,slsqp,True,0.005788750015199184,4.581292200338405,0.0,4.567396828224786,1.0,149.47342978339515,1.0,107.11072501411385,0.005670333746820688,4.787582862005668,17.251539784183407,diagnostic_empirical_bayes,1.0,173.9262419525474,1.0,120.98204130034341,0.95,177.03070192738264,0.086,12.128464906766744,0.9855,140.18367192266683,4.987958107576911
fixed_pilot,16,0,2016,40,300,340,2000,5,17,0.02,0.5,0.05,24,-210.0,210.0,0.0025715422816574574,0.005297834053635597,True,-0.6084318668970196,9.95227771670556,10.560709583602579,300,1.0,5.112688892195086,4.891184082676621,0.22150480951846507,0.0,0.5539757121025749,0.5178879574539874,6.184552561751648,6.184552561751648,True,11.144506824080384,4.887832179779349,0.021668722059068418,1.0,291.38630007186555,0.008392651148406923,6.290007515810789,6.208596272639523,0.8043153020626111,0.5,0.058823529411764705,17,0.25666666666666665,77,4.59783934532549,4.597839345325494,-3.552713678800501e-15,2.833213344056216,0.6162045992743446,0.6792507999139953,5.89329474451383,5.89329474451383,True,14.616897469712145,4.592493065259204,0.02143032818965353,1.0,116.62318098551572,0.006233468204232295,5.915892447220301,5.828975604333295,0.7889189843209197,0.9576032806985736,1.0,1,0.0,0,4.59783934532549,4.597839345325494,-3.552713678800501e-15,2.833213344056216,0.6162045992743446,0.6792507999139953,5.89329474451383,5.89329474451383,True,14.616897469712145,4.592493065259204,0.02143032818965353,1.0,116.62318098551572,0.006233468204232295,5.915892447220301,5.828975604333295,0.7889189843209197,0.9576032806985736,1.0,1,0.0,0,4.644019413732476,4.631035990738845,0.012983422993630533,1.0825975141245088,0.6511175175869861,0.5178879574539874,5.813024888773449,5.813024888773449,True,11.144506824080384,4.626401730911364,0.021255338732461437,1.0,133.88737491510588,0.006401434538192987,5.945023860216048,5.861731732947841,0.7748581609727617,0.9576032806985736,0.29055518869615754,17,0.0,0,slsqp,True,0.00627458281815052,4.572857977051384,0.0,4.5588973916086175,1.0,149.33126496639255,1.0,107.00885154641651,0.005998583976179361,4.641593558544326,23.382609582153457,diagnostic_empirical_bayes,1.0,168.45054719426122,1.0,119.29082261358491,0.981,126.69303519873894,0.073,9.110598234309139,0.986,139.3140176888281,4.987926261941129
fixed_pilot,17,0,2017,40,10,50,2000,5,17,0.02,0.5,0.05,24,-210.0,210.0,0.002565166912972927,0.0036852089688181877,True,-0.6084318668970196,9.95227771670556,10.560709583602579,10,1.0,5.441741617793319,5.272741706150548,0.1689999116427714,0.0,2.8200499525208813,3.052045405402758,11.313836975716958,9.95227771670556,False,2.189247072869438,4.879192670988961,0.02156514430015917,1.0,291.68539677453754,0.010756283320477707,5.8071870384176885,5.795059810044108,0.4028338810740049,0.5,0.058823529411764705,17,0.3,3,4.9401234775513005,4.940123477551301,-8.881784197001252e-16,2.833213344056216,3.1368302128830576,4.002997662245981,12.07995135268034,9.95227771670556,False,2.8713697703389016,4.583465941688055,0.021296404128883374,1.0,116.81384716154153,0.007651688524846106,5.433217307635784,5.426432243095351,0.38014883699775287,0.9576032806985736,1.0,1,0.0,0,4.9401234775513005,4.940123477551301,-8.881784197001252e-16,2.833213344056216,3.1368302128830576,4.002997662245981,12.07995135268034,9.95227771670556,False,2.8713697703389016,4.583465941688055,0.021296404128883374,1.0,116.81384716154153,0.007651688524846106,5.433217307635784,5.426432243095351,0.38014883699775287,0.9576032806985736,1.0,1,0.0,0,5.153341805755254,5.103868649527156,0.04947315622809789,0.2496129343437418,2.934067660908896,3.052045405402758,11.139454872066908,9.95227771670556,False,2.189247072869438,4.7400729421913175,0.021017368369997846,1.0,217.38963020882437,0.00898181888754802,5.587277157803826,5.582818482868619,0.3705532552590091,0.9576032806985736,0.12041480256050147,17,0.0,0,slsqp,True,0.00312604196369648,4.58080354066169,0.0,4.566802891019293,1.0,160.60459988218372,1.0,115.08717742618738,0.002769709099084139,4.817154599193806,5.416925271692543,diagnostic_empirical_bayes,1.0,198.49638474027074,1.0,136.32103435051366,0.917,209.83713631017278,0.111,17.82236128154918,0.987,144.39200770385776,4.9652065545483435
fixed_pilot,17,0,2017,40,30,70,2000,5,17,0.02,0.5,0.05,24,-210.0,210.0,0.0025114580057561398,0.004099458921700716,True,-0.6084318668970196,9.95227771670556,10.560709583602579,30,1.0,5.196947583356264,5.041736027073216,0.1552115562830485,0.0,1.6393365012728687,1.7500821204015053,8.586366205030638,8.586366205030638,True,3.7660273525955645,4.879192670988961,0.02156514430015917,1.0,291.68539677453754,0.008992521485363844,6.13593411581564,6.055505473363558,0.4980737961303152,0.5,0.058823529411764705,17,0.2,6,4.720632908839676,4.720632908839677,-8.881784197001252e-16,2.833213344056216,1.8234855243177335,2.2953703848259877,8.839488817983398,8.839488817983398,True,4.93944115697226,4.583465941688055,0.021296404128883374,1.0,116.81384716154153,0.006448028773913113,5.757121802026124,5.681649597393417,0.4704120347830073,0.9576032806985736,1.0,1,0.0,0,4.720632908839676,4.720632908839677,-8.881784197001252e-16,2.833213344056216,1.8234855243177335,2.2953703848259877,8.839488817983398,8.839488817983398,True,4.93944115697226,4.583465941688055,0.021296404128883374,1.0,116.81384716154153,0.006448028773913113,5.757121802026124,5.681649597393417,0.4704120347830073,0.9576032806985736,1.0,1,0.0,0,4.856899780476091,4.823326983684132,0.033572796791959014,0.47421641366194434,1.7652560364390462,1.7500821204015053,8.372237937316642,8.372237937316642,True,3.7660273525955645,4.6798993503295865,0.021381836024546214,1.0,170.12758935064002,0.00717518897751764,5.8748454247414825,5.80040358361037,0.4802284078914551,0.9576032806985736,0.1578970304281478,17,0.0,0,slsqp,True,0.004703083075582981,4.569137672789462,0.0,4.555093026834598,1.0,155.0531633237307,1.0,111.1090898456225,0.003508583176881075,4.768285601908513,6.198886209805912,diagnostic_empirical_bayes,1.0,191.11876410622185,1.0,131.6379708282842,0.966,204.0411085207751,0.1005,15.689448476754391,0.9835,143.2646255152286,4.966962336772243
fixed_pilot,17,0,2017,40,100,140,2000,5,17,0.02,0.5,0.05,24,-210.0,210.0,0.0025586248375475407,0.004509208258241415,True,-0.6084318668970196,9.95227771670556,10.560709583602579,100,1.0,5.184725654997731,5.005750076077356,0.17897557892037508,0.0,0.9529704117486445,0.9031676528974735,7.040863719643849,7.040863719643849,True,6.4784656772012505,4.879192670988961,0.02156514430015917,1.0,291.68539677453754,0.009059622331600401,6.13593411581564,6.078951995007055,0.7281528581706428,0.5,0.058823529411764705,17,0.24,24,4.70295001094882,4.702950010948822,-1.7763568394002505e-15,2.833213344056216,1.0600189464319854,1.1845754315334898,6.947544388914295,6.947544388914295,True,8.497017414901531,4.583465941688055,0.021296404128883374,1.0,116.81384716154153,0.006641569975530215,5.757121802026124,5.7037244798085585,0.7091941780267694,0.9576032806985736,1.0,1,0.0,0,4.70295001094882,4.702950010948822,-1.7763568394002505e-15,2.833213344056216,1.0600189464319854,1.1845754315334898,6.947544388914295,6.947544388914295,True,8.497017414901531,4.583465941688055,0.021296404128883374,1.0,116.81384716154153,0.006641569975530215,5.757121802026124,5.7037244798085585,0.7091941780267694,0.9576032806985736,1.0,1,0.0,0,4.7818533764581685,4.758678940312951,0.023174436145217747,0.7824694645947664,1.0737504704203142,0.9031676528974735,6.758771499775956,6.758771499775956,True,6.4784656772012505,4.638987420336989,0.021403664443578028,1.0,142.47671480524042,0.00704651870763391,5.826832384131475,5.771505020590207,0.7177448538039412,0.9576032806985736,0.2144730618688799,17,0.0,0,slsqp,True,0.004234416875988245,4.577270647814058,0.0,4.563663941775551,1.0,147.01154846615333,0.987,105.34657272851635,0.004133125301450491,4.773357527026244,15.944232969670402,diagnostic_empirical_bayes,1.0,178.8017866720835,1.0,123.2801673586639,0.9195,142.45006328895911,0.077,11.073216459329476,0.967,141.19071408141272,4.990746302732121
fixed_pilot,17,0,2017,40,300,340,2000,5,17,0.02,0.5,0.05,24,-210.0,210.0,0.0024697910994291306,0.004808667115867138,True,-0.6084318668970196,9.95227771670556,10.560709583602579,300,1.0,5.152200691172467,4.955380964296859,0.19681972687560823,0.0,0.5539757121025749,0.5178879574539874,6.224064360729029,6.224064360729029,True,11.144506824080384,4.879192670988961,0.02156514430015917,1.0,291.68539677453754,0.008851566604357021,6.276997479275586,6.0789519950070545,0.8476121182026414,0.5,0.058823529411764705,17,0.24666666666666667,74,4.654661491782431,4.6546614917824245,6.217248937900877e-15,2.833213344056216,0.6162045992743446,0.6792507999139953,5.9501168909707705,5.9501168909707705,True,14.616897469712145,4.583465941688055,0.021296404128883374,1.0,116.81384716154153,0.006494735567341018,5.902624536122023,5.703724479808558,0.8188690207376298,0.9576032806985736,1.0,1,0.0,0,4.654661491782431,4.6546614917824245,6.217248937900877e-15,2.833213344056216,0.6162045992743446,0.6792507999139953,5.9501168909707705,5.9501168909707705,True,14.616897469712145,4.583465941688055,0.021296404128883374,1.0,116.81384716154153,0.006494735567341018,5.902624536122023,5.703724479808558,0.8188690207376298,0.9576032806985736,1.0,1,0.0,0,4.700224222540106,4.687602105601331,0.012622116938774575,1.0803453447561586,0.6509154297419246,0.5178879574539874,5.869027609736018,5.869027609736018,True,11.144506824080384,4.616005241452275,0.021305478927896967,1.0,131.02900155945454,0.006713677056397921,5.941951113887779,5.742241907750349,0.8202528556137288,0.9576032806985736,0.2879138903344217,17,0.0,0,slsqp,True,0.00612437492236495,4.566577833816356,0.0,4.5525727002363805,1.0,149.2308208660163,0.998,106.93687460422495,0.0058987499214708805,4.709942432676078,24.023625041455492,diagnostic_empirical_bayes,1.0,169.78489870427782,1.0,118.59920334436102,0.9755,153.29423693254162,0.063,8.20577787567322,0.988,144.6711651161767,4.977928760168647
fixed_pilot,18,0,2018,40,10,50,2000,5,17,0.02,0.5,0.05,24,-210.0,210.0,0.0024518747813999653,0.003772957716137171,True,-0.6084318668970196,9.95227771670556,10.560709583602579,10,1.0,5.455143112712996,5.201633495355069,0.25350961735792676,0.0,2.8200499525208813,3.052045405402758,11.327238470636635,9.95227771670556,False,2.189247072869438,4.898081490906312,0.021646074975379802,1.0,296.5356798944454,0.010272083926671489,5.879732212512126,5.879007612997708,0.3856611145918397,0.5,0.058823529411764705,17,0.5,5,4.864809733817763,4.864809733817763,0.0,2.833213344056216,3.1368302128830576,4.002997662245981,12.004637608946801,9.95227771670556,False,2.8713697703389016,4.627826410581394,0.020616347762447335,1.0,134.87017874825617,0.007153084361309313,5.4745291350337135,5.472846107389867,0.3439634860881684,1.0905077326652575,1.0,1,0.0,0,4.864809733817763,4.864809733817763,0.0,2.833213344056216,3.1368302128830576,4.002997662245981,12.004637608946801,9.95227771670556,False,2.8713697703389016,4.627826410581394,0.020616347762447335,1.0,134.87017874825617,0.007153084361309313,5.4745291350337135,5.472846107389867,0.3439634860881684,1.0905077326652575,1.0,1,0.0,0,5.068144400351615,5.024499283883283,0.04364511646833247,0.27319996772292465,2.9448416999250893,3.052045405402758,11.065031505679462,9.95227771670556,False,2.189247072869438,4.778400355124793,0.020700663681797564,1.0,233.04408935317343,0.008410393662350281,5.6376151659588745,5.636566176116341,0.34706713018456237,1.0905077326652575,0.12064975074941454,17,0.0,0,slsqp,True,0.0030859997496008873,4.595611428455328,0.0,4.58176583880074,1.0,160.6023628054813,1.0,115.08557436597891,0.002868332900106907,4.761758773210549,4.550259696449347,diagnostic_empirical_bayes,1.0,197.05094344318925,1.0,137.01219049590867,0.966,253.60595089023542,0.1235,18.83299359287135,0.9665,142.18310665901708,4.983766279206783
fixed_pilot,18,0,2018,40,30,70,2000,5,17,0.02,0.5,0.05,24,-210.0,210.0,0.0025565829128026962,0.004079875070601702,True,-0.6084318668970196,9.95227771670556,10.560709583602579,30,1.0,5.348564486337344,5.118945880787251,0.22961860555009306,0.0,1.6393365012728687,1.7500821204015053,8.737983108011719,8.737983108011719,True,3.7660273525955645,4.898081490906312,0.021646074975379802,1.0,296.5356798944454,0.009414096128663701,6.285471338123184,6.1678069916959775,0.3438376445667172,0.5,0.058823529411764705,17,0.26666666666666666,8,4.825064159238997,4.825064159238999,-1.7763568394002505e-15,2.833213344056216,1.8234855243177335,2.2953703848259877,8.943920068382718,8.943920068382718,True,4.93944115697226,4.602154992644302,0.021358929354591185,1.0,118.83581415913379,0.006974991163810832,5.91216105679666,5.8219841698401895,0.3371708075351431,0.9576032806985736,1.0,1,0.0,0,4.825064159238997,4.825064159238999,-1.7763568394002505e-15,2.833213344056216,1.8234855243177335,2.2953703848259877,8.943920068382718,8.943920068382718,True,4.93944115697226,4.602154992644302,0.021358929354591185,1.0,118.83581415913379,0.006974991163810832,5.91216105679666,5.8219841698401895,0.3371708075351431,0.9576032806985736,1.0,1,0.0,0,4.964015239164012,4.924577384850307,0.03943785431370461,0.4963072282604447,1.771121850075072,1.7500821204015053,8.485219209640588,8.485219209640588,True,3.7660273525955645,4.70769927777049,0.02097669791118736,1.0,183.98701874544955,0.007614722438756038,6.000368074834638,5.892164894387211,0.3163589947850285,0.9576032806985736,0.16306399495728707,17,0.0,0,slsqp,True,0.002642457839101553,4.618487274979424,0.0,4.604920754114817,1.0,166.3717718053763,1.0,119.21985817666832,0.002471792045980692,4.780138705794012,4.884069760204507,diagnostic_empirical_bayes,1.0,194.06748837891266,1.0,137.32065381647098,0.9675,280.3531420042518,0.098,15.818827700853703,0.979,142.24333516525658,5.000797325027774
fixed_pilot,18,0,2018,40,100,140,2000,5,17,0.02,0.5,0.05,24,-210.0,210.0,0.0024776668287813663,0.004129167180508375,True,-0.6084318668970196,9.95227771670556,10.560709583602579,100,1.0,5.032530118121727,4.8296390153677695,0.2028911027539575,0.0,0.9529704117486445,0.9031676528974735,6.888668182767845,6.888668182767845,True,6.4784656772012505,4.898081490906312,0.021646074975379802,1.0,296.5356798944454,0.008555862588434812,6.285471338123184,6.225221220669335,1.1289426594181833,0.5,0.058823529411764705,17,0.21,21,4.538163363896737,4.538163363896736,8.881784197001252e-16,2.833213344056216,1.0600189464319854,1.1845754315334898,6.782757741862212,6.782757741862212,True,8.497017414901531,4.602154992644302,0.021358929354591185,1.0,118.83581415913379,0.00634336425293125,5.91216105679666,5.846146075254145,1.1005104888558186,0.9576032806985736,1.0,1,0.0,0,4.538163363896737,4.538163363896736,8.881784197001252e-16,2.833213344056216,1.0600189464319854,1.1845754315334898,6.782757741862212,6.782757741862212,True,8.497017414901531,4.602154992644302,0.021358929354591185,1.0,118.83581415913379,0.00634336425293125,5.91216105679666,5.846146075254145,1.1005104888558186,0.9576032806985736,1.0,1,0.0,0,4.619130810572301,4.594286934196108,0.024843876376192675,0.794790303159593,1.0756522847045493,0.9031676528974735,6.597950748174324,6.597950748174324,True,6.4784656772012505,4.658723980200217,0.021282745308700324,1.0,148.16043097560825,0.006682680983610063,5.97250093160069,5.908304700046572,1.092189256937009,0.9576032806985736,0.2200549003670815,17,0.0,0,slsqp,True,0.003982374910265207,4.564945873808869,0.0,4.551016098130063,1.0,147.39046317538555,1.0,105.61809810451923,0.0037949997931718826,4.646521780943639,18.60002460562359,diagnostic_empirical_bayes,1.0,179.53668601897843,1.0,122.30282051119349,0.9825,124.44447069589742,0.1145,15.125899529710587,0.9725,137.39952777592114,4.997415391886283
fixed_pilot,18,0,2018,40,300,340,2000,5,17,0.02,0.5,0.05,24,-210.0,210.0,0.0025992090813815594,0.004701540805399418,True,-0.6084318668970196,9.95227771670556,10.560709583602579,300,1.0,5.011135376857105,4.8121516950022984,0.19898368185480653,0.0,0.5539757121025749,0.5178879574539874,6.082999046413667,6.082999046413667,True,11.144506824080384,4.898081490906312,0.021646074975379802,1.0,296.5356798944454,0.008553384353644182,6.2905110823172254,6.252230726652185,1.181798142363273,0.5,0.058823529411764705,17,0.20333333333333334,61,4.514345542914823,4.514345542914819,3.552713678800501e-15,2.833213344056216,0.6162045992743446,0.6792507999139953,5.809800942103163,5.809800942103163,True,14.616897469712145,4.602154992644302,0.021358929354591185,1.0,118.83581415913379,0.006286958352159399,5.917883894736396,5.874602168383339,1.1486483366033433,0.9576032806985736,1.0,1,0.0,0,4.514345542914823,4.514345542914819,3.552713678800501e-15,2.833213344056216,0.6162045992743446,0.6792507999139953,5.809800942103163,5.809800942103163,True,14.616897469712145,4.602154992644302,0.021358929354591185,1.0,118.83581415913379,0.006286958352159399,5.917883894736396,5.874602168383339,1.1486483366033433,0.9576032806985736,1.0,1,0.0,0,4.559885349934359,4.546770528088145,0.013114821846214042,1.0845482080521536,0.6512925539487056,0.5178879574539874,5.729065861337052,5.729065861337052,True,11.144506824080384,4.634483139380535,0.02136776546508315,1.0,133.20003530101042,0.006495116084947272,5.956778695207609,5.913569524207141,1.1499722392137455,0.9576032806985736,0.2890526446883617,17,0.0,0,slsqp,True,0.00569545803591609,4.583493206409069,0.0,4.56956452383023,1.0,152.7138553221382,1.0,109.43277201144294,0.005246541928499937,4.595890247869977,24.387503723209246,diagnostic_empirical_bayes,1.0,170.33097362278534,1.0,120.08330511687056,1.0,129.4254601136972,0.087,10.531292740095317,0.9965,143.97981583737715,4.992023303924526
fixed_pilot,19,0,2019,40,10,50,2000,5,17,0.02,0.5,0.05,24,-210.0,210.0,0.0024882922880351543,0.0035379999317228794,True,-0.6084318668970196,9.95227771670556,10.560709583602579,10,1.0,5.42055270939496,5.1720755138471635,0.2484771955477969,0.0,2.8200499525208813,3.052045405402758,11.2926480673186,9.95227771670556,False,2.189247072869438,4.852281707371678,0.02107716195524256,1.0,287.75522091171996,0.010157963541147048,5.8766159410844265,5.876424032642586,0.4115061041868936,0.5,0.058823529411764705,17,0.5,5,4.819163708007403,4.8191637080074035,-8.881784197001252e-16,2.833213344056216,3.1368302128830576,4.002997662245981,11.958991583136442,9.95227771670556,False,2.8713697703389016,4.5862318190780895,0.020176964561022505,1.0,130.6931486169396,0.006918598861715206,5.466182235686995,5.465749803942892,0.33682202790233406,1.0905077326652575,1.0,1,0.0,0,4.819163708007403,4.8191637080074035,-8.881784197001252e-16,2.833213344056216,3.1368302128830576,4.002997662245981,11.958991583136442,9.95227771670556,False,2.8713697703389016,4.5862318190780895,0.020176964561022505,1.0,130.6931486169396,0.006918598861715206,5.466182235686995,5.465749803942892,0.33682202790233406,1.0905077326652575,1.0,1,0.0,0,5.02128732501333,4.981512381796412,0.039774943216918324,0.27519221701710905,2.945751715664689,3.052045405402758,11.019084446080777,9.95227771670556,False,2.189247072869438,4.743726595892496,0.02017580050187317,1.0,229.47370669672364,0.008124352156835605,5.621905742657836,5.621753004268119,0.33372078620297174,1.0905077326652575,0.1205702642537786,17,0.0,0,slsqp,True,0.0030186246149241924,4.556297458252977,0.0,4.542225313143174,1.0,157.40721567361993,0.999,112.79597328894222,0.002833958249539137,4.774231117572901,5.588779877190584,diagnostic_empirical_bayes,1.0,205.0732264063013,1.0,139.11535868537658,0.955,227.4089402704154,0.1305,18.29030227110582,0.974,139.81236224117342,4.95152096387455
fixed_pilot,19,0,2019,40,30,70,2000,5,17,0.02,0.5,0.05,24,-210.0,210.0,0.0024998746812343597,0.003929582890123129,True,-0.6084318668970196,9.95227771670556,10.560709583602579,30,1.0,4.928294849427934,4.7086437210807714,0.21965112834716294,0.0,1.6393365012728687,1.7500821204015053,8.317713471102309,8.317713471102309,True,3.7660273525955645,4.852281707371678,0.02107716195524256,1.0,287.75522091171996,0.008753452773433028,5.912224560588861,5.909003756445075,1.741566046418365,0.5,0.058823529411764705,17,0.3333333333333333,10,4.40902718088635,4.4090271808863495,8.881784197001252e-16,2.833213344056216,1.8234855243177335,2.2953703848259877,8.527883090030072,8.527883090030072,True,4.93944115697226,4.558404207473963,0.020848963682305897,1.0,115.14973491931799,0.006445157279328707,5.6475783053838935,5.643498459060507,1.697355741362352,0.9576032806985736,1.0,1,0.0,0,4.40902718088635,4.4090271808863495,8.881784197001252e-16,2.833213344056216,1.8234855243177335,2.2953703848259877,8.527883090030072,8.527883090030072,True,4.93944115697226,4.558404207473963,0.020848963682305897,1.0,115.14973491931799,0.006445157279328707,5.6475783053838935,5.643498459060507,1.697355741362352,0.9576032806985736,1.0,1,0.0,0,4.547693288176648,4.51070677192015,0.03698651625649774,0.4888545870738858,1.7691429368891591,1.7500821204015053,8.066918345467311,8.066918345467311,True,3.7660273525955645,4.6639138851897535,0.02053774001141215,1.0,177.58990612626818,0.00701153188678708,5.675101416153252,5.671475055076726,1.6456474635721465,0.9576032806985736,0.16167964460150092,17,0.0,0,slsqp,True,0.005831375252455473,4.5500695418348815,0.0,4.535926901971697,1.0,150.32352863228968,0.999,107.71989484563977,0.005549500230699778,4.725948278333268,14.122854707087372,diagnostic_empirical_bayes,1.0,187.70743185531063,1.0,127.77397693342343,0.9545,191.01867744809644,0.1095,15.500144244336191,0.972,140.43555644158826,4.948203216654996
fixed_pilot,19,0,2019,40,100,140,2000,5,17,0.02,0.5,0.05,24,-210.0,210.0,0.002567499876022339,0.004506457597017288,True,-0.6084318668970196,9.95227771670556,10.560709583602579,100,1.0,5.1084313856959245,4.887754589619596,0.2206767960763285,0.0,0.9529704117486445,0.9031676528974735,6.964569450342043,6.964569450342043,True,6.4784656772012505,4.852281707371678,0.02107716195524256,1.0,287.75522091171996,0.008370518267289864,5.930370659854354,5.912406021581516,0.941572575922183,0.5,0.058823529411764705,17,0.28,28,4.590712767615517,4.590712767615518,-8.881784197001252e-16,2.833213344056216,1.0600189464319854,1.1845754315334898,6.835307145580992,6.835307145580992,True,8.497017414901531,4.558404207473963,0.020848963682305897,1.0,115.14973491931799,0.0061894975543775625,5.6590570245884395,5.647693092575939,0.916144297269938,0.9576032806985736,1.0,1,0.0,0,4.590712767615517,4.590712767615518,-8.881784197001252e-16,2.833213344056216,1.0600189464319854,1.1845754315334898,6.835307145580992,6.835307145580992,True,8.497017414901531,4.558404207473963,0.020848963682305897,1.0,115.14973491931799,0.0061894975543775625,5.6590570245884395,5.647693092575939,0.916144297269938,0.9576032806985736,1.0,1,0.0,0,4.671823984520005,4.650132650014245,0.021691334505759663,0.7813011150137931,1.0735701268576272,0.9031676528974735,6.648561764275105,6.648561764275105,True,6.4784656772012505,4.619557655595742,0.02064928690646154,1.0,147.27582819415315,0.0065195227217622635,5.659555336161465,5.646653415127984,0.898256935155945,0.9576032806985736,0.21730877853866176,17,0.0,0,slsqp,True,0.004910083021968603,4.559014015502076,0.0,4.545262162832527,1.0,143.77573188774508,0.9845,103.02782845250523,0.004631250165402889,4.701924594138002,18.924763232814716,diagnostic_empirical_bayes,1.0,171.96826576907236,1.0,117.7855549125395,0.9335,146.14695051165992,0.0845,11.819367867000294,0.9305,130.5735384885913,4.9895997973102935
fixed_pilot,19,0,2019,40,300,340,2000,5,17,0.02,0.5,0.05,24,-210.0,210.0,0.002457458060234785,0.005082332994788885,True,-0.6084318668970196,9.95227771670556,10.560709583602579,300,1.0,5.0671034424463475,4.866417675105484,0.20068576734086374,0.0,0.5539757121025749,0.5178879574539874,6.138967112002909,6.138967112002909,True,11.144506824080384,4.852281707371678,0.02107716195524256,1.0,287.75522091171996,0.00823633993766729,6.118063872269491,5.912406021581516,0.8757660001437906,0.5,0.058823529411764705,17,0.21666666666666667,65,4.567784284797559,4.567784284797559,0.0,2.833213344056216,0.6162045992743446,0.6792507999139953,5.863239683985899,5.863239683985899,True,14.616897469712145,4.558404207473963,0.020848963682305897,1.0,115.14973491931799,0.0060709925502624865,5.7396519209196795,5.64769309257594,0.8568006466327063,0.9576032806985736,1.0,1,0.0,0,4.567784284797559,4.567784284797559,0.0,2.833213344056216,0.6162045992743446,0.6792507999139953,5.863239683985899,5.863239683985899,True,14.616897469712145,4.558404207473963,0.020848963682305897,1.0,115.14973491931799,0.0060709925502624865,5.7396519209196795,5.64769309257594,0.8568006466327063,0.9576032806985736,1.0,1,0.0,0,4.611832795915159,4.598995460370682,0.012837335544476858,1.0816915762468389,0.651036227504619,0.5178879574539874,5.7807569808737655,5.7807569808737655,True,11.144506824080384,4.589622299938659,0.020985765572361495,1.0,126.86224698503065,0.006288249708815093,5.781733158986052,5.704656405628674,0.8665184200745334,0.9576032806985736,0.2834774118313038,17,0.0,0,slsqp,True,0.005660334136337042,4.548064747257336,0.0,4.534078939992934,1.0,142.11622766370388,0.989,101.83864920600892,0.0054908753372728825,4.620070679330627,24.133187347878003,diagnostic_empirical_bayes,1.0,158.49684219365216,1.0,111.99374309092664,0.9715,127.0747604779916,0.059,7.524791982073472,0.976,133.30122562243523,4.950643646832209
repeated_pilot,0,1000,2000,40,10,50,2000,5,17,0.02,0.5,0.05,24,-210.0,210.0,0.002768999896943569,0.0038381251506507397,True,-0.6084318668970196,9.95227771670556,10.560709583602579,10,1.0,4.349571924130433,4.227720602163406,0.12185132196702675,0.0,2.8200499525208813,3.052045405402758,10.221667282054073,9.95227771670556,False,2.189247072869438,4.885218173746451,0.021206864774965327,1.0,284.0183174040096,0.005228788670044042,5.604248917264466,5.594040039897504,1.5362982797457476,0.5,0.058823529411764705,17,0.1,1,3.895264860798273,3.895264860798273,0.0,2.833213344056216,3.1368302128830576,4.002997662245981,11.035092735927313,9.95227771670556,False,2.8713697703389016,4.628217082475205,0.022586850352295112,0.9785,99.93120545198433,0.0038380340857453754,5.414547637135077,5.389400906221421,1.569890399669386,0.8408964152537145,1.0,1,0.0,0,3.895264860798273,3.895264860798273,0.0,2.833213344056216,3.1368302128830576,4.002997662245981,11.035092735927313,9.95227771670556,False,2.8713697703389016,4.628217082475205,0.022586850352295112,0.9785,99.93120545198433,0.0038380340857453754,5.414547637135077,5.389400906221421,1.569890399669386,0.8408964152537145,1.0,1,0.0,0,4.1160367045180095,4.059629642651749,0.056407061866260655,0.22662510266814548,2.923567324075983,3.052045405402758,10.09164943399675,9.95227771670556,False,2.189247072869438,4.740017012241183,0.021333241754420418,1.0,197.40464399251192,0.004420614718163478,5.4609125914614625,5.446581888330448,1.5271708818113974,0.8408964152537145,0.11964046856711899,17,0.0,0,slsqp,True,0.004488459322601557,4.58676752213613,0.0,4.572864079278752,1.0,154.90312217747194,1.0,111.0015723023306,0.004186500329524279,5.000301713082247,11.078637179415304,diagnostic_empirical_bayes,1.0,182.33758600933896,1.0,127.59902360631904,0.925,234.11333904734437,0.106,17.433490505580234,0.973,145.49275802614295,4.993300158757393
repeated_pilot,0,1000,2000,40,30,70,2000,5,17,0.02,0.5,0.05,24,-210.0,210.0,0.0028787082992494106,0.003825167194008827,True,-0.6084318668970196,9.95227771670556,10.560709583602579,30,1.0,4.773975867529593,4.584145882092335,0.18982998543725849,0.0,1.6393365012728687,1.7500821204015053,8.163394489203966,8.163394489203966,True,3.7660273525955645,4.885218173746451,0.021206864774965327,1.0,284.0183174040096,0.00714094081528512,6.025355373866315,5.983505503651234,1.330026518129571,0.5,0.058823529411764705,17,0.2,6,4.2866152086625275,4.2866152086625275,0.0,2.833213344056216,1.8234855243177335,2.2953703848259877,8.405471117806249,8.405471117806249,True,4.93944115697226,4.592556392245624,0.020982664949459783,1.0,113.47224747861026,0.005301379856318635,5.903506480736171,5.816121890978807,1.295070588959163,0.9576032806985736,1.0,1,0.0,0,4.2866152086625275,4.2866152086625275,0.0,2.833213344056216,1.8234855243177335,2.2953703848259877,8.405471117806249,8.405471117806249,True,4.93944115697226,4.592556392245624,0.020982664949459783,1.0,113.47224747861026,0.005301379856318635,5.903506480736171,5.816121890978807,1.295070588959163,0.9576032806985736,1.0,1,0.0,0,4.429037422671335,4.38601527602131,0.04302214665002513,0.4880620922528932,1.7689325043174347,1.7500821204015053,7.948052047390275,7.948052047390275,True,3.7660273525955645,4.6892535605873755,0.020749609738556458,1.0,171.50883150121595,0.005766035114295326,5.88001564152914,5.8149445003545175,1.2674419797272798,0.9576032806985736,0.16385304855728847,17,0.0,0,slsqp,True,0.0033823340199887753,4.555256348461301,0.0,4.541367348627971,1.0,148.41244031728914,0.9995,106.35043369604055,0.0032409997656941414,4.84867889114947,13.730824190413278,diagnostic_empirical_bayes,1.0,180.79256978189812,1.0,124.56736846649832,0.963,212.90635478764835,0.105,15.9165846727738,0.9605,141.59713975505363,5.016376114570748
repeated_pilot,0,1000,2000,40,100,140,2000,5,17,0.02,0.5,0.05,24,-210.0,210.0,0.0028222501277923584,0.0044374167919158936,True,-0.6084318668970196,9.95227771670556,10.560709583602579,100,1.0,4.972411421798623,4.7506774048525,0.22173401694612327,0.0,0.9529704117486445,0.9031676528974735,6.828549486444741,6.828549486444741,True,6.4784656772012505,4.885218173746451,0.021206864774965327,1.0,284.0183174040096,0.00844636865028393,6.402558061457087,6.387832058825064,1.4288280146087242,0.5,0.058823529411764705,17,0.32,32,4.452254678009959,4.452254678009959,0.0,2.833213344056216,1.0600189464319854,1.1845754315334898,6.696849055975434,6.696849055975434,True,8.497017414901531,4.592556392245624,0.020982664949459783,1.0,113.47224747861026,0.006239051611721276,6.038238093389978,6.021063366523229,1.4018525485372635,0.9576032806985736,1.0,1,0.0,0,4.452254678009959,4.452254678009959,0.0,2.833213344056216,1.0600189464319854,1.1845754315334898,6.696849055975434,6.696849055975434,True,8.497017414901531,4.592556392245624,0.020982664949459783,1.0,113.47224747861026,0.006239051611721276,6.038238093389978,6.021063366523229,1.4018525485372635,0.9576032806985736,1.0,1,0.0,0,4.532131722861511,4.511976451835219,0.020155271026292,0.773150574385805,1.0723120294879565,0.9031676528974735,6.507611405246941,6.507611405246941,True,6.4784656772012505,4.653603876030946,0.020616968547666634,1.0,148.75518819583286,0.00651089455537521,6.080250384136575,6.064732760293778,1.3580300327224077,0.9576032806985736,0.21382826712383504,17,0.0,0,slsqp,True,0.004780000075697899,4.561277367745631,0.0,4.547265091316228,1.0,152.0235284706391,1.0,108.93809272517831,0.004598250146955252,4.716394655243579,17.564258906591686,diagnostic_empirical_bayes,1.0,180.53465760466426,1.0,125.31185576760772,0.965,190.3272140365555,0.087,12.54799882315544,0.976,148.73820095890716,4.989967861981389
repeated_pilot,0,1000,2000,40,300,340,2000,5,17,0.02,0.5,0.05,24,-210.0,210.0,0.002938459161669016,0.0048384591937065125,True,-0.6084318668970196,9.95227771670556,10.560709583602579,300,1.0,5.07407731037619,4.858470839804259,0.21560647057193094,0.0,0.5539757121025749,0.5178879574539874,6.145940979932751,6.145940979932751,True,11.144506824080384,4.885218173746451,0.021206864774965327,1.0,284.0183174040096,0.008741303791608925,6.5263742256133295,6.4149055325160536,1.089972698464798,0.5,0.058823529411764705,17,0.27666666666666667,83,4.566774087512298,4.566774087512299,-8.881784197001252e-16,2.833213344056216,0.6162045992743446,0.6792507999139953,5.862229486700638,5.862229486700638,True,14.616897469712145,4.592556392245624,0.020982664949459783,1.0,113.47224747861026,0.006479217778370365,6.1891389754284685,6.0527584322987655,1.0646673331566705,0.9576032806985736,1.0,1,0.0,0,4.566774087512298,4.566774087512299,-8.881784197001252e-16,2.833213344056216,0.6162045992743446,0.6792507999139953,5.862229486700638,5.862229486700638,True,14.616897469712145,4.592556392245624,0.020982664949459783,1.0,113.47224747861026,0.006479217778370365,6.1891389754284685,6.0527584322987655,1.0646673331566705,0.9576032806985736,1.0,1,0.0,0,4.612932355457081,4.600134044889687,0.012798310567394111,1.079466911348263,0.6508366076440282,0.5178879574539874,5.781656920555097,5.781656920555097,True,11.144506824080384,4.625170684403278,0.02086309505519218,1.0,129.54311486751257,0.006663548792928277,6.213073498481941,6.082076843032278,1.053413149804356,0.9576032806985736,0.28957663539515893,17,0.0,0,slsqp,True,0.006302500143647194,4.5557787221054244,0.0,4.541719597375522,1.0,148.52562684094977,1.0,106.43154169382106,0.0059340838342905045,4.669597062590423,26.07839681834423,diagnostic_empirical_bayes,1.0,166.10462928633595,1.0,117.3255741302073,0.9865,144.31254050517495,0.0685,8.653598258699352,0.98,147.69494945561047,4.980535767873691
repeated_pilot,1,1001,2001,40,10,50,2000,5,17,0.02,0.5,0.05,24,-210.0,210.0,0.0026464168913662434,0.004025666043162346,True,-0.6084318668970196,9.95227771670556,10.560709583602579,10,1.0,5.306410615537166,5.11729394456673,0.18911667097043594,0.0,2.8200499525208813,3.052045405402758,11.178505973460805,9.95227771670556,False,2.189247072869438,4.94769806832018,0.02174693372824522,1.0,334.36548742386907,0.009042007975140648,5.781382260826145,5.770152315342617,0.2786489525955882,0.5,0.058823529411764705,17,0.2,2,4.81999121431784,4.819991214317841,-8.881784197001252e-16,2.833213344056216,3.1368302128830576,4.002997662245981,11.959819089446878,9.95227771670556,False,2.8713697703389016,4.661136558613529,0.02240411964973396,1.0,118.20798111236654,0.006731406544569466,5.539684347490911,5.528816662661195,0.2810119607171746,0.8408964152537145,1.0,1,0.0,0,4.820392072336864,4.818546546188673,0.001845526148190224,2.1507476879252394,3.8024642786966205,3.052045405402758,11.674901756436242,9.95227771670556,False,2.189247072869438,4.6545393049429675,0.021963746441500565,1.0,125.80313911547515,0.006693650843273927,5.447142998309397,5.444997229229244,0.27408742607654374,0.8408964152537145,0.5729501139897615,2,0.0,0,5.041436635613832,4.967246449864476,0.0741901857493561,0.2544690551276665,2.9362858302713692,3.052045405402758,11.029767871287959,9.95227771670556,False,2.189247072869438,4.796824112509992,0.02155124003812697,1.0,235.7016401550981,0.0077617392811654305,5.593671470702363,5.584072354570821,0.2745573823390598,0.8408964152537145,0.12320008369308591,17,0.0,0,slsqp,True,0.0030327080748975277,4.642477129649762,0.0,4.628961262732535,1.0,182.608486158607,1.0,130.85487751583656,0.002731167245656252,5.051296106696926,9.639866490836587,diagnostic_empirical_bayes,1.0,198.11993648367638,1.0,144.08890294536943,0.8995,303.3452043327099,0.104,17.37618314090366,0.9925,142.72219239309553,4.996962623479123
repeated_pilot,1,1001,2001,40,30,70,2000,5,17,0.02,0.5,0.05,24,-210.0,210.0,0.0026090838946402073,0.004257500171661377,True,-0.6084318668970196,9.95227771670556,10.560709583602579,30,1.0,5.058577902152207,4.852843392396827,0.20573450975537977,0.0,1.6393365012728687,1.7500821204015053,8.44799652382658,8.44799652382658,True,3.7660273525955645,4.94769806832018,0.02174693372824522,1.0,334.36548742386907,0.008045051126938676,5.974056356355025,5.96673165951644,0.7860515674125315,0.5,0.058823529411764705,17,0.16666666666666666,5,4.561332727628709,4.561332727628709,0.0,2.833213344056216,1.8234855243177335,2.2953703848259877,8.68018863677243,8.68018863677243,True,4.93944115697226,4.661136558613529,0.02240411964973396,1.0,118.20798111236654,0.0060482104197658705,5.7069497816975705,5.697513096626683,0.8012585224023901,0.8408964152537145,1.0,1,0.0,0,4.561772412153125,4.561302046092548,0.0004703660605773763,2.615397085552737,1.779388175734884,2.2953703848259877,8.636530972713997,8.636530972713997,True,4.93944115697226,4.66007116314811,0.0223404249370358,1.0,119.25805681129972,0.006036759424230744,5.68832046448909,5.682907749573106,0.7966924185325143,0.8408964152537145,0.9432903790864181,2,0.0,0,4.701576695887573,4.6531272397170085,0.048449456170564176,0.5126281646967692,1.7754555776102892,1.7500821204015053,8.227114393899367,8.227114393899367,True,3.7660273525955645,4.740549827555626,0.021663033231293042,1.0,187.48600271612153,0.006511841550583043,5.714371137415735,5.705847727632368,0.7553383749643956,0.8408964152537145,0.16655618836056382,17,0.0,0,slsqp,True,0.0027431659400463104,4.6053349110248725,0.0,4.591691028676087,1.0,155.2971039261379,1.0,111.28389452376551,0.002687749918550253,4.86108274997891,11.868286032967907,diagnostic_empirical_bayes,1.0,179.40203368772404,1.0,126.61418401260364,0.908,234.06069733868603,0.0915,15.498624275423218,0.9785,136.37902268901138,4.995233279128248
repeated_pilot,1,1001,2001,40,100,140,2000,5,17,0.02,0.5,0.05,24,-210.0,210.0,0.002579625230282545,0.004461625125259161,True,-0.6084318668970196,9.95227771670556,10.560709583602579,100,1.0,5.044410651247857,4.839837534187357,0.20457311706049985,0.0,0.9529704117486445,0.9031676528974735,6.900548715893975,6.900548715893975,True,6.4784656772012505,4.94769806832018,0.02174693372824522,1.0,334.36548742386907,0.008478136994437533,6.057249541680777,6.0003812293079655,0.9741916968402051,0.5,0.058823529411764705,17,0.22,22,4.549737356821238,4.549737356821237,8.881784197001252e-16,2.833213344056216,1.0600189464319854,1.1845754315334898,6.794331734786713,6.794331734786713,True,8.497017414901531,4.661136558613529,0.02240411964973396,1.0,118.20798111236654,0.0064562136008552125,5.763002904659342,5.749236969252831,1.0173469816206877,0.8408964152537145,1.0,1,0.0,0,4.55068734243303,4.548868212920326,0.0018191295127039098,2.2125824393239317,0.986977916335488,1.1845754315334898,6.722240690302008,6.722240690302008,True,8.497017414901531,4.656002462566514,0.02207385863828141,1.0,123.84232298001676,0.0063779027813336865,5.736708954185305,5.712834170784333,0.9902491579266743,0.8408964152537145,0.6880766901308746,2,0.0,0,4.626498407144371,4.600355030645909,0.02614337649846199,0.8037551109285569,1.077036070343873,0.9031676528974735,6.606702130385718,6.606702130385718,True,6.4784656772012505,4.702736543611369,0.02170829592299406,1.0,158.14891055007863,0.006640644282280239,5.82215876984074,5.721561914110005,0.9621381705364975,0.8408964152537145,0.21606750364130617,17,0.0,0,slsqp,True,0.00540587492287159,4.5845267412040895,0.0,4.570834709354459,1.0,143.46816458319495,0.9955,102.80742970318408,0.005251292139291763,4.666962069838035,17.58555376808052,diagnostic_empirical_bayes,1.0,173.82391364590583,1.0,119.11540064495152,0.9065,155.691389375361,0.0695,11.297273239919242,0.9625,132.4021941486265,5.015085718626729
repeated_pilot,1,1001,2001,40,300,340,2000,5,17,0.02,0.5,0.05,24,-210.0,210.0,0.0025415411219000816,0.005524291656911373,True,-0.6084318668970196,9.95227771670556,10.560709583602579,300,1.0,5.0924607959503305,4.879600668181621,0.21286012776870944,0.0,0.5539757121025749,0.5178879574539874,6.164324465506892,6.164324465506892,True,11.144506824080384,4.94769806832018,0.02174693372824522,1.0,334.36548742386907,0.008683718895642806,6.100073616098345,5.999862842582893,0.9454979074313368,0.5,0.058823529411764705,17,0.24666666666666667,74,4.587795992361854,4.587795992361856,-1.7763568394002505e-15,2.833213344056216,0.6162045992743446,0.6792507999139953,5.883251391550194,5.883251391550194,True,14.616897469712145,4.650436226965316,0.021499668567081937,1.0,134.16059871451336,0.006437478803564376,5.834055457115585,5.691122950648836,0.9162389169000104,0.9576032806985736,1.0,1,0.0,0,4.588387399640712,4.587738833029653,0.0006485666110584987,2.5415232248231043,0.5962489199082187,0.6792507999139953,5.863887119462926,5.863887119462926,True,14.616897469712145,4.65072604520813,0.021560480086314185,1.0,133.07479409995034,0.006445959586419383,5.826651716588188,5.686201752803939,0.9213054061423562,0.9576032806985736,0.9146311069690546,2,0.0,0,4.630500395683055,4.61686360268004,0.013636793003015235,1.0869045140167752,0.6515039860023456,0.5178879574539874,5.7998923391393875,5.7998923391393875,True,11.144506824080384,4.680635378676953,0.02165611149571547,1.0,145.69903699488847,0.0066521924896586065,5.844455294364096,5.7097887946828045,0.9299790906565348,0.9576032806985736,0.28072231086826543,17,0.0,0,slsqp,True,0.005356375128030777,4.57652347071899,0.0,4.562668867293961,1.0,157.21170682823256,1.0,112.65587418098393,0.005187666974961758,4.590940129450703,31.055399505068117,diagnostic_empirical_bayes,1.0,164.2980607960688,1.0,118.887900808623,0.951,110.88774986980145,0.09,10.621316795775009,0.995,135.7783222436246,4.998373676553833
repeated_pilot,2,1002,2002,40,10,50,2000,5,17,0.02,0.5,0.05,24,-210.0,210.0,0.0027235839515924454,0.003861000295728445,True,-0.6084318668970196,9.95227771670556,10.560709583602579,10,1.0,5.277199529124518,4.908933714030226,0.3682658150942917,0.0,2.8200499525208813,3.052045405402758,11.149294887048157,9.95227771670556,False,2.189247072869438,5.065085641052934,0.016160668095862883,1.0,343.2959206540325,0.008879177759756966,5.976448891677293,5.976132969232997,0.7127211059205999,0.5,0.058823529411764705,17,0.4,4,4.673694469295223,4.6736944692952225,8.881784197001252e-16,2.833213344056216,3.1368302128830576,4.002997662245981,11.813522344424262,9.95227771670556,False,2.8713697703389016,4.829523525388898,0.015973039015988316,1.0,155.9055377422902,0.0066349077480254755,5.664595071248623,5.659801160968764,0.5721868762334226,1.0905077326652575,1.0,1,0.0,0,4.673694469295223,4.6736944692952225,8.881784197001252e-16,2.833213344056216,3.1368302128830576,4.002997662245981,11.813522344424262,9.95227771670556,False,2.8713697703389016,4.829523525388898,0.015973039015988316,1.0,155.9055377422902,0.0066349077480254755,5.664595071248623,5.659801160968764,0.5721868762334226,1.0905077326652575,1.0,1,0.0,0,4.8815900951878906,4.807778939272598,0.0738111559152923,0.3117990246520859,2.9624729017238747,3.052045405402758,10.896108402314523,9.95227771670556,False,2.189247072869438,4.981699172539356,0.015534098143967352,1.0,279.8682596624249,0.0072688238988132025,5.689649783017646,5.689461029774733,0.4822182429191849,1.0905077326652575,0.12665613932747535,17,0.0,0,slsqp,True,0.0024722078815102577,4.83918099623188,0.0,4.826829224930087,1.0,216.96474305557058,1.0,155.47412650435288,0.0023718331940472126,4.821712381715953,5.731652883444301,diagnostic_empirical_bayes,1.0,247.73200837642005,1.0,174.55239248696162,0.9575,337.2901523354651,0.16,24.817682593210726,0.957,128.97045801008724,4.980995893145868
repeated_pilot,2,1002,2002,40,30,70,2000,5,17,0.02,0.5,0.05,24,-210.0,210.0,0.0027193338610231876,0.004045916721224785,True,-0.6084318668970196,9.95227771670556,10.560709583602579,30,1.0,5.121349234689919,4.855169568913128,0.2661796657767912,0.0,1.6393365012728687,1.7500821204015053,8.510767856364293,8.510767856364293,True,3.7660273525955645,5.065085641052934,0.016160668095862883,1.0,343.2959206540325,0.008211095468419527,6.494600033144717,6.344336202119165,0.5926769423062049,0.5,0.058823529411764705,17,0.23333333333333334,7,4.628388572862607,4.628388572862606,8.881784197001252e-16,2.833213344056216,1.8234855243177335,2.2953703848259877,8.747244482006328,8.747244482006328,True,4.93944115697226,4.829523525388898,0.015973039015988316,1.0,155.9055377422902,0.006497924434230301,6.3081130684594635,6.126722552370977,0.5663761627249114,1.0905077326652575,1.0,1,0.0,0,4.62888870756573,4.625435541641158,0.0034531659245722324,2.140465464766203,2.2076981365889226,1.7500821204015053,8.586668964556157,8.586668964556157,True,3.7660273525955645,4.8326482403111175,0.0165128481748424,1.0,147.86051495661127,0.006656200060951115,6.264417166015315,6.151643085071719,0.6203467917704696,1.0905077326652575,0.5141288378845229,2,0.0,0,4.771413526295553,4.709239940154109,0.062173586141443415,0.5025081485007222,1.7727683915522612,1.7500821204015053,8.294264038249318,8.294264038249318,True,3.7660273525955645,4.912245476800437,0.015911863853692542,1.0,217.91963038370798,0.007028589304783393,6.383432054327443,6.197140678982871,0.5633937792817799,1.0905077326652575,0.1666150347333474,17,0.0,0,slsqp,True,0.003456457983702421,4.614436171264735,0.0,4.600943977348017,1.0,154.00357945711954,0.991,110.35697163251436,0.0032761250622570515,4.700046486307665,11.907609248058927,diagnostic_empirical_bayes,1.0,178.365762590857,1.0,125.64296799042646,0.9535,243.32361542173055,0.099,16.222255372044405,0.971,123.44164975160459,4.982496152165781
repeated_pilot,2,1002,2002,40,100,140,2000,5,17,0.02,0.5,0.05,24,-210.0,210.0,0.002868667244911194,0.005063041113317013,True,-0.6084318668970196,9.95227771670556,10.560709583602579,100,1.0,5.242130131218092,4.974893092538596,0.2672370386794958,0.0,0.9529704117486445,0.9031676528974735,7.09826819586421,7.09826819586421,True,6.4784656772012505,5.065085641052934,0.016160668095862883,1.0,343.2959206540325,0.009112280106007342,6.6880043656024295,6.538538984512775,0.5956786840167008,0.5,0.058823529411764705,17,0.29,29,4.739396714232185,4.739396714232185,0.0,2.833213344056216,1.0600189464319854,1.1845754315334898,6.98399109219766,6.98399109219766,True,8.497017414901531,4.843230763703898,0.017391438095550073,0.953,137.4230758681717,0.0074189036619907054,6.39453426828601,6.259364604326838,0.648614986056376,0.9576032806985736,1.0,1,0.0,0,4.739812453271698,4.739377210759923,0.0004352425117755132,2.679124779155858,1.0418845167402058,1.1845754315334898,6.966272401545393,6.966272401545393,True,8.497017414901531,4.842202154690858,0.017317406531646626,0.9555,138.18873293432657,0.007399447892823387,6.397165318574044,6.2622863303755585,0.6440337294369546,0.9576032806985736,0.9642819333228267,2,0.0,0,4.822780185927439,4.786735161238957,0.03604502468848203,0.8173066283328716,1.07912784918157,0.9031676528974735,6.805075688006482,6.805075688006482,True,6.4784656772012505,4.873316163062499,0.01623831353247776,1.0,178.86579483903148,0.00750580220693542,6.487298551854071,6.356092293366848,0.5797130595261739,0.9576032806985736,0.2286164075129178,17,0.0,0,slsqp,True,0.005254624877125025,4.586623032260961,0.0,4.572734700082353,1.0,143.77553909493167,1.0,103.02769029967065,0.005110834259539843,4.632624761296194,18.350772139228948,diagnostic_empirical_bayes,1.0,172.52352790930024,1.0,118.44283322851241,0.883,149.8868646750474,0.083,11.721042266062868,0.9805,134.82050081064273,4.976569578068394
repeated_pilot,2,1002,2002,40,300,340,2000,5,17,0.02,0.5,0.05,24,-210.0,210.0,0.004061874933540821,0.005716749932616949,True,-0.6084318668970196,9.95227771670556,10.560709583602579,300,1.0,5.288828831835454,5.022440186820068,0.26638864501538606,0.0,0.5539757121025749,0.5178879574539874,6.360692501392016,6.360692501392016,True,11.144506824080384,5.065085641052934,0.016160668095862883,1.0,343.2959206540325,0.009498175325649491,6.762907598164244,6.5385389845127735,0.605705560753202,0.5,0.058823529411764705,17,0.2966666666666667,89,4.792215008557284,4.79221500855728,4.440892098500626e-15,2.833213344056216,0.6162045992743446,0.6792507999139953,6.087670407745624,6.087670407745624,True,14.616897469712145,4.843230763703898,0.017391438095550073,0.953,137.4230758681717,0.007822915018156075,6.463690707833568,6.270668846428518,0.6752752092383953,0.9576032806985736,1.0,1,0.0,0,4.79344901483325,4.790500523468824,0.002948491364426431,2.1916587872725626,0.5723133044141988,0.6792507999139953,6.045013119161444,6.045013119161444,True,14.616897469712145,4.835273135623356,0.016768046349362145,0.983,144.51558389820718,0.0076340338220845655,6.487814079916148,6.287594775692317,0.6301854366138004,0.9576032806985736,0.6592153554405714,2,0.0,0,4.833995272745508,4.814368716802289,0.01962655594321916,1.1363909259679748,0.655944416856071,0.5178879574539874,6.007827647055566,6.007827647055566,True,11.144506824080384,4.853351411042526,0.016245344700533463,1.0,164.60975106651236,0.007688701814637898,6.536295039852119,6.33935123957074,0.5932493314004567,0.9576032806985736,0.29194145927999116,17,0.0,0,slsqp,True,0.005897624883800745,4.584824985848241,0.0,4.570888496004724,1.0,147.45670376141106,1.0,105.6655652510538,0.005767208058387041,4.621097137204579,24.28704840652287,diagnostic_empirical_bayes,1.0,169.04136594152476,1.0,117.90214299486784,1.0,117.44937749935441,0.0755,9.099297841872039,0.99,137.6577670056648,4.97856840179933
repeated_pilot,3,1003,2003,40,10,50,2000,5,17,0.02,0.5,0.05,24,-210.0,210.0,0.003410915844142437,0.0042212908156216145,True,-0.6084318668970196,9.95227771670556,10.560709583602579,10,1.0,4.789557671070137,4.6157333211455285,0.17382434992460816,0.0,2.8200499525208813,3.052045405402758,10.661653028993776,9.95227771670556,False,2.189247072869438,4.889592891208256,0.023419664739816846,1.0,275.4615035183962,0.0065215874946129414,5.638000379058865,5.624950009507653,0.9230660479436477,0.5,0.058823529411764705,17,0.1,1,4.289898572583855,4.289898572583855,0.0,2.833213344056216,3.1368302128830576,4.002997662245981,11.429726447712895,9.95227771670556,False,2.8713697703389016,4.886674429315584,0.038854486059077854,0.905,96.51213472758225,0.004709008191720035,5.317019240764148,5.301578765044684,0.9258352770978867,0.8408964152537145,1.0,1,0.0,0,4.290963675801394,4.28887265378128,0.0020910220201137975,2.194198438758934,3.8223116277565623,3.052045405402758,11.165320708960714,9.95227771670556,False,2.189247072869438,4.912578666916683,0.0394126080150468,0.895,93.22069726768494,0.00475311972695893,5.364896192131162,5.342606583750238,0.9596976955298807,0.8408964152537145,0.6630156749482736,2,0.0,0,4.512268630876055,4.438080050608919,0.07418858026713604,0.2631253578442386,2.940239839311211,3.052045405402758,10.504553875590023,9.95227771670556,False,2.189247072869438,4.781314685473033,0.02581685732744933,1.0,180.90979602525877,0.00546679423797133,5.4695745169675645,5.454342938741041,0.9284841205129519,0.8408964152537145,0.12452298184227246,17,0.0,0,slsqp,True,0.0038599581457674503,4.804729809040277,0.03700000000000003,4.618055332124577,0.963,145.76329302699935,0.9125,104.45208903810831,0.003796583041548729,4.750744254310649,10.182781170636467,diagnostic_empirical_bayes,1.0,179.92211882458494,0.9385,123.49061768989013,0.886,196.3035899088129,0.12,18.372665402193075,0.894,121.21153031909259,5.152446731122824
repeated_pilot,3,1003,2003,40,30,70,2000,5,17,0.02,0.5,0.05,24,-210.0,210.0,0.003369749989360571,0.004859208129346371,True,-0.6084318668970196,9.95227771670556,10.560709583602579,30,1.0,5.160107471925981,4.908285426249607,0.25182204567637356,0.0,1.6393365012728687,1.7500821204015053,8.549526093600354,8.549526093600354,True,3.7660273525955645,4.889592891208256,0.023419664739816846,1.0,275.4615035183962,0.009632435388064109,6.64393737734556,6.625618334245889,1.1035884237881133,0.5,0.058823529411764705,17,0.3,9,4.758508617969738,4.758508617969738,0.0,2.833213344056216,1.8234855243177335,2.2953703848259877,8.877364527113459,8.877364527113459,True,4.93944115697226,4.71215144886712,0.023389736542262524,0.958,141.21268209907768,0.009450423877350133,7.266449917272082,7.128611497327654,1.1642068349085015,1.241857812073484,1.0,1,0.0,0,4.829654354453656,4.732049985677215,0.09760436877644096,2.170323006186067,2.2156262631330077,1.7500821204015053,8.79536273798817,8.79536273798817,True,3.7660273525955645,4.7180544002274925,0.026072851552658177,0.956,137.42736362249795,0.01062330247003504,7.457058231270363,7.392600565350636,1.3676487432963893,0.8408964152537145,0.6223732610976833,2,0.06666666666666667,2,4.896357717852527,4.78918198487083,0.10717573298169647,0.35155956870459665,1.732686744324688,1.7500821204015053,8.37912658257872,8.37912658257872,True,3.7660273525955645,4.7621216377621565,0.02359074846030097,1.0,186.87026647459058,0.009079763638937245,6.904988871666155,6.857004466356721,1.1351024968685322,1.241857812073484,0.14050526822297327,17,0.0,0,slsqp,True,0.0037465407513082027,4.553613425468792,0.0,4.5397166248799765,1.0,155.32230872227743,1.0,111.3019559544308,0.003496707882732153,4.767543207699161,11.475832824951807,diagnostic_empirical_bayes,1.0,184.888044744747,1.0,128.26772219404708,0.8895,210.48047128901447,0.1035,16.84365514717708,0.9395,136.45634575011786,4.983822707326091
repeated_pilot,3,1003,2003,40,100,140,2000,5,17,0.02,0.5,0.05,24,-210.0,210.0,0.0033144173212349415,0.006358708254992962,True,-0.6084318668970196,9.95227771670556,10.560709583602579,100,1.0,5.144269126879294,4.906031171290159,0.23823795558913474,0.0,0.9529704117486445,0.9031676528974735,7.0004071915254125,7.0004071915254125,True,6.4784656772012505,4.889592891208256,0.023419664739816846,1.0,275.4615035183962,0.009087742537462222,6.64393737734556,6.58139995435013,0.9225659961460754,0.5,0.058823529411764705,17,0.26,26,4.74165956246141,4.741659562461411,-8.881784197001252e-16,2.833213344056216,1.0600189464319854,1.1845754315334898,6.986253940426885,6.986253940426885,True,8.497017414901531,4.738606338654004,0.028321807813347297,0.935,124.42026653825326,0.014759114817597003,9.212343014117998,8.428294132286563,1.2553669818317499,1.0905077326652575,1.0,1,0.0,0,4.79053361530705,4.7180433034455,0.07249031186155008,2.140297559012277,0.9784708276969635,1.1845754315334898,6.953579874537502,6.953579874537502,True,8.497017414901531,4.7171301986426295,0.026750597495173622,0.9415,127.40270140562701,0.009937097583707267,7.912599646300081,7.61693167338256,1.1465165660137204,0.8408964152537145,0.5107558743831718,2,0.05,5,4.8212609584426485,4.74666613179199,0.07459482665065842,0.63012103845064,1.0502343427235565,0.9031676528974735,6.774662954063679,6.774662954063679,True,6.4784656772012505,4.728962455957201,0.02448056435236112,0.998,154.17020425323886,0.008457716111536666,7.236972353126609,7.051976255276745,0.9707013680339215,1.0905077326652575,0.18500038110408049,17,0.0,0,slsqp,True,0.004643416032195091,4.539072915169804,0.0,4.525201802920481,1.0,144.61616070577188,0.99,103.63006886507922,0.004463542252779007,4.696840774532851,15.073871480468954,diagnostic_empirical_bayes,1.0,169.17249294028565,1.0,118.1594924832981,0.881,168.44110289355618,0.0735,11.438626071527626,0.964,134.49453336706867,4.9768803779486595
repeated_pilot,3,1003,2003,40,300,340,2000,5,17,0.02,0.5,0.05,24,-210.0,210.0,0.0033236248418688774,0.007626417092978954,True,-0.6084318668970196,9.95227771670556,10.560709583602579,300,1.0,5.228360088093521,4.96797705784209,0.2603830302514316,0.0,0.5539757121025749,0.5178879574539874,6.300223757650083,6.300223757650083,True,11.144506824080384,4.889592891208256,0.023419664739816846,1.0,275.4615035183962,0.009800401739078805,6.644691813593302,6.630525666282218,0.9482524698494346,0.5,0.058823529411764705,17,0.29333333333333333,88,4.810686347844337,4.81068634784434,-2.6645352591003757e-15,2.833213344056216,0.6162045992743446,0.6792507999139953,6.106141747032677,6.106141747032677,True,14.616897469712145,4.71215144886712,0.023389736542262524,0.958,141.21268209907768,0.008856958371246074,7.266449917272082,7.095098132133241,0.9331893889513988,1.241857812073484,1.0,1,0.0,0,4.864153306034597,4.7994117780343295,0.06474152800026722,2.152453014201038,0.5696310817911858,0.6792507999139953,6.1130351877397775,6.1130351877397775,True,14.616897469712145,4.708735014545435,0.025288849154411343,0.95,134.07884339919553,0.010100017396899984,7.624705434264682,7.460704751911488,1.1138088744062933,1.241857812073484,0.6589765415544211,3,0.0,0,4.866475709679344,4.816664802292738,0.04981090738660576,0.9671307328090817,0.6407566480448782,0.5178879574539874,6.025120315178209,6.025120315178209,True,11.144506824080384,4.72117189147132,0.023655091473148718,0.976,150.2148898906926,0.00897740385455791,7.149422686061936,7.049704046644121,0.9602142673752595,1.241857812073484,0.2881316781422676,17,0.0,0,slsqp,True,0.005771583877503872,4.524023596830601,0.0,4.509944157655362,1.0,141.17761440410683,1.0,101.16605109349496,0.005438291933387518,4.672320281313398,23.985258999964216,diagnostic_empirical_bayes,1.0,158.64807303035238,1.0,111.23260088829042,1.0,139.09067558712204,0.073,9.337307470109227,0.9855,137.682657339641,4.963227442910953
repeated_pilot,4,1004,2004,40,10,50,2000,5,17,0.02,0.5,0.05,24,-210.0,210.0,0.0025367923080921173,0.004086791072040796,True,-0.6084318668970196,9.95227771670556,10.560709583602579,10,1.0,4.7899736259084715,4.567566862668886,0.22240676323958564,0.0,2.8200499525208813,3.052045405402758,10.66206898383211,9.95227771670556,False,2.189247072869438,4.960329240580726,0.022882729598058375,1.0,394.91648579188694,0.007641603317598641,6.075906848909434,6.04040209390295,1.5128670747945352,0.5,0.058823529411764705,17,0.3,3,4.275083270921874,4.275083270921874,0.0,2.833213344056216,3.1368302128830576,4.002997662245981,11.414911146050912,9.95227771670556,False,2.8713697703389016,4.678269391452168,0.02293086208596365,1.0,158.3120195898677,0.005868629747135678,5.862919815952161,5.821600136887738,1.5427261573542332,0.9576032806985736,1.0,1,0.0,0,4.2759631244392855,4.274227737201636,0.0017353872376490997,2.1934469080592645,3.821968345032112,3.052045405402758,11.149976874874156,9.95227771670556,False,2.189247072869438,4.672685470180554,0.0230817658249791,1.0,152.83269799955661,0.005841869117481685,5.82220599399994,5.7904164175171795,1.55613820539209,0.9576032806985736,0.6619010895057856,2,0.0,0,4.492587453753233,4.4215693557197495,0.07101809803348313,0.2623537946923927,2.9398874062024003,3.052045405402758,10.484520265358391,9.95227771670556,False,2.189247072869438,4.8214360069615,0.02287221662719805,1.0,276.79111279504474,0.006733655755947382,5.989857061168921,5.94836989381842,1.5301231574290257,0.9576032806985736,0.12310850552251573,17,0.0,0,slsqp,True,0.003825167194008827,4.669739274270789,0.0,4.65661988960502,1.0,207.38772525211155,1.0,148.61135951032537,0.0037252921611070633,4.885589516449095,9.172814773269076,diagnostic_empirical_bayes,1.0,215.3102574765416,1.0,159.4664401469198,0.919,370.10960223365794,0.1195,20.420165298031126,0.9705,136.7158385512409,5.004773042731823
repeated_pilot,4,1004,2004,40,30,70,2000,5,17,0.02,0.5,0.05,24,-210.0,210.0,0.002635125070810318,0.004126915708184242,True,-0.6084318668970196,9.95227771670556,10.560709583602579,30,1.0,5.157086514849077,4.945491904643576,0.21159461020550108,0.0,1.6393365012728687,1.7500821204015053,8.54650513652345,8.54650513652345,True,3.7660273525955645,4.960329240580726,0.022882729598058375,1.0,394.91648579188694,0.009990765429303373,6.428802118844809,6.36987834740569,1.3563635206299671,0.5,0.058823529411764705,17,0.23333333333333334,7,4.653414378872063,4.653414378872063,0.0,2.833213344056216,1.8234855243177335,2.2953703848259877,8.772270288015784,8.772270288015784,True,4.93944115697226,4.667253449624983,0.02353047060755474,1.0,139.58577769266782,0.007536417621366104,6.0816428425287485,6.025584023650098,1.3974188049462672,0.8408964152537145,1.0,1,0.0,0,4.653414378872063,4.653414378872063,0.0,2.833213344056216,1.8234855243177335,2.2953703848259877,8.772270288015784,8.772270288015784,True,4.93944115697226,4.667253449624983,0.02353047060755474,1.0,139.58577769266782,0.007536417621366104,6.0816428425287485,6.025584023650098,1.3974188049462672,0.8408964152537145,1.0,1,0.0,0,4.800523716491091,4.743966345932105,0.0565573705589868,0.5120967925788042,1.7753144814184096,1.7500821204015053,8.325920318311006,8.325920318311006,True,3.7660273525955645,4.754023097540354,0.023064683106550223,1.0,211.99839177942303,0.008226765811287295,6.211018232561226,6.156442247722454,1.3746114473349595,0.8408964152537145,0.17082788288980488,17,0.0,0,slsqp,True,0.003682957962155342,4.665063346770852,0.0,4.651977896480152,1.0,197.8783922711255,1.0,141.79709458397667,0.0036918330006301403,4.893299753606548,12.060899881977836,diagnostic_empirical_bayes,1.0,208.2920564989738,1.0,152.77773493440841,0.9675,351.3182597084216,0.089,15.721026953282474,0.932,135.7048114118018,5.047181199311833
repeated_pilot,4,1004,2004,40,100,140,2000,5,17,0.02,0.5,0.05,24,-210.0,210.0,0.002590749878436327,0.004370083101093769,True,-0.6084318668970196,9.95227771670556,10.560709583602579,100,1.0,5.1970526660914995,4.983113658591055,0.2139390075004446,0.0,0.9529704117486445,0.9031676528974735,7.053190730737618,7.053190730737618,True,6.4784656772012505,4.960329240580726,0.022882729598058375,1.0,394.91648579188694,0.009729942900419467,6.523290435797042,6.457411664414106,1.052574628691916,0.5,0.058823529411764705,17,0.26,26,4.697897191358341,4.697897191358341,0.0,2.833213344056216,1.0600189464319854,1.1845754315334898,6.942491569323816,6.942491569323816,True,8.497017414901531,4.667253449624983,0.02353047060755474,1.0,139.58577769266782,0.007430294468691312,6.171010734804096,6.109127726136341,1.105765314971886,0.8408964152537145,1.0,1,0.0,0,4.698470706711516,4.696336474072054,0.002134232639462219,2.155662312443974,0.9802790802497653,1.1845754315334898,6.863325218494771,6.863325218494771,True,8.497017414901531,4.6697391259544565,0.023225417066700213,1.0,148.1593063520467,0.007367993276626136,6.168365305135712,6.140883975977464,1.0785726131998783,0.8408964152537145,0.5880763839088748,2,0.0,0,4.774019959091506,4.747455995028243,0.026563964063262446,0.8028120751225777,1.076890505660356,0.9031676528974735,6.754078117649335,6.754078117649335,True,6.4784656772012505,4.723955151684717,0.023004651746072784,1.0,186.2630746120243,0.007726449624083826,6.225003271704027,6.218271858548181,1.0599872771886334,0.8408964152537145,0.21497306647289227,17,0.0,0,slsqp,True,0.004722625017166138,4.58500610990201,0.0,4.571129511024861,1.0,156.59462532542844,1.0,112.21368156351387,0.0046835411339998245,4.759267052581228,16.063219802383585,diagnostic_empirical_bayes,1.0,173.57868185378547,1.0,124.00444504668963,0.9735,239.2514358117166,0.074,12.102940737277136,0.9725,143.14472431989964,4.994685798277283
repeated_pilot,4,1004,2004,40,300,340,2000,5,17,0.02,0.5,0.05,24,-210.0,210.0,0.002633041702210903,0.005054416134953499,True,-0.6084318668970196,9.95227771670556,10.560709583602579,300,1.0,5.109872288955794,4.915425486850998,0.19444680210479603,0.0,0.5539757121025749,0.5178879574539874,6.1817359585123555,6.1817359585123555,True,11.144506824080384,4.960329240580726,0.022882729598058375,1.0,394.91648579188694,0.009287302937274967,6.523290435797042,6.429081559879149,1.1097947272344342,0.5,0.058823529411764705,17,0.20333333333333334,61,4.616859490498618,4.616859490498617,1.7763568394002505e-15,2.833213344056216,0.6162045992743446,0.6792507999139953,5.912314889686958,5.912314889686958,True,14.616897469712145,4.667253449624983,0.02353047060755474,1.0,139.58577769266782,0.006998974446688215,6.171010734804096,6.081911440555868,1.1577535305111535,0.8408964152537145,1.0,1,0.0,0,4.616859490498618,4.616859490498617,1.7763568394002505e-15,2.833213344056216,0.6162045992743446,0.6792507999139953,5.912314889686958,5.912314889686958,True,14.616897469712145,4.667253449624983,0.02353047060755474,1.0,139.58577769266782,0.006998974446688215,6.171010734804096,6.081911440555868,1.1577535305111535,0.8408964152537145,1.0,1,0.0,0,4.6629666323029895,4.645939879246097,0.01702675305689283,1.1173128550323228,0.6542325357260395,0.5178879574539874,5.835087125483017,5.835087125483017,True,11.144506824080384,4.693467716344843,0.02323945596356695,1.0,160.60942252008473,0.007152558781989299,6.200388931302352,6.134367474084986,1.1345568831665473,0.8408964152537145,0.30057465120545473,17,0.0,0,slsqp,True,0.006336709018796682,4.5723112049051995,0.0,4.558353181477969,1.0,148.31038600399796,1.0,106.2773028961166,0.006190250162035227,4.635219559418687,26.03302786577004,diagnostic_empirical_bayes,1.0,165.36378880510097,1.0,116.86641710095373,0.979,136.92119792751572,0.065,8.58540831285945,0.979,139.8086738753222,4.989039647503618
repeated_pilot,5,1005,2005,40,10,50,2000,5,17,0.02,0.5,0.05,24,-210.0,210.0,0.0023810407146811485,0.0039979577995836735,True,-0.6084318668970196,9.95227771670556,10.560709583602579,10,1.0,5.489820632866179,5.258521572612814,0.23129906025336489,0.0,2.8200499525208813,3.052045405402758,11.361915990789818,9.95227771670556,False,2.189247072869438,4.931497398198959,0.024255750426936465,1.0,397.96917224716293,0.01056895501036125,6.142176421555814,6.10887307401553,0.29976041178414065,0.5,0.058823529411764705,17,0.3,3,4.987290946021128,4.987290946021128,0.0,2.833213344056216,3.1368302128830576,4.002997662245981,12.127118821150166,9.95227771670556,False,2.8713697703389016,4.670471946659265,0.024920539049242078,0.988,158.58140061089003,0.008061423922119974,5.951030463827034,5.905202361250484,0.2911658484026013,0.9576032806985736,1.0,1,0.0,0,4.98764067268362,4.98513078206676,0.002509890616860133,2.14182023935511,3.79838641618363,3.052045405402758,11.838072494270008,9.95227771670556,False,2.189247072869438,4.683399503013155,0.025632894684184507,0.9515,150.660465896653,0.00813779339803305,5.8889594284289455,5.856389981417474,0.324943138218262,0.9576032806985736,0.5296061651070005,2,0.0,0,5.2095936748321074,5.125940948568989,0.08365272626311882,0.265217047434308,2.941195277194852,3.052045405402758,11.202834357429717,9.95227771670556,False,2.189247072869438,4.797779195516663,0.024458215682769045,1.0,278.0444371775931,0.009243084922007743,6.071308374178984,6.027920683079693,0.28919920068132937,0.9576032806985736,0.1247653259884479,17,0.0,0,slsqp,True,0.0027248328551650047,4.634589047021541,0.0,4.621857285475061,1.0,197.60419744574912,0.9565,141.6006101212615,0.0025066249072551727,4.857771258683235,2.345068857445377,diagnostic_empirical_bayes,1.0,229.81956460777172,1.0,162.8057103598823,0.983,359.64021451017635,0.1355,22.44821386681766,0.949,129.5375364211516,4.995438984443435
repeated_pilot,5,1005,2005,40,30,70,2000,5,17,0.02,0.5,0.05,24,-210.0,210.0,0.0024066660553216934,0.003966750111430883,True,-0.6084318668970196,9.95227771670556,10.560709583602579,30,1.0,5.066224059120229,4.809250639857238,0.2569734192629909,0.0,1.6393365012728687,1.7500821204015053,8.455642680794602,8.455642680794602,True,3.7660273525955645,4.931497398198959,0.024255750426936465,1.0,397.96917224716293,0.009767611022056777,6.722779522882264,6.556704856789823,1.5923946978496804,0.5,0.058823529411764705,17,0.3333333333333333,10,4.5605697079862155,4.5605697079862155,0.0,2.833213344056216,1.8234855243177335,2.2953703848259877,8.679425617129937,8.679425617129937,True,4.93944115697226,4.670471946659265,0.024920539049242078,0.988,158.58140061089003,0.007908098821880061,6.48246277898626,6.33234437181387,1.666682215907316,0.9576032806985736,1.0,1,0.0,0,4.5605697079862155,4.5605697079862155,0.0,2.833213344056216,1.8234855243177335,2.2953703848259877,8.679425617129937,8.679425617129937,True,4.93944115697226,4.670471946659265,0.024920539049242078,0.988,158.58140061089003,0.007908098821880061,6.48246277898626,6.33234437181387,1.666682215907316,0.9576032806985736,1.0,1,0.0,0,4.7109222763067375,4.648853906405706,0.062068369901031595,0.4966233758899776,1.7712057973223787,1.7500821204015053,8.232210194030621,8.232210194030621,True,3.7660273525955645,4.760490853163698,0.02434473023172646,1.0,237.9223970283941,0.008465478770334284,6.608152243710212,6.45722903581094,1.6034872750976499,0.9576032806985736,0.17027200633922565,17,0.0,0,slsqp,True,0.0036970842629671097,4.560627941147725,0.0,4.546702654925479,1.0,167.23221708752914,1.0,119.83644212834399,0.003439833875745535,4.814247792195899,11.133746194037442,diagnostic_empirical_bayes,1.0,185.5820711812263,1.0,133.00806344112283,0.9745,263.6271866912798,0.102,16.903726608805773,0.964,133.7820315577166,4.961503459175271
repeated_pilot,5,1005,2005,40,100,140,2000,5,17,0.02,0.5,0.05,24,-210.0,210.0,0.002573249861598015,0.004950957838445902,True,-0.6084318668970196,9.95227771670556,10.560709583602579,100,1.0,5.173522807959497,4.942132128949236,0.23139067901026067,0.0,0.9529704117486445,0.9031676528974735,7.029660872605615,7.029660872605615,True,6.4784656772012505,4.931497398198959,0.024255750426936465,1.0,397.96917224716293,0.010395839678453936,6.791110051843797,6.723462828171879,1.2579593825648887,0.5,0.058823529411764705,17,0.25,25,4.687582564419654,4.687582564419654,0.0,2.833213344056216,1.0600189464319854,1.1845754315334898,6.932176942385129,6.932176942385129,True,8.497017414901531,4.670471946659265,0.024920539049242078,0.988,158.58140061089003,0.00831938497189571,6.543073534694775,6.483068886543346,1.3169677608016295,0.9576032806985736,1.0,1,0.0,0,4.687582564419654,4.687582564419654,0.0,2.833213344056216,1.0600189464319854,1.1845754315334898,6.932176942385129,6.932176942385129,True,8.497017414901531,4.670471946659265,0.024920539049242078,0.988,158.58140061089003,0.00831938497189571,6.543073534694775,6.483068886543346,1.3169677608016295,0.9576032806985736,1.0,1,0.0,0,4.77355220057674,4.7351773258466485,0.03837487473009116,0.8092604916072874,1.0778858673410394,0.9031676528974735,6.754605720815253,6.754605720815253,True,6.4784656772012505,4.717183803073005,0.0246430488709115,1.0,193.732417961151,0.00864203244890213,6.599646582726892,6.5392293130295345,1.2945649757537745,0.9576032806985736,0.23061594788431716,17,0.0,0,slsqp,True,0.005426582880318165,4.526963079896168,0.0,4.5128587668982725,1.0,144.53507565514704,0.997,103.57196436735802,0.005496666766703129,4.730308477671505,15.606307920538141,diagnostic_empirical_bayes,1.0,171.91807812297418,1.0,118.91332033817793,0.894,187.19561215682353,0.0735,11.867456155871063,0.9735,140.10928925562365,4.9574343775805385
repeated_pilot,5,1005,2005,40,300,340,2000,5,17,0.02,0.5,0.05,24,-210.0,210.0,0.0023910831660032272,0.0050949580036103725,True,-0.6084318668970196,9.95227771670556,10.560709583602579,300,1.0,5.245282657439587,5.015928927442081,0.2293537299975057,0.0,0.5539757121025749,0.5178879574539874,6.3171463269961485,6.3171463269961485,True,11.144506824080384,4.931497398198959,0.024255750426936465,1.0,397.96917224716293,0.010568442715482892,6.804251681848285,6.73186388954496,1.0506296764812608,0.5,0.058823529411764705,17,0.25333333333333335,76,4.755496253168781,4.755496253168781,0.0,2.833213344056216,0.6162045992743446,0.6792507999139953,6.050951652357121,6.050951652357121,True,14.616897469712145,4.670471946659265,0.024920539049242078,0.988,158.58140061089003,0.008448606802038202,7.141927485270002,6.520742174952168,1.107840094734455,0.9576032806985736,1.0,1,0.0,0,4.755496253168781,4.755496253168781,0.0,2.833213344056216,0.6162045992743446,0.6792507999139953,6.050951652357121,6.050951652357121,True,14.616897469712145,4.670471946659265,0.024920539049242078,0.988,158.58140061089003,0.008448606802038202,7.141927485270002,6.520742174952168,1.107840094734455,0.9576032806985736,1.0,1,0.0,0,4.802262085696734,4.781919231035354,0.020342854661380194,1.1248873096903085,0.6549121938551563,0.5178879574539874,5.9750622370058775,5.9750622370058775,True,11.144506824080384,4.696129403461339,0.024768339411801378,1.0,175.87699218083645,0.008607144777332503,6.982502187008816,6.550466311981935,1.0955721616741718,0.9576032806985736,0.30509139405431707,17,0.0,0,slsqp,True,0.005682707764208317,4.523297228429509,0.0,4.509158747863966,1.0,144.1954162707535,0.9975,103.32856884901764,0.00563433300703764,4.699223987883273,23.85550376164564,diagnostic_empirical_bayes,1.0,163.53471590310085,1.0,114.58555014288794,0.989,144.3947212921311,0.057,8.291592400389252,0.9755,142.4664170188023,4.962005819297597
repeated_pilot,6,1006,2006,40,10,50,2000,5,17,0.02,0.5,0.05,24,-210.0,210.0,0.0033385418355464935,0.003830291796475649,True,-0.6084318668970196,9.95227771670556,10.560709583602579,10,1.0,5.609414067197173,5.341517491806163,0.26789657539100986,0.0,2.8200499525208813,3.052045405402758,11.481509425120812,9.95227771670556,False,2.189247072869438,4.956157260631705,0.022954263110621324,1.0,355.9488091710724,0.01058125722345173,5.650316489942497,5.647506994698434,0.15509506764432698,0.5,0.058823529411764705,17,0.5,5,5.012598171766973,5.012598171766973,0.0,2.833213344056216,3.1368302128830576,4.002997662245981,12.15242604689601,9.95227771670556,False,2.8713697703389016,4.687310968235376,0.022384986305215206,1.0,161.57723460567223,0.007459962888801702,5.236470477023302,5.23378240558208,0.10297581231033856,1.0905077326652575,1.0,1,0.0,0,5.012598171766973,5.012598171766973,0.0,2.833213344056216,3.1368302128830576,4.002997662245981,12.15242604689601,9.95227771670556,False,2.8713697703389016,4.687310968235376,0.022384986305215206,1.0,161.57723460567223,0.007459962888801702,5.236470477023302,5.23378240558208,0.10297581231033856,1.0905077326652575,1.0,1,0.0,0,5.215700767863833,5.170548206504389,0.04515256135944412,0.2745771028703705,2.9454707450267192,3.052045405402758,11.21321691829331,9.95227771670556,False,2.189247072869438,4.83691088500581,0.022429719598161122,1.0,276.8155121793865,0.008753031479022729,5.404869977830166,5.402133967969993,0.10804990018610125,1.0905077326652575,0.12075465008278226,17,0.0,0,slsqp,True,0.0038721668533980846,4.674154807092604,0.0,4.661281964323407,1.0,209.37435633154766,1.0,150.03495362710137,0.0036486671306192875,5.159478789532757,13.476951665543892,diagnostic_empirical_bayes,1.0,235.4134795705409,1.0,167.35812649579924,0.945,352.4813793314714,0.134,22.632687379125915,0.945,151.507530928169,5.047028652265715
repeated_pilot,6,1006,2006,40,30,70,2000,5,17,0.02,0.5,0.05,24,-210.0,210.0,0.003254957962781191,0.004023374989628792,True,-0.6084318668970196,9.95227771670556,10.560709583602579,30,1.0,5.387696390494451,5.134998819136138,0.25269757135831306,0.0,1.6393365012728687,1.7500821204015053,8.777115012168824,8.777115012168824,True,3.7660273525955645,4.956157260631705,0.022954263110621324,1.0,355.9488091710724,0.010074005035975917,6.108346421508108,6.104396956010215,0.5815964974592198,0.5,0.058823529411764705,17,0.4666666666666667,14,4.8259030834184475,4.8259030834184475,0.0,2.833213344056216,1.8234855243177335,2.2953703848259877,8.94475899256217,8.94475899256217,True,4.93944115697226,4.656827755493614,0.02270847202483493,1.0,142.38363337614737,0.007361707122611671,5.809063267041227,5.799263578791748,0.57403014207432,0.9576032806985736,1.0,1,0.0,0,4.8262185876779125,4.825861221064384,0.0003573666135281428,2.4947210749649322,1.7549570697144254,2.2953703848259877,8.876546042218326,8.876546042218326,True,4.93944115697226,4.659697894280363,0.022667609394064165,1.0,144.71927632523543,0.007344682989532681,5.796769579309937,5.787432175947114,0.568202767193852,0.9576032806985736,0.8938017582245936,2,0.0,0,4.958971376540025,4.927723876044717,0.03124750049530789,0.47838370979051975,1.7663625860570948,1.7500821204015053,8.475416082998624,8.475416082998624,True,3.7660273525955645,4.774855707710269,0.022499795413147547,1.0,224.61664343406787,0.00805125846459111,5.894721662518984,5.87787718510942,0.5415828467293904,0.9576032806985736,0.15665790459822032,17,0.0,0,slsqp,True,0.004224000032991171,4.640040660335888,0.0,4.626617327876058,1.0,190.7073390244481,1.0,136.65841064878163,0.003982374910265207,5.018174095872047,12.749477887313219,diagnostic_empirical_bayes,1.0,216.42419999127225,1.0,153.46990499508684,0.9585,306.7476186323287,0.113,19.277891270827546,1.0,153.44198191640962,5.003235833272745
repeated_pilot,6,1006,2006,40,100,140,2000,5,17,0.02,0.5,0.05,24,-210.0,210.0,0.003187458962202072,0.004059166647493839,True,-0.6084318668970196,9.95227771670556,10.560709583602579,100,1.0,5.212736461950241,4.985152218698556,0.2275842432516848,0.0,0.9529704117486445,0.9031676528974735,7.0688745265963595,7.0688745265963595,True,6.4784656772012505,4.956157260631705,0.022954263110621324,1.0,355.9488091710724,0.009557900753514476,6.343958990157338,6.238216836913941,0.958853497662919,0.5,0.058823529411764705,17,0.32,32,4.68354944510638,4.683549445106379,1.7763568394002505e-15,2.833213344056216,1.0600189464319854,1.1845754315334898,6.9281438230718555,6.9281438230718555,True,8.497017414901531,4.656827755493614,0.02270847202483493,1.0,142.38363337614737,0.007072783704248025,6.140289578766188,6.0413906165679485,0.9462946095884426,0.9576032806985736,1.0,1,0.0,0,4.68354944510638,4.683549445106379,1.7763568394002505e-15,2.833213344056216,1.0600189464319854,1.1845754315334898,6.9281438230718555,6.9281438230718555,True,8.497017414901531,4.656827755493614,0.02270847202483493,1.0,142.38363337614737,0.007072783704248025,6.140289578766188,6.0413906165679485,0.9462946095884426,0.9576032806985736,1.0,1,0.0,0,4.764662894022377,4.744212081778966,0.020450812243411498,0.7715994327734548,1.072072599090446,0.9031676528974735,6.739903146010297,6.739903146010297,True,6.4784656772012505,4.718458181799737,0.022667681327670604,1.0,178.78166604509713,0.007506210197927164,6.205318088462024,6.106211591865902,0.9421190143934963,0.9576032806985736,0.21521382363810945,17,0.0,0,slsqp,True,0.005574041977524757,4.587695362282633,0.0,4.573873702560318,1.0,153.64622568869837,0.999,110.10089654761407,0.0054426249116659164,4.795102271980447,18.25394182983127,diagnostic_empirical_bayes,1.0,180.61538459767493,1.0,125.16132880333,0.956,167.25344174698117,0.0755,11.740491207845713,0.98,142.70371423737697,4.99109947023203
repeated_pilot,6,1006,2006,40,300,340,2000,5,17,0.02,0.5,0.05,24,-210.0,210.0,0.003230624832212925,0.0049419160932302475,True,-0.6084318668970196,9.95227771670556,10.560709583602579,300,1.0,5.073139664965688,4.851714265351693,0.2214253996139952,0.0,0.5539757121025749,0.5178879574539874,6.14500333452225,6.14500333452225,True,11.144506824080384,4.956157260631705,0.022954263110621324,1.0,355.9488091710724,0.008838068967795602,6.343958990157338,6.252997908183523,1.120882172878141,0.5,0.058823529411764705,17,0.2866666666666667,86,4.552258245473415,4.552258245473414,8.881784197001252e-16,2.833213344056216,0.6162045992743446,0.6792507999139953,5.847713644661755,5.847713644661755,True,14.616897469712145,4.656827755493614,0.02270847202483493,1.0,142.38363337614737,0.006546438098953266,6.140289578766188,6.055282078722374,1.0977603816663073,0.9576032806985736,1.0,1,0.0,0,4.552258245473415,4.552258245473414,8.881784197001252e-16,2.833213344056216,0.6162045992743446,0.6792507999139953,5.847713644661755,5.847713644661755,True,14.616897469712145,4.656827755493614,0.02270847202483493,1.0,142.38363337614737,0.006546438098953266,6.140289578766188,6.055282078722374,1.0977603816663073,0.9576032806985736,1.0,1,0.0,0,4.597569140928948,4.585635629064705,0.011933511864242519,1.0709521381616747,0.6500725744462388,0.5178879574539874,5.765529672829174,5.765529672829174,True,11.144506824080384,4.6900122629825765,0.02275413367067941,1.0,158.1485929401195,0.006770579832073889,6.15947406891593,6.073831997380175,1.101894937771093,0.9576032806985736,0.28442274118275435,17,0.0,0,slsqp,True,0.006344249937683344,4.583152596197607,0.0,4.569277438176253,1.0,151.3032030368729,1.0,108.42191684315962,0.0061896247789263725,4.585678154871955,25.089773595554053,diagnostic_empirical_bayes,1.0,169.63193476299205,1.0,119.9893880018716,0.956,152.24773361503972,0.0515,7.858758059596614,0.9735,136.40762405481246,4.99533113615714
repeated_pilot,7,1007,2007,40,10,50,2000,5,17,0.02,0.5,0.05,24,-210.0,210.0,0.0048764171078801155,0.004102624952793121,True,-0.6084318668970196,9.95227771670556,10.560709583602579,10,1.0,5.091757690637955,4.856131251211269,0.23562643942668604,0.0,2.8200499525208813,3.052045405402758,10.963853048561594,9.95227771670556,False,2.189247072869438,4.908621233413152,0.02311907112857024,1.0,282.85152870399344,0.008779275462771853,5.989714081034624,5.974173251828545,1.033593092268267,0.5,0.058823529411764705,17,0.3,3,4.573923797236754,4.573923797236754,0.0,2.833213344056216,3.1368302128830576,4.002997662245981,11.713751672365792,9.95227771670556,False,2.8713697703389016,4.635057782859824,0.02232242013658008,1.0,128.5594322481942,0.006358430980119752,5.57923207567413,5.567951234411826,0.9396753553001285,1.0905077326652575,1.0,1,0.0,0,4.573923797236754,4.573923797236754,0.0,2.833213344056216,3.1368302128830576,4.002997662245981,11.713751672365792,9.95227771670556,False,2.8713697703389016,4.635057782859824,0.02232242013658008,1.0,128.5594322481942,0.006358430980119752,5.57923207567413,5.567951234411826,0.9396753553001285,1.0905077326652575,1.0,1,0.0,0,4.794226815338556,4.718470392834371,0.07575642250418468,0.25921275084047296,2.938452646329545,3.052045405402758,10.784724867070858,9.95227771670556,False,2.189247072869438,4.7773654105828935,0.02233527710539527,1.0,219.39548709980951,0.0073598205318295305,5.748440522032213,5.734148789407189,0.9429966658475311,1.0905077326652575,0.12347669370132311,17,0.0,0,slsqp,True,0.0036917496472597122,4.6377897697156385,0.0,4.624522475864476,1.0,168.8028711424966,1.0,120.96195249374951,0.0034922920167446136,4.778171002021089,9.88562773149673,diagnostic_empirical_bayes,1.0,179.65473648311158,1.0,131.22055619292107,0.896,297.42597088389846,0.109,17.459564308127607,0.9255,136.07762514828318,5.045488560297719
repeated_pilot,7,1007,2007,40,30,70,2000,5,17,0.02,0.5,0.05,24,-210.0,210.0,0.004827540833503008,0.003623625263571739,True,-0.6084318668970196,9.95227771670556,10.560709583602579,30,1.0,4.846243008041915,4.537877924311078,0.3083650837308367,0.0,1.6393365012728687,1.7500821204015053,8.235661629716288,8.235661629716288,True,3.7660273525955645,4.908621233413152,0.02311907112857024,1.0,282.85152870399344,0.007222115766634873,6.3172761346540565,6.227531804654993,1.4107376905363689,0.5,0.058823529411764705,17,0.4,12,4.2623545725338206,4.2623545725338206,0.0,2.833213344056216,1.8234855243177335,2.2953703848259877,8.381210481677542,8.381210481677542,True,4.93944115697226,4.635057782859824,0.02232242013658008,1.0,128.5594322481942,0.0052954332252034934,6.073519303625923,5.935144774622758,1.281696476390895,1.0905077326652575,1.0,1,0.0,0,4.2623545725338206,4.2623545725338206,0.0,2.833213344056216,1.8234855243177335,2.2953703848259877,8.381210481677542,8.381210481677542,True,4.93944115697226,4.635057782859824,0.02232242013658008,1.0,128.5594322481942,0.0052954332252034934,6.073519303625923,5.935144774622758,1.281696476390895,1.0905077326652575,1.0,1,0.0,0,4.3998803684835845,4.359328072923275,0.04055229556030948,0.513085225897966,1.7755769418911094,1.7500821204015053,7.925539430776199,7.925539430776199,True,3.7660273525955645,4.733190770801831,0.02212033607370258,1.0,190.5335493415261,0.005763648906706667,6.079941295218636,5.970171436044332,1.2564343733624699,1.0905077326652575,0.1649352660677556,17,0.0,0,slsqp,True,0.0028220410458743572,4.610043231275405,0.0,4.596572003407545,1.0,154.0412837170424,1.0,110.38399001713503,0.002698000054806471,4.577880560487113,11.580773427675462,diagnostic_empirical_bayes,1.0,170.1280690002711,1.0,122.46832398822905,0.973,274.0215095373094,0.102,16.263240743368264,0.943,130.77377800796296,5.0028219665256275
repeated_pilot,7,1007,2007,40,100,140,2000,5,17,0.02,0.5,0.05,24,-210.0,210.0,0.004749207757413387,0.0042474581860005856,True,-0.6084318668970196,9.95227771670556,10.560709583602579,100,1.0,5.072550178822859,4.788280701221626,0.28426947760123333,0.0,0.9529704117486445,0.9031676528974735,6.928688243468978,6.928688243468978,True,6.4784656772012505,4.908621233413152,0.02311907112857024,1.0,282.85152870399344,0.008269319019105527,6.3172761346540565,6.287986122962472,1.0715535451157039,0.5,0.058823529411764705,17,0.4,40,4.512956964504351,4.512956964504351,0.0,2.833213344056216,1.0600189464319854,1.1845754315334898,6.757551342469826,6.757551342469826,True,8.497017414901531,4.635057782859824,0.02232242013658008,1.0,128.5594322481942,0.006119589110568286,6.073519303625923,6.043808553262728,0.9898819552800524,1.0905077326652575,1.0,1,0.0,0,4.512956964504351,4.512956964504351,0.0,2.833213344056216,1.0600189464319854,1.1845754315334898,6.757551342469826,6.757551342469826,True,8.497017414901531,4.635057782859824,0.02232242013658008,1.0,128.5594322481942,0.006119589110568286,6.073519303625923,6.043808553262728,0.9898819552800524,1.0905077326652575,1.0,1,0.0,0,4.592835963388514,4.569631385533194,0.02320457785531982,0.7910292791029834,1.0750717422977498,0.9031676528974735,6.571075358583737,6.571075358583737,True,6.4784656772012505,4.691502298797505,0.022311157059862446,1.0,158.46663776132442,0.006468208424004469,6.103256774288592,6.07363299702828,0.9891662539814103,1.0905077326652575,0.2176883747796046,17,0.0,0,slsqp,True,0.004927041009068489,4.580263305081156,0.0,4.566428166644866,1.0,150.3630924195068,1.0,107.74824574344998,0.004824250005185604,4.616731375290983,16.221000596658644,diagnostic_empirical_bayes,1.0,172.80751104390407,1.0,121.35260262341787,0.9695,212.9219993251175,0.08,12.382123315346389,0.965,133.8865755365968,4.985929538289802
repeated_pilot,7,1007,2007,40,300,340,2000,5,17,0.02,0.5,0.05,24,-210.0,210.0,0.004807417280972004,0.004973708186298609,True,-0.6084318668970196,9.95227771670556,10.560709583602579,300,1.0,5.085974454087717,4.790435727229674,0.2955387268580427,0.0,0.5539757121025749,0.5178879574539874,6.157838123644279,6.157838123644279,True,11.144506824080384,4.908621233413152,0.02311907112857024,1.0,282.85152870399344,0.008376482197391493,6.3172761346540565,6.243838847523789,1.1705645828945637,0.5,0.058823529411764705,17,0.39,117,4.515445869416628,4.515445869416629,-8.881784197001252e-16,2.833213344056216,0.6162045992743446,0.6792507999139953,5.810901268604968,5.810901268604968,True,14.616897469712145,4.635057782859824,0.02232242013658008,1.0,128.5594322481942,0.006225360039935364,6.074460454862379,5.9733876892445785,1.0905171554659234,1.0905077326652575,1.0,1,0.0,0,4.515445869416628,4.515445869416629,-8.881784197001252e-16,2.833213344056216,0.6162045992743446,0.6792507999139953,5.810901268604968,5.810901268604968,True,14.616897469712145,4.635057782859824,0.02232242013658008,1.0,128.5594322481942,0.006225360039935364,6.074460454862379,5.9733876892445785,1.0905171554659234,1.0905077326652575,1.0,1,0.0,0,4.560290307082457,4.54749070768788,0.012799599394577754,1.082082134849592,0.6510712724472906,0.5178879574539874,5.729249536983735,5.729249536983735,True,11.144506824080384,4.667256655188142,0.022394324890109507,1.0,142.51012097973882,0.006440977634667726,6.111937278750315,6.014059831648168,1.09743951554125,1.0905077326652575,0.28611482359930707,17,0.0,0,slsqp,True,0.00664058281108737,4.580916339959885,0.0,4.567138127136897,1.0,149.2216841320547,0.997,106.93032733893304,0.0065640839748084545,4.5421135633475505,25.540465421048026,diagnostic_empirical_bayes,1.0,165.87048391667187,1.0,117.63022058677586,0.96,151.03773352371272,0.0585,7.8621099883078,0.9415,133.64203502895433,4.999869759279846
repeated_pilot,8,1008,2008,40,10,50,2000,5,17,0.02,0.5,0.05,24,-210.0,210.0,0.002585291862487793,0.004091166891157627,True,-0.6084318668970196,9.95227771670556,10.560709583602579,10,1.0,5.770336531828999,5.498126822474594,0.2722097093544047,0.0,2.8200499525208813,3.052045405402758,11.642431889752638,9.95227771670556,False,2.189247072869438,4.9511850702679565,0.022554591222172307,1.0,356.46710786921915,0.012962544235319165,6.458541615433781,6.396245135293034,0.21011277168854034,0.5,0.058823529411764705,17,0.4,4,5.219692950732446,5.219692950732446,0.0,2.833213344056216,3.1368302128830576,4.002997662245981,12.359520825861484,9.95227771670556,False,2.8713697703389016,4.702937470757161,0.02216979169374568,1.0,161.77902169648326,0.00995316945933066,6.257919415498843,6.20224586242773,0.2268628255773501,1.0905077326652575,1.0,1,0.0,0,5.220392459005902,5.21953871706427,0.0008537419416319025,2.3989635395568065,3.915843830373367,3.052045405402758,12.188281694782027,9.95227771670556,False,2.189247072869438,4.699530608260078,0.022215507318884675,1.0,159.28810903442306,0.009933108586541095,6.244402326016702,6.188072578300834,0.22567534784335902,1.0905077326652575,0.8432448418520654,2,0.0,0,5.428978896167688,5.364065649326607,0.06491324684108157,0.28089611717262175,2.9483571320318958,3.052045405402758,11.429381433602343,9.95227771670556,False,2.189247072869438,4.842443850899941,0.022186286670777863,1.0,274.3262582288172,0.011458514077112084,6.391530671288688,6.334074634170201,0.22100383498188392,1.0905077326652575,0.12317630407360203,17,0.0,0,slsqp,True,0.003369959071278572,4.639374259133003,0.0,4.625951342653929,1.0,167.43004211072147,1.0,119.97820097933692,0.003156708087772131,4.9480157740787885,8.248643497319264,diagnostic_empirical_bayes,1.0,186.70777383152947,1.0,134.2885033024647,0.9325,284.88658709447196,0.11,17.107885865339593,0.9865,147.79697567597083,4.99232237470997
repeated_pilot,8,1008,2008,40,30,70,2000,5,17,0.02,0.5,0.05,24,-210.0,210.0,0.002529500052332878,0.004070125054568052,True,-0.6084318668970196,9.95227771670556,10.560709583602579,30,1.0,5.326992030298863,5.084971014220673,0.2420210160781897,0.0,1.6393365012728687,1.7500821204015053,8.716410651973236,8.716410651973236,True,3.7660273525955645,4.9511850702679565,0.022554591222172307,1.0,356.46710786921915,0.01000421381694161,6.458541615433781,6.28924261913633,0.8580298204238985,0.5,0.058823529411764705,17,0.3333333333333333,10,4.809918069937494,4.809918069937494,0.0,2.833213344056216,1.8234855243177335,2.2953703848259877,8.928773979081216,8.928773979081216,True,4.93944115697226,4.687176769583705,0.022600910198914498,1.0,142.53244413275635,0.007686295283964048,6.174667079990858,6.0377762559970884,0.8720134237134171,0.9576032806985736,1.0,1,0.0,0,4.809918069937494,4.809918069937494,0.0,2.833213344056216,1.8234855243177335,2.2953703848259877,8.928773979081216,8.928773979081216,True,4.93944115697226,4.687176769583705,0.022600910198914498,1.0,142.53244413275635,0.007686295283964048,6.174667079990858,6.0377762559970884,0.8720134237134171,0.9576032806985736,1.0,1,0.0,0,4.949785785968221,4.905620177290142,0.04416560867807817,0.5056072917590081,1.7735913126221652,1.7500821204015053,8.473459218991891,8.473459218991891,True,3.7660273525955645,4.781753105639757,0.022299053509265525,1.0,219.0068823090008,0.008343638805584006,6.310636243369292,6.122510847992481,0.8296974934371661,0.9576032806985736,0.1651567249070041,17,0.0,0,slsqp,True,0.0035098339430987835,4.6270787429095215,0.0,4.613660196798614,1.0,167.64437112571875,0.976,120.13178637723128,0.0033342079259455204,4.878187636829826,11.479329218665985,diagnostic_empirical_bayes,1.0,183.2221388517728,1.0,132.87863868916327,0.929,300.55004900838924,0.1,15.577809789472052,0.9755,143.68554109919106,4.994231704820557
repeated_pilot,8,1008,2008,40,100,140,2000,5,17,0.02,0.5,0.05,24,-210.0,210.0,0.0025333338417112827,0.004327083006501198,True,-0.6084318668970196,9.95227771670556,10.560709583602579,100,1.0,5.175186417199455,4.909674245984911,0.2655121712145432,0.0,0.9529704117486445,0.9031676528974735,7.031324481845573,7.031324481845573,True,6.4784656772012505,4.9511850702679565,0.022554591222172307,1.0,356.46710786921915,0.008732893966819763,6.458541615433781,6.24790214711721,0.8826674155052991,0.5,0.058823529411764705,17,0.34,34,4.6396721464971025,4.639672146497104,-1.7763568394002505e-15,2.833213344056216,1.0600189464319854,1.1845754315334898,6.884266524462578,6.884266524462578,True,8.497017414901531,4.687176769583705,0.022600910198914498,1.0,142.53244413275635,0.006725586063454299,6.174667079990858,5.998044082218349,0.8975134227932088,0.9576032806985736,1.0,1,0.0,0,4.6396721464971025,4.639672146497104,-1.7763568394002505e-15,2.833213344056216,1.0600189464319854,1.1845754315334898,6.884266524462578,6.884266524462578,True,8.497017414901531,4.687176769583705,0.022600910198914498,1.0,142.53244413275635,0.006725586063454299,6.174667079990858,5.998044082218349,0.8975134227932088,0.9576032806985736,1.0,1,0.0,0,4.718635231677955,4.693979599928081,0.02465563174987384,0.7986289379648707,1.0762448069152921,0.9031676528974735,6.6980476914907205,6.6980476914907205,True,6.4784656772012505,4.744459614831551,0.022307736882735595,1.0,186.60216263223458,0.007041989443693608,6.272068111724547,6.102780832353046,0.8683634861999504,0.9576032806985736,0.2180513335351018,17,0.0,0,slsqp,True,0.003965791780501604,4.576624181412748,0.0,4.5628298409358115,1.0,147.1442148463865,0.998,105.44163973937145,0.003754375036805868,4.6703397313175135,13.347771613798507,diagnostic_empirical_bayes,1.0,172.41204236120038,1.0,120.87265273760612,0.975,221.51927284402998,0.073,11.765577277591012,0.968,133.66677598209301,5.002472439769697
repeated_pilot,8,1008,2008,40,300,340,2000,5,17,0.02,0.5,0.05,24,-210.0,210.0,0.0025044172070920467,0.005259333178400993,True,-0.6084318668970196,9.95227771670556,10.560709583602579,300,1.0,5.240729364277856,4.988976050762414,0.25175331351544195,0.0,0.5539757121025749,0.5178879574539874,6.312593033834418,6.312593033834418,True,11.144506824080384,4.9511850702679565,0.022554591222172307,1.0,356.46710786921915,0.009402155344002254,6.534911676064626,6.471503508204049,0.8690359851660889,0.5,0.058823529411764705,17,0.2966666666666667,89,4.722311995630579,4.722311995630582,-2.6645352591003757e-15,2.833213344056216,0.6162045992743446,0.6792507999139953,6.017767394818919,6.017767394818919,True,14.616897469712145,4.687176769583705,0.022600910198914498,1.0,142.53244413275635,0.007253240903366228,6.23955744676329,6.185633464145286,0.8869639838571911,0.9576032806985736,1.0,1,0.0,0,4.722311995630579,4.722311995630582,-2.6645352591003757e-15,2.833213344056216,0.6162045992743446,0.6792507999139953,6.017767394818919,6.017767394818919,True,14.616897469712145,4.687176769583705,0.022600910198914498,1.0,142.53244413275635,0.007253240903366228,6.23955744676329,6.185633464145286,0.8869639838571911,0.9576032806985736,1.0,1,0.0,0,4.767661270268524,4.752423827605068,0.015237442663456058,1.1002522755957282,0.6527016847242049,0.5178879574539874,5.938250912446716,5.938250912446716,True,11.144506824080384,4.717886867752855,0.022385192633453004,1.0,166.00168886568895,0.007427709559919717,6.296537586666689,6.244272826109577,0.8669319939367273,0.9576032806985736,0.29300495237885765,17,0.0,0,slsqp,True,0.005105499643832445,4.5748276112999315,0.0,4.560946803254431,1.0,148.2399672192402,1.0,106.2268417064527,0.005044666118919849,4.689241813043209,23.170053886681963,diagnostic_empirical_bayes,1.0,165.49799391834262,1.0,116.67471978814255,0.967,169.81230665834798,0.0505,8.050417801797188,0.973,139.64866782395757,4.998028043292172
repeated_pilot,9,1009,2009,40,10,50,2000,5,17,0.02,0.5,0.05,24,-210.0,210.0,0.00283158291131258,0.004383041989058256,True,-0.6084318668970196,9.95227771670556,10.560709583602579,10,1.0,5.170457389890519,5.019828167451189,0.15062922243932952,0.0,2.8200499525208813,3.052045405402758,11.042552747814158,9.95227771670556,False,2.189247072869438,4.946742146827329,0.02283529587006545,1.0,343.9458901073394,0.011814222145012612,6.077733237534035,6.065651353349701,2.3379475063532853,0.5,0.058823529411764705,17,0.1,1,4.691190212288515,4.6911902122885145,8.881784197001252e-16,2.833213344056216,3.1368302128830576,4.002997662245981,11.831018087417554,9.95227771670556,False,2.8713697703389016,4.953349567298405,0.03258817884644814,0.7915,107.07461938188139,0.009270372784195745,6.297015216438315,6.22997649634108,2.5436068474930296,0.7384130729697496,1.0,1,0.0,0,4.692343778827651,4.690910172121012,0.0014336067066391678,2.4166524030983028,3.9239237148965485,3.052045405402758,11.668312899126958,9.95227771670556,False,2.189247072869438,4.888302514925133,0.029365839699059326,0.836,109.51099668011791,0.009137757938724383,6.234081411860943,6.173105507966309,2.5124354614685966,0.7384130729697496,0.8535162804691169,2,0.0,0,4.924548876110814,4.834977701105322,0.08957117500549217,0.23756236968529132,2.928563227531874,3.052045405402758,10.905157509045445,9.95227771670556,False,2.189247072869438,4.818111744717622,0.02344370923305299,1.0,217.4635943242455,0.009982940201991584,6.037165945717536,6.010542812206083,2.3845770032328053,0.7384130729697496,0.12433556455694546,17,0.0,0,slsqp,True,0.003388041164726019,4.643777426869705,0.0,4.630702773260349,1.0,164.51684767805475,0.953,117.89064355697637,0.003337208181619644,5.033644992764219,12.316563184888206,diagnostic_empirical_bayes,1.0,174.82351070812263,1.0,127.63911646138615,0.937,297.2939463393426,0.1025,16.926478941247865,0.9655,149.96912913246493,5.010627353920043
repeated_pilot,9,1009,2009,40,30,70,2000,5,17,0.02,0.5,0.05,24,-210.0,210.0,0.002790207974612713,0.004341499879956245,True,-0.6084318668970196,9.95227771670556,10.560709583602579,30,1.0,5.238381824811989,5.05785574720826,0.18052607760372918,0.0,1.6393365012728687,1.7500821204015053,8.627800446486363,8.627800446486363,True,3.7660273525955645,4.946742146827329,0.02283529587006545,1.0,343.9458901073394,0.011038460620589252,6.236964557590473,6.218907962208896,1.3993489316628156,0.5,0.058823529411764705,17,0.2,6,4.760360301244883,4.760360301244883,0.0,2.833213344056216,1.8234855243177335,2.2953703848259877,8.879216210388604,8.879216210388604,True,4.93944115697226,4.677540887416881,0.023142238583893547,0.9735,137.87091297267452,0.008045999276689518,5.882786237241919,5.876779323205269,1.3509108208503602,0.9576032806985736,1.0,1,0.0,0,4.761058900523569,4.759310186369179,0.0017487141543899298,2.16570968083444,2.2144012785750893,1.7500821204015053,8.725542299500162,8.725542299500162,True,3.7660273525955645,4.694808785635038,0.023599418146811522,0.963,132.3326991574318,0.008120097290379666,5.938893298074904,5.938192024234176,1.376271472119036,0.9576032806985736,0.6127465288731078,2,0.0,0,4.897273721692284,4.854366807032395,0.042906914659888606,0.49096662355608456,1.7697037497257264,1.7500821204015053,8.417059591819516,8.417059591819516,True,3.7660273525955645,4.761003739128504,0.022945021557459516,1.0,196.30459194315307,0.008888259719141246,5.999636379630418,5.991744453807239,1.3650986134508278,0.9576032806985736,0.16095555079116713,17,0.0,0,slsqp,True,0.004263374954462051,4.587684774941318,0.0,4.574472606694299,1.0,144.36181227718376,0.9475,103.44780607341285,0.0041931672021746635,4.967565274102825,17.227933416597192,diagnostic_empirical_bayes,1.0,171.83174283794642,1.0,116.7138097344703,0.9605,131.9755558051353,0.172,21.864246764095135,1.0,142.78001041581302,5.001956812556743
repeated_pilot,9,1009,2009,40,100,140,2000,5,17,0.02,0.5,0.05,24,-210.0,210.0,0.002818457782268524,0.004394291900098324,True,-0.6084318668970196,9.95227771670556,10.560709583602579,100,1.0,5.271446237684371,5.026779360727106,0.24466687695726463,0.0,0.9529704117486445,0.9031676528974735,7.127584302330489,7.127584302330489,True,6.4784656772012505,4.946742146827329,0.02283529587006545,1.0,343.9458901073394,0.010159049213527414,6.236964557590473,6.175323076805091,1.0417073037928508,0.5,0.058823529411764705,17,0.31,31,4.743392620463484,4.743392620463484,0.0,2.833213344056216,1.0600189464319854,1.1845754315334898,6.987986998428959,6.987986998428959,True,8.497017414901531,4.677540887416881,0.023142238583893547,0.9735,137.87091297267452,0.0077075666290570884,5.897610072216649,5.882934475591666,1.051628810768705,0.9576032806985736,1.0,1,0.0,0,4.744199300586253,4.743144901866836,0.0010543987194164828,2.371122249715586,1.0056362057858093,1.1845754315334898,6.934410937905551,6.934410937905551,True,8.497017414901531,4.677355950100708,0.023011502558566013,0.9845,141.54704493014992,0.007678938163403807,5.872163177534591,5.844324649698296,1.0423996123584418,0.9576032806985736,0.8260521785667768,2,0.0,0,4.822255578719558,4.7972042993238055,0.025051279395752246,0.7868039414625049,1.074419529590141,0.9031676528974735,6.799842761207173,6.799842761207173,True,6.4784656772012505,4.73065909371716,0.02268468928985567,1.0,182.77299745156384,0.00805079069518363,5.916811860727796,5.903275560066228,1.0204882037803233,0.9576032806985736,0.21534832741597934,17,0.0,0,slsqp,True,0.004909333772957325,4.569816467731004,0.0,4.555957399891562,1.0,152.30172822108366,1.0,109.137447065358,0.004817750304937363,4.802279644770886,19.544332153897546,diagnostic_empirical_bayes,1.0,182.0284404273368,1.0,124.277501389288,1.0,130.78511693539187,0.126,16.115061436529412,1.0,145.85691745032142,4.985165790365445
repeated_pilot,9,1009,2009,40,300,340,2000,5,17,0.02,0.5,0.05,24,-210.0,210.0,0.0027318326756358147,0.005072374828159809,True,-0.6084318668970196,9.95227771670556,10.560709583602579,300,1.0,5.201123541890353,4.942877286521027,0.2582462553693263,0.0,0.5539757121025749,0.5178879574539874,6.272987211446915,6.272987211446915,True,11.144506824080384,4.946742146827329,0.02283529587006545,1.0,343.9458901073394,0.009625267583000573,6.238329360470206,6.2189343455838255,1.1410969234275334,0.5,0.058823529411764705,17,0.32,96,4.677958662790735,4.677958662790732,2.6645352591003757e-15,2.833213344056216,0.6162045992743446,0.6792507999139953,5.973414061979074,5.973414061979074,True,14.616897469712145,4.677540887416881,0.023142238583893547,0.9735,137.87091297267452,0.007527086659768963,6.041515523663997,5.966284302490151,1.1794730423199424,0.9576032806985736,1.0,1,0.0,0,4.67859061970933,4.676376687231557,0.0022139324777725733,2.1621136070382403,0.5702920013096554,0.6792507999139953,5.928133420932981,5.928133420932981,True,14.616897469712145,4.677948327557781,0.022872378157107714,1.0,146.02497079239944,0.0074347643987672934,5.892250427119026,5.873855558738989,1.1498744091470008,0.9576032806985736,0.6046062401315513,2,0.0,0,4.718539097306762,4.703174103622641,0.015364993684120698,1.1082962422982487,0.6534234723124309,0.5178879574539874,5.88985052707318,5.88985052707318,True,11.144506824080384,4.706299871038988,0.02270955395795562,1.0,165.95425897357467,0.007595773346644774,5.948906102942053,5.929601188257894,1.1318424665212057,0.9576032806985736,0.28008331335641795,17,0.0,0,slsqp,True,0.005839417222887278,4.576246164218507,0.0,4.562391055024465,1.0,154.5638364688861,1.0,110.75844455523726,0.005765124689787626,4.651135150739738,26.592911087119827,diagnostic_empirical_bayes,1.0,167.71811701917895,1.0,119.43710178636123,0.993,130.70451621008957,0.0835,10.334740952920745,1.0,142.90343073953207,4.986253594144586
repeated_pilot,10,1010,2010,40,10,50,2000,5,17,0.02,0.5,0.05,24,-210.0,210.0,0.004302499815821648,0.003903208300471306,True,-0.6084318668970196,9.95227771670556,10.560709583602579,10,1.0,4.8961781091258425,4.756535870106978,0.13964223901886452,0.0,2.8200499525208813,3.052045405402758,10.768273467049482,9.95227771670556,False,2.189247072869438,5.123300987006827,0.023869909029117314,1.0,555.5764144759848,0.013706279860290849,6.949129149870011,6.908830178004345,2.7571313945883684,0.5,0.058823529411764705,17,0.0,0,4.390067970851659,4.390067970851659,0.0,2.833213344056216,3.1368302128830576,4.002997662245981,11.529895845980697,9.95227771670556,False,2.8713697703389016,4.808823220514301,0.024469774395177585,0.9755,172.0586531672798,0.009444684794352034,6.547156852349459,6.503726442767413,2.846117734528056,0.7384130729697496,1.0,1,0.0,0,4.390067970851659,4.390067970851659,0.0,2.833213344056216,3.1368302128830576,4.002997662245981,11.529895845980697,9.95227771670556,False,2.8713697703389016,4.808823220514301,0.024469774395177585,0.9755,172.0586531672798,0.009444684794352034,6.547156852349459,6.503726442767413,2.846117734528056,0.7384130729697496,1.0,1,0.0,0,4.620642987205968,4.544109092292251,0.07653389491371687,0.26252519741761815,2.9399656992042957,3.052045405402758,10.612654091813022,9.95227771670556,False,2.189247072869438,4.930937801678101,0.023973051766131497,1.0,330.5693858877905,0.011041929888581945,6.723301525948703,6.680613349599356,2.8054742321013832,0.7384130729697496,0.12670389287256956,17,0.0,0,slsqp,True,0.0031708753667771816,4.642639753834174,0.0,4.628969044943988,1.0,181.50276062831392,1.0,130.06252891322583,0.003023833967745304,4.809883849769922,10.439017128371704,diagnostic_empirical_bayes,1.0,199.19650720924227,1.0,143.8700324203808,0.903,309.3299299877703,0.1295,22.933207009432074,0.992,145.17029817690835,4.976216386122045
repeated_pilot,10,1010,2010,40,30,70,2000,5,17,0.02,0.5,0.05,24,-210.0,210.0,0.004290333017706871,0.004026541020721197,True,-0.6084318668970196,9.95227771670556,10.560709583602579,30,1.0,5.0821329662602865,4.920041200886842,0.16209176537344483,0.0,1.6393365012728687,1.7500821204015053,8.47155158793466,8.47155158793466,True,3.7660273525955645,5.123300987006827,0.023869909029117314,1.0,555.5764144759848,0.011617364102891431,6.949129149870011,6.94026558250196,1.5179236429193326,0.5,0.058823529411764705,17,0.06666666666666667,2,4.576756418134868,4.5767564181348686,-8.881784197001252e-16,2.833213344056216,1.8234855243177335,2.2953703848259877,8.695612327278589,8.695612327278589,True,4.93944115697226,4.808823220514301,0.024469774395177585,0.9755,172.0586531672798,0.008133514080731976,6.547156852349459,6.53739404777692,1.5484276382007363,0.7384130729697496,1.0,1,0.0,0,4.576756418134868,4.5767564181348686,-8.881784197001252e-16,2.833213344056216,1.8234855243177335,2.2953703848259877,8.695612327278589,8.695612327278589,True,4.93944115697226,4.808823220514301,0.024469774395177585,0.9755,172.0586531672798,0.008133514080731976,6.547156852349459,6.53739404777692,1.5484276382007363,0.7384130729697496,1.0,1,0.0,0,4.722148654325377,4.668642866327362,0.05350578799801475,0.519689184512869,1.7773305028710507,1.7500821204015053,8.249561277597932,8.249561277597932,True,3.7660273525955645,4.883611326357243,0.02403478990241597,1.0,265.22448466841945,0.008968298019430011,6.675022606049998,6.665809761606033,1.5258061243379002,0.7384130729697496,0.1710202991244112,17,0.0,0,slsqp,True,0.005426125135272741,4.630637404820185,0.0,4.616968195152076,1.0,160.43697195860884,1.0,114.9670574259122,0.005385540891438723,4.751816307774643,11.773809189669706,diagnostic_empirical_bayes,1.0,189.22895777369595,1.0,131.4837624263855,0.8985,232.74198282257217,0.108,17.393502516918765,0.9435,135.36341536753602,5.016999654887362
repeated_pilot,10,1010,2010,40,100,140,2000,5,17,0.02,0.5,0.05,24,-210.0,210.0,0.00435512512922287,0.004742792341858149,True,-0.6084318668970196,9.95227771670556,10.560709583602579,100,1.0,5.293898543875098,5.1285032563007125,0.16539528757438582,0.0,0.9529704117486445,0.9031676528974735,7.150036608521217,7.150036608521217,True,6.4784656772012505,5.123300987006827,0.023869909029117314,1.0,555.5764144759848,0.011969219781736677,6.949129149870011,6.91887076471701,0.9805559143390158,0.5,0.058823529411764705,17,0.11,11,4.795583617793224,4.795583617793226,-1.7763568394002505e-15,2.833213344056216,1.0600189464319854,1.1845754315334898,7.040177995758699,7.040177995758699,True,8.497017414901531,4.808823220514301,0.024469774395177585,0.9755,172.0586531672798,0.008452790819185015,6.547156852349459,6.513828657429414,0.9838727707976919,0.7384130729697496,1.0,1,0.0,0,4.7959808035090115,4.7955638436552,0.0004169598538110719,2.6628566272963674,1.0399699447127364,1.1845754315334898,7.020526179755238,7.020526179755238,True,8.497017414901531,4.808191821814633,0.02444075486373636,0.9795,173.13911207497068,0.008454065878627381,6.549449250464844,6.516269052991936,0.9831615031934746,0.7384130729697496,0.9592385044013279,2,0.0,0,4.8757501779667916,4.844725488313381,0.03102468965341032,0.8271815912738175,1.08065212413076,0.9031676528974735,6.859569954995025,6.859569954995025,True,6.4784656772012505,4.847888146809977,0.024088273169323642,1.0,224.24429694499767,0.008936978740918223,6.634300391258272,6.603032745081285,0.9790242456097507,0.7384130729697496,0.22612316636614258,17,0.0,0,slsqp,True,0.0037732082419097424,4.615688971231608,0.0,4.6019225833028194,1.0,151.50903453690063,1.0,108.56941303181779,0.0037373341619968414,4.729082529042047,13.859276440002857,diagnostic_empirical_bayes,1.0,178.30262533840852,1.0,124.06455970685285,0.9135,174.1111018047765,0.069,11.64922160940336,0.99,138.50548821798182,5.001803408750601
repeated_pilot,10,1010,2010,40,300,340,2000,5,17,0.02,0.5,0.05,24,-210.0,210.0,0.0042866673320531845,0.0057181669399142265,True,-0.6084318668970196,9.95227771670556,10.560709583602579,300,1.0,5.3250473248771595,5.14785816564399,0.17718915923316914,0.0,0.5539757121025749,0.5178879574539874,6.396910994433721,6.396910994433721,True,11.144506824080384,5.123300987006827,0.023869909029117314,1.0,555.5764144759848,0.01161753776763059,6.949129149870011,6.681550533006566,0.8839242785443423,0.5,0.058823529411764705,17,0.14,42,4.832509197695228,4.832509197695229,-8.881784197001252e-16,2.833213344056216,0.6162045992743446,0.6792507999139953,6.127964596883568,6.127964596883568,True,14.616897469712145,4.805766217812615,0.024121846859321915,1.0,195.30856721741114,0.008520063359643308,6.60497124837532,6.346915464023372,0.9059597495248765,0.8408964152537145,1.0,1,0.0,0,4.834106933327403,4.831854839517945,0.0022520938094583443,2.280949477694079,0.5784220351216924,0.6792507999139953,6.09177976836309,6.09177976836309,True,14.616897469712145,4.804351362303399,0.024145742978367194,1.0,190.52690685240213,0.008479631993023611,6.590727493342558,6.324186749069291,0.9026240801707792,0.8408964152537145,0.7589703629255165,2,0.0,0,4.874664751432812,4.857258291402311,0.01740646003050106,1.1216654894542837,0.6546230989416817,0.5178879574539874,6.047175807828481,6.047175807828481,True,11.144506824080384,4.830103515772463,0.024100085609437955,1.0,210.2448886205349,0.008690714359062312,6.622006834218636,6.35504881712992,0.8990779872247291,0.8408964152537145,0.2888796833045959,17,0.0,0,slsqp,True,0.005274458788335323,4.6021142880127135,0.0,4.588307977220982,1.0,148.25524648057373,0.9975,106.23779062735112,0.005079875234514475,4.671250945762678,20.08215945906814,diagnostic_empirical_bayes,1.0,168.49937734504272,1.0,118.86607606972409,0.9915,167.0043198971388,0.0495,7.722626956712966,0.964,134.55682705185785,5.006791428586239
repeated_pilot,11,1011,2011,40,10,50,2000,5,17,0.02,0.5,0.05,24,-210.0,210.0,0.0034344163723289967,0.0038085421547293663,True,-0.6084318668970196,9.95227771670556,10.560709583602579,10,1.0,5.181640098835762,4.791425582874959,0.39021451596080237,0.0,2.8200499525208813,3.052045405402758,11.053735456759402,9.95227771670556,False,2.189247072869438,4.9695780753764,0.024102080074380534,1.0,387.02821871951596,0.007542600955022549,5.9488348318572335,5.9315156404669995,0.5772422851477672,0.5,0.058823529411764705,17,0.4,4,4.533002030294105,4.533002030294105,0.0,2.833213344056216,3.1368302128830576,4.002997662245981,11.672829905423143,9.95227771670556,False,2.8713697703389016,4.740591680212698,0.02393986812160063,1.0,175.9250388127339,0.0057403128955887325,5.713460585083814,5.680335167842966,0.5771969580247471,1.0905077326652575,1.0,1,0.0,0,4.533002030294105,4.533002030294105,0.0,2.833213344056216,3.1368302128830576,4.002997662245981,11.672829905423143,9.95227771670556,False,2.8713697703389016,4.740591680212698,0.02393986812160063,1.0,175.9250388127339,0.0057403128955887325,5.713460585083814,5.680335167842966,0.5771969580247471,1.0905077326652575,1.0,1,0.0,0,4.7398834316270175,4.671670502995663,0.06821292863135486,0.3216159576922612,2.9669570612149765,3.052045405402758,10.758885898244753,9.95227771670556,False,2.189247072869438,4.889859838400305,0.024005817834473656,1.0,312.18331327717976,0.006652179773831613,5.901138482230032,5.862350818279685,0.5899463729328891,1.0905077326652575,0.1276219521513495,17,0.0,0,slsqp,True,0.0028036669827997684,4.697081353079376,0.0,4.684516424936834,1.0,218.2554082721128,1.0,156.39900049228947,0.0026987078599631786,4.980135252953299,9.883292664717311,diagnostic_empirical_bayes,1.0,221.9118497370705,1.0,165.61079299577446,0.9845,419.8584540321654,0.1065,16.873183307352246,0.9125,132.85915175871307,5.112512136882204
repeated_pilot,11,1011,2011,40,30,70,2000,5,17,0.02,0.5,0.05,24,-210.0,210.0,0.003567500039935112,0.0041750832460820675,True,-0.6084318668970196,9.95227771670556,10.560709583602579,30,1.0,5.142443246812699,4.858757033072141,0.283686213740558,0.0,1.6393365012728687,1.7500821204015053,8.531861868487074,8.531861868487074,True,3.7660273525955645,4.9695780753764,0.024102080074380534,1.0,387.02821871951596,0.00873684151098984,6.103581492938463,6.080281322189749,1.0778135141079974,0.5,0.058823529411764705,17,0.3,9,4.6047656729921895,4.6047656729921895,0.0,2.833213344056216,1.8234855243177335,2.2953703848259877,8.72362158213591,8.72362158213591,True,4.93944115697226,4.752973837261558,0.024352573481872877,0.9545,155.09498126416997,0.006715419342217069,5.764266669907988,5.7535429074509015,1.0697536481964895,0.9576032806985736,1.0,1,0.0,0,4.6047656729921895,4.6047656729921895,0.0,2.833213344056216,1.8234855243177335,2.2953703848259877,8.72362158213591,8.72362158213591,True,4.93944115697226,4.752973837261558,0.024352573481872877,0.9545,155.09498126416997,0.006715419342217069,5.764266669907988,5.7535429074509015,1.0697536481964895,0.9576032806985736,1.0,1,0.0,0,4.750823457632938,4.6957734413888135,0.055050016244124755,0.5186683413033057,1.7770594365420023,1.7500821204015053,8.277965014576445,8.277965014576445,True,3.7660273525955645,4.812013325625769,0.023937250488706457,1.0,234.92969614830753,0.007398317612358941,5.90569610853955,5.8860287037949055,1.070766183186923,0.9576032806985736,0.17127456091258114,17,0.0,0,slsqp,True,0.003776125144213438,4.609696098625873,0.0,4.596224316975737,1.0,171.177134259752,1.0,122.66331871135768,0.0035568750463426113,4.830510829366341,12.704828657027189,diagnostic_empirical_bayes,1.0,184.70924832597873,1.0,134.1397669894138,0.982,292.50605602852687,0.0975,14.771781836704271,0.925,131.3974754372385,5.066026027511436
repeated_pilot,11,1011,2011,40,100,140,2000,5,17,0.02,0.5,0.05,24,-210.0,210.0,0.00345175014808774,0.004768292419612408,True,-0.6084318668970196,9.95227771670556,10.560709583602579,100,1.0,5.337082323782174,5.058188399741835,0.2788939240403394,0.0,0.9529704117486445,0.9031676528974735,7.193220388428292,7.193220388428292,True,6.4784656772012505,4.9695780753764,0.024102080074380534,1.0,387.02821871951596,0.010111327247445304,6.520419393582335,6.2007918583754,0.8671926450841262,0.5,0.058823529411764705,17,0.28,28,4.8076931387711825,4.807693138771182,8.881784197001252e-16,2.833213344056216,1.0600189464319854,1.1845754315334898,7.052287516736658,7.052287516736658,True,8.497017414901531,4.752973837261558,0.024352573481872877,0.9545,155.09498126416997,0.007809387692652969,6.172878396988675,5.928333639789329,0.8668820862715332,0.9576032806985736,1.0,1,0.0,0,4.8088178603000244,4.8062861688607335,0.002531691439290995,2.2019032466526083,0.985721099719743,1.1845754315334898,6.979114391553257,6.979114391553257,True,8.497017414901531,4.744392126992159,0.024093820758706874,0.965,162.67752488699236,0.0078017089098197144,6.186063029746378,5.964755522665872,0.8622633720150639,0.9576032806985736,0.6739993673659407,2,0.0,0,4.886947442226982,4.855441492943527,0.031505949283455514,0.8091897847394014,1.0778749532031233,0.9031676528974735,6.867990048327579,6.867990048327579,True,6.4784656772012505,4.782285304080439,0.023934798980502704,1.0,205.04057823893632,0.008233218004885249,6.257265953981502,6.056649262625588,0.8638923237360107,0.9576032806985736,0.22078248904004447,17,0.0,0,slsqp,True,0.005476250313222408,4.5595153615043404,0.0,4.5456026744112625,1.0,146.54741916356434,1.0,105.01398367792292,0.005230000242590904,4.765144806261956,14.762678813100129,diagnostic_empirical_bayes,1.0,168.31743769193,1.0,118.76703375603473,0.919,195.6301746710602,0.0835,11.645754402161762,0.969,141.14984713595726,4.997676930571677
repeated_pilot,11,1011,2011,40,300,340,2000,5,17,0.02,0.5,0.05,24,-210.0,210.0,0.0037334170192480087,0.0056409998796880245,True,-0.6084318668970196,9.95227771670556,10.560709583602579,300,1.0,5.257489800167501,4.964425833323355,0.29306396684414615,0.0,0.5539757121025749,0.5178879574539874,6.3293534697240625,6.3293534697240625,True,11.144506824080384,4.9695780753764,0.024102080074380534,1.0,387.02821871951596,0.009622880089055982,6.787540821856506,6.521163665197864,1.02019104206262,0.5,0.058823529411764705,17,0.30666666666666664,92,4.725229338407851,4.725229338407848,2.6645352591003757e-15,2.833213344056216,0.6162045992743446,0.6792507999139953,6.0206847375961905,6.0206847375961905,True,14.616897469712145,4.740591680212698,0.02393986812160063,1.0,175.9250388127339,0.007531531944218842,6.421714945309824,6.214442154475101,1.008174967595266,1.0905077326652575,1.0,1,0.0,0,4.727133635662075,4.724557597319252,0.0025760383428234945,2.2820394972077453,0.5784966076851195,0.6792507999139953,5.98488104326119,5.98488104326119,True,14.616897469712145,4.740299632515607,0.023955347115328665,0.9795,171.67366341014426,0.007515639472177029,6.42045006227058,6.204466382601089,1.0116844582896352,1.0905077326652575,0.7599185055648909,2,0.0,0,4.76892677046846,4.749727936619467,0.01919883384899279,1.1305234501897998,0.6554179264630194,0.5178879574539874,5.942232654385466,5.942232654385466,True,11.144506824080384,4.76375299781136,0.023934482303849758,1.0,190.2852195321533,0.0077121641905360805,6.451918489617994,6.2382162058294925,1.008533437533636,1.0905077326652575,0.29650133320701927,17,0.0,0,slsqp,True,0.006180792115628719,4.558163101388365,0.0,4.544155502785815,1.0,147.97700302769204,1.0,106.03840497057064,0.005846333224326372,4.654611051416781,21.404118107281366,diagnostic_empirical_bayes,1.0,168.6897216607654,1.0,118.3470020789165,1.0,172.53091384007945,0.057,8.52404119609484,0.973,140.24965611016685,4.989512986450357
repeated_pilot,12,1012,2012,40,10,50,2000,5,17,0.02,0.5,0.05,24,-210.0,210.0,0.005070916842669249,0.004115500021725893,True,-0.6084318668970196,9.95227771670556,10.560709583602579,10,1.0,5.47528024303322,5.048055223456465,0.4272250195767553,0.0,2.8200499525208813,3.052045405402758,11.347375600956859,9.95227771670556,False,2.189247072869438,4.957347230328093,0.024048272443759986,1.0,402.4890469089802,0.009552320608237335,6.187382823754235,6.176766545115674,0.4802847255983889,0.5,0.058823529411764705,17,0.4,4,4.787255406926411,4.78725540692641,8.881784197001252e-16,2.833213344056216,3.1368302128830576,4.002997662245981,11.927083282055449,9.95227771670556,False,2.8713697703389016,4.718093697419045,0.024140152462316756,1.0,182.39926993640623,0.00798399814057082,6.1239041053913486,6.111693716675424,0.6319851125838812,1.0905077326652575,1.0,1,0.0,0,4.787574262784956,4.7872347704671485,0.0003394923178072773,2.620663601481473,3.062806398614909,4.002997662245981,11.853378323645845,9.95227771670556,False,2.8713697703389016,4.7203193547118065,0.02414117192264565,1.0,183.94271190536372,0.00801102425023274,6.130464645295547,6.118238517546383,0.6381333410978083,1.0905077326652575,0.9451519883445133,2,0.0,0,4.9891606840773655,4.92311236937295,0.06604831470441574,0.3254201531186327,2.968694734168165,3.052045405402758,11.00990082364829,9.95227771670556,False,2.189247072869438,4.884730262171495,0.024157121574633192,1.0,329.383929732085,0.009537736350071591,6.334748496545092,6.322497870409984,0.7104534866432626,1.0905077326652575,0.12672034176151914,17,0.0,0,slsqp,True,0.0042243339121341705,4.645912306167692,0.0,4.632795056864141,1.0,201.1711046731141,1.0,144.15660967071176,0.00393816689029336,4.861686306251006,13.226644759022623,diagnostic_empirical_bayes,1.0,208.61307066833086,1.0,153.94404175674484,0.951,377.5412722751313,0.1085,18.402965057830457,0.951,138.08286340189846,4.966185511785307
repeated_pilot,12,1012,2012,40,30,70,2000,5,17,0.02,0.5,0.05,24,-210.0,210.0,0.005167040973901749,0.00402487488463521,True,-0.6084318668970196,9.95227771670556,10.560709583602579,30,1.0,5.646799079340093,5.284957727461338,0.36184135187875555,0.0,1.6393365012728687,1.7500821204015053,9.036217701014467,9.036217701014467,True,3.7660273525955645,4.957347230328093,0.024048272443759986,1.0,402.4890469089802,0.011220390421101208,6.187382823754235,6.153174814807762,0.40277927608422137,0.5,0.058823529411764705,17,0.4,12,5.015553187330818,5.015553187330819,-8.881784197001252e-16,2.833213344056216,1.8234855243177335,2.2953703848259877,9.13440909647454,9.13440909647454,True,4.93944115697226,4.718093697419045,0.024140152462316756,1.0,182.39926993640623,0.008797234946445723,6.1239041053913486,6.084559519528923,0.45251984330367623,1.0905077326652575,1.0,1,0.0,0,5.015553187330818,5.015553187330819,-8.881784197001252e-16,2.833213344056216,1.8234855243177335,2.2953703848259877,9.13440909647454,9.13440909647454,True,4.93944115697226,4.718093697419045,0.024140152462316756,1.0,182.39926993640623,0.008797234946445723,6.1239041053913486,6.084559519528923,0.45251984330367623,1.0905077326652575,1.0,1,0.0,0,5.147679424789709,5.10976322508784,0.037916199701869324,0.5190072421575341,1.7771494254938867,1.7500821204015053,8.6749109706851,8.6749109706851,True,3.7660273525955645,4.837122208464665,0.024159419517161846,1.0,279.9366161543496,0.009784246688511227,6.285101778277921,6.245510806942155,0.4704856423796902,1.0905077326652575,0.16257512479163905,17,0.0,0,slsqp,True,0.0032007922418415546,4.661693106336014,0.0,4.64877502948942,1.0,218.53371656029603,1.0,156.59843260920783,0.003103791270405054,4.955857592877237,14.386644474154059,diagnostic_empirical_bayes,1.0,224.31978332084662,1.0,166.40197341249623,0.964,434.3556747016455,0.102,16.743969191655186,0.96,150.17609682226757,4.987209870455088
repeated_pilot,12,1012,2012,40,100,140,2000,5,17,0.02,0.5,0.05,24,-210.0,210.0,0.005220375023782253,0.004755416885018349,True,-0.6084318668970196,9.95227771670556,10.560709583602579,100,1.0,5.263215559010794,4.975813993918631,0.2874015650921624,0.0,0.9529704117486445,0.9031676528974735,7.119353623656912,7.119353623656912,True,6.4784656772012505,4.957347230328093,0.024048272443759986,1.0,402.4890469089802,0.009954808191187254,6.576625086218165,6.5337129869149475,1.1890052785802008,0.5,0.058823529411764705,17,0.32,32,4.721457931477803,4.721457931477803,0.0,2.833213344056216,1.0600189464319854,1.1845754315334898,6.9660523094432785,6.9660523094432785,True,8.497017414901531,4.718093697419045,0.024140152462316756,1.0,182.39926993640623,0.007876797791657154,6.466686638386675,6.430717086014896,1.1852695593623919,1.0905077326652575,1.0,1,0.0,0,4.722451562514655,4.721306346339056,0.0011452161755984847,2.450269200376454,1.0149508801940395,1.1845754315334898,6.921977874242184,6.921977874242184,True,8.497017414901531,4.716067327471096,0.024138335052231175,1.0,180.09209409840025,0.00785874011533805,6.451600259659372,6.415306832516287,1.1868320077137415,1.0905077326652575,0.8718033681028566,2,0.0,0,4.799254713476913,4.772720698284918,0.026534015191994165,0.8134888733433766,1.0785385499277464,0.9031676528974735,6.780960916302132,6.780960916302132,True,6.4784656772012505,4.767886362248587,0.024115452627220407,1.0,218.989247661181,0.008269847884543624,6.504088661794821,6.467602477549517,1.1842691628753796,1.0905077326652575,0.21964982863471838,17,0.0,0,slsqp,True,0.004943582694977522,4.54964269177731,0.0,4.535518218074754,1.0,152.35879345949965,1.0,109.17833927656034,0.004731749650090933,4.7046188902463335,19.035047022437613,diagnostic_empirical_bayes,1.0,176.36910062191214,1.0,124.06447004890948,0.9435,210.2505801636498,0.07,12.13050069443438,0.9915,146.4103343597406,4.9644910831785385
repeated_pilot,12,1012,2012,40,300,340,2000,5,17,0.02,0.5,0.05,24,-210.0,210.0,0.004969083238393068,0.005367833189666271,True,-0.6084318668970196,9.95227771670556,10.560709583602579,300,1.0,5.250096161411292,4.978711994243747,0.271384167167545,0.0,0.5539757121025749,0.5178879574539874,6.321959830967854,6.321959830967854,True,11.144506824080384,4.957347230328093,0.024048272443759986,1.0,402.4890469089802,0.0101633545765552,6.644059351558056,6.576749380988087,1.1792265169638998,0.5,0.058823529411764705,17,0.30333333333333334,91,4.729013234067004,4.7290132340670015,2.6645352591003757e-15,2.833213344056216,0.6162045992743446,0.6792507999139953,6.024468633255344,6.024468633255344,True,14.616897469712145,4.71072632176771,0.02432555419577934,1.0,160.62163522928418,0.008049684665934658,6.414923346803327,6.354743133103769,1.2194274169848158,0.9576032806985736,1.0,1,0.0,0,4.7301562010364595,4.728030845760986,0.0021253552754734173,2.22489554722091,0.5745871631463421,0.6792507999139953,5.983994164096797,5.983994164096797,True,14.616897469712145,4.710756528123774,0.024217555197194977,1.0,167.85370107439516,0.008051841533397611,6.4459275986952385,6.386733006087391,1.2098933646286314,0.9576032806985736,0.7029804335504357,2,0.0,0,4.770205296504198,4.753861410464145,0.01634388604005288,1.1243878389020883,0.6548673761888294,0.5178879574539874,5.942960630147015,5.942960630147015,True,11.144506824080384,4.737619980966505,0.024135274756150467,1.0,192.04785552082816,0.008290902392203252,6.506341380991467,6.44808984876161,1.2025835546552057,0.9576032806985736,0.2865734848121119,17,0.0,0,slsqp,True,0.0070908330380916595,4.5496396109978265,0.0,4.535506208345858,1.0,149.25902566029225,1.0,106.95708579472317,0.0067564998753368855,4.622898469536249,24.77546212517326,diagnostic_empirical_bayes,1.0,166.36571585019857,1.0,117.48912160138191,0.9865,150.21996793735755,0.0495,8.024504969227745,0.989,143.35372032336787,4.9664455692658525
repeated_pilot,13,1013,2013,40,10,50,2000,5,17,0.02,0.5,0.05,24,-210.0,210.0,0.002773083746433258,0.003814124967902899,True,-0.6084318668970196,9.95227771670556,10.560709583602579,10,1.0,5.2790555977916505,4.983295170638568,0.29576042715308226,0.0,2.8200499525208813,3.052045405402758,11.15115095571529,9.95227771670556,False,2.189247072869438,4.907278982448137,0.022770595272568674,1.0,309.0169063857917,0.007734541721145752,5.6449080707198105,5.644341733067549,0.21501820947035316,0.5,0.058823529411764705,17,0.5,5,4.671164540106082,4.671164540106082,0.0,2.833213344056216,3.1368302128830576,4.002997662245981,11.81099241523512,9.95227771670556,False,2.8713697703389016,4.634792776272754,0.021869921493009023,1.0,140.83996351175446,0.0056550161305014635,5.3127236912452975,5.3049670935604025,0.2119337631064528,1.0905077326652575,1.0,1,0.0,0,4.671164540106082,4.671164540106082,0.0,2.833213344056216,3.1368302128830576,4.002997662245981,11.81099241523512,9.95227771670556,False,2.8713697703389016,4.634792776272754,0.021869921493009023,1.0,140.83996351175446,0.0056550161305014635,5.3127236912452975,5.3049670935604025,0.2119337631064528,1.0905077326652575,1.0,1,0.0,0,4.8742735510867385,4.824465986178561,0.049807564908177504,0.2808749869847884,2.948347480225987,3.052045405402758,10.874666436715483,9.95227771670556,False,2.189247072869438,4.7815036575985825,0.021977654136570515,1.0,239.95146664554974,0.006585112695366822,5.4302817971676225,5.427290871526689,0.21019979454671636,1.0905077326652575,0.12151925525310919,17,0.0,0,slsqp,True,0.002739750314503908,4.601296553035663,0.0,4.5876847015070465,1.0,163.62984359225777,1.0,117.25502791038375,0.002540749963372946,4.8868739566360215,6.26053886997204,diagnostic_empirical_bayes,1.0,192.46630790653725,1.0,134.68348155843694,0.961,252.89689690164866,0.113,18.553245954958797,1.0,146.4339836522879,5.0088631620391535
repeated_pilot,13,1013,2013,40,30,70,2000,5,17,0.02,0.5,0.05,24,-210.0,210.0,0.002787291072309017,0.0041616251692175865,True,-0.6084318668970196,9.95227771670556,10.560709583602579,30,1.0,5.135866444592002,4.86249408216112,0.2733723624308828,0.0,1.6393365012728687,1.7500821204015053,8.525285066266376,8.525285066266376,True,3.7660273525955645,4.907278982448137,0.022770595272568674,1.0,309.0169063857917,0.009369510577409241,6.116967586395531,6.112045069799009,1.3874301370747752,0.5,0.058823529411764705,17,0.4666666666666667,14,4.567847347244686,4.567847347244686,0.0,2.833213344056216,1.8234855243177335,2.2953703848259877,8.686703256388407,8.686703256388407,True,4.93944115697226,4.634792776272754,0.021869921493009023,1.0,140.83996351175446,0.006673591047758291,5.720888710778448,5.7187576132827935,1.2206302911416247,1.0905077326652575,1.0,1,0.0,0,4.568047528947577,4.5668456923245,0.0012018366230774902,2.144112646306736,2.20866657924721,1.7500821204015053,8.526796228596293,8.526796228596293,True,3.7660273525955645,4.622562037555642,0.022143634909076327,1.0,134.09005675206717,0.0067811808880678835,5.784888794648593,5.784616247925537,1.2733849072937125,1.0905077326652575,0.5449500937200031,2,0.0,0,4.699624891086966,4.665485282211418,0.0341396088755479,0.4876815023194231,1.7688314455895398,1.7500821204015053,8.218538457078012,8.218538457078012,True,3.7660273525955645,4.725969964286139,0.022045181339861438,1.0,198.2419874317695,0.007431847799716886,5.850395115317663,5.848240418494941,1.2555690959823371,1.0905077326652575,0.15735450787501695,17,0.0,0,slsqp,True,0.0032315002754330635,4.579120002354193,0.0,4.5651940347957405,1.0,166.21584712440404,1.0,119.1081245685566,0.003099209163337946,4.869848626677777,14.31781297838014,diagnostic_empirical_bayes,1.0,187.11492644932943,1.0,132.98353041818027,0.977,260.6340478306054,0.099,17.054898278403485,0.9875,152.28943508723145,4.991871948408179
repeated_pilot,13,1013,2013,40,100,140,2000,5,17,0.02,0.5,0.05,24,-210.0,210.0,0.002776416949927807,0.004037541337311268,True,-0.6084318668970196,9.95227771670556,10.560709583602579,100,1.0,5.029729070779616,4.801737578612752,0.22799149216686398,0.0,0.9529704117486445,0.9031676528974735,6.885867135425734,6.885867135425734,True,6.4784656772012505,4.907278982448137,0.022770595272568674,1.0,309.0169063857917,0.008566852372192792,6.116967586395531,6.11298753001684,1.2992855430284584,0.5,0.058823529411764705,17,0.32,32,4.513458611661402,4.513458611661401,1.7763568394002505e-15,2.833213344056216,1.0600189464319854,1.1845754315334898,6.7580529896268775,6.7580529896268775,True,8.497017414901531,4.610235830194799,0.02251486081707699,1.0,124.1162555438093,0.006409365420108471,5.877625337329383,5.865230533235739,1.2785164854026159,0.9576032806985736,1.0,1,0.0,0,4.513458611661402,4.513458611661401,1.7763568394002505e-15,2.833213344056216,1.0600189464319854,1.1845754315334898,6.7580529896268775,6.7580529896268775,True,8.497017414901531,4.610235830194799,0.02251486081707699,1.0,124.1162555438093,0.006409365420108471,5.877625337329383,5.865230533235739,1.2785164854026159,0.9576032806985736,1.0,1,0.0,0,4.594346277757749,4.570848029790115,0.023498247967634,0.787939297216169,1.0745947803069362,0.9031676528974735,6.572108710962159,6.572108710962159,True,6.4784656772012505,4.668439288060271,0.02244723689138681,1.0,155.09206141310668,0.006757710962363036,5.899021730797661,5.894864155268413,1.2689931107763825,0.9576032806985736,0.21843952453794793,17,0.0,0,slsqp,True,0.005609250161796808,4.570925104729866,0.0,4.557006272724892,1.0,152.03643145167393,1.0,108.94733883437304,0.005389750003814697,4.686060151734669,16.476171331922327,diagnostic_empirical_bayes,1.0,177.1842609879758,1.0,123.895376399128,0.91,189.42226362885935,0.079,11.868565229720302,0.987,143.24058486376575,4.994827411077591
repeated_pilot,13,1013,2013,40,300,340,2000,5,17,0.02,0.5,0.05,24,-210.0,210.0,0.0027584582567214966,0.004998875316232443,True,-0.6084318668970196,9.95227771670556,10.560709583602579,300,1.0,5.115303976533991,4.899417682541843,0.2158862939921482,0.0,0.5539757121025749,0.5178879574539874,6.187167646090553,6.187167646090553,True,11.144506824080384,4.907278982448137,0.022770595272568674,1.0,309.0169063857917,0.00891333724094442,6.123156873961315,6.1161267885248884,1.0616044496024344,0.5,0.058823529411764705,17,0.30666666666666664,92,4.597958950783488,4.597958950783485,2.6645352591003757e-15,2.833213344056216,0.6162045992743446,0.6792507999139953,5.8934143499718274,5.8934143499718274,True,14.616897469712145,4.610235830194799,0.02251486081707699,1.0,124.1162555438093,0.00657933258348519,5.898349395579646,5.877759598639965,1.0411256603682866,0.9576032806985736,1.0,1,0.0,0,4.597958950783488,4.597958950783485,2.6645352591003757e-15,2.833213344056216,0.6162045992743446,0.6792507999139953,5.8934143499718274,5.8934143499718274,True,14.616897469712145,4.610235830194799,0.02251486081707699,1.0,124.1162555438093,0.00657933258348519,5.898349395579646,5.877759598639965,1.0411256603682866,0.9576032806985736,1.0,1,0.0,0,4.644158491152983,4.632835250283895,0.011323240869088202,1.0668899407817358,0.6497080722350542,0.5178879574539874,5.811754520842024,5.811754520842024,True,11.144506824080384,4.6453490503370904,0.02242717002454172,1.0,141.68104597124074,0.006783229019471252,5.898817895560299,5.877834385301513,1.0313613636892682,0.9576032806985736,0.2860890049788467,17,0.0,0,slsqp,True,0.005557958036661148,4.56180682762417,0.0,4.547922706458644,1.0,148.83879235665867,0.9995,106.65595204879591,0.0054270001128315926,4.63145473127029,23.139875007740667,diagnostic_empirical_bayes,1.0,168.29866568996135,1.0,118.83681287978723,0.9875,177.22594258555856,0.0535,8.480814411180857,0.964,140.58825720115524,5.008453363713583
repeated_pilot,14,1014,2014,40,10,50,2000,5,17,0.02,0.5,0.05,24,-210.0,210.0,0.004242333117872477,0.004136417061090469,True,-0.6084318668970196,9.95227771670556,10.560709583602579,10,1.0,5.313409995478401,5.088342896001729,0.22506709947667236,0.0,2.8200499525208813,3.052045405402758,11.185505353402041,9.95227771670556,False,2.189247072869438,4.954744400651695,0.02299910695458998,1.0,386.91472540853636,0.009602898785854937,6.471494001897535,6.385566936522271,0.38796014755061314,0.5,0.058823529411764705,17,0.3,3,4.7970084527701164,4.7970084527701164,0.0,2.833213344056216,3.1368302128830576,4.002997662245981,11.936836327899154,9.95227771670556,False,2.8713697703389016,4.696850743111814,0.02305873280025399,1.0,154.53270507974935,0.007073547718746026,6.104619983851836,6.03148260057936,0.37113776092390516,0.9576032806985736,1.0,1,0.0,0,4.797879183558724,4.79611776596557,0.0017614175931539577,2.1906262530578218,3.820679931752314,3.052045405402758,11.670604520713797,9.95227771670556,False,2.189247072869438,4.706784458521293,0.023222719469072055,1.0,149.06833592410115,0.007111611173682179,6.141785998874772,6.061757914944414,0.37861124209974456,0.9576032806985736,0.6576420911486095,2,0.0,0,5.01413580843454,4.943022831279849,0.07111297715469078,0.2663106702803749,2.941694820101461,3.052045405402758,11.007876033938759,9.95227771670556,False,2.189247072869438,4.82503299541903,0.022996595420270733,1.0,272.0970204357915,0.008209344174463139,6.267165185586068,6.191335565596946,0.37433660688129305,0.9576032806985736,0.12349467442018806,17,0.0,0,slsqp,True,0.0036694169975817204,4.7409872637480825,0.0,4.729130851905704,1.0,256.9659818048342,1.0,184.13849642016424,0.0033233752474188805,4.998944399427169,8.412608076600462,diagnostic_empirical_bayes,1.0,260.34722149332345,1.0,195.48533086938278,0.9525,517.8825321612296,0.1295,18.42398178618711,0.9555,131.5159062431257,5.036610531113342
repeated_pilot,14,1014,2014,40,30,70,2000,5,17,0.02,0.5,0.05,24,-210.0,210.0,0.004293541889637709,0.004225166980177164,True,-0.6084318668970196,9.95227771670556,10.560709583602579,30,1.0,5.2736840512413385,4.993301935668194,0.2803821155731443,0.0,1.6393365012728687,1.7500821204015053,8.663102672915713,8.663102672915713,True,3.7660273525955645,4.954744400651695,0.02299910695458998,1.0,386.91472540853636,0.010167938688294404,6.471494001897535,6.419763556909721,1.133414091828039,0.5,0.058823529411764705,17,0.3333333333333333,10,4.737796129202471,4.737796129202474,-2.6645352591003757e-15,2.833213344056216,1.8234855243177335,2.2953703848259877,8.856652038346192,8.856652038346192,True,4.93944115697226,4.696850743111814,0.02305873280025399,1.0,154.53270507974935,0.007915205679991575,6.104619983851836,6.088829913146994,1.1608911289095711,0.9576032806985736,1.0,1,0.0,0,4.7383222890647785,4.737745976574144,0.0005763124906348338,2.5667830368165654,1.7695461617921628,2.2953703848259877,8.80323883568293,8.80323883568293,True,4.93944115697226,4.697526894235413,0.02304056044283908,1.0,156.32604788677466,0.00791466908688168,6.1015873611327995,6.088838986511905,1.159311706732897,0.9576032806985736,0.9249817512761072,2,0.0,0,4.876150186375722,4.828697298398889,0.047452887976833225,0.5115222893162895,1.7751619325363313,1.7500821204015053,8.401394239313559,8.401394239313559,True,3.7660273525955645,4.7948061818264724,0.022961866525917925,1.0,241.27236219946934,0.008696205191478384,6.209601462851889,6.200345709473497,1.1521627344052896,0.9576032806985736,0.1651921576155522,17,0.0,0,slsqp,True,0.003267916850745678,4.621100056447113,0.0,4.607582140802309,1.0,185.84570738061907,1.0,133.17462834127258,0.003134750295430422,4.8911433309322785,12.427650548824587,diagnostic_empirical_bayes,1.0,199.46755455406938,1.0,145.4994178416582,0.967,322.2516749600846,0.092,14.607453029457622,0.96,130.40947011833347,5.00010698085912
repeated_pilot,14,1014,2014,40,100,140,2000,5,17,0.02,0.5,0.05,24,-210.0,210.0,0.004189082887023687,0.004253624938428402,True,-0.6084318668970196,9.95227771670556,10.560709583602579,100,1.0,5.197800456070849,4.959537354035256,0.2382631020355923,0.0,0.9529704117486445,0.9031676528974735,7.053938520716967,7.053938520716967,True,6.4784656772012505,4.954744400651695,0.02299910695458998,1.0,386.91472540853636,0.010699058156999645,6.791403475524895,6.769833683776781,1.3692672432187256,0.5,0.058823529411764705,17,0.26,26,4.6977679093322795,4.6977679093322795,0.0,2.833213344056216,1.0600189464319854,1.1845754315334898,6.942362287297755,6.942362287297755,True,8.497017414901531,4.696850743111814,0.02305873280025399,1.0,154.53270507974935,0.008209817162801093,6.462662090071015,6.444214424006667,1.3674049531942631,0.9576032806985736,1.0,1,0.0,0,4.6977679093322795,4.6977679093322795,0.0,2.833213344056216,1.0600189464319854,1.1845754315334898,6.942362287297755,6.942362287297755,True,8.497017414901531,4.696850743111814,0.02305873280025399,1.0,154.53270507974935,0.008209817162801093,6.462662090071015,6.444214424006667,1.3674049531942631,0.9576032806985736,1.0,1,0.0,0,4.779300342908332,4.749186384185318,0.030113958723013923,0.8220609328628821,1.0798617119149547,0.9031676528974735,6.7623297077207605,6.7623297077207605,True,6.4784656772012505,4.744776917721561,0.02300555180906695,1.0,191.23084802529795,0.008638589332076558,6.526205080341749,6.507910126778683,1.3607140954571266,0.9576032806985736,0.22696775076852305,17,0.0,0,slsqp,True,0.004968916065990925,4.548951576319514,0.0,4.534868091521808,1.0,144.37458303386953,1.0,103.45695743235049,0.004808499943464994,4.707680009539978,17.044350431140867,diagnostic_empirical_bayes,1.0,168.15054328646877,1.0,117.14141104778129,0.9735,199.46649909368927,0.0745,11.091963108250066,0.976,139.9091501130105,4.959953766221543
repeated_pilot,14,1014,2014,40,300,340,2000,5,17,0.02,0.5,0.05,24,-210.0,210.0,0.004140624776482582,0.005179707892239094,True,-0.6084318668970196,9.95227771670556,10.560709583602579,300,1.0,5.246194212791181,4.993581406480533,0.25261280631064853,0.0,0.5539757121025749,0.5178879574539874,6.318057882347743,6.318057882347743,True,11.144506824080384,4.954744400651695,0.02299910695458998,1.0,386.91472540853636,0.010588892427274593,6.870237285494406,6.769833683776781,1.1523666931662995,0.5,0.058823529411764705,17,0.29,87,4.726570286888668,4.726570286888672,-3.552713678800501e-15,2.833213344056216,0.6162045992743446,0.6792507999139953,6.022025686077008,6.022025686077008,True,14.616897469712145,4.696850743111814,0.02305873280025399,1.0,154.53270507974935,0.00810737934095189,6.5309686311553286,6.444214424006667,1.1595782415823166,0.9576032806985736,1.0,1,0.0,0,4.726570286888668,4.726570286888672,-3.552713678800501e-15,2.833213344056216,0.6162045992743446,0.6792507999139953,6.022025686077008,6.022025686077008,True,14.616897469712145,4.696850743111814,0.02305873280025399,1.0,154.53270507974935,0.00810737934095189,6.5309686311553286,6.444214424006667,1.1595782415823166,0.9576032806985736,1.0,1,0.0,0,4.772579428504484,4.756742819725576,0.01583660877890747,1.1072915405416743,0.6533333201170548,0.5178879574539874,5.943800706075526,5.943800706075526,True,11.144506824080384,4.725683366289048,0.02299282064446451,1.0,177.84112994673796,0.008358348363754209,6.574292108548207,6.490314975273326,1.1541738085333133,0.9576032806985736,0.2972527146789575,17,0.0,0,slsqp,True,0.0067526670172810555,4.5443096622800505,0.0,4.530175381427223,1.0,148.1792799150253,1.0,106.1833539697825,0.006467041093856096,4.647992814971491,24.3578865758935,diagnostic_empirical_bayes,1.0,166.7879179899746,1.0,117.22043071023529,0.9855,139.35712939903203,0.059,7.750674264927704,0.9845,142.66544704280508,4.96245534557416
repeated_pilot,15,1015,2015,40,10,50,2000,5,17,0.02,0.5,0.05,24,-210.0,210.0,0.0032385000959038734,0.004597750026732683,True,-0.6084318668970196,9.95227771670556,10.560709583602579,10,1.0,5.081211888739932,4.754983116257599,0.32622877248233273,0.0,2.8200499525208813,3.052045405402758,10.953307246663572,9.95227771670556,False,2.189247072869438,4.920402272536475,0.02375051886747196,1.0,328.4609335353924,0.008293786899275693,6.044689995171861,6.028841692342087,1.0401556509780405,0.5,0.058823529411764705,17,0.3,3,4.603695773906358,4.603695773906357,8.881784197001252e-16,2.833213344056216,3.1368302128830576,4.002997662245981,11.743523649035396,9.95227771670556,False,2.8713697703389016,4.685306434934056,0.023970828719763755,0.994,147.81835841766255,0.007573591120927581,5.927267957874636,5.923735801679922,1.1604791849485623,1.0905077326652575,1.0,1,0.0,0,4.890323239044604,4.589023247045292,0.30129999199931223,2.3005538518056174,3.8708924455019456,3.052045405402758,11.813261089949307,9.95227771670556,False,2.189247072869438,4.744662729324517,0.023858804230299784,1.0,162.18447908002526,0.007172266739606484,5.901219275218696,5.889703197019625,1.0926503220252304,1.241857812073484,0.7754074123275344,2,0.0,0,4.85072465427467,4.7068223859088105,0.14390226836585907,0.23014949387594677,2.9251771886049704,3.052045405402758,10.827947248282399,9.95227771670556,False,2.189247072869438,4.822191093896941,0.02323107170553978,1.0,263.23134264892974,0.0077799112915351,5.959683569276378,5.9482006453982486,1.000271458539978,1.0905077326652575,0.12716668192743177,17,0.0,0,slsqp,True,0.0029985830187797546,4.628941879679497,0.0,4.616159933753182,1.0,163.78742132676888,0.951,117.36794607526443,0.0027870419435203075,4.731648500355279,9.145788527164353,diagnostic_empirical_bayes,1.0,192.56388580520928,1.0,136.2038109535358,0.92,275.8193324672717,0.1035,15.920867913769564,0.8915,114.0485908243538,5.10603407890163
repeated_pilot,15,1015,2015,40,30,70,2000,5,17,0.02,0.5,0.05,24,-210.0,210.0,0.0032432079315185547,0.004087416920810938,True,-0.6084318668970196,9.95227771670556,10.560709583602579,30,1.0,5.338817672222411,5.01225071020845,0.3265669620139606,0.0,1.6393365012728687,1.7500821204015053,8.728236293896785,8.728236293896785,True,3.7660273525955645,4.920402272536475,0.02375051886747196,1.0,328.4609335353924,0.010257098494215905,6.723299812602894,6.526502965547896,0.9730027226091278,0.5,0.058823529411764705,17,0.4,12,4.77615983202133,4.77615983202133,0.0,2.833213344056216,1.8234855243177335,2.2953703848259877,8.895015741165052,8.895015741165052,True,4.93944115697226,4.685306434934056,0.023970828719763755,0.994,147.81835841766255,0.00825126911420778,6.4916931418236805,6.328009838478458,0.9743953103745163,1.0905077326652575,1.0,1,0.0,0,4.77615983202133,4.77615983202133,0.0,2.833213344056216,1.8234855243177335,2.2953703848259877,8.895015741165052,8.895015741165052,True,4.93944115697226,4.685306434934056,0.023970828719763755,0.994,147.81835841766255,0.00825126911420778,6.4916931418236805,6.328009838478458,0.9743953103745163,1.0905077326652575,1.0,1,0.0,0,4.921073163460549,4.8664777291837895,0.05459543427675939,0.5060900046304726,1.773719488237016,1.7500821204015053,8.44487477209907,8.44487477209907,True,3.7660273525955645,4.774055113586836,0.02335145228544194,1.0,222.09836207012535,0.008878957150127952,6.617750937785891,6.443262004332045,0.9265236748018153,1.0905077326652575,0.1684062995751858,17,0.0,0,slsqp,True,0.0043485830537974834,4.5791348087093064,0.0,4.565551073307954,1.0,142.14967032530913,0.9905,101.86261378443686,0.004156917333602905,4.726675860172823,11.682729740705582,diagnostic_empirical_bayes,1.0,168.85068247105966,1.0,118.00018547033955,0.849,209.06611431761146,0.0965,14.449892656278392,0.972,129.68033070320297,4.977169514878871
repeated_pilot,15,1015,2015,40,100,140,2000,5,17,0.02,0.5,0.05,24,-210.0,210.0,0.0033181249164044857,0.004289958160370588,True,-0.6084318668970196,9.95227771670556,10.560709583602579,100,1.0,5.297265940356054,4.939609539184786,0.3576564011712682,0.0,0.9529704117486445,0.9031676528974735,7.153404005002172,7.153404005002172,True,6.4784656772012505,4.920402272536475,0.02375051886747196,1.0,328.4609335353924,0.00928992196818339,6.723299812602894,6.568204363052609,0.9132582772096437,0.5,0.058823529411764705,17,0.47,47,4.6876934812436595,4.6876934812436595,0.0,2.833213344056216,1.0600189464319854,1.1845754315334898,6.932287859209135,6.932287859209135,True,8.497017414901531,4.685306434934056,0.023970828719763755,0.994,147.81835841766255,0.007288878932245691,6.4916931418236805,6.368852355453502,0.9085878261888319,1.0905077326652575,1.0,1,0.0,0,4.6876934812436595,4.6876934812436595,0.0,2.833213344056216,1.0600189464319854,1.1845754315334898,6.932287859209135,6.932287859209135,True,8.497017414901531,4.685306434934056,0.023970828719763755,0.994,147.81835841766255,0.007288878932245691,6.4916931418236805,6.368852355453502,0.9085878261888319,1.0905077326652575,1.0,1,0.0,0,4.768129580295685,4.741930701973091,0.026198878322594155,0.7969768050439975,1.075989787748225,0.9031676528974735,6.747287020941384,6.747287020941384,True,6.4784656772012505,4.740639540275884,0.023364641147602224,1.0,192.9190468310137,0.007557743636007636,6.587262736876286,6.468112343190514,0.8616991536632226,1.0905077326652575,0.2197787254703971,17,0.0,0,slsqp,True,0.004016375169157982,4.561520087079608,0.0,4.547846797882826,1.0,144.30789584449104,0.9905,103.40917025563398,0.0037769577465951443,4.664861896941011,12.333928408505548,diagnostic_empirical_bayes,1.0,175.8834315677781,1.0,121.52886046719406,0.8655,185.76199201781932,0.0845,11.549448754926004,0.975,132.3972184588093,4.978832832519942
repeated_pilot,15,1015,2015,40,300,340,2000,5,17,0.02,0.5,0.05,24,-210.0,210.0,0.0032262923195958138,0.005253999959677458,True,-0.6084318668970196,9.95227771670556,10.560709583602579,300,1.0,5.267635529173571,4.931624999092104,0.33601053008146664,0.0,0.5539757121025749,0.5178879574539874,6.339499198730133,6.339499198730133,True,11.144506824080384,4.920402272536475,0.02375051886747196,1.0,328.4609335353924,0.009515522804934458,6.723299812602894,6.566677383498423,1.0815171129493366,0.5,0.058823529411764705,17,0.41333333333333333,124,4.690043585036301,4.690043585036301,0.0,2.833213344056216,0.6162045992743446,0.6792507999139953,5.985498984224641,5.985498984224641,True,14.616897469712145,4.685306434934056,0.023970828719763755,0.994,147.81835841766255,0.007597697931518505,6.4916931418236805,6.370814630472393,1.0868357310870318,1.0905077326652575,1.0,1,0.0,0,4.690043585036301,4.690043585036301,0.0,2.833213344056216,0.6162045992743446,0.6792507999139953,5.985498984224641,5.985498984224641,True,14.616897469712145,4.685306434934056,0.023970828719763755,0.994,147.81835841766255,0.007597697931518505,6.4916931418236805,6.370814630472393,1.0868357310870318,1.0905077326652575,1.0,1,0.0,0,4.734957358935279,4.718985860013773,0.01597149892150629,1.1121197419866018,0.6537665561068695,0.5178879574539874,5.9066118724961365,5.9066118724961365,True,11.144506824080384,4.715321470492636,0.02348111396326446,1.0,173.04121465408414,0.007690085701512117,6.554555594670719,6.433766553168202,1.0418761361113733,1.0905077326652575,0.29506732086448284,17,0.0,0,slsqp,True,0.005425583105534315,4.55292822389047,0.0,4.539014454428534,1.0,145.5934295773172,0.9995,104.3303670887611,0.0052530840039253235,4.638962897389281,23.79883914066628,diagnostic_empirical_bayes,1.0,165.63540303268863,1.0,116.1646364897303,1.0,148.68086949021114,0.065,7.766195899518669,0.9775,137.30280438388255,4.981852130533329
repeated_pilot,16,1016,2016,40,10,50,2000,5,17,0.02,0.5,0.05,24,-210.0,210.0,0.002639582846313715,0.0038238749839365482,True,-0.6084318668970196,9.95227771670556,10.560709583602579,10,1.0,5.473108872572783,5.0126306138941334,0.46047825867864933,0.0,2.8200499525208813,3.052045405402758,11.345204230496423,9.95227771670556,False,2.189247072869438,5.0399618710013385,0.01691801082310609,1.0,279.8129827013315,0.007467842876482317,5.403574900349392,5.399346926431505,0.08516241257542832,0.5,0.058823529411764705,17,0.7,7,4.689544551648828,4.689544551648828,0.0,2.833213344056216,3.1368302128830576,4.002997662245981,11.829372426777866,9.95227771670556,False,2.8713697703389016,4.821947244238057,0.01493770274807909,1.0,142.69072063547117,0.00530766836887185,4.970431104140646,4.963620597902091,0.05067133157628424,1.241857812073484,1.0,1,0.0,0,4.689544551648828,4.689544551648828,0.0,2.833213344056216,3.1368302128830576,4.002997662245981,11.829372426777866,9.95227771670556,False,2.8713697703389016,4.821947244238057,0.01493770274807909,1.0,142.69072063547117,0.00530766836887185,4.970431104140646,4.963620597902091,0.05067133157628424,1.241857812073484,1.0,1,0.0,0,4.881762661263194,4.836177952883357,0.045584708379836414,0.3267967137437257,2.9693235168405967,3.052045405402758,10.903131583506548,9.95227771670556,False,2.189247072869438,4.9574417716658985,0.014678198490022542,1.0,238.04514885875358,0.006140474273376933,5.105622621127852,5.100725071566284,0.048609748917037066,1.241857812073484,0.1242320990413306,17,0.0,0,slsqp,True,0.0029514157213270664,4.992124596004187,0.05049999999999999,4.728398066726055,0.9495,148.12669879176303,0.867,106.14567501745742,0.0027091247029602528,4.6025006901021035,4.995654977781675,diagnostic_empirical_bayes,1.0,200.46344548708544,0.919,132.53155784975544,0.9115,102.89832072738695,0.265,32.50004274647065,0.8285,109.03232509954903,5.788521951543895
repeated_pilot,16,1016,2016,40,30,70,2000,5,17,0.02,0.5,0.05,24,-210.0,210.0,0.0025820829905569553,0.004020540975034237,True,-0.6084318668970196,9.95227771670556,10.560709583602579,30,1.0,5.357424649479892,5.054360216118286,0.30306443336160616,0.0,1.6393365012728687,1.7500821204015053,8.746843271154265,8.746843271154265,True,3.7660273525955645,5.0399618710013385,0.01691801082310609,1.0,279.8129827013315,0.008994605006499975,6.4606129028052335,6.418822954969272,0.31336663765347017,0.5,0.058823529411764705,17,0.4,12,4.761665959397575,4.761665959397575,0.0,2.833213344056216,1.8234855243177335,2.2953703848259877,8.880521868541297,8.880521868541297,True,4.93944115697226,4.807191014469563,0.01723219733199192,1.0,125.74104533582248,0.006690220751403793,6.229335079111379,6.170097891965796,0.30468348561624664,1.0905077326652575,1.0,1,0.0,0,4.761665959397575,4.761665959397575,0.0,2.833213344056216,1.8234855243177335,2.2953703848259877,8.880521868541297,8.880521868541297,True,4.93944115697226,4.807191014469563,0.01723219733199192,1.0,125.74104533582248,0.006690220751403793,6.229335079111379,6.170097891965796,0.30468348561624664,1.0905077326652575,1.0,1,0.0,0,4.898037555432479,4.860942656454402,0.037094898978077495,0.5037885882052187,1.773108389004381,1.7500821204015053,8.421228064838365,8.421228064838365,True,3.7660273525955645,4.8953268958115235,0.015725709308465462,1.0,192.16266253018836,0.00722513302970532,6.209231732381851,6.159874516286383,0.2735880021504368,1.0905077326652575,0.16270027165890072,17,0.0,0,slsqp,True,0.003779791761189699,4.617313021599868,0.0,4.603973308073229,1.0,155.03754584693453,0.953,111.09789856390141,0.0035107918083667755,4.823301429233902,7.7961336576691105,diagnostic_empirical_bayes,1.0,206.47932756905814,1.0,136.55275306761123,0.987,135.33666780965967,0.1695,25.156608215301027,0.911,131.15351093297667,5.015969861828862
repeated_pilot,16,1016,2016,40,100,140,2000,5,17,0.02,0.5,0.05,24,-210.0,210.0,0.0025811251252889633,0.004431874956935644,True,-0.6084318668970196,9.95227771670556,10.560709583602579,100,1.0,5.375380536850612,5.095114491528488,0.28026604532212396,0.0,0.9529704117486445,0.9031676528974735,7.23151860149673,7.23151860149673,True,6.4784656772012505,5.0399618710013385,0.01691801082310609,1.0,279.8129827013315,0.01011984912980924,7.136057894361844,6.704968109797385,0.4563078927011856,0.5,0.058823529411764705,17,0.39,39,4.819124226817395,4.8191242268173955,-8.881784197001252e-16,2.833213344056216,1.0600189464319854,1.1845754315334898,7.06371860478287,7.06371860478287,True,8.497017414901531,4.807191014469563,0.01723219733199192,1.0,125.74104533582248,0.007818937966258021,7.23115452302936,6.610621284777956,0.44412797179734576,1.0905077326652575,1.0,1,0.0,0,4.819124226817395,4.8191242268173955,-8.881784197001252e-16,2.833213344056216,1.0600189464319854,1.1845754315334898,7.06371860478287,7.06371860478287,True,8.497017414901531,4.807191014469563,0.01723219733199192,1.0,125.74104533582248,0.007818937966258021,7.23115452302936,6.610621284777956,0.44412797179734576,1.0905077326652575,1.0,1,0.0,0,4.901707328432883,4.8766412069981815,0.025066121434701216,0.7795317214148997,1.073297007621213,0.9031676528974735,6.87817198895157,6.87817198895157,True,6.4784656772012505,4.857411247647138,0.01619086143127742,1.0,161.12560869188667,0.007994378659603294,7.061087609803286,6.498829160192401,0.40629902219919345,1.0905077326652575,0.21900300379332027,17,0.0,0,slsqp,True,0.005705916788429022,4.602416073784227,0.0,4.588757891333492,1.0,152.21721564304858,0.992,109.07688644586014,0.005574957933276892,4.834697137004031,17.13284028290091,diagnostic_empirical_bayes,1.0,176.97818127090505,1.0,123.60405997318522,0.9425,215.65877583540518,0.097,13.792385937202894,0.9725,140.89480404892348,4.997805827059739
repeated_pilot,16,1016,2016,40,300,340,2000,5,17,0.02,0.5,0.05,24,-210.0,210.0,0.0028292080387473106,0.005232708062976599,True,-0.6084318668970196,9.95227771670556,10.560709583602579,300,1.0,5.338281311878264,5.055868239466116,0.2824130724121483,0.0,0.5539757121025749,0.5178879574539874,6.410144981434826,6.410144981434826,True,11.144506824080384,5.0399618710013385,0.01691801082310609,1.0,279.8129827013315,0.010374837497077495,7.2649825734220554,7.118519948543761,0.5620151782016446,0.5,0.058823529411764705,17,0.37333333333333335,112,4.8003499149292255,4.800349914929225,8.881784197001252e-16,2.833213344056216,0.6162045992743446,0.6792507999139953,6.095805314117565,6.095805314117565,True,14.616897469712145,4.807191014469563,0.01723219733199192,1.0,125.74104533582248,0.008441281234512522,7.408985201768511,7.205133262242519,0.5781641150272644,1.0905077326652575,1.0,1,0.0,0,4.8003499149292255,4.800349914929225,8.881784197001252e-16,2.833213344056216,0.6162045992743446,0.6792507999139953,6.095805314117565,6.095805314117565,True,14.616897469712145,4.807191014469563,0.01723219733199192,1.0,125.74104533582248,0.008441281234512522,7.408985201768511,7.205133262242519,0.5781641150272644,1.0905077326652575,1.0,1,0.0,0,4.8460791686785365,4.829865474520764,0.01621369415777263,1.100267940115275,0.6527030903063266,0.5178879574539874,6.01667021643885,6.01667021643885,True,11.144506824080384,4.836030742516171,0.016097989448255474,1.0,147.40666005858404,0.00819420519142949,7.203133560750489,7.023337912448495,0.5097530969646297,1.0905077326652575,0.29425297469718725,17,0.0,0,slsqp,True,0.007391207851469517,4.578929426095346,0.0,4.564993813315789,1.0,150.30251872625715,1.0,107.70483941892692,0.007180375047028065,4.667781081127113,23.232419552085705,diagnostic_empirical_bayes,1.0,172.1035900546035,1.0,120.22833705242397,0.983,151.7419483237265,0.065,8.741648599232136,0.9875,140.43771630824332,4.9925737057109
repeated_pilot,17,1017,2017,40,10,50,2000,5,17,0.02,0.5,0.05,24,-210.0,210.0,0.002883917186409235,0.003683249931782484,True,-0.6084318668970196,9.95227771670556,10.560709583602579,10,1.0,5.78407078523845,5.416236828434492,0.3678339568039579,0.0,2.8200499525208813,3.052045405402758,11.656166143162089,9.95227771670556,False,2.189247072869438,4.979996200135549,0.023663705708214355,1.0,385.20115366443025,0.013639468383393425,6.511805558394414,6.464316418081104,0.6075934345122184,0.5,0.058823529411764705,17,0.3,3,5.218451226161319,5.218451226161319,0.0,2.833213344056216,3.1368302128830576,4.002997662245981,12.358279101290357,9.95227771670556,False,2.8713697703389016,4.792678439662115,0.023938672984914536,1.0,198.31659431866427,0.011086186336985457,6.304776807901896,6.256046374056226,0.5932714387115136,1.241857812073484,1.0,1,0.0,0,5.218451226161319,5.218451226161319,0.0,2.833213344056216,3.1368302128830576,4.002997662245981,12.358279101290357,9.95227771670556,False,2.8713697703389016,4.792678439662115,0.023938672984914536,1.0,198.31659431866427,0.011086186336985457,6.304776807901896,6.256046374056226,0.5932714387115136,1.241857812073484,1.0,1,0.0,0,5.441846398248874,5.3408795600581405,0.10096683819073338,0.29305469244391413,2.953910902285591,3.052045405402758,11.447802705937223,9.95227771670556,False,2.189247072869438,4.927799543703139,0.023755254552132808,1.0,325.1431567320588,0.012465677484638334,6.452427516452798,6.401881664498093,0.5716453664034289,1.241857812073484,0.12859447573942334,17,0.0,0,slsqp,True,0.0030547920614480972,4.659270369297048,0.0,4.646047026271829,1.0,198.68706875259846,0.985,142.37658168317517,0.0028015421703457832,5.007769731086171,7.6220156648856,diagnostic_empirical_bayes,1.0,211.4352252242906,1.0,155.0739424774409,0.941,325.2892274941925,0.1195,19.306605924281836,0.9685,151.6317731760326,5.006902941264389
repeated_pilot,17,1017,2017,40,30,70,2000,5,17,0.02,0.5,0.05,24,-210.0,210.0,0.002843415830284357,0.0038728327490389347,True,-0.6084318668970196,9.95227771670556,10.560709583602579,30,1.0,5.4026789779917985,5.131602753032234,0.2710762249595646,0.0,1.6393365012728687,1.7500821204015053,8.792097599666173,8.792097599666173,True,3.7660273525955645,4.979996200135549,0.023663705708214355,1.0,385.20115366443025,0.010887006355958231,6.794530545200456,6.7125402990267045,0.6810674096038951,0.5,0.058823529411764705,17,0.26666666666666666,8,4.893662883487903,4.893662883487902,8.881784197001252e-16,2.833213344056216,1.8234855243177335,2.2953703848259877,9.012518792631624,9.012518792631624,True,4.93944115697226,4.767600493085463,0.02431388889945811,0.968,174.77158557228586,0.008843071347809633,6.442436681785133,6.381668980239277,0.7476127262146351,1.0905077326652575,1.0,1,0.0,0,4.893662883487903,4.893662883487902,8.881784197001252e-16,2.833213344056216,1.8234855243177335,2.2953703848259877,9.012518792631624,9.012518792631624,True,4.93944115697226,4.767600493085463,0.02431388889945811,0.968,174.77158557228586,0.008843071347809633,6.442436681785133,6.381668980239277,0.7476127262146351,1.0905077326652575,1.0,1,0.0,0,5.0454690503790225,4.980102925430319,0.06536612494870386,0.4747547257052294,1.7653989754017476,1.7500821204015053,8.560950146182275,8.560950146182275,True,3.7660273525955645,4.84926128021948,0.02389103541245428,1.0,252.12536738024122,0.009446569664974685,6.553654976481045,6.492113122775475,0.7063766169335,1.0905077326652575,0.1675032639653855,17,0.0,0,slsqp,True,0.0029093329794704914,4.619788478067602,0.0,4.606180620506376,1.0,175.69580554314388,0.976,125.90134006382102,0.0027287080883979797,4.869346476841298,7.805674764457114,diagnostic_empirical_bayes,1.0,190.30024467332115,1.0,138.31618334588748,0.912,296.8804893531695,0.102,16.65061037982812,0.9765,149.70785318328964,4.986186865077283
repeated_pilot,17,1017,2017,40,100,140,2000,5,17,0.02,0.5,0.05,24,-210.0,210.0,0.0029523330740630627,0.004467959050089121,True,-0.6084318668970196,9.95227771670556,10.560709583602579,100,1.0,5.4187278569870845,5.140849067122869,0.2778787898642152,0.0,0.9529704117486445,0.9031676528974735,7.274865921633203,7.274865921633203,True,6.4784656772012505,4.979996200135549,0.023663705708214355,1.0,385.20115366443025,0.011559367499529136,6.794530545200456,6.760785788701527,0.959721930590856,0.5,0.058823529411764705,17,0.31,31,4.931024818586272,4.9310248185862715,8.881784197001252e-16,2.833213344056216,1.0600189464319854,1.1845754315334898,7.1756191965517475,7.1756191965517475,True,8.497017414901531,4.767600493085463,0.02431388889945811,0.968,174.77158557228586,0.00974501287014411,6.442436681785133,6.4162716560168285,1.0543664933341859,1.0905077326652575,1.0,1,0.0,0,4.931024818586272,4.9310248185862715,8.881784197001252e-16,2.833213344056216,1.0600189464319854,1.1845754315334898,7.1756191965517475,7.1756191965517475,True,8.497017414901531,4.767600493085463,0.02431388889945811,0.968,174.77158557228586,0.00974501287014411,6.442436681785133,6.4162716560168285,1.0543664933341859,1.0905077326652575,1.0,1,0.0,0,5.022819233071395,4.976785178435262,0.046034054636133526,0.7860276720847379,1.074299706561596,0.9031676528974735,7.000286592530465,7.000286592530465,True,6.4784656772012505,4.816859975131087,0.023967309762168744,1.0,218.08050368573797,0.00996554853991124,6.512470464560751,6.486840401577925,1.0041492863955481,1.0905077326652575,0.23398489701674918,17,0.0,0,slsqp,True,0.005249999929219484,4.574788013336491,0.0,4.56084480226433,1.0,146.1580809875012,1.0,104.73498898050929,0.005161041859537363,4.817094154037997,15.332149320893887,diagnostic_empirical_bayes,1.0,174.91625399802197,1.0,120.82864340963005,0.913,172.70234497203154,0.0755,11.523271254005355,0.982,147.3190522903424,4.983789141548362
repeated_pilot,17,1017,2017,40,300,340,2000,5,17,0.02,0.5,0.05,24,-210.0,210.0,0.0028582499362528324,0.005036749877035618,True,-0.6084318668970196,9.95227771670556,10.560709583602579,300,1.0,5.3599028005603255,5.052375619203616,0.30752718135670953,0.0,0.5539757121025749,0.5178879574539874,6.431766470116887,6.431766470116887,True,11.144506824080384,4.979996200135549,0.023663705708214355,1.0,385.20115366443025,0.010602390484089553,6.8744409863288585,6.702689480354944,1.0361345882159154,0.5,0.058823529411764705,17,0.3333333333333333,100,4.83926871095234,4.839268710952338,2.6645352591003757e-15,2.833213344056216,0.6162045992743446,0.6792507999139953,6.13472411014068,6.13472411014068,True,14.616897469712145,4.767600493085463,0.02431388889945811,0.968,174.77158557228586,0.00883857499542717,6.506210909547702,6.372117144832117,1.0946588372519996,1.0905077326652575,1.0,1,0.0,0,4.83926871095234,4.839268710952338,2.6645352591003757e-15,2.833213344056216,0.6162045992743446,0.6792507999139953,6.13472411014068,6.13472411014068,True,14.616897469712145,4.767600493085463,0.02431388889945811,0.968,174.77158557228586,0.00883857499542717,6.506210909547702,6.372117144832117,1.0946588372519996,1.0905077326652575,1.0,1,0.0,0,4.885985551225504,4.865402128825443,0.020583422400060947,1.144042329022075,0.6566309795882654,0.5178879574539874,6.060504488267757,6.060504488267757,True,11.144506824080384,4.796867218388649,0.02403019068853437,1.0,200.78379246044528,0.008920256949065198,6.547079274447864,6.418575392881041,1.0568753339443078,1.0905077326652575,0.3108220025215757,17,0.0,0,slsqp,True,0.005575750023126602,4.5664659505943845,0.0,4.552428261062767,1.0,149.19569718491869,1.0,106.91170542898774,0.005319292191416025,4.726241031293606,23.633841931288835,diagnostic_empirical_bayes,1.0,169.07947718135406,1.0,118.97606291216859,0.987,161.17676375315654,0.0625,8.302654868801179,0.9845,146.74211007614943,4.977486115370312
repeated_pilot,18,1018,2018,40,10,50,2000,5,17,0.02,0.5,0.05,24,-210.0,210.0,0.002747999969869852,0.004016667138785124,True,-0.6084318668970196,9.95227771670556,10.560709583602579,10,1.0,5.323191352444567,5.09536373787561,0.22782761456895706,0.0,2.8200499525208813,3.052045405402758,11.195286710368206,9.95227771670556,False,2.189247072869438,4.883801524158232,0.0221719224015253,1.0,290.4378540459474,0.008729539366031196,5.760792664563106,5.752221088287482,0.2606949872456319,0.5,0.058823529411764705,17,0.4,4,4.763742391329781,4.763742391329781,0.0,2.833213344056216,3.1368302128830576,4.002997662245981,11.90357026645882,9.95227771670556,False,2.8713697703389016,4.613145767994407,0.02125637781666301,1.0,131.38810095956816,0.006236310110933481,5.353082090522517,5.343822318735097,0.2647179582199854,1.0905077326652575,1.0,1,0.0,0,4.763831057257564,4.7631543747680025,0.0006766824895612089,2.1423917435615314,3.798647466758279,3.052045405402758,11.614523929418601,9.95227771670556,False,2.189247072869438,4.60759074934907,0.021680908659309536,1.0,124.93516215816074,0.006242378248677608,5.408045302632877,5.395899397927632,0.2627992671376581,1.0905077326652575,0.5340864836208794,2,0.0,0,4.965381632765181,4.920345440053204,0.04503619271197756,0.2665481191194909,2.9418032815182,3.052045405402758,10.959230319686139,9.95227771670556,False,2.189247072869438,4.754944626127581,0.021453521988151987,1.0,222.57992257814237,0.007296883710737429,5.536104322892564,5.526448757297221,0.26160093577087284,1.0905077326652575,0.1194058474208711,17,0.0,0,slsqp,True,0.0030933753587305546,4.60533495578468,0.0,4.591944418517287,1.0,157.98048017052278,1.0,113.20676720714621,0.002820999827235937,4.766232118981345,11.935883281297025,diagnostic_empirical_bayes,1.0,183.48335359751962,1.0,129.25900381608977,0.9295,259.1384763211587,0.1125,17.560991186240447,0.9395,123.16785551480618,5.097767480524061
repeated_pilot,18,1018,2018,40,30,70,2000,5,17,0.02,0.5,0.05,24,-210.0,210.0,0.0026720408350229263,0.004092250019311905,True,-0.6084318668970196,9.95227771670556,10.560709583602579,30,1.0,5.310927289583644,5.063085670323297,0.2478416192603463,0.0,1.6393365012728687,1.7500821204015053,8.700345911258017,8.700345911258017,True,3.7660273525955645,4.883801524158232,0.0221719224015253,1.0,290.4378540459474,0.009017792301909126,6.550445434222116,6.348310024965988,0.34411223169170685,0.5,0.058823529411764705,17,0.3333333333333333,10,4.775689962179052,4.77568996217905,1.7763568394002505e-15,2.833213344056216,1.8234855243177335,2.2953703848259877,8.894545871322773,8.894545871322773,True,4.93944115697226,4.604595177112609,0.022254742692823723,1.0,115.78003278106775,0.00679445383040979,6.302261011207783,6.094216071064369,0.3487740974984483,0.9576032806985736,1.0,1,0.0,0,4.775689962179052,4.77568996217905,1.7763568394002505e-15,2.833213344056216,1.8234855243177335,2.2953703848259877,8.894545871322773,8.894545871322773,True,4.93944115697226,4.604595177112609,0.022254742692823723,1.0,115.78003278106775,0.00679445383040979,6.302261011207783,6.094216071064369,0.3487740974984483,0.9576032806985736,1.0,1,0.0,0,4.913049342768614,4.873499808118899,0.03954953464971567,0.501352208495988,1.7724614527287983,1.7500821204015053,8.435592915898917,8.435592915898917,True,3.7660273525955645,4.699175011670304,0.021584980823357244,1.0,180.93777426875548,0.007341106182429275,6.302589650870658,6.101914362471529,0.3195372540917076,0.9576032806985736,0.16290925497838016,17,0.0,0,slsqp,True,0.0034840828739106655,4.658248397641062,0.0,4.645182683524754,1.0,184.31715801741953,1.0,132.07928965298922,0.0033121672458946705,4.831655318778491,12.12943214331307,diagnostic_empirical_bayes,1.0,199.02109641926307,1.0,144.65251189483507,0.991,317.523285620711,0.096,15.24363954535447,0.9355,131.89338323748768,5.066356015634467
repeated_pilot,18,1018,2018,40,100,140,2000,5,17,0.02,0.5,0.05,24,-210.0,210.0,0.0027954592369496822,0.004266624804586172,True,-0.6084318668970196,9.95227771670556,10.560709583602579,100,1.0,4.974771740827427,4.755193869396786,0.21957787143064067,0.0,0.9529704117486445,0.9031676528974735,6.830909805473545,6.830909805473545,True,6.4784656772012505,4.883801524158232,0.0221719224015253,1.0,290.4378540459474,0.008084289262449529,6.601405416327637,6.550955034043171,1.1854743441387188,0.5,0.058823529411764705,17,0.27,27,4.475971931327042,4.475971931327043,-1.7763568394002505e-15,2.833213344056216,1.0600189464319854,1.1845754315334898,6.720566309292517,6.720566309292517,True,8.497017414901531,4.604595177112609,0.022254742692823723,1.0,115.78003278106775,0.006152554167535602,6.302261011207783,6.233287358052738,1.183466516838284,0.9576032806985736,1.0,1,0.0,0,4.475971931327042,4.475971931327043,-1.7763568394002505e-15,2.833213344056216,1.0600189464319854,1.1845754315334898,6.720566309292517,6.720566309292517,True,8.497017414901531,4.604595177112609,0.022254742692823723,1.0,115.78003278106775,0.006152554167535602,6.302261011207783,6.233287358052738,1.183466516838284,0.9576032806985736,1.0,1,0.0,0,4.557699664444937,4.53085864350747,0.026841020937466986,0.8042929085555945,1.0771190834605329,0.9031676528974735,6.537986400802944,6.537986400802944,True,6.4784656772012505,4.655576428360829,0.021967361421329688,1.0,145.73198212609114,0.0064242283136005905,6.316960056259781,6.285894288445452,1.1592195107361465,0.9576032806985736,0.22325288833892146,17,0.0,0,slsqp,True,0.006393791176378727,4.569236280562287,0.0,4.555405608410081,1.0,144.30954517319557,1.0,103.41035214323492,0.0071457079611718655,4.585039483544475,18.127197020230188,diagnostic_empirical_bayes,1.0,175.18278947889434,1.0,119.97417292360514,0.9465,185.70817740016008,0.0815,11.707172945541803,0.9605,135.0235514222689,5.025888343200012
repeated_pilot,18,1018,2018,40,300,340,2000,5,17,0.02,0.5,0.05,24,-210.0,210.0,0.002693832851946354,0.005171333905309439,True,-0.6084318668970196,9.95227771670556,10.560709583602579,300,1.0,5.034772318323878,4.788016139079391,0.24675617924448634,0.0,0.5539757121025749,0.5178879574539874,6.1066359878804395,6.1066359878804395,True,11.144506824080384,4.883801524158232,0.0221719224015253,1.0,290.4378540459474,0.008694329652395779,6.622110891787377,6.559845558523296,1.2425611829970944,0.5,0.058823529411764705,17,0.31666666666666665,95,4.50876485472982,4.508764854729823,-3.552713678800501e-15,2.833213344056216,0.6162045992743446,0.6792507999139953,5.804220253918159,5.804220253918159,True,14.616897469712145,4.604595177112609,0.022254742692823723,1.0,115.78003278106775,0.0066159200076456506,6.309149647845514,6.256169522483897,1.2456268633977474,0.9576032806985736,1.0,1,0.0,0,4.50876485472982,4.508764854729823,-3.552713678800501e-15,2.833213344056216,0.6162045992743446,0.6792507999139953,5.804220253918159,5.804220253918159,True,14.616897469712145,4.604595177112609,0.022254742692823723,1.0,115.78003278106775,0.0066159200076456506,6.309149647845514,6.256169522483897,1.2456268633977474,0.9576032806985736,1.0,1,0.0,0,4.552984249135956,4.539586600435291,0.013397648700665066,1.084390068757338,0.6512783640614981,0.5178879574539874,5.722150570651441,5.722150570651441,True,11.144506824080384,4.634956161238824,0.0217366895335182,1.0,137.0349721800724,0.006666942557600935,6.270763339381859,6.249417008478606,1.1908580839110847,0.9576032806985736,0.28478523830463787,17,0.0,0,slsqp,True,0.005559749901294708,4.582086438796707,0.0,4.568146470252779,1.0,151.55054644582336,1.0,108.59915992842593,0.005372957792133093,4.586068643531753,25.667822758210466,diagnostic_empirical_bayes,1.0,164.38267181104533,1.0,116.96578622921524,1.0,136.4745865073022,0.087,10.54238570386786,0.9955,143.31980831388378,4.989756664910571
repeated_pilot,19,1019,2019,40,10,50,2000,5,17,0.02,0.5,0.05,24,-210.0,210.0,0.004029292147606611,0.0036334157921373844,True,-0.6084318668970196,9.95227771670556,10.560709583602579,10,1.0,5.3558868834125555,5.212542903708107,0.1433439797044489,0.0,2.8200499525208813,3.052045405402758,11.227982241336194,9.95227771670556,False,2.189247072869438,4.88427819414667,0.021452155215997474,1.0,326.34776205911555,0.010686617613391352,5.95542149485021,5.9552911457924536,0.42773060918198863,0.5,0.058823529411764705,17,0.1,1,4.852442408024152,4.852442408024152,0.0,2.833213344056216,3.1368302128830576,4.002997662245981,11.992270283153191,9.95227771670556,False,2.8713697703389016,4.585767868823977,0.021234036441370396,1.0,131.06472934014417,0.007362539052617065,5.577611209549488,5.577506646358429,0.39538523021927446,0.9576032806985736,1.0,1,0.0,0,4.852442408024152,4.852442408024152,0.0,2.833213344056216,3.1368302128830576,4.002997662245981,11.992270283153191,9.95227771670556,False,2.8713697703389016,4.585767868823977,0.021234036441370396,1.0,131.06472934014417,0.007362539052617065,5.577611209549488,5.577506646358429,0.39538523021927446,0.9576032806985736,1.0,1,0.0,0,5.060745358614618,5.025229768320465,0.03551559029415241,0.23840984163722842,2.9289503341140586,3.052045405402758,11.041741098131435,9.95227771670556,False,2.189247072869438,4.753909722795367,0.02112485645531671,1.0,243.43053485716482,0.008746551416815457,5.752930306747597,5.7528440059305375,0.3939612892543155,0.9576032806985736,0.11779883734281658,17,0.0,0,slsqp,True,0.004049667157232761,4.556965504571945,0.0,4.542875107399255,1.0,163.86729058635356,1.0,117.42517935286337,0.0038097910583019257,4.8447186286068655,11.660438403557892,diagnostic_empirical_bayes,1.0,194.57987244899624,1.0,135.70726417007788,0.9335,248.10301217655888,0.1445,22.301640900836567,0.98,153.85547868284598,4.966972857597875
repeated_pilot,19,1019,2019,40,30,70,2000,5,17,0.02,0.5,0.05,24,-210.0,210.0,0.004182749893516302,0.004031375050544739,True,-0.6084318668970196,9.95227771670556,10.560709583602579,30,1.0,4.936943228347493,4.753010366897564,0.1839328614499296,0.0,1.6393365012728687,1.7500821204015053,8.326361850021867,8.326361850021867,True,3.7660273525955645,4.88427819414667,0.021452155215997474,1.0,326.34776205911555,0.009202528518310897,5.973495023025765,5.970134085806332,1.7369865529654687,0.5,0.058823529411764705,17,0.13333333333333333,4,4.444593786043074,4.444593786043074,0.0,2.833213344056216,1.8234855243177335,2.2953703848259877,8.563449695186796,8.563449695186796,True,4.93944115697226,4.585767868823977,0.021234036441370396,1.0,131.06472934014417,0.006669586178462803,5.674164240076262,5.650490867437803,1.6743886277283395,0.9576032806985736,1.0,1,0.0,0,4.444593786043074,4.444593786043074,0.0,2.833213344056216,1.8234855243177335,2.2953703848259877,8.563449695186796,8.563449695186796,True,4.93944115697226,4.585767868823977,0.021234036441370396,1.0,131.06472934014417,0.006669586178462803,5.674164240076262,5.650490867437803,1.6743886277283395,0.9576032806985736,1.0,1,0.0,0,4.584675355779164,4.545404543151148,0.03927081262801657,0.48258183899597373,1.7674773228373684,1.7500821204015053,8.102234799018037,8.102234799018037,True,3.7660273525955645,4.6861913170103655,0.021220092861646403,1.0,192.4423849441632,0.0073734950662767175,5.768101792291787,5.749303716654591,1.6749535693077364,0.9576032806985736,0.16152740152281994,17,0.0,0,slsqp,True,0.0034845001064240932,4.552204640897869,0.0,4.538033653813567,1.0,159.07001349086642,1.0,113.98751268169747,0.003298708237707615,4.704062134024351,14.488478163795456,diagnostic_empirical_bayes,1.0,191.07935320701327,1.0,131.5408260290136,0.9015,211.14116166840012,0.1195,17.81861475215954,0.98,150.61503945319686,4.955928891485042
repeated_pilot,19,1019,2019,40,100,140,2000,5,17,0.02,0.5,0.05,24,-210.0,210.0,0.0041223750449717045,0.004134749993681908,True,-0.6084318668970196,9.95227771670556,10.560709583602579,100,1.0,5.1344683750251185,4.923700597813786,0.21076777721133233,0.0,0.9529704117486445,0.9031676528974735,6.990606439671237,6.990606439671237,True,6.4784656772012505,4.88427819414667,0.021452155215997474,1.0,326.34776205911555,0.008804455012164026,5.973495023025765,5.962021478724939,0.9681940022528671,0.5,0.058823529411764705,17,0.25,25,4.6216747141567955,4.6216747141567955,0.0,2.833213344056216,1.0600189464319854,1.1845754315334898,6.866269092122271,6.866269092122271,True,8.497017414901531,4.585767868823977,0.021234036441370396,1.0,131.06472934014417,0.006473170245582752,5.674164240076262,5.60799666504942,0.9396286110827358,0.9576032806985736,1.0,1,0.0,0,4.6216747141567955,4.6216747141567955,0.0,2.833213344056216,1.0600189464319854,1.1845754315334898,6.866269092122271,6.866269092122271,True,8.497017414901531,4.585767868823977,0.021234036441370396,1.0,131.06472934014417,0.006473170245582752,5.674164240076262,5.60799666504942,0.9396286110827358,0.9576032806985736,1.0,1,0.0,0,4.702317262726593,4.6807885508706875,0.02152871185590577,0.7810338561666966,1.0735288734404735,0.9031676528974735,6.67901378906454,6.67901378906454,True,6.4784656772012505,4.646116920818735,0.021210714809272616,1.0,163.35319474728533,0.006857830837997719,5.733681268843656,5.6729977961854345,0.9366300633317111,0.9576032806985736,0.2165920811528419,17,0.0,0,slsqp,True,0.004862375091761351,4.561190166266129,0.0,4.5474569305277655,1.0,144.73007591244223,0.97,103.71169902767254,0.004645416978746653,4.680805331488712,18.83016580174628,diagnostic_empirical_bayes,1.0,176.77965595635175,1.0,121.08460559702094,0.929,167.77998992554907,0.0895,12.71488675551759,0.943,135.60920280458885,4.989013634513958
repeated_pilot,19,1019,2019,40,300,340,2000,5,17,0.02,0.5,0.05,24,-210.0,210.0,0.0040498338639736176,0.005208457820117474,True,-0.6084318668970196,9.95227771670556,10.560709583602579,300,1.0,5.105289243469059,4.908888664226968,0.1964005792420913,0.0,0.5539757121025749,0.5178879574539874,6.177152913025621,6.177152913025621,True,11.144506824080384,4.88427819414667,0.021452155215997474,1.0,326.34776205911555,0.008723480038629354,6.037526202769465,5.974643406630633,0.9165172200253476,0.5,0.058823529411764705,17,0.2,60,4.612535107633643,4.612535107633648,-5.329070518200751e-15,2.833213344056216,0.6162045992743446,0.6792507999139953,5.9079905068219825,5.9079905068219825,True,14.616897469712145,4.585767868823977,0.021234036441370396,1.0,131.06472934014417,0.006475548051755752,5.786536299584289,5.674349708751655,0.9063255364654629,0.9576032806985736,1.0,1,0.0,0,4.612875290135227,4.610983263332677,0.001892026802550184,2.143120859760423,0.5689926320476645,0.6792507999139953,5.861118722096887,5.861118722096887,True,14.616897469712145,4.583001664784064,0.021509425596464488,1.0,124.68930081422374,0.006507794412984683,5.742358999682169,5.701747116220957,0.92709537339017,0.9576032806985736,0.5390613914578619,2,0.0,0,4.652780361669259,4.639261614489697,0.01351874717956214,1.0890906879211968,0.6517001520542788,0.5178879574539874,5.8223684711775245,5.8223684711775245,True,11.144506824080384,4.6119661758003465,0.021410442454462397,1.0,140.3239398067365,0.006673614873583243,5.783018495312815,5.66479604989669,0.9187463850107376,0.9576032806985736,0.27373107082917075,17,0.0,0,slsqp,True,0.0061722081154584885,4.5464614099476455,0.0,4.53242245892465,1.0,143.03434347715236,0.9945,102.49655911392966,0.005966625176370144,4.619007212444458,24.943494862112544,diagnostic_empirical_bayes,1.0,159.14026033095422,1.0,112.2637522409855,0.989,134.81225642785282,0.0605,7.675248917664205,0.9765,135.36624517756303,4.950026414546436
