problem,size,seed,method,n_rows,n_units,n_params,units_per_param,failed,fit_time,rmse,coverage_95.45,width_95.45,coverage_99.9,width_99.9,interval_score,nll,zero_density,nll_floor,bound,trivial_bound,lam,empirical,monte_carlo,kl,complexity,concentration,mixture_empirical,outside_support_fraction,pac_test_risk,pvi_lam,converged
quartic,10.0,0,Bayesian ridge,10,10,5,2.0,False,0.0036781253293156624,61.19873857745985,0.145,33.14618793372927,0.2305,54.534142083511554,1118.3199135052864,3134.321377285546,0.0,9.093311836862624,,,,,,,,,,,,,
quartic,10.0,0,POPS hypercube,10,10,5,2.0,False,0.1351067079231143,61.19873857745985,0.9495,1310.8198961687908,0.97,1768.4887130817435,1313.2272901005856,,,,,,,,,,,,,,,,
quartic,10.0,0,POPS ellipse,10,10,5,2.0,False,0.005433124955743551,61.19873857745962,1.0,1269.565911790366,1.0,1638.638086307916,1269.565911790366,5.56363032379925,0.0,5.545004377559082,,,,,,,,,,,,,
quartic,10.0,0,Ellipse+EB,10,10,5,2.0,False,0.003776291850954294,61.19873857745962,1.0,1782.980527127318,1.0,2779.842682328148,1782.980527127318,5.866596169116365,0.0,5.842035986302057,,,,,,,,,,,,,
quartic,10.0,0,Ellipse+PAC,10,10,5,2.0,False,0.08423729101195931,74.85970464198124,1.0,3516.8902954909463,1.0,5275.299784885496,3516.8902954909463,5.759403369964454,0.0,5.727730416560566,9.397870893440498,9.680344001221918,1.259765625,4.776586411098173,0.03187196949752223,0.0024283804795502645,4.5894125128448024,0.0,4.774157459040568,0.0,5.701239703622204,,
quartic,10.0,0,Bayesian stacking,10,10,5,2.0,False,0.006502415984869003,61.53969781218362,0.778,138.67539299260562,0.9045,216.59724248682352,354.2052524516311,5.861315809296666,0.0,5.645660310989851,,,,,,,,,,,,,
quartic,10.0,0,PVI,10,10,5,2.0,False,3.231229125056416,57.61994983246536,0.915,609.1147820607702,1.0,1002.1530118782478,615.3191120729153,5.202801177531018,0.0,5.198625744670571,,,,,,,,,,,,1.0,True
quartic,10.0,0,PVI (no KL),10,10,5,2.0,False,0.18985999980941415,124.06418841721137,0.77,512.9886770237274,0.8945,844.0004460234493,535.4340787668497,7.6824518125382255,0.0,5.760006112126606,,,,,,,,,,,,0.0,True
quartic,10.0,1,Bayesian ridge,10,10,5,2.0,False,0.0028630001470446587,71.5715515284125,0.0915,26.16879953516177,0.1315,43.054514590296094,1555.0982062474257,9169.97070823211,0.0,9.500584269841697,,,,,,,,,,,,,
quartic,10.0,1,POPS hypercube,10,10,5,2.0,False,0.1151626668870449,71.5715515284125,0.688,655.072900742497,0.8115,830.1452334588396,794.2795484247422,,,,,,,,,,,,,,,,
quartic,10.0,1,POPS ellipse,10,10,5,2.0,False,0.005258374847471714,71.57155152841277,0.938,531.7588887757405,0.954,686.3451198464318,550.6027869605189,inf,0.0425,5.552321192181943,,,,,,,,,,,,,
quartic,10.0,1,Ellipse+EB,10,10,5,2.0,False,0.004223958123475313,71.57155152841277,1.0,831.3712329509275,1.0,1309.73061218335,831.3712329509275,5.581437522577315,0.0,5.574046327866747,,,,,,,,,,,,,
quartic,10.0,1,Ellipse+PAC,10,10,5,2.0,False,0.08204129198566079,63.349448832061825,1.0,1383.2006013406885,1.0,4398.458591530094,1383.2006013406885,5.627722295119134,0.0,5.617237584062084,9.546576416459363,9.680344001221918,1.25244140625,5.427628616957845,0.044112639140001984,0.5978927310316167,4.074835160361515,0.0,5.296080198254121,0.009925,5.607656173787567,,
quartic,10.0,1,Bayesian stacking,10,10,5,2.0,False,0.009405457880347967,128.47931963261502,0.716,272.273016141533,1.0,458.17511594784577,541.3873709509287,5.496438784400409,0.0,5.471766100892831,,,,,,,,,,,,,
quartic,10.0,1,PVI,10,10,5,2.0,False,2.938402000349015,140.41169316273877,0.818,409.6628827838823,1.0,674.0025097529714,455.5583134544381,5.3006598700854655,0.0,5.294137883620617,,,,,,,,,,,,1.0,True
quartic,10.0,1,PVI (no KL),10,10,5,2.0,False,0.08656537532806396,235.57043345921542,0.7345,236.81481865979532,1.0,389.62226950787993,1087.8477277720538,5.454618642947529,0.0,5.379749354022108,,,,,,,,,,,,0.0,True
quartic,10.0,2,Bayesian ridge,10,10,5,2.0,False,0.002805833239108324,200.04427192763515,0.235,168.0405337497234,0.503,276.4705963056278,1300.7230922944275,26.69330715320345,0.0,8.12296947784723,,,,,,,,,,,,,
quartic,10.0,2,POPS hypercube,10,10,5,2.0,False,0.1297837500460446,200.04427192763515,0.4405,341.2524053020853,0.5465,467.55959216896935,4054.6770370500376,,,,,,,,,,,,,,,,
quartic,10.0,2,POPS ellipse,10,10,5,2.0,False,0.004154792055487633,200.04427192763484,0.7855,276.99326278550444,0.829,357.5172473014323,723.5297729258945,inf,0.168,6.006175266222845,,,,,,,,,,,,,
quartic,10.0,2,Ellipse+EB,10,10,5,2.0,False,0.004127874970436096,200.04427192763484,0.8435,900.5594862430554,0.8945,1524.0892758568498,1159.1533055026712,6.127581115979123,0.0,5.902369715386506,,,,,,,,,,,,,
quartic,10.0,2,Ellipse+PAC,10,10,5,2.0,False,0.06995820812880993,326.41546454211107,1.0,6188.188686588945,1.0,9237.803542788597,6188.188686588945,5.962015344947997,0.0,5.9046605781951556,9.483632782769176,9.680344001221918,1.5625,5.2058314797626055,0.03359055284983271,0.009839674583017308,4.244210750156737,0.0,5.191881191977918,0.0001,5.860256975420072,,
quartic,10.0,2,Bayesian stacking,10,10,5,2.0,False,0.007887166924774647,65.83531626789724,0.598,229.93105437066367,0.78,456.53828934056065,670.8516081537118,7.347552913549642,0.0,6.159073454074258,,,,,,,,,,,,,
quartic,10.0,2,PVI,10,10,5,2.0,False,3.7762549170292914,471.32463278821876,1.0,1058.1945198570452,1.0,1741.0065499313278,1058.1945198570452,5.490777241591044,0.0,5.469916174678189,,,,,,,,,,,,1.0,True
quartic,10.0,2,PVI (no KL),10,10,5,2.0,False,0.2872467078268528,521.0955641618515,0.3815,221.69268713740993,0.4725,364.74241090404536,6827.921958919698,12.096797430993487,0.0,7.354013418358214,,,,,,,,,,,,0.0,True
quartic,10.0,3,Bayesian ridge,10,10,5,2.0,False,0.002956125419586897,48.82901684033558,0.243,36.674295992155606,0.374,60.33880192943057,822.9459964730307,211.65147485464124,0.0,8.2523114073395,,,,,,,,,,,,,
quartic,10.0,3,POPS hypercube,10,10,5,2.0,False,0.14017174998298287,48.82901684033558,0.7825,239.02681221107102,0.96,328.99190359799996,270.76939268849617,,,,,,,,,,,,,,,,
quartic,10.0,3,POPS ellipse,10,10,5,2.0,False,0.005457582883536816,48.82901684033557,0.9925,131.37241192010447,1.0,169.56334103113616,133.8229718745441,4.633497533497607,0.0,4.638605457117957,,,,,,,,,,,,,
quartic,10.0,3,Ellipse+EB,10,10,5,2.0,False,0.00382620794698596,48.82901684033558,1.0,158.63468368309452,1.0,236.2874446271963,158.63468368309452,4.70420048510045,0.0,4.709319265031566,,,,,,,,,,,,,
quartic,10.0,3,Ellipse+PAC,10,10,5,2.0,False,0.09375400003045797,57.89868040685366,1.0,2291.5259977258365,1.0,5101.343766335431,2291.5259977258365,5.111945133803042,0.0,5.112685690117907,9.612300392114548,9.680344001221918,2.5,6.099330063131196,0.042393510160873935,0.33661598008185867,3.4705768188224773,0.0,6.050901930779654,0.001475,5.113555747735471,,
quartic,10.0,3,Bayesian stacking,10,10,5,2.0,False,0.006084708031266928,44.643819958932546,0.814,100.75040641384248,0.993,167.08694239575541,200.68877624529324,5.096420744603321,0.0,5.087363396644641,,,,,,,,,,,,,
quartic,10.0,3,PVI,10,10,5,2.0,False,1.1809411249123514,42.8195294920096,1.0,4336.401002843114,1.0,7134.512991145098,4336.401002843114,7.818249247944222,0.0,7.746701572669788,,,,,,,,,,,,10.0,True
quartic,10.0,3,PVI (no KL),10,10,5,2.0,False,0.03433670802041888,72.60670210263243,0.565,81.90481377619419,0.782,134.75482492058603,738.8412966553292,8.848064877038626,0.0,5.9732490806077925,,,,,,,,,,,,0.0,True
quartic,10.0,4,Bayesian ridge,10,10,5,2.0,False,0.0032703750766813755,41.93738165750175,0.1145,20.307759640667836,0.183,33.41157214990124,1039.4825898395009,301.3918252887203,0.0,9.177532306016541,,,,,,,,,,,,,
quartic,10.0,4,POPS hypercube,10,10,5,2.0,False,0.14046450005844235,41.93738165750175,0.821,156.03963229618566,0.957,210.67498478747882,197.42819605675618,,,,,,,,,,,,,,,,
quartic,10.0,4,POPS ellipse,10,10,5,2.0,False,0.004635334014892578,41.93738165750175,0.841,100.8979764298435,0.9195,130.22976237301532,215.46116992669042,inf,0.028,4.993398919175861,,,,,,,,,,,,,
quartic,10.0,4,Ellipse+EB,10,10,5,2.0,False,0.004011459182947874,41.93738165750175,0.9485,142.13906565138151,1.0,222.65178844066145,149.8103238116486,4.898930126917338,0.0,4.902995165730419,,,,,,,,,,,,,
quartic,10.0,4,Ellipse+PAC,10,10,5,2.0,False,0.12198745831847191,38.77167334945403,1.0,465.15430154378294,1.0,1256.4837901402584,465.15430154378294,5.0461429537101505,0.0,5.048317849577219,9.566674805567493,9.680344001221918,2.5,5.413506558195214,0.05405369409077819,1.0038264825251701,4.099114553281501,0.0,5.251634460713744,0.013725,5.050561671352179,,
quartic,10.0,4,Bayesian stacking,10,10,5,2.0,False,0.00690529216080904,53.03284368499564,0.58,63.42973289600558,0.7585,100.19824568534308,728.6452244679806,7.106015491255238,0.0,6.036988298308948,,,,,,,,,,,,,
quartic,10.0,4,PVI,10,10,5,2.0,False,1.6866016248241067,62.46873577512966,0.3555,34.01685080921912,0.4795,55.966610066066075,1269.5008893744882,22.03660985898529,0.0,7.272936698370322,,,,,,,,,,,,1.0,True
quartic,10.0,4,PVI (no KL),10,10,5,2.0,False,0.1180699160322547,61.94697050811873,0.22,20.887311105729758,0.3195,34.36508577878623,1454.0051715925242,790.4193479892014,0.0,8.2950599058967,,,,,,,,,,,,0.0,True
quartic,10.0,5,Bayesian ridge,10,10,5,2.0,False,0.0030640829354524612,46.27349325349143,0.317,57.39672693240913,0.4625,94.43261674370014,643.9518988547018,115.29741906551769,0.0,7.844684270101387,,,,,,,,,,,,,
quartic,10.0,5,POPS hypercube,10,10,5,2.0,False,0.14779191697016358,46.27349325349143,0.647,211.372546754918,0.696,284.22849907860666,398.7758766946945,,,,,,,,,,,,,,,,
quartic,10.0,5,POPS ellipse,10,10,5,2.0,False,0.006485749967396259,46.27349325349142,0.8555,194.89731973794852,0.9405,251.55540809343069,210.5549789369864,inf,0.0425,5.11210174824111,,,,,,,,,,,,,
quartic,10.0,5,Ellipse+EB,10,10,5,2.0,False,0.005797707941383123,46.27349325349142,1.0,256.8755754224846,1.0,399.7714764891251,256.8755754224846,4.802217323658057,0.0,4.805700746746596,,,,,,,,,,,,,
quartic,10.0,5,Ellipse+PAC,10,10,5,2.0,False,0.17520462488755584,466.7308653926634,1.0,1143.020862329618,1.0,2181.3657142735615,1143.020862329618,5.125661391446891,0.0,5.121267289222428,9.619115480060682,9.680344001221918,3.75,5.6638680886952635,0.0465071655167187,8.022620873483572,3.9087402258487005,0.0,5.561796385212159,0.00735,5.117268382771644,,
quartic,10.0,5,Bayesian stacking,10,10,5,2.0,False,0.009414542000740767,51.93687237135196,0.8215,128.99482362193592,1.0,214.02911681946046,192.05514573017345,4.987783966807479,0.0,4.9878309913481935,,,,,,,,,,,,,
quartic,10.0,5,PVI,10,10,5,2.0,False,1.7056864998303354,123.66958458371622,0.7735,156.96904250632085,0.9125,258.25509961710287,438.64265600024015,5.3100947938389504,0.0,5.241370089861527,,,,,,,,,,,,1.0,True
quartic,10.0,5,PVI (no KL),10,10,5,2.0,False,0.11157758394256234,60.629572431261074,0.6545,115.16384542088025,0.769,189.4746244009256,370.51706127861854,277.66733137815316,0.0,6.047936705226484,,,,,,,,,,,,0.0,True
quartic,10.0,6,Bayesian ridge,10,10,5,2.0,False,0.0035897092893719673,43.34112538126908,0.252,36.39354060726444,0.339,59.876885944371395,756.9104310753844,233.2844254997563,0.0,8.31561139333268,,,,,,,,,,,,,
quartic,10.0,6,POPS hypercube,10,10,5,2.0,False,0.13035491574555635,43.34112538126908,0.7735,297.6337901313488,0.882,387.6827485333417,376.4975055553025,,,,,,,,,,,,,,,,
quartic,10.0,6,POPS ellipse,10,10,5,2.0,False,0.005039792042225599,43.34112538126908,0.87,173.72027943567565,0.971,224.22204597941067,215.83778870867525,inf,0.0195,5.056215015585187,,,,,,,,,,,,,
quartic,10.0,6,Ellipse+EB,10,10,5,2.0,False,0.00471070921048522,43.34112538126906,1.0,201.7443760766382,1.0,291.3491952467993,201.7443760766382,4.867788230183977,0.0,4.872019607927993,,,,,,,,,,,,,
quartic,10.0,6,Ellipse+PAC,10,10,5,2.0,False,0.07231554202735424,58.34311913659332,1.0,1564.4429900064156,1.0,4496.855943458414,1564.4429900064156,5.441930877266242,0.0,5.435698302674451,9.544857059031202,9.680344001221918,1.875,5.497794060858084,0.049583592824443384,0.3717194456045061,3.9974794053486757,0.0,5.397597122745367,0.0013,5.429981048664173,,
quartic,10.0,6,Bayesian stacking,10,10,5,2.0,False,0.007541208993643522,39.36640765350066,0.64,68.41837527078347,0.8105,117.39780310481687,478.4083888580523,6.240076650512623,0.0,5.844333436306684,,,,,,,,,,,,,
quartic,10.0,6,PVI,10,10,5,2.0,False,1.4729399997740984,46.9879464315411,1.0,3067.7159671832396,1.0,5047.194529902176,3067.7159671832396,7.440332200411853,0.0,7.391897797084544,,,,,,,,,,,,10.0,True
quartic,10.0,6,PVI (no KL),10,10,5,2.0,False,0.09806816605851054,48.486394004682076,0.727,115.60190987124489,0.8655,190.19535491224966,283.07823984479853,5.763931643757065,0.0,5.443987814437496,,,,,,,,,,,,0.0,True
quartic,10.0,7,Bayesian ridge,10,10,5,2.0,False,0.0032718749716877937,55.8863405055877,0.2705,27.15889048484645,0.4265,44.68347296806356,1115.0628158012923,23.081502141129683,0.0,7.708866190093233,,,,,,,,,,,,,
quartic,10.0,7,POPS hypercube,10,10,5,2.0,False,0.14636808261275291,55.8863405055877,0.365,32.087209282522565,0.48,41.082082319929164,985.052153544993,,,,,,,,,,,,,,,,
quartic,10.0,7,POPS ellipse,10,10,5,2.0,False,0.007154041901230812,55.8863405055876,0.5915,67.88090068361406,0.6715,87.61437918271861,855.2987468699755,inf,0.3105,6.249781289952074,,,,,,,,,,,,,
quartic,10.0,7,Ellipse+EB,10,10,5,2.0,False,0.007366333156824112,55.88634050558759,0.698,88.34533129699498,0.816,136.14448407581256,666.1957430846719,inf,0.1245,5.6362263450755385,,,,,,,,,,,,,
quartic,10.0,7,Ellipse+PAC,10,10,5,2.0,False,0.12194587476551533,51.45650624870943,1.0,439.9363535057763,1.0,961.5543035161602,439.9363535057763,4.969606818361272,0.0,4.972550089982881,9.486239936130005,9.680344001221918,2.5,4.929947951522925,0.044220589105664405,0.6793248533928908,4.512071395501415,0.0,4.809173405846986,0.013275,4.975538436425139,,
quartic,10.0,7,Bayesian stacking,10,10,5,2.0,False,0.009877291973680258,55.62065938802159,0.5895,57.51031971994879,0.839,97.98849719028726,671.9622557852769,6.59168225406886,0.0,5.843482946065261,,,,,,,,,,,,,
quartic,10.0,7,PVI,10,10,5,2.0,False,2.2555303326807916,53.46822176252995,1.0,2185.323960166325,1.0,3595.4290605147185,2185.323960166325,7.134396998301761,0.0,7.102184618434839,,,,,,,,,,,,10.0,True
quartic,10.0,7,PVI (no KL),10,10,5,2.0,False,0.1990515417419374,64.52546951661404,0.4505,66.2363156972774,0.5875,108.9760505354515,950.9119513532737,573.193516020977,0.0,6.8598435284669135,,,,,,,,,,,,0.0,True
quartic,10.0,8,Bayesian ridge,10,10,5,2.0,False,0.00329279201105237,39.858762384637515,0.165,29.48961118812355,0.2845,48.518117671207705,837.2252946264152,203.36908768759895,0.0,8.699407267551658,,,,,,,,,,,,,
quartic,10.0,8,POPS hypercube,10,10,5,2.0,False,0.1410800418816507,39.858762384637515,0.643,132.0374556358955,0.7385,177.82867438889258,411.4669962280647,,,,,,,,,,,,,,,,
quartic,10.0,8,POPS ellipse,10,10,5,2.0,False,0.00486054178327322,39.85876238463751,0.893,128.49144996214486,0.9415,165.84486218283487,144.58570163187852,inf,0.05,5.002785803746914,,,,,,,,,,,,,
quartic,10.0,8,Ellipse+EB,10,10,5,2.0,False,0.0052745407447218895,39.858762384637515,1.0,167.63290939015008,1.0,254.62835435610725,167.63290939015008,4.762886695952038,0.0,4.768094245721782,,,,,,,,,,,,,
quartic,10.0,8,Ellipse+PAC,10,10,5,2.0,False,0.09567766590043902,54.715919663457214,0.9855,1133.190800232312,1.0,1759.4865433054083,1133.548727742864,4.911100479475356,0.0,4.913914361799154,9.451142736531201,9.680344001221918,0.390625,5.189756414723753,0.03388883498054727,0.00043396525213131227,4.2274974868269,0.0,5.175542301123579,0.000425,4.916778574740104,,
quartic,10.0,8,Bayesian stacking,10,10,5,2.0,False,0.006710708141326904,53.263056720028146,0.3105,38.459832012040074,0.618,71.89285857812511,1081.4608031176947,9.387333162985625,0.0,7.203582082880129,,,,,,,,,,,,,
quartic,10.0,8,PVI,10,10,5,2.0,False,1.3602865422144532,41.40060859352704,1.0,4212.885452256372,1.0,6931.297628983762,4212.885452256372,7.804141869764741,0.0,7.734660812208309,,,,,,,,,,,,10.0,True
quartic,10.0,8,PVI (no KL),10,10,5,2.0,False,0.1027261670678854,46.75104287143024,0.643,68.03522391153511,0.6615,111.93572470213593,725.6930095293387,320.5980795005196,0.0,6.258245404703578,,,,,,,,,,,,0.0,True
quartic,10.0,9,Bayesian ridge,10,10,5,2.0,False,0.0036027077585458755,64.14252935592903,0.094,26.31891542648459,0.146,43.301494465108824,1390.2559343842063,17084.9350540751,0.0,9.45393105147385,,,,,,,,,,,,,
quartic,10.0,9,POPS hypercube,10,10,5,2.0,False,0.1465865420177579,64.14252935592903,0.573,1063.9391535625048,0.6485,1200.4989849936567,1329.4226078053964,,,,,,,,,,,,,,,,
quartic,10.0,9,POPS ellipse,10,10,5,2.0,False,0.006639124825596809,64.1425293559295,1.0,3552.4119015286037,1.0,4585.124242891213,3552.4119015286037,6.26891685351307,0.0,6.204846270700636,,,,,,,,,,,,,
quartic,10.0,9,Ellipse+EB,10,10,5,2.0,False,0.0071577089838683605,64.1425293559295,1.0,3588.345207466034,1.0,4716.959757438583,3588.345207466034,6.2951463409695245,0.0,6.230679672234309,,,,,,,,,,,,,
quartic,10.0,9,Ellipse+PAC,10,10,5,2.0,False,0.06105587491765618,61.333075615910474,1.0,4440.364176232105,1.0,14201.089790601376,4440.364176232105,5.804146346126281,0.0,5.780405073308695,9.50925258543121,9.680344001221918,0.9375,5.2503289605617525,0.04368173233947918,0.1540254335019845,4.2152418925299795,0.0,5.093985762000563,0.0098,5.759545673060196,,
quartic,10.0,9,Bayesian stacking,10,10,5,2.0,False,0.006858082953840494,157.14286582694155,0.8735,879.3772368515915,1.0,1806.187887214651,934.4221280004363,5.390200937259615,0.0,5.3861358953670395,,,,,,,,,,,,,
quartic,10.0,9,PVI,10,10,5,2.0,False,4.763033292256296,352.5093365881291,1.0,1385.096335960786,1.0,2278.845474950468,1385.096335960786,5.588486702235823,0.0,5.567010593016936,,,,,,,,,,,,1.0,True
quartic,10.0,9,PVI (no KL),10,10,5,2.0,False,0.16950487485155463,5422.544182072118,0.346,2922.0898716579304,0.5025,4807.601542608364,55176.30091557552,13.73577472416149,0.0,7.45200829770736,,,,,,,,,,,,0.0,True
quartic,10.0,10,Bayesian ridge,10,10,5,2.0,False,0.0034582088701426983,67.01397722139059,0.09,25.09040026375578,0.135,41.28026594344746,1471.331912242299,13676.419195930133,0.0,9.498295373420701,,,,,,,,,,,,,
quartic,10.0,10,POPS hypercube,10,10,5,2.0,False,0.117789207957685,67.01397722139059,0.544,368.0762918212111,0.612,429.860241880822,578.6678041730838,,,,,,,,,,,,,,,,
quartic,10.0,10,POPS ellipse,10,10,5,2.0,False,0.0052004167810082436,67.01397722139053,0.983,216.53375444093604,1.0,279.4817139488166,216.88810753827096,4.758641218513107,0.0,4.761864387409303,,,,,,,,,,,,,
quartic,10.0,10,Ellipse+EB,10,10,5,2.0,False,0.005627457983791828,67.01397722139052,0.986,220.71847579421475,1.0,288.8597828819893,220.9479343637712,4.763383280064115,0.0,4.766558363109794,,,,,,,,,,,,,
quartic,10.0,10,Ellipse+PAC,10,10,5,2.0,False,0.07463170774281025,71.3234677424338,0.9845,1223.0271701275399,1.0,4898.397687053184,1224.3595675576298,5.217220042900444,0.0,5.215373331771888,9.52947380274082,9.680344001221918,2.5,5.355765142192412,0.04027631076442527,0.5756682112662089,4.133432349783984,0.0,5.2982431154458745,0.001375,5.213786677245116,,
quartic,10.0,10,Bayesian stacking,10,10,5,2.0,False,0.00719766691327095,81.91694690573587,0.628,157.91888828022957,0.796,285.79799328115166,978.3224262340851,6.561472603349356,0.0,6.109629840027372,,,,,,,,,,,,,
quartic,10.0,10,PVI,10,10,5,2.0,False,2.6909816251136363,63.997446071717675,1.0,2455.0545402374282,1.0,4039.2063602535295,2455.0545402374282,7.247551325521021,0.0,7.210281615850011,,,,,,,,,,,,10.0,True
quartic,10.0,10,PVI (no KL),10,10,5,2.0,False,0.09636425040662289,439.07709967192045,0.691,329.69826882011387,0.849,542.4398206053668,3354.7950383575885,22.13271910918799,0.0,6.333148959385707,,,,,,,,,,,,0.0,True
quartic,10.0,11,Bayesian ridge,10,10,5,2.0,False,0.004556083586066961,39.40549814134269,0.1515,21.87395031148078,0.2355,35.9883651356512,920.4730357754617,219.0843797265036,0.0,8.851946086509175,,,,,,,,,,,,,
quartic,10.0,11,POPS hypercube,10,10,5,2.0,False,0.1395617090165615,39.40549814134269,0.6455,119.46988055606643,0.7725,156.3087975140835,295.0860264824737,,,,,,,,,,,,,,,,
quartic,10.0,11,POPS ellipse,10,10,5,2.0,False,0.006419000215828419,39.40549814134269,0.8975,118.3971878349348,0.9265,152.81612360281443,228.41079089217692,inf,0.0635,4.980867352397917,,,,,,,,,,,,,
quartic,10.0,11,Ellipse+EB,10,10,5,2.0,False,0.00580391613766551,39.40549814134269,0.9385,147.93327750039228,1.0,220.82444345382567,180.92348157211137,4.795949147875124,0.0,4.799109598990722,,,,,,,,,,,,,
quartic,10.0,11,Ellipse+PAC,10,10,5,2.0,False,0.09860141668468714,37.92919854974882,1.0,210.1127833063549,1.0,418.98607231274246,210.1127833063549,4.90928705746235,0.0,4.912136893078364,9.33452265960355,9.680344001221918,1.875,4.336140735204304,0.04603750040946186,0.24589751021088224,4.952344423989786,0.0,4.203634765192287,0.017475,4.915038834073763,,
quartic,10.0,11,Bayesian stacking,10,10,5,2.0,False,0.006885959301143885,38.492308314026516,0.6705,68.12289023177122,0.878,111.25612071842869,380.45976928012186,6.1415313083451215,0.0,5.754171930732529,,,,,,,,,,,,,
quartic,10.0,11,PVI,10,10,5,2.0,False,1.1881627500988543,47.56510942800178,1.0,4073.4440087147086,1.0,6701.880010594741,4073.4440087147086,7.79237535107242,0.0,7.7252496160472015,,,,,,,,,,,,10.0,True
quartic,10.0,11,PVI (no KL),10,10,5,2.0,False,0.1188246663659811,43.5270416152461,0.6795,94.61862641961946,0.861,155.67236954158196,369.35438525405993,5.993349468216831,0.0,5.4687603921499255,,,,,,,,,,,,0.0,True
quartic,10.0,12,Bayesian ridge,10,10,5,2.0,False,0.0038014170713722706,36.48677192359172,0.2185,34.10353456313645,0.361,56.109227496520255,697.6877885070893,238.09191265673445,0.0,8.383343067633136,,,,,,,,,,,,,
quartic,10.0,12,POPS hypercube,10,10,5,2.0,False,0.14856333332136273,36.48677192359172,0.622,158.02948495156872,0.685,201.42065058732538,300.62676074212266,,,,,,,,,,,,,,,,
quartic,10.0,12,POPS ellipse,10,10,5,2.0,False,0.004544416908174753,36.486771923591704,0.998,135.90538838797937,1.0,175.41408719217824,135.9070565579534,4.677062818982902,0.0,4.682749243989209,,,,,,,,,,,,,
quartic,10.0,12,Ellipse+EB,10,10,5,2.0,False,0.004130500368773937,36.486771923591704,1.0,178.92876035151133,1.0,276.56071215625326,178.92876035151133,4.915259240192646,0.0,4.920453017618176,,,,,,,,,,,,,
quartic,10.0,12,Ellipse+PAC,10,10,5,2.0,False,0.09259837493300438,41.77503492696464,1.0,338.5655195020576,1.0,682.2823223783321,338.5655195020576,5.099974511278133,0.0,5.103525928398631,9.575491024572436,9.680344001221918,1.328125,5.817557194316068,0.03703123143011606,0.15126154944328726,3.7209025988262527,0.0,5.795258965980766,0.0,5.1071190387615975,,
quartic,10.0,12,Bayesian stacking,10,10,5,2.0,False,0.007113916799426079,36.900583521361,0.893,112.6391253308997,1.0,199.48123901291885,169.37162501116288,5.161659016854331,0.0,5.15853346258562,,,,,,,,,,,,,
quartic,10.0,12,PVI,10,10,5,2.0,False,1.4549053329974413,42.002897396728336,1.0,5739.98782474173,1.0,9443.780148050153,5739.98782474173,8.17059164473198,0.0,8.073244708366564,,,,,,,,,,,,10.0,True
quartic,10.0,12,PVI (no KL),10,10,5,2.0,False,0.032156291883438826,141.9019178076836,0.993,271.4331956755367,0.9975,446.5785473957488,271.4632130259222,5.387106083291577,0.0,5.298704840410079,,,,,,,,,,,,0.0,True
quartic,10.0,13,Bayesian ridge,10,10,5,2.0,False,0.003866208717226982,52.40157656318257,0.143,24.67800689037406,0.196,40.601771063032814,1136.2269349939697,7471.6776956465565,0.0,9.141578147104813,,,,,,,,,,,,,
quartic,10.0,13,POPS hypercube,10,10,5,2.0,False,0.15109487529844046,52.40157656318257,0.8015,632.1194826438165,0.8125,829.5685597477908,679.0604150682758,,,,,,,,,,,,,,,,
quartic,10.0,13,POPS ellipse,10,10,5,2.0,False,0.005261791869997978,52.40157656318266,0.917,303.7218648327079,0.93,392.0160511063878,331.8358944554111,inf,0.0665,5.471360799034224,,,,,,,,,,,,,
quartic,10.0,13,Ellipse+EB,10,10,5,2.0,False,0.004021500237286091,52.40157656318266,1.0,410.4001584725977,1.0,621.2688577823836,410.4001584725977,5.206210026021759,0.0,5.206647771619955,,,,,,,,,,,,,
quartic,10.0,13,Ellipse+PAC,10,10,5,2.0,False,0.07850025035440922,239.05626912589688,1.0,4125.005931749851,1.0,6299.98458882628,4125.005931749851,5.561523956819718,0.0,5.504642765367413,9.546820899053174,9.680344001221918,1.259765625,5.750459185220102,0.03210752226001316,0.0023948746036352646,3.764254191573059,0.0,5.746996030850232,0.0,5.464717862815842,,
quartic,10.0,13,Bayesian stacking,10,10,5,2.0,False,0.007310583256185055,75.91523196581421,0.705,153.02305881702324,0.865,285.5647171618436,500.37329670327773,6.169541579200702,0.0,5.736623415934946,,,,,,,,,,,,,
quartic,10.0,13,PVI,10,10,5,2.0,False,2.2460242500528693,58.76098903599158,0.8445,342.18888495918793,1.0,562.9901486431113,486.86573023234797,5.331136995731543,0.0,5.315156184615133,,,,,,,,,,,,1.0,True
quartic,10.0,13,PVI (no KL),10,10,5,2.0,False,0.07472016615793109,50.056743873595586,0.997,286.00079457217174,1.0,470.5460549001728,286.0043462736453,4.864261330021433,0.0,4.865769475351302,,,,,,,,,,,,0.0,True
quartic,10.0,14,Bayesian ridge,10,10,5,2.0,False,0.0005778749473392963,40.35884321336767,0.1555,28.23126044309525,0.27,46.447801818975556,867.6069928943277,208.7158932927546,0.0,8.757755177242766,,,,,,,,,,,,,
quartic,10.0,14,POPS hypercube,10,10,5,2.0,False,0.14219554187729955,40.35884321336767,0.4825,94.3212516362975,0.581,128.23781097294042,419.79911432620474,,,,,,,,,,,,,,,,
quartic,10.0,14,POPS ellipse,10,10,5,2.0,False,0.005575125105679035,40.35884321336766,0.8455,96.37038067200713,0.9105,124.38596113410662,249.61920309417698,inf,0.078,5.009453125099934,,,,,,,,,,,,,
quartic,10.0,14,Ellipse+EB,10,10,5,2.0,False,0.005446250084787607,40.35884321336767,0.925,123.07838058974984,1.0,189.40146159778357,178.9686087717599,4.779803126758527,0.0,4.7809810818188145,,,,,,,,,,,,,
quartic,10.0,14,Ellipse+PAC,10,10,5,2.0,False,0.12624150002375245,46.20545384560262,1.0,402.017613871639,1.0,622.3709656358683,402.017613871639,4.911441562507146,0.0,4.914756767089897,9.508237681637226,9.680344001221918,0.634765625,4.897334504969393,0.04487726608306279,1.0301496671701689,4.56602591058477,0.0,4.731349953022205,0.036525,4.9181147657843285,,
quartic,10.0,14,Bayesian stacking,10,10,5,2.0,False,0.006203541997820139,46.4509213500294,0.4985,58.08448027172233,0.796,102.77778386213674,688.3229999892346,6.984811410669419,0.0,6.31014072387492,,,,,,,,,,,,,
quartic,10.0,14,PVI,10,10,5,2.0,False,1.4060860839672387,45.95779395693389,1.0,4128.106057644011,1.0,6791.81336730069,4128.106057644011,7.778310179955671,0.0,7.710395004161292,,,,,,,,,,,,10.0,True
quartic,10.0,14,PVI (no KL),10,10,5,2.0,False,0.05797395808622241,45.989556000116444,0.4865,62.71573013678634,0.6655,103.18376716468083,647.7381211797796,46.17270010745033,0.0,6.544462573233726,,,,,,,,,,,,0.0,True
quartic,10.0,15,Bayesian ridge,10,10,5,2.0,False,0.0006323750130832195,38.94383109995684,0.3395,61.19932839048585,0.4535,100.6888899723541,576.6559192449716,264.5141779540667,0.0,7.851759206237837,,,,,,,,,,,,,
quartic,10.0,15,POPS hypercube,10,10,5,2.0,False,0.14711383264511824,38.94383109995684,0.6375,231.84245215893105,0.728,281.4368465818104,363.74119393810315,,,,,,,,,,,,,,,,
quartic,10.0,15,POPS ellipse,10,10,5,2.0,False,0.005387207958847284,38.94383109995682,0.8575,182.17607928827985,0.8785,235.1360092167617,229.6993416729422,inf,0.1125,5.500568769233841,,,,,,,,,,,,,
quartic,10.0,15,Ellipse+EB,10,10,5,2.0,False,0.0054150838404893875,38.94383109995682,1.0,268.2117213848525,1.0,422.0601327065753,268.2117213848525,4.979049313858957,0.0,4.982631620725487,,,,,,,,,,,,,
quartic,10.0,15,Ellipse+PAC,10,10,5,2.0,False,0.08540183305740356,53.152079455399225,1.0,5616.638702333,1.0,8664.035867583905,5616.638702333,5.66169568442878,0.0,5.654485233109778,9.531967434518737,9.680344001221918,1.26953125,5.493465520056278,0.03281342170867427,0.003386760028742502,4.0056884927537855,0.0,5.485950197762739,0.0,5.647848488686712,,
quartic,10.0,15,Bayesian stacking,10,10,5,2.0,False,0.007429500110447407,43.80975888572123,0.641,122.25010485334084,1.0,246.63045226166247,386.9569256871274,5.63772263292794,0.0,5.607704508565922,,,,,,,,,,,,,
quartic,10.0,15,PVI,10,10,5,2.0,False,3.030645334161818,210.44931671635157,0.902,537.5401903186207,1.0,884.3941020621422,554.9392870205932,5.43875092514021,0.0,5.431166017446583,,,,,,,,,,,,1.0,True
quartic,10.0,15,PVI (no KL),10,10,5,2.0,False,0.0845601656474173,56.27415993085077,0.713,128.8625575895889,1.0,212.01258614974245,337.9149049747945,5.452541919572006,0.0,5.4231333727123125,,,,,,,,,,,,0.0,True
quartic,10.0,16,Bayesian ridge,10,10,5,2.0,False,0.000598750077188015,36.36530849910773,0.19,30.00958007229379,0.322,49.37360238230144,729.6429527305297,376.7111705323181,0.0,8.567094285275987,,,,,,,,,,,,,
quartic,10.0,16,POPS hypercube,10,10,5,2.0,False,0.12756550032645464,36.36530849910773,0.635,167.8727640831224,0.7375,229.74307962822425,354.976281593827,,,,,,,,,,,,,,,,
quartic,10.0,16,POPS ellipse,10,10,5,2.0,False,0.005095959175378084,36.36530849910773,0.8515,118.28209312919094,0.9105,152.66757001720475,151.69511083029943,inf,0.0835,5.137325775355,,,,,,,,,,,,,
quartic,10.0,16,Ellipse+EB,10,10,5,2.0,False,0.00438216608017683,36.36530849910772,1.0,149.24546285897006,1.0,227.22485124468244,149.24546285897006,4.7277762580628275,0.0,4.733275305634368,,,,,,,,,,,,,
quartic,10.0,16,Ellipse+PAC,10,10,5,2.0,False,0.090766167268157,39.32647965490061,0.994,1355.2603918730622,1.0,2542.6254785042584,1355.4556916946035,4.986923178483966,0.0,4.990680777234322,9.488826738368093,9.680344001221918,0.64453125,5.27275891028167,0.03361913278224825,0.008790153886198927,4.182448695304176,0.0,5.260940314998562,0.0,4.9944751872577475,,
quartic,10.0,16,Bayesian stacking,10,10,5,2.0,False,0.006422167178243399,36.800751474907166,0.7495,79.43442076472583,0.917,133.989419071507,278.99239437073027,5.520252006425923,0.0,5.3968740415655105,,,,,,,,,,,,,
quartic,10.0,16,PVI,10,10,5,2.0,False,2.3059785002842546,48.734923253496426,1.0,3359.7638458959027,1.0,5527.689618651062,3359.7638458959027,7.566228435889392,0.0,7.512291351874407,,,,,,,,,,,,10.0,True
quartic,10.0,16,PVI (no KL),10,10,5,2.0,False,0.08865020889788866,46.461670716383644,0.4555,51.333530430527446,0.69,84.45707384944778,636.7786081063105,11.787001205588288,0.0,6.562255042617533,,,,,,,,,,,,0.0,True
quartic,10.0,17,Bayesian ridge,10,10,5,2.0,False,0.0005862079560756683,60.502609573252485,0.059,16.144319791979093,0.091,26.561625461657734,1493.607296801913,38093.771925583525,0.0,9.734935303204749,,,,,,,,,,,,,
quartic,10.0,17,POPS hypercube,10,10,5,2.0,False,0.12673216685652733,60.502609573252485,0.59,1459.9306817635227,0.767,1712.1725041730047,1679.4934094090843,,,,,,,,,,,,,,,,
quartic,10.0,17,POPS ellipse,10,10,5,2.0,False,0.005593209061771631,60.50260957325249,0.914,1326.0156495154454,0.93,1711.4981791470195,1356.0208349027696,inf,0.068,6.013648389631488,,,,,,,,,,,,,
quartic,10.0,17,Ellipse+EB,10,10,5,2.0,False,0.004881124943494797,60.5026095732525,1.0,1397.7408155977735,1.0,1886.9139783092573,1397.7408155977735,5.807365246267338,0.0,5.78624317610314,,,,,,,,,,,,,
quartic,10.0,17,Ellipse+PAC,10,10,5,2.0,False,0.1053846669383347,59.34923893456259,1.0,1872.6794408352705,1.0,5792.067601935682,1872.6794408352705,5.631803765858839,0.0,5.61776128707788,9.5262459667117,9.680344001221918,1.875,5.311502501991869,0.04425000407270758,0.389119556227153,4.1704934606471245,0.0,5.166888553502693,0.01155,5.6051610884998375,,
quartic,10.0,17,Bayesian stacking,10,10,5,2.0,False,0.00664875004440546,63.599087170279795,0.415,59.96836997064532,0.685,107.99492804516963,901.9921852394685,7.405173389133035,0.0,6.632614507285465,,,,,,,,,,,,,
quartic,10.0,17,PVI,10,10,5,2.0,False,1.982573208399117,53.991066578124354,1.0,1639.7401176510114,1.0,2697.8010483377293,1639.7401176510114,6.799516574884603,0.0,6.777648522785272,,,,,,,,,,,,10.0,True
quartic,10.0,17,PVI (no KL),10,10,5,2.0,False,0.10552179114893079,71.55156212425456,0.468,96.99335173188459,0.5985,159.57941332735004,677.3541501113809,164.1071785026337,0.0,7.094549494055736,,,,,,,,,,,,0.0,True
quartic,10.0,18,Bayesian ridge,10,10,5,2.0,False,0.0005768751725554466,37.612012342869335,0.204,36.58769140281166,0.2975,60.196314745389714,746.9151588489991,376.66236372864984,0.0,8.608464662109984,,,,,,,,,,,,,
quartic,10.0,18,POPS hypercube,10,10,5,2.0,False,0.13665991695597768,37.612012342869335,0.5745,145.66581620787116,0.6295,184.03854636449748,310.22580381426707,,,,,,,,,,,,,,,,
quartic,10.0,18,POPS ellipse,10,10,5,2.0,False,0.01242729090154171,37.612012342869335,0.8305,129.9722946498451,0.901,167.75619934354233,189.40493731805032,inf,0.0975,5.2887583789495896,,,,,,,,,,,,,
quartic,10.0,18,Ellipse+EB,10,10,5,2.0,False,0.013067749794572592,37.612012342869335,0.9205,149.155112886772,1.0,214.68706628195847,163.26229758183453,4.841513055477499,0.0,4.845154919213943,,,,,,,,,,,,,
quartic,10.0,18,Ellipse+PAC,10,10,5,2.0,False,0.11828912515193224,67.91449359518214,1.0,1276.1209168627115,1.0,4820.568837703653,1276.1209168627115,5.375536242294912,0.0,5.37460328039632,9.637983058730612,9.680344001221918,1.875,6.138184697434912,0.054071565460559405,1.088052550226134,3.4457267958351405,0.0,5.920038129328596,0.016775,5.373755880617533,,
quartic,10.0,18,Bayesian stacking,10,10,5,2.0,False,0.006726041901856661,41.046201612868586,0.591,76.73770837078655,0.8885,141.2000435566684,446.8476478962272,6.0416516680874395,0.0,5.922852016642762,,,,,,,,,,,,,
quartic,10.0,18,PVI,10,10,5,2.0,False,2.2146144160069525,88.78134419221027,0.9975,263.6336236629922,1.0,433.74621297548026,263.6393428158591,5.327180484443159,0.0,5.326979840225651,,,,,,,,,,,,0.01,True
quartic,10.0,18,PVI (no KL),10,10,5,2.0,False,0.11313570896163583,73.60717983652917,0.574,182.28871333818182,0.774,299.91257556616586,512.852958132422,17.8377644577157,0.0,6.653364395760446,,,,,,,,,,,,0.0,True
quartic,10.0,19,Bayesian ridge,10,10,5,2.0,False,0.0005758330225944519,50.658779804450944,0.1265,18.162249220665288,0.1645,29.88164676843644,1222.8707635189924,19841.92609606527,0.0,9.273700612835153,,,,,,,,,,,,,
quartic,10.0,19,POPS hypercube,10,10,5,2.0,False,0.16240858333185315,50.658779804450944,0.5665,318.3463421530399,0.6405,394.40411214715624,481.97788405730364,,,,,,,,,,,,,,,,
quartic,10.0,19,POPS ellipse,10,10,5,2.0,False,0.0038460418581962585,50.65877980445095,0.89,185.4243891904273,0.9375,239.32862676608107,213.67864953663909,inf,0.045,5.314854228071017,,,,,,,,,,,,,
quartic,10.0,19,Ellipse+EB,10,10,5,2.0,False,0.0032438328489661217,50.65877980445095,1.0,231.46118849816307,1.0,339.40649176939763,231.46118849816307,5.070840734668283,0.0,5.074560820879704,,,,,,,,,,,,,
quartic,10.0,19,Ellipse+PAC,10,10,5,2.0,False,0.07445066701620817,51.11482361616924,1.0,3501.444654819294,1.0,10375.334525277369,3501.444654819294,5.565456465102814,0.0,5.561715497257683,9.679656154563151,9.680344001221918,3.75,7.117413752392725,0.055435431466253696,5.463503579607251,2.506806970704174,0.0,7.0022090806121575,0.0,5.558118600259515,,
quartic,10.0,19,Bayesian stacking,10,10,5,2.0,False,0.007693000137805939,49.9253364792525,0.6135,69.72806076433207,0.8495,118.78746119645193,556.7458898432003,6.541478498016522,0.0,5.944042766994344,,,,,,,,,,,,,
quartic,10.0,19,PVI,10,10,5,2.0,False,2.384159541223198,58.58950006173776,0.8115,119.53374229383992,0.9305,196.66424685273628,384.6740382770575,5.3152533654989735,0.0,5.254176734649187,,,,,,,,,,,,1.0,True
quartic,10.0,19,PVI (no KL),10,10,5,2.0,False,0.08628704212605953,58.11194206167458,0.784,147.7707888483132,0.85,243.1215683371597,514.8508977506775,6.524991572660948,0.0,5.781564050430722,,,,,,,,,,,,0.0,True
quartic,10.0,20,Bayesian ridge,10,10,5,2.0,False,0.0005362080410122871,46.67575869378755,0.188,23.301912247261715,0.2615,38.33773572545833,982.8980606691151,179.73899539869097,0.0,8.647722578242254,,,,,,,,,,,,,
quartic,10.0,20,POPS hypercube,10,10,5,2.0,False,0.1416947920806706,46.67575869378755,0.6475,108.3734213602159,0.7345,144.32677260209394,272.1998119516788,,,,,,,,,,,,,,,,
quartic,10.0,20,POPS ellipse,10,10,5,2.0,False,0.004593334160745144,46.67575869378755,0.766,84.770986106634,0.9195,109.41453701471676,213.27276479223997,inf,0.07,5.027866530399727,,,,,,,,,,,,,
quartic,10.0,20,Ellipse+EB,10,10,5,2.0,False,0.004127874970436096,46.67575869378754,0.9485,121.13670416713191,1.0,190.92629824306513,145.6694367195987,4.7511940035604825,0.0,4.754681589171674,,,,,,,,,,,,,
quartic,10.0,20,Ellipse+PAC,10,10,5,2.0,False,0.13156633405014873,61.92783390873538,1.0,2038.958341604314,1.0,7361.692368260835,2038.958341604314,5.235176617032799,0.0,5.235977038387235,9.607350326539741,9.680344001221918,1.875,5.701123587942988,0.05002689046018092,1.1503222462923623,3.856199848136574,0.0,5.497222128139212,0.015125,5.2368725423282845,,
quartic,10.0,20,Bayesian stacking,10,10,5,2.0,False,0.008052792400121689,51.247049843706485,0.67,76.46042466189867,0.844,124.12925088769138,354.1177977835055,6.063700977691127,0.0,5.77837903857716,,,,,,,,,,,,,
quartic,10.0,20,PVI,10,10,5,2.0,False,1.3856087499298155,68.83395249326355,0.546,62.1028261918128,0.7,102.17537998949321,828.4386467756885,9.72950914583993,0.0,6.242206240980397,,,,,,,,,,,,1.0,True
quartic,10.0,20,PVI (no KL),10,10,5,2.0,False,0.07308724988251925,69.75862200249364,0.3915,34.59713353895082,0.4225,56.921326816452776,1294.763534348357,1658.2344817852918,0.0,7.767670100132173,,,,,,,,,,,,0.0,True
quartic,10.0,21,Bayesian ridge,10,10,5,2.0,False,0.0006527919322252274,66.52056937861924,0.0635,19.48876025966151,0.115,32.06410411830121,1556.6734125873031,15491.84844478315,0.0,9.63875868381297,,,,,,,,,,,,,
quartic,10.0,21,POPS hypercube,10,10,5,2.0,False,0.15151154110208154,66.52056937861924,0.7725,965.8762194875437,0.783,1152.2186800117695,1048.3786086440264,,,,,,,,,,,,,,,,
quartic,10.0,21,POPS ellipse,10,10,5,2.0,False,0.0042066252790391445,66.52056937861916,0.971,630.0326424503755,1.0,813.1877785537724,632.5692965660545,5.454654932938067,0.0,5.449334360114297,,,,,,,,,,,,,
quartic,10.0,21,Ellipse+EB,10,10,5,2.0,False,0.0035919579677283764,66.52056937861916,1.0,721.0710398024181,1.0,998.0966934699743,721.0710398024181,5.5326798548066725,0.0,5.525808284522098,,,,,,,,,,,,,
quartic,10.0,21,Ellipse+PAC,10,10,5,2.0,False,0.08034941600635648,93.98368407599845,1.0,7859.484406058843,1.0,12199.996242787296,7859.484406058843,5.421104291478264,0.0,5.415344586476577,9.509367158884046,9.680344001221918,1.25,5.3677960303103,0.03170808056905765,0.001687678720240433,4.109863048004689,0.0,5.365297972503527,0.0,5.41015116183916,,
quartic,10.0,21,Bayesian stacking,10,10,5,2.0,False,0.00638191681355238,153.94441749563785,0.473,193.94167419627013,0.7835,300.6586646174401,1001.5019098239718,6.986475121234955,0.0,6.5636423115608755,,,,,,,,,,,,,
quartic,10.0,21,PVI,10,10,5,2.0,False,2.8376396247185767,64.08531172834304,1.0,1972.7727933131744,1.0,3245.726839663231,1972.7727933131744,7.01552479589456,0.0,6.987266893679008,,,,,,,,,,,,10.0,True
quartic,10.0,21,PVI (no KL),10,10,5,2.0,False,0.0989268752746284,228.49502814320945,1.0,559.3017315850764,1.0,920.1975249400252,559.3017315850764,4.96729824738665,0.0,4.961669234258379,,,,,,,,,,,,0.0,True
quartic,10.0,22,Bayesian ridge,10,10,5,2.0,False,0.0005871248431503773,39.98981625332016,0.3745,67.91876863836124,0.487,111.7441253415598,512.902295439759,146.64791210741691,0.0,7.692260455250918,,,,,,,,,,,,,
quartic,10.0,22,POPS hypercube,10,10,5,2.0,False,0.14298516605049372,39.98981625332016,0.6285,280.756533462071,0.849,381.90581816052907,493.6892868273057,,,,,,,,,,,,,,,,
quartic,10.0,22,POPS ellipse,10,10,5,2.0,False,0.005075042136013508,39.98981625332018,0.949,222.83653349340054,1.0,287.61675735935313,233.88330552425828,4.85970014202424,0.0,4.863085699242525,,,,,,,,,,,,,
quartic,10.0,22,Ellipse+EB,10,10,5,2.0,False,0.004272750113159418,39.989816253320186,1.0,259.94781693495554,1.0,374.5152661588756,259.94781693495554,4.942614669065596,0.0,4.9458329310477875,,,,,,,,,,,,,
quartic,10.0,22,Ellipse+PAC,10,10,5,2.0,False,0.08428537473082542,50.366862718132325,1.0,8043.91528193384,1.0,19033.98579322945,8043.91528193384,5.652921540403571,0.0,5.641561210574672,9.622780119216673,9.680344001221918,1.875,6.503421129759595,0.03946526876572234,0.523466258323626,3.079893720691355,0.0,6.428719355120354,0.007725,5.63110170459181,,
quartic,10.0,22,Bayesian stacking,10,10,5,2.0,False,0.007638250011950731,111.79421216151047,0.831,134.4588366921579,1.0,199.125392429468,197.0072159012092,5.1661239124704865,0.0,5.126260816809571,,,,,,,,,,,,,
quartic,10.0,22,PVI,10,10,5,2.0,False,1.6189964171499014,191.99670859946627,0.5605,73.41206018824325,0.664,120.78202564208203,2613.2526259461333,14.002048627575524,0.0,6.114787078373672,,,,,,,,,,,,0.1,True
quartic,10.0,22,PVI (no KL),10,10,5,2.0,False,0.054452375043183565,191.6932747955367,0.5535,72.93162113655286,0.66,119.99157783674967,2614.6559390196203,17.381487174684768,0.0,6.175789536924003,,,,,,,,,,,,0.0,True
quartic,10.0,23,Bayesian ridge,10,10,5,2.0,False,0.0007673753425478935,53.09814769922733,0.1985,40.852259813116135,0.286,67.2126443479786,925.7352236106335,4135.927687192036,0.0,8.769369924281241,,,,,,,,,,,,,
quartic,10.0,23,POPS hypercube,10,10,5,2.0,False,0.14128491608425975,53.09814769922733,0.752,1284.33249137679,0.819,1601.6369686855344,1338.5689580989877,,,,,,,,,,,,,,,,
quartic,10.0,23,POPS ellipse,10,10,5,2.0,False,0.009076209273189306,53.09814769922739,0.996,840.8818257577175,0.998,1085.332374612666,840.9118690048764,inf,0.002,5.390321561488582,,,,,,,,,,,,,
quartic,10.0,23,Ellipse+EB,10,10,5,2.0,False,0.008714541792869568,53.098147699227404,1.0,873.309052845708,1.0,1148.8860095687146,873.309052845708,5.536673413112514,0.0,5.526507713198853,,,,,,,,,,,,,
quartic,10.0,23,Ellipse+PAC,10,10,5,2.0,False,0.07446437515318394,81.35991596474332,1.0,752.9109827386294,1.0,1121.6171183040726,752.9109827386294,5.265068641713037,0.0,5.262647026814771,9.510711812431767,9.680344001221918,1.5625,5.3467266533592195,0.032805681697685274,0.005496175199535529,4.131179477374862,0.0,5.343064004448861,0.0,5.260456286468681,,
quartic,10.0,23,Bayesian stacking,10,10,5,2.0,False,0.018115125130861998,58.99535395022648,0.849,118.51476128561251,0.9805,187.8152574715859,234.44878365845082,4.960971650173948,0.0,4.941874300239101,,,,,,,,,,,,,
quartic,10.0,23,PVI,10,10,5,2.0,False,2.1553484587930143,50.519045604313476,1.0,3787.7671327586463,1.0,6231.866886475923,3787.7671327586463,7.5906555722476226,0.0,7.529502267998509,,,,,,,,,,,,10.0,True
quartic,10.0,23,PVI (no KL),10,10,5,2.0,False,0.13628020882606506,113.2817222800701,0.468,90.81335002747872,0.6335,149.41169534728442,1099.089439869686,13.743108561903119,0.0,6.787946937935725,,,,,,,,,,,,0.0,True
quartic,10.0,24,Bayesian ridge,10,10,5,2.0,False,0.0005583749152719975,50.754070703305636,0.1225,17.290315796552306,0.1625,28.447088401332213,1239.1467441063478,17931.571554367943,0.0,9.285265388328932,,,,,,,,,,,,,
quartic,10.0,24,POPS hypercube,10,10,5,2.0,False,0.11742179188877344,50.754070703305636,0.723,501.30833378494464,0.733,631.2112732581228,603.6120104435624,,,,,,,,,,,,,,,,
quartic,10.0,24,POPS ellipse,10,10,5,2.0,False,0.004395707976073027,50.754070703305636,1.0,311.9620416874615,1.0,402.6517081500386,311.9620416874615,5.220545941609207,0.0,5.222411495618187,,,,,,,,,,,,,
quartic,10.0,24,Ellipse+EB,10,10,5,2.0,False,0.004564125090837479,50.75407070330564,1.0,348.78060887391354,1.0,491.3328571611942,348.78060887391354,5.309629507531796,0.0,5.311026135118909,,,,,,,,,,,,,
quartic,10.0,24,Ellipse+PAC,10,10,5,2.0,False,0.07778541697189212,51.46844983333398,0.9855,776.3802603363001,1.0,2407.8613320583395,776.6568193912136,5.196324225261722,0.0,5.196430653632743,9.540429068357511,9.680344001221918,1.40625,5.816430918273211,0.041916772288091014,0.6924533757544591,3.68208137779621,0.0,5.738798492077597,0.007925,5.196624347476771,,
quartic,10.0,24,Bayesian stacking,10,10,5,2.0,False,0.0076658339239656925,43.123584119606676,0.756,91.63904900645402,0.8975,180.7556846152858,411.85660981439145,5.70228198372448,0.0,5.525156567110673,,,,,,,,,,,,,
quartic,10.0,24,PVI,10,10,5,2.0,False,2.70434904191643,47.699813425755686,1.0,2796.966164567259,1.0,4601.740342697809,2796.966164567259,7.429294086882648,0.0,7.385537094306179,,,,,,,,,,,,10.0,True
quartic,10.0,24,PVI (no KL),10,10,5,2.0,False,0.07404437521472573,61.930838467865584,0.4895,111.51566287926885,0.561,183.47241064806224,836.1615115706638,31.243451449765107,0.0,7.165976840469777,,,,,,,,,,,,0.0,True
quartic,10.0,25,Bayesian ridge,10,10,5,2.0,False,0.0006507090292870998,58.38275715365236,0.2935,52.612285159500196,0.392,86.56095958795831,828.7674631033598,298.52275513310565,0.0,8.109991596745644,,,,,,,,,,,,,
quartic,10.0,25,POPS hypercube,10,10,5,2.0,False,0.15297350008040667,58.38275715365236,0.9125,581.3115779889405,0.977,740.1251135041903,585.5429164937714,,,,,,,,,,,,,,,,
quartic,10.0,25,POPS ellipse,10,10,5,2.0,False,0.0036288336850702763,58.38275715365232,1.0,255.68187883238647,1.0,330.0104868463856,255.68187883238647,4.968412873245281,0.0,4.97130177904371,,,,,,,,,,,,,
quartic,10.0,25,Ellipse+EB,10,10,5,2.0,False,0.004027291666716337,58.3827571536523,1.0,280.85275071468004,1.0,382.00474172674745,280.85275071468004,5.044503202435723,0.0,5.047125356932556,,,,,,,,,,,,,
quartic,10.0,25,Ellipse+PAC,10,10,5,2.0,False,0.15676887519657612,151.28658970059234,1.0,6528.554427422037,1.0,16713.871614660475,6528.554427422037,5.965544963491104,0.0,5.944316200376509,9.622186138987672,9.680344001221918,2.5,6.054941695545423,0.05425068657468972,1.6164208780116378,3.512993756867559,0.0,5.907354068724032,0.015875,5.924866455708833,,
quartic,10.0,25,Bayesian stacking,10,10,5,2.0,False,0.007141624577343464,80.15651629009335,0.751,117.11255002340096,0.982,168.96876856746778,209.0115992894107,5.2776242557227455,0.0,5.230502618462533,,,,,,,,,,,,,
quartic,10.0,25,PVI,10,10,5,2.0,False,1.8790344167500734,125.30774249919867,0.5445,61.06343014158342,0.75,100.46530183517939,1492.8325355973416,8.137412966762811,0.0,5.83849762412412,,,,,,,,,,,,1.0,True
quartic,10.0,25,PVI (no KL),10,10,5,2.0,False,0.08336258307099342,114.96711745608226,0.594,84.11107146154012,0.826,138.3846954301616,974.9071888509487,6.21120289263331,0.0,5.620852138592593,,,,,,,,,,,,0.0,True
quartic,10.0,26,Bayesian ridge,10,10,5,2.0,False,0.0006098337471485138,146.92066851701435,0.297,31.46603705110821,0.3915,51.76985476522973,2365.6275253230647,34.30945668260673,0.0,7.546531972384952,,,,,,,,,,,,,
quartic,10.0,26,POPS hypercube,10,10,5,2.0,False,0.13585579209029675,146.92066851701435,0.175,20.94044811325225,0.2175,25.74977441194355,2534.3638985721122,,,,,,,,,,,,,,,,
quartic,10.0,26,POPS ellipse,10,10,5,2.0,False,0.006314416881650686,146.92066851701426,0.3245,46.0010896506805,0.399,59.37394570319619,2103.21952560782,inf,0.587,7.510723240169097,,,,,,,,,,,,,
quartic,10.0,26,Ellipse+EB,10,10,5,2.0,False,0.006738082971423864,146.92066851701424,0.3525,47.8631367331707,0.4405,65.52300231112751,2074.1792316485694,inf,0.513,7.2834662389853735,,,,,,,,,,,,,
quartic,10.0,26,Ellipse+PAC,10,10,5,2.0,False,0.15337437530979514,53.94918859774109,1.0,2381.1528730419273,1.0,5028.033653541692,2381.1528730419273,5.3878066571987295,0.0,5.385881461148625,9.599820409873306,9.680344001221918,3.75,5.388666901209559,0.04419649192626769,1.7277686173612823,4.166957016737481,0.0,5.315871304938165,0.0055,5.384129501679749,,
quartic,10.0,26,Bayesian stacking,10,10,5,2.0,False,0.00681333290413022,112.1986625222583,0.6835,123.10499384626115,0.9445,174.75050908055744,268.96073155076584,6.2018771073120105,0.0,5.915148275421519,,,,,,,,,,,,,
quartic,10.0,26,PVI,10,10,5,2.0,False,1.3959031249396503,165.1891665952783,0.462,69.39756329233707,0.571,114.17712903819886,2037.061205890114,14.482189972575076,0.0,6.586124846732531,,,,,,,,,,,,1.0,True
quartic,10.0,26,PVI (no KL),10,10,5,2.0,False,0.057988458313047886,152.4217320381098,0.4145,84.58075353489826,0.612,139.15744519474396,1655.6321275336982,19.94269202197369,0.0,6.792507972653148,,,,,,,,,,,,0.0,True
quartic,10.0,27,Bayesian ridge,10,10,5,2.0,False,0.0006463751196861267,54.72054106769253,0.1845,37.93646786258875,0.2655,62.41540453162516,982.8979223104575,4502.629498780469,0.0,8.877417607710942,,,,,,,,,,,,,
quartic,10.0,27,POPS hypercube,10,10,5,2.0,False,0.12679316708818078,54.72054106769253,0.5225,1040.632333000117,0.6555,1227.405820126134,1453.359983987195,,,,,,,,,,,,,,,,
quartic,10.0,27,POPS ellipse,10,10,5,2.0,False,0.0054575419053435326,54.720541067692565,0.9795,853.758518083775,1.0,1101.9524163727592,855.4328441409222,5.5803258344100835,0.0,5.570352974770358,,,,,,,,,,,,,
quartic,10.0,27,Ellipse+EB,10,10,5,2.0,False,0.005532166920602322,54.72054106769257,1.0,904.6239549232158,1.0,1208.2805369022901,904.6239549232158,5.635333920458379,0.0,5.624582730657726,,,,,,,,,,,,,
quartic,10.0,27,Ellipse+PAC,10,10,5,2.0,False,0.07954937499016523,61.51764570755335,1.0,5368.246956257475,1.0,8365.443664223683,5368.246956257475,5.886905694504391,0.0,5.868571575641305,9.569780016169855,9.680344001221918,0.01220703125,5.830175866608528,0.03174240700198341,3.045150465928934e-07,3.7078617425593423,0.0,5.827009413246821,0.0,5.852522901867967,,
quartic,10.0,27,Bayesian stacking,10,10,5,2.0,False,0.00749420840293169,131.55620336629764,0.7965,204.17035356331564,1.0,331.45783234336847,296.3112017609923,5.322666022894487,0.0,5.318073830953969,,,,,,,,,,,,,
quartic,10.0,27,PVI,10,10,5,2.0,False,2.2048652907833457,100.81987130449119,1.0,375.07947495223743,1.0,617.1037653123236,375.07947495223743,5.020221696162035,0.0,5.019700042376094,,,,,,,,,,,,1.0,True
quartic,10.0,27,PVI (no KL),10,10,5,2.0,False,0.08870754111558199,97.99903798330587,0.6415,80.8728065847316,0.655,133.05690337006115,1612.6707638354483,1014937.9366278221,0.0,6.320046944063579,,,,,,,,,,,,0.0,True
quartic,10.0,28,Bayesian ridge,10,10,5,2.0,False,0.001031958032399416,52.354242464957686,0.1375,23.325943726798453,0.189,38.37727379005127,1151.2014137844312,7724.737990944408,0.0,9.16797163517396,,,,,,,,,,,,,
quartic,10.0,28,POPS hypercube,10,10,5,2.0,False,0.13841012492775917,52.354242464957686,0.8155,862.5922158257677,0.8755,1109.9705080151728,896.8422955345409,,,,,,,,,,,,,,,,
quartic,10.0,28,POPS ellipse,10,10,5,2.0,False,0.007925957906991243,52.35424246495762,1.0,456.78467373667274,1.0,589.575347506843,456.78467373667274,5.145418239882365,0.0,5.144193810749562,,,,,,,,,,,,,
quartic,10.0,28,Ellipse+EB,10,10,5,2.0,False,0.0073851668275892735,52.35424246495763,1.0,480.96406460720357,1.0,636.7621531650119,480.96406460720357,5.2395871283651525,0.0,5.23802515767323,,,,,,,,,,,,,
quartic,10.0,28,Ellipse+PAC,10,10,5,2.0,False,0.16022070916369557,55.62314882752242,1.0,3910.681393020303,1.0,6540.095252421027,3910.681393020303,5.52414115606023,0.0,5.516058072405274,9.657968297799096,9.680344001221918,3.75,6.0293425300574945,0.04952265475861517,2.761674476832385,3.5791031129829864,0.0,5.86740022653566,0.018125000000000002,5.508476120895284,,
quartic,10.0,28,Bayesian stacking,10,10,5,2.0,False,0.007754332851618528,39.588969184154784,0.681,83.86936571316122,0.9215,149.7447757283291,375.85578000162127,5.714112077986162,0.0,5.576543190758945,,,,,,,,,,,,,
quartic,10.0,28,PVI,10,10,5,2.0,False,1.5854296670295298,40.3597887181729,1.0,171.11340907423215,1.0,281.52627932675597,171.11340907423215,4.79061687769126,0.0,4.795182731735096,,,,,,,,,,,,1.0,True
quartic,10.0,28,PVI (no KL),10,10,5,2.0,False,0.18237674981355667,65.66855884257588,0.7745,191.207278291555,0.808,314.5859458288548,541.8303829189895,26.82690247135657,0.0,5.715903525380063,,,,,,,,,,,,0.0,True
quartic,10.0,29,Bayesian ridge,10,10,5,2.0,False,0.0007438343018293381,50.5820297244889,0.1965,41.42869421512487,0.2815,68.16102959348008,918.2223666404732,11120.011216325656,0.0,8.79021633024091,,,,,,,,,,,,,
quartic,10.0,29,POPS hypercube,10,10,5,2.0,False,0.17064520809799433,50.5820297244889,0.619,409.65783362894564,0.6995,548.7971700758936,549.3410350921679,,,,,,,,,,,,,,,,
quartic,10.0,29,POPS ellipse,10,10,5,2.0,False,0.0075163752771914005,50.582029724488905,1.0,258.60173949194785,1.0,333.7791725357502,258.60173949194785,4.807069837471643,0.0,4.810146549964749,,,,,,,,,,,,,
quartic,10.0,29,Ellipse+EB,10,10,5,2.0,False,0.007123874966055155,50.582029724488905,1.0,299.4937516140828,1.0,434.6067777570281,299.4937516140828,5.050185274211699,0.0,5.0527315866659945,,,,,,,,,,,,,
quartic,10.0,29,Ellipse+PAC,10,10,5,2.0,False,0.09854612499475479,72.38794187066533,1.0,2274.0430182459604,1.0,3578.443190640801,2274.0430182459604,5.264682843160817,0.0,5.264970304770702,9.584940770382484,9.680344001221918,1.40625,5.86243063013151,0.040230865989181464,0.1336505895036721,3.6822792742617936,0.0,5.812571789204437,0.009025,5.265355555938666,,
quartic,10.0,29,Bayesian stacking,10,10,5,2.0,False,0.00781941693276167,125.48172496624804,0.354,28.514166746037233,0.5005,53.77946866336993,2086.3267055305487,11.052430545302617,0.0,7.102746135815589,,,,,,,,,,,,,
quartic,10.0,29,PVI,10,10,5,2.0,False,2.007329792249948,142.52175693415424,0.4515,124.77858680332587,0.5875,205.29338683885143,1258.3701082386967,14.898732315627694,0.0,7.011304971819938,,,,,,,,,,,,1.0,True
quartic,10.0,29,PVI (no KL),10,10,5,2.0,False,0.03332687495276332,122.3101023552936,0.226,48.055720445630705,0.392,79.06421975121783,1624.889057492896,30.169669884297704,0.0,7.90110049022805,,,,,,,,,,,,0.0,True
quartic,20.0,0,Bayesian ridge,20,20,5,4.0,False,0.0006324169225990772,35.986436250762665,0.161,25.818423894833373,0.269,42.47805508941858,778.2262481551408,346.66470749395444,0.0,8.759906146029255,,,,,,,,,,,,,
quartic,20.0,0,POPS hypercube,20,20,5,4.0,False,0.16043479181826115,35.986436250762665,0.8295,242.8757393660745,0.946,336.06940698339184,312.3158134361041,,,,,,,,,,,,,,,,
quartic,20.0,0,POPS ellipse,20,20,5,4.0,False,0.004087875131517649,35.98643625076267,1.0,134.9302058726714,1.0,174.15541192699908,134.9302058726714,4.581326583933254,0.0,4.587106045481497,,,,,,,,,,,,,
quartic,20.0,0,Ellipse+EB,20,20,5,4.0,False,0.004965874832123518,35.98643625076267,1.0,165.49276979597164,1.0,238.54858508379183,165.49276979597164,4.763253550668801,0.0,4.768716442566364,,,,,,,,,,,,,
quartic,20.0,0,Ellipse+PAC,20,20,5,4.0,False,0.18301666574552655,46.76244081347614,1.0,3389.1015809235423,1.0,9881.401545865427,3389.1015809235423,5.091166202310625,0.0,5.0939716017131955,9.294799600897015,9.680344001221918,1.25,5.738083830235329,0.03890996409884494,1.7080266991939237,3.5178058065628397,0.0,5.573484289298591,0.023775,5.096812839679224,,
quartic,20.0,0,Bayesian stacking,20,20,5,4.0,False,0.013196415733546019,39.1660121361418,0.7095,85.53461815307845,0.911,133.02414912376884,273.2663793350324,5.557904462300072,0.0,5.484029496240979,,,,,,,,,,,,,
quartic,20.0,0,PVI,20,20,5,4.0,False,1.7205902501009405,50.583060475717545,0.8775,121.26620978022667,1.0,199.51460865743533,199.18467750543786,4.718256804500159,0.0,4.717003662208527,,,,,,,,,,,,0.0,True
quartic,20.0,0,PVI (no KL),20,20,5,4.0,False,0.061356875114142895,50.583060475717545,0.8775,121.26620978022667,1.0,199.51460865743533,199.18467750543786,4.718256804500159,0.0,4.717003662208527,,,,,,,,,,,,0.0,True
quartic,20.0,1,Bayesian ridge,20,20,5,4.0,False,0.0007235840894281864,36.00467974194376,0.2975,48.31535195903527,0.363,79.49138144684542,669.5490774252785,213.09887178764637,0.0,8.237141345782616,,,,,,,,,,,,,
quartic,20.0,1,POPS hypercube,20,20,5,4.0,False,0.15169433364644647,36.00467974194376,0.9025,502.68716511610893,0.9565,694.7289953474631,509.5590988226105,,,,,,,,,,,,,,,,
quartic,20.0,1,POPS ellipse,20,20,5,4.0,False,0.004852791782468557,36.004679741943754,0.8875,218.33675337839878,0.955,281.80885797581135,241.26202773017727,inf,0.04,5.192449909359184,,,,,,,,,,,,,
quartic,20.0,1,Ellipse+EB,20,20,5,4.0,False,0.004613375291228294,36.00467974194375,1.0,244.7041945089809,1.0,335.57878005226087,244.7041945089809,4.96585257971497,0.0,4.969078806920006,,,,,,,,,,,,,
quartic,20.0,1,Ellipse+PAC,20,20,5,4.0,False,0.17122758366167545,39.469507113085044,0.9845,551.9930794644882,1.0,1068.7291065276897,552.5624395360306,5.065984521310033,0.0,5.068269492380367,9.08545694177374,9.680344001221918,1.2548828125,5.136573791277491,0.03896430080490866,0.7644070404594,3.909918849691341,0.0,5.059559364538002,0.00755,5.070633749882327,,
quartic,20.0,1,Bayesian stacking,20,20,5,4.0,False,0.01453608414158225,35.926793510349015,0.72,97.6082299029298,0.894,157.06454757375477,339.4996516386232,5.75861493683109,0.0,5.573745774314028,,,,,,,,,,,,,
quartic,20.0,1,PVI,20,20,5,4.0,False,2.635418917052448,56.756309277546364,0.864,321.7248934387374,1.0,529.3215342189349,333.6179395639038,4.962507036854233,0.0,4.963540151912384,,,,,,,,,,,,1.0,True
quartic,20.0,1,PVI (no KL),20,20,5,4.0,False,0.1798961660824716,109.3013640807153,0.847,410.8759456569719,0.911,675.9983152196379,443.07098267748864,61.774278038516975,0.0,5.506448469571713,,,,,,,,,,,,0.0,True
quartic,20.0,2,Bayesian ridge,20,20,5,4.0,False,0.0005929581820964813,37.30217793858235,0.272,39.666986969296865,0.3515,65.2625607425335,671.569715130961,250.81195586223342,0.0,8.295349360108732,,,,,,,,,,,,,
quartic,20.0,2,POPS hypercube,20,20,5,4.0,False,0.17088037496432662,37.30217793858235,0.8805,345.7415900254354,0.9965,500.82870391111294,371.6811156817567,,,,,,,,,,,,,,,,
quartic,20.0,2,POPS ellipse,20,20,5,4.0,False,0.005245957989245653,37.302177938582346,0.9935,166.5262169935387,1.0,214.93661652396898,167.68533508336236,4.6809529364553315,0.0,4.6856321876259805,,,,,,,,,,,,,
quartic,20.0,2,Ellipse+EB,20,20,5,4.0,False,0.005844875238835812,37.30217793858235,1.0,189.3156120966117,1.0,266.31176887504,189.3156120966117,4.741000982276945,0.0,4.745587770856071,,,,,,,,,,,,,
quartic,20.0,2,Ellipse+PAC,20,20,5,4.0,False,0.0942781250923872,36.29617635664128,1.0,248.93133267338146,1.0,367.3166640824855,248.93133267338146,4.807518428627263,0.0,4.811146147249127,8.66781152209377,9.680344001221918,5.0,4.439868180948474,0.03146637542273581,0.016529594035126185,4.19647696572256,0.0,4.433993721323607,1.25e-05,4.8148299579529175,,
quartic,20.0,2,Bayesian stacking,20,20,5,4.0,False,0.012696292251348495,36.08931364872873,0.6125,75.70587538225448,0.8185,138.609303427615,398.5691927813535,6.011185811266385,0.0,5.8006754942502585,,,,,,,,,,,,,
quartic,20.0,2,PVI,20,20,5,4.0,False,2.9000514592044055,47.575426290185135,0.8095,203.07515484979092,0.8855,334.11170449981864,321.9620084642923,5.655511918200764,0.0,5.445043319350738,,,,,,,,,,,,1.0,True
quartic,20.0,2,PVI (no KL),20,20,5,4.0,False,0.08431637519970536,48.085881092825495,0.794,126.79011790624124,0.8595,208.6028812275007,265.34775008816683,6.057289372696582,0.0,5.453527793067085,,,,,,,,,,,,0.0,True
quartic,20.0,3,Bayesian ridge,20,20,5,4.0,False,0.0006382078863680363,47.24560788570697,0.2065,30.64814118111056,0.2865,50.42420229764744,909.816623347461,162.99393261868784,0.0,8.554022920984146,,,,,,,,,,,,,
quartic,20.0,3,POPS hypercube,20,20,5,4.0,False,0.15373829239979386,47.24560788570697,0.799,216.15662944579472,0.984,289.3644531329568,242.55499957683182,,,,,,,,,,,,,,,,
quartic,20.0,3,POPS ellipse,20,20,5,4.0,False,0.006107584107667208,47.245607885706946,0.993,132.5721466978899,1.0,171.11184755772922,134.00667131943715,4.6404967090329325,0.0,4.645575900560686,,,,,,,,,,,,,
quartic,20.0,3,Ellipse+EB,20,20,5,4.0,False,0.006863750051707029,47.245607885706946,1.0,158.32605197060295,1.0,234.13437262440547,158.32605197060295,4.7097305284900814,0.0,4.714754982464355,,,,,,,,,,,,,
quartic,20.0,3,Ellipse+PAC,20,20,5,4.0,False,0.08842650009319186,44.50291839051671,1.0,235.15216500944928,1.0,359.635061450935,235.15216500944928,4.75280264697053,0.0,4.757532791213317,8.801445937902814,9.680344001221918,3.125,4.7081564935168885,0.03120220829248104,0.0022879789557475323,4.062087236093445,0.0,4.705051517159952,0.0,4.762310424882583,,
quartic,20.0,3,Bayesian stacking,20,20,5,4.0,False,0.01279162522405386,42.56513264232882,0.635,75.24893762011361,0.904,120.12686538776848,394.60165628449175,5.946822765351039,0.0,5.557330943313495,,,,,,,,,,,,,
quartic,20.0,3,PVI,20,20,5,4.0,False,2.0229778750799596,47.40458445554911,1.0,180.22344324296793,1.0,296.51466649021415,180.22344324296793,4.606985646374224,0.0,4.611422925865774,,,,,,,,,,,,0.1,True
quartic,20.0,3,PVI (no KL),20,20,5,4.0,False,0.1632314589805901,47.344492274635975,0.998,179.00321554678843,0.999,294.50707301699987,179.01644509487994,4.725947834525295,0.0,4.611488768207338,,,,,,,,,,,,0.0,True
quartic,20.0,4,Bayesian ridge,20,20,5,4.0,False,0.000599374994635582,39.220296871340715,0.1065,16.372737441324734,0.168,26.93743219299896,1038.3189974036252,385.6155506919962,0.0,9.263622364950034,,,,,,,,,,,,,
quartic,20.0,4,POPS hypercube,20,20,5,4.0,False,0.1721461252309382,39.220296871340715,0.7895,173.7659611300312,0.954,238.0535982586745,204.88527733064052,,,,,,,,,,,,,,,,
quartic,20.0,4,POPS ellipse,20,20,5,4.0,False,0.0036697089672088623,39.22029687134072,0.912,105.73260805599551,0.9775,136.46985707176904,149.14848963614585,4.738276356015339,0.0,4.737894757954172,,,,,,,,,,,,,
quartic,20.0,4,Ellipse+EB,20,20,5,4.0,False,0.0034251250326633453,39.220296871340715,0.9615,136.57985410249927,1.0,206.5051820869859,147.02546876594306,4.835913353446837,0.0,4.8406243711442825,,,,,,,,,,,,,
quartic,20.0,4,Ellipse+PAC,20,20,5,4.0,False,0.14809358399361372,38.066698602796784,1.0,262.8877820834666,1.0,816.4031886725886,262.8877820834666,4.870703338704312,0.0,4.875018460865879,9.163233392710879,9.680344001221918,0.3173828125,5.416982727104653,0.03663663332955799,0.5836281779488915,3.7096140322766686,0.0,5.269256639740988,0.0278625,4.879371965728311,,
quartic,20.0,4,Bayesian stacking,20,20,5,4.0,False,0.014014416839927435,39.89361927067179,0.6545,62.22933316563659,0.813,103.63333354623548,512.1490542107377,6.67744273374049,0.0,5.940988484446154,,,,,,,,,,,,,
quartic,20.0,4,PVI,20,20,5,4.0,False,1.5196978328749537,40.38614941677166,1.0,144.7425325169156,1.0,238.13929522111056,144.7425325169156,4.615191175735103,0.0,4.620240679139654,,,,,,,,,,,,1.0,True
quartic,20.0,4,PVI (no KL),20,20,5,4.0,False,0.08265062514692545,55.52998858089865,1.0,173.83327913582983,1.0,286.0011764305922,173.83327913582983,4.8691008550784405,0.0,4.8720136618706045,,,,,,,,,,,,0.0,True
quartic,20.0,5,Bayesian ridge,20,20,5,4.0,False,0.0006375829689204693,67.26624016090058,0.2975,39.63357069060858,0.4955,65.20758223056907,872.6415137502104,14.371582063678256,0.0,7.359643362277712,,,,,,,,,,,,,
quartic,20.0,5,POPS hypercube,20,20,5,4.0,False,0.16863170824944973,67.26624016090058,0.65,73.47429466720257,0.931,100.75627431014067,307.13717256560085,,,,,,,,,,,,,,,,
quartic,20.0,5,POPS ellipse,20,20,5,4.0,False,0.0035737906582653522,67.26624016090062,0.808,89.95058517081564,0.847,116.09988373011781,497.7751964082795,inf,0.1265,5.225791997410932,,,,,,,,,,,,,
quartic,20.0,5,Ellipse+EB,20,20,5,4.0,False,0.004477040842175484,67.2662401609006,0.929,123.78516031909918,1.0,193.52069834187284,224.2460638662478,4.774181678434872,0.0,4.77086396703354,,,,,,,,,,,,,
quartic,20.0,5,Ellipse+PAC,20,20,5,4.0,False,0.14562966581434011,41.59287060107554,1.0,586.7362049511291,1.0,1314.200604242012,586.7362049511291,4.9905288113044985,0.0,4.993226370154438,9.08077616319363,9.680344001221918,0.6640625,5.200977716161997,0.03694002135249184,0.5395991628394264,3.84285842567914,0.0,5.100444522430863,0.014675,4.99598486925798,,
quartic,20.0,5,Bayesian stacking,20,20,5,4.0,False,0.012252166401594877,56.17190930960854,0.646,79.17072638669732,0.977,122.55220418995171,314.1612676592491,5.422622762059191,0.0,5.337125368930481,,,,,,,,,,,,,
quartic,20.0,5,PVI,20,20,5,4.0,False,1.5225877920165658,120.07138722672785,0.898,158.12946330056573,1.0,260.1642951057827,189.19925154736995,4.7794059037079535,0.0,4.775247020490273,,,,,,,,,,,,1.0,True
quartic,20.0,5,PVI (no KL),20,20,5,4.0,False,0.03729974990710616,78.84283339005226,0.8605,121.45361493041575,0.912,199.82293910882925,351.9959963931694,5.1605907013014365,0.0,5.079699597762236,,,,,,,,,,,,0.0,True
quartic,20.0,6,Bayesian ridge,20,20,5,4.0,False,0.0006818328984081745,37.267489619727385,0.1675,28.151841296972314,0.3065,46.31713656698704,792.2705517816273,666.7329309197575,0.0,8.703532534634515,,,,,,,,,,,,,
quartic,20.0,6,POPS hypercube,20,20,5,4.0,False,0.1717582088895142,37.267489619727385,0.918,523.6682038726935,1.0,704.7636110810251,527.1742320867532,,,,,,,,,,,,,,,,
quartic,20.0,6,POPS ellipse,20,20,5,4.0,False,0.007253624964505434,37.26748961972737,1.0,233.90614417026157,1.0,301.9043855063039,233.90614417026157,4.814235720833361,0.0,4.8179465314456085,,,,,,,,,,,,,
quartic,20.0,6,Ellipse+EB,20,20,5,4.0,False,0.0071457079611718655,37.26748961972737,1.0,259.7916494188206,1.0,355.83970346247753,259.7916494188206,4.958782800660237,0.0,4.962238914458372,,,,,,,,,,,,,
quartic,20.0,6,Ellipse+PAC,20,20,5,4.0,False,0.16589237516745925,38.100965062940745,1.0,605.9260580059916,1.0,1037.3461699992486,605.9260580059916,4.944000696448395,0.0,4.946934800908961,9.04599590877888,9.680344001221918,3.125,5.113280568301581,0.04429066352360997,0.41888445601131175,3.8884246769536874,0.0,4.990799572486567,0.019675,4.9499295867657,,
quartic,20.0,6,Bayesian stacking,20,20,5,4.0,False,0.012721833307296038,37.697208503974096,0.581,60.86712839196974,0.745,101.83159206097152,479.040175771198,6.668632012485565,0.0,6.028632237587506,,,,,,,,,,,,,
quartic,20.0,6,PVI,20,20,5,4.0,False,2.81461300002411,59.60709079633669,1.0,161.83509576639463,1.0,266.2610289988272,161.83509576639463,4.637291137221281,0.0,4.641496812021138,,,,,,,,,,,,1.0,True
quartic,20.0,6,PVI (no KL),20,20,5,4.0,False,0.18636699998751283,41.92708453830744,0.891,107.21866552240117,0.999,176.40272695289923,131.31098442785517,4.671461188414274,0.0,4.674261994748549,,,,,,,,,,,,0.0,True
quartic,20.0,7,Bayesian ridge,20,20,5,4.0,False,0.000567540992051363,35.77619986924629,0.1555,25.081078747947895,0.24,41.26492961371575,803.841732160416,519.1208087523718,0.0,8.881445951985242,,,,,,,,,,,,,
quartic,20.0,7,POPS hypercube,20,20,5,4.0,False,0.16333695827051997,35.77619986924629,0.7515,263.0029975027337,0.944,358.46256539114427,330.9644069133118,,,,,,,,,,,,,,,,
quartic,20.0,7,POPS ellipse,20,20,5,4.0,False,0.00561370886862278,35.77619986924629,1.0,144.49612999541748,1.0,186.50222074778574,144.49612999541748,4.617324234703777,0.0,4.622877076251636,,,,,,,,,,,,,
quartic,20.0,7,Ellipse+EB,20,20,5,4.0,False,0.005585792008787394,35.77619986924629,1.0,157.38853546742578,1.0,216.75990473143762,157.38853546742578,4.669019891096803,0.0,4.674455064855149,,,,,,,,,,,,,
quartic,20.0,7,Ellipse+PAC,20,20,5,4.0,False,0.17460724990814924,40.341042438581866,0.9825,417.5347248561348,1.0,1076.589758551744,417.88659833900385,4.90716605074691,0.0,4.911270782230115,9.061204928314883,9.680344001221918,2.5048828125,5.01757990546152,0.034945054673172604,1.227827834233416,4.00867996818019,0.0,4.950907143889974,0.0061625,4.915407113150158,,
quartic,20.0,7,Bayesian stacking,20,20,5,4.0,False,0.012675500009208918,36.07264800939653,0.6,68.23008589854557,0.9025,115.00305816952061,342.73686747274047,5.7659445891818875,0.0,5.684669722449999,,,,,,,,,,,,,
quartic,20.0,7,PVI,20,20,5,4.0,False,2.2084169168956578,48.34420584986947,0.8595,128.86986387777668,0.985,212.02460690334874,179.07113002381678,4.900872006715806,0.0,4.897955150655286,,,,,,,,,,,,1.0,True
quartic,20.0,7,PVI (no KL),20,20,5,4.0,False,0.1606187499128282,45.78076872235241,0.8095,128.9367048160274,0.8545,212.13457771600585,299.9028936310743,49.703094333145785,0.0,5.429824463930609,,,,,,,,,,,,0.0,True
quartic,20.0,8,Bayesian ridge,20,20,5,4.0,False,0.0005295411683619022,40.393517302597566,0.1325,24.609172208197023,0.2205,40.48852002054124,930.0218023351756,252.47255175697558,0.0,8.99025366404088,,,,,,,,,,,,,
quartic,20.0,8,POPS hypercube,20,20,5,4.0,False,0.14719904074445367,40.393517302597566,0.8165,198.3960031426963,0.975,276.4278513174108,251.93476173813625,,,,,,,,,,,,,,,,
quartic,20.0,8,POPS ellipse,20,20,5,4.0,False,0.005792834330350161,40.393517302597566,0.9545,117.5503307657148,1.0,151.7230789373933,129.75848840098638,4.62661631397485,0.0,4.63164940960056,,,,,,,,,,,,,
quartic,20.0,8,Ellipse+EB,20,20,5,4.0,False,0.004217875190079212,40.393517302597566,1.0,142.03320110730934,1.0,208.40506621632002,142.03320110730934,4.716927315335866,0.0,4.722247438405363,,,,,,,,,,,,,
quartic,20.0,8,Ellipse+PAC,20,20,5,4.0,False,0.1148753329180181,37.46215858340152,1.0,801.0122257883884,1.0,1467.7637212602356,801.0122257883884,4.9526297926545135,0.0,4.954711482268852,8.947634835408177,9.680344001221918,3.75,4.857552505273268,0.03953445970902149,0.5001835691340187,4.050547870425888,0.0,4.813575820332641,0.002175,4.95688659017584,,
quartic,20.0,8,Bayesian stacking,20,20,5,4.0,False,0.012317667249590158,44.55620723940961,0.5085,52.4963869166831,0.727,90.09198860980352,665.5251433785021,7.099719160375479,0.0,6.2558251073166415,,,,,,,,,,,,,
quartic,20.0,8,PVI,20,20,5,4.0,False,2.211214500013739,41.43566320892932,1.0,2777.5879714445564,1.0,4569.858150417113,2777.5879714445564,7.24738332792095,0.0,7.2045520848976015,,,,,,,,,,,,10.0,True
quartic,20.0,8,PVI (no KL),20,20,5,4.0,False,0.121329250279814,46.86761447171545,0.7895,93.4582041085888,0.7945,153.76317155739304,618.98313343183,48.888657967056815,0.0,5.689184968399062,,,,,,,,,,,,0.0,True
quartic,20.0,9,Bayesian ridge,20,20,5,4.0,False,0.0006169169209897518,36.88126285874871,0.191,29.344617785490634,0.334,48.279565629079535,749.1872464413842,260.1021990887752,0.0,8.508739918100146,,,,,,,,,,,,,
quartic,20.0,9,POPS hypercube,20,20,5,4.0,False,0.1571317920461297,36.88126285874871,0.7805,265.0107075540445,0.9885,366.31802804717756,319.7099206621455,,,,,,,,,,,,,,,,
quartic,20.0,9,POPS ellipse,20,20,5,4.0,False,0.005677083041518927,36.88126285874871,1.0,130.36308222220367,1.0,168.26059174552444,130.36308222220367,4.582343766330222,0.0,4.587983134936899,,,,,,,,,,,,,
quartic,20.0,9,Ellipse+EB,20,20,5,4.0,False,0.005853499751538038,36.88126285874873,1.0,141.6312966467993,1.0,194.96178219493234,141.6312966467993,4.622962346440386,0.0,4.628539987375447,,,,,,,,,,,,,
quartic,20.0,9,Ellipse+PAC,20,20,5,4.0,False,0.11034841602668166,40.92467317378868,1.0,323.2362879753544,1.0,950.9152492402173,323.2362879753544,4.821846060590444,0.0,4.8265252116017106,8.998883388719872,9.680344001221918,2.5,5.035443041491025,0.04037391036444296,0.36020952876735857,3.9230664368644037,0.0,4.987100227451062,0.0006375,4.831238181293235,,
quartic,20.0,9,Bayesian stacking,20,20,5,4.0,False,0.013878833968192339,36.28546246382415,0.7,72.17742560547288,0.9035,120.6208469524738,292.9532021041956,5.613802925886479,0.0,5.536556152720565,,,,,,,,,,,,,
quartic,20.0,9,PVI,20,20,5,4.0,False,2.106968709267676,70.87970753344804,0.9995,177.84896924759545,0.9995,292.60803618641745,177.85133217184062,4.62559968408664,0.0,4.628943813097025,,,,,,,,,,,,0.0,True
quartic,20.0,9,PVI (no KL),20,20,5,4.0,False,0.06147583294659853,70.87970753344804,0.9995,177.84896924759545,0.9995,292.60803618641745,177.85133217184062,4.62559968408664,0.0,4.628943813097025,,,,,,,,,,,,0.0,True
quartic,20.0,10,Bayesian ridge,20,20,5,4.0,False,0.0007619583047926426,36.695996403862836,0.178,29.921561901904134,0.282,49.22878948799344,782.2471356002753,286.87835492209604,0.0,8.695731735815265,,,,,,,,,,,,,
quartic,20.0,10,POPS hypercube,20,20,5,4.0,False,0.12622062489390373,36.695996403862836,0.5775,250.23126729494817,0.7695,335.8133139658875,386.5087680207971,,,,,,,,,,,,,,,,
quartic,20.0,10,POPS ellipse,20,20,5,4.0,False,0.007555958814918995,36.695996403862836,0.7975,161.67568881474395,0.8515,208.67600402747084,203.57167580037006,inf,0.1295,5.622920923638338,,,,,,,,,,,,,
quartic,20.0,10,Ellipse+EB,20,20,5,4.0,False,0.008181707933545113,36.69599640386284,0.8175,168.70928677156806,0.8905,225.39600450764877,203.90724014554033,inf,0.054,5.374803326062201,,,,,,,,,,,,,
quartic,20.0,10,Ellipse+PAC,20,20,5,4.0,False,0.10315370792523026,39.89497399142745,1.0,331.2146873908388,1.0,503.69887353206155,331.2146873908388,4.861740539755205,0.0,4.865323038472745,8.97408146873566,9.680344001221918,1.875,5.107750229091373,0.031852421390061815,0.003120484877116586,3.834478818254225,0.0,5.104144644093305,0.0,4.868952850295018,,
quartic,20.0,10,Bayesian stacking,20,20,5,4.0,False,0.013476583175361156,38.667389260428166,0.69,79.29661974912005,0.868,129.69246329770093,367.850670596719,5.9621699843609335,0.0,5.677255093812696,,,,,,,,,,,,,
quartic,20.0,10,PVI,20,20,5,4.0,False,1.9221017085947096,84.65921336462044,1.0,202.64194873023382,1.0,333.3989672124236,202.64194873023382,4.686748595874328,0.0,4.690024336021886,,,,,,,,,,,,1.0,True
quartic,20.0,10,PVI (no KL),20,20,5,4.0,False,0.08655445883050561,79.74448459545145,0.7505,152.90342192389434,0.876,251.56609118744632,267.4919861410266,54.84355650760913,0.0,5.6503543790465605,,,,,,,,,,,,0.0,True
quartic,20.0,11,Bayesian ridge,20,20,5,4.0,False,0.0006506661884486675,37.8921176189954,0.1905,28.90008734458496,0.321,47.548196873394446,780.0585866003651,214.60620946843858,0.0,8.505441579795411,,,,,,,,,,,,,
quartic,20.0,11,POPS hypercube,20,20,5,4.0,False,0.16038199979811907,37.8921176189954,0.675,190.29007149912724,0.8495,261.47379019207375,303.35832578123643,,,,,,,,,,,,,,,,
quartic,20.0,11,POPS ellipse,20,20,5,4.0,False,0.008597124833613634,37.89211761899538,0.995,133.86298314251087,1.0,172.77793967764703,134.46001217263972,4.62575238087384,0.0,4.631382521852926,,,,,,,,,,,,,
quartic,20.0,11,Ellipse+EB,20,20,5,4.0,False,0.009407915640622377,37.89211761899537,1.0,153.9557787072697,1.0,227.93887829114917,153.9557787072697,4.685881724832476,0.0,4.691355048016221,,,,,,,,,,,,,
quartic,20.0,11,Ellipse+PAC,20,20,5,4.0,False,0.10547083290293813,41.068102055435254,1.0,527.4502513908292,1.0,2261.3088226373925,527.4502513908292,4.807615090222215,0.0,4.811058661848241,9.022261645351213,9.680344001221918,1.328125,5.1433421362807685,0.041426426133855936,0.4892729686806724,3.837493082936588,0.0,5.059700418189442,0.0032125,4.8146097207076695,,
quartic,20.0,11,Bayesian stacking,20,20,5,4.0,False,0.01891550002619624,38.09720664761053,0.7045,83.12936942249947,0.937,131.86508069806223,254.01828188138828,5.534030138220515,0.0,5.4420873387527084,,,,,,,,,,,,,
quartic,20.0,11,PVI,20,20,5,4.0,False,2.3396752919070423,53.523080597109335,0.9285,129.6917582853646,1.0,213.37683801030602,153.96695239739134,4.8095839993293845,0.0,4.811961781271583,,,,,,,,,,,,1.0,True
quartic,20.0,11,PVI (no KL),20,20,5,4.0,False,0.11297337524592876,53.47213357374594,0.7655,138.869000029077,0.9245,228.475799199658,194.91670899198468,5.45091144643306,0.0,5.148015267732838,,,,,,,,,,,,0.0,True
quartic,20.0,12,Bayesian ridge,20,20,5,4.0,False,0.0005809580907225609,37.96356486472675,0.154,23.694609347108116,0.252,38.98382508818153,860.3365704417942,231.77532845207594,0.0,8.800860793548399,,,,,,,,,,,,,
quartic,20.0,12,POPS hypercube,20,20,5,4.0,False,0.17053262470290065,37.96356486472675,0.661,167.75167200726366,0.8575,237.78628411830454,321.335246119102,,,,,,,,,,,,,,,,
quartic,20.0,12,POPS ellipse,20,20,5,4.0,False,0.0054588341154158115,37.96356486472675,0.9155,120.36634054495303,0.9475,155.35772352955001,131.6111297612056,inf,0.033,4.907660902016245,,,,,,,,,,,,,
quartic,20.0,12,Ellipse+EB,20,20,5,4.0,False,0.005385290831327438,37.96356486472676,1.0,146.05871190868157,1.0,220.12313451248897,146.05871190868157,4.681881899829988,0.0,4.687418703655357,,,,,,,,,,,,,
quartic,20.0,12,Ellipse+PAC,20,20,5,4.0,False,0.12618995923548937,40.85851870558726,0.9385,272.9118905720122,1.0,414.3787941177977,276.34365629679894,4.893928388150792,0.0,4.898017057287736,9.062452037152923,9.680344001221918,2.5,5.294068682220522,0.03517959096479725,0.20024468040057666,3.7332037639676026,0.0,5.251768108949859,0.0072125,4.902138142430805,,
quartic,20.0,12,Bayesian stacking,20,20,5,4.0,False,0.01466412516310811,36.956713525194196,0.7315,78.74039159871815,0.9405,128.44677065245588,301.7507640621767,5.585095963471189,0.0,5.449105078897125,,,,,,,,,,,,,
quartic,20.0,12,PVI,20,20,5,4.0,False,1.9485969999805093,42.840291490269166,0.906,144.0820412542821,0.9845,237.05261447117374,148.67864696975673,4.741211397237405,0.0,4.742861768909255,,,,,,,,,,,,0.1,True
quartic,20.0,12,PVI (no KL),20,20,5,4.0,False,0.0519077917560935,44.54482302288859,0.885,146.8507963023142,0.967,241.60794015404576,152.46165392682514,5.334911468160872,0.0,4.912534353640718,,,,,,,,,,,,0.0,True
quartic,20.0,13,Bayesian ridge,20,20,5,4.0,False,0.0006659170612692833,37.330826165049885,0.134,21.771293587707433,0.2075,35.819467995163244,907.7106751797457,413.4691808868321,0.0,9.05590228528386,,,,,,,,,,,,,
quartic,20.0,13,POPS hypercube,20,20,5,4.0,False,0.16910904180258512,37.330826165049885,0.7515,231.9313838934681,0.8475,318.6353791637616,314.2780775261986,,,,,,,,,,,,,,,,
quartic,20.0,13,POPS ellipse,20,20,5,4.0,False,0.004666999913752079,37.3308261650499,0.9305,130.43231912592663,0.9555,168.34995632783156,144.2370017897575,inf,0.038,4.998708491567009,,,,,,,,,,,,,
quartic,20.0,13,Ellipse+EB,20,20,5,4.0,False,0.004308415576815605,37.330826165049885,1.0,154.1879764389969,1.0,222.08590424997138,154.1879764389969,4.804114735591308,0.0,4.809532651109749,,,,,,,,,,,,,
quartic,20.0,13,Ellipse+PAC,20,20,5,4.0,False,0.12001687521114945,42.76311895779569,1.0,391.4676127340463,1.0,608.3574835521159,391.4676127340463,4.993822589654463,0.0,4.997770371825141,9.059393839403791,9.680344001221918,2.509765625,5.310654366142655,0.03141670275603022,0.008683034337171896,3.717322770505106,0.0,5.302142447701826,1.25e-05,5.001752420418251,,
quartic,20.0,13,Bayesian stacking,20,20,5,4.0,False,0.012527666054666042,39.897855011836754,0.5655,59.69769097300771,0.7885,102.5461515043523,517.5590219806088,6.634581061728192,0.0,6.047224515749705,,,,,,,,,,,,,
quartic,20.0,13,PVI,20,20,5,4.0,False,1.7188220829702914,61.56135886447859,0.7465,146.17147874816106,0.889,240.4902852342077,469.81489306538595,5.770592860490678,0.0,5.383515901837319,,,,,,,,,,,,1.0,True
quartic,20.0,13,PVI (no KL),20,20,5,4.0,False,0.06113816564902663,58.60814854601914,0.7115,94.23459700606045,0.8505,155.0405407881475,670.5348989232092,166.80923057003162,0.0,5.543339096063263,,,,,,,,,,,,0.0,True
quartic,20.0,14,Bayesian ridge,20,20,5,4.0,False,0.000723167322576046,40.84766040082425,0.134,21.618645742179506,0.2125,35.568322393943404,967.1168591160744,203.16943711200364,0.0,8.981494014008298,,,,,,,,,,,,,
quartic,20.0,14,POPS hypercube,20,20,5,4.0,False,0.1693182080052793,40.84766040082425,0.6075,102.0206241249197,0.6875,138.98617532079027,314.29760939302645,,,,,,,,,,,,,,,,
quartic,20.0,14,POPS ellipse,20,20,5,4.0,False,0.0066665830090641975,40.84766040082425,0.814,83.31266339785577,0.8705,107.53226913831972,302.01191490742207,inf,0.1025,5.162062871997696,,,,,,,,,,,,,
quartic,20.0,14,Ellipse+EB,20,20,5,4.0,False,0.005547749809920788,40.84766040082425,0.9025,108.17566182720219,0.978,165.15609792885348,208.92368178372598,4.860633059011623,0.0,4.847456015140416,,,,,,,,,,,,,
quartic,20.0,14,Ellipse+PAC,20,20,5,4.0,False,0.18661741679534316,50.48257202146005,1.0,647.367431140111,1.0,2106.1029928093394,647.367431140111,4.994967795308927,0.0,4.998645566379333,9.035340078553372,9.680344001221918,1.2890625,5.202190212796014,0.03547906116493404,0.8534699589673828,3.797670804592424,0.0,5.125477509807377,0.0082875,5.002357216468199,,
quartic,20.0,14,Bayesian stacking,20,20,5,4.0,False,0.013813250232487917,47.495246125270306,0.5995,59.50117240994786,0.808,99.78214449003542,612.4218825223484,6.991639742410357,0.0,6.023804458903653,,,,,,,,,,,,,
quartic,20.0,14,PVI,20,20,5,4.0,False,1.8330435827374458,54.87192421419976,0.6745,96.31147085448549,0.791,158.45754107083417,681.6553542071046,11.844135763889357,0.0,5.720318578654941,,,,,,,,,,,,1.0,True
quartic,20.0,14,PVI (no KL),20,20,5,4.0,False,0.06789425015449524,46.474941459751044,0.681,87.01291753912567,0.783,143.15899064069765,538.5898692421357,33.6993587336031,0.0,5.788283639068767,,,,,,,,,,,,0.0,True
quartic,20.0,15,Bayesian ridge,20,20,5,4.0,False,0.0006553749553859234,42.389172008119836,0.222,29.70019779308375,0.2965,48.864587674296594,822.3437607716209,223.14792157940346,0.0,8.504603425962898,,,,,,,,,,,,,
quartic,20.0,15,POPS hypercube,20,20,5,4.0,False,0.17179370811209083,42.389172008119836,0.721,195.36198026478803,0.8,267.60843305037366,273.7874136472704,,,,,,,,,,,,,,,,
quartic,20.0,15,POPS ellipse,20,20,5,4.0,False,0.003926374949514866,42.389172008119836,0.8865,138.75113980012637,0.901,179.08711952929616,171.84984569440232,inf,0.0975,5.272150421701347,,,,,,,,,,,,,
quartic,20.0,15,Ellipse+EB,20,20,5,4.0,False,0.0042368751019239426,42.38917200811982,1.0,180.077141085757,1.0,269.3222794690204,180.077141085757,4.805083717786513,0.0,4.810113416140302,,,,,,,,,,,,,
quartic,20.0,15,Ellipse+PAC,20,20,5,4.0,False,0.12251708377152681,36.62195458337751,0.944,284.14437525488387,0.9675,423.8387032869344,301.211667105651,inf,0.019,5.1575098622836855,9.048524102580972,9.680344001221918,1.875,5.269189101749825,0.031365559497275146,0.0035437675716872242,3.747969441333871,0.0,5.264043923737185,1.25e-05,5.140441213665201,,
quartic,20.0,15,Bayesian stacking,20,20,5,4.0,False,0.01320941699668765,39.263832371534384,0.618,77.90906628840793,0.9015,122.08227903066282,352.74916855057234,6.284448426462734,0.0,5.905143484382728,,,,,,,,,,,,,
quartic,20.0,15,PVI,20,20,5,4.0,False,2.256276208907366,76.67640646139277,1.0,187.5733898395297,1.0,308.60724958919695,187.5733898395297,5.158501445883187,0.0,5.159945227850863,,,,,,,,,,,,1.0,True
quartic,20.0,15,PVI (no KL),20,20,5,4.0,False,0.079090666025877,75.91107476124805,0.9235,214.17726935249712,0.9995,352.37758445344974,217.08181096055546,5.216678132771449,0.0,5.218094778845052,,,,,,,,,,,,0.0,True
quartic,20.0,16,Bayesian ridge,20,20,5,4.0,False,0.0011196248233318329,36.673168463589825,0.1915,30.804643432033444,0.335,50.68168940311133,728.1869830722391,422.86279673842074,0.0,8.564299702709596,,,,,,,,,,,,,
quartic,20.0,16,POPS hypercube,20,20,5,4.0,False,0.1524626249447465,36.673168463589825,0.845,307.83245351327935,0.9755,416.5461209089417,324.53129643330504,,,,,,,,,,,,,,,,
quartic,20.0,16,POPS ellipse,20,20,5,4.0,False,0.005704124923795462,36.673168463589825,1.0,151.92906019861908,1.0,196.09595858425484,151.92906019861908,4.610746846934172,0.0,4.6162017048365085,,,,,,,,,,,,,
quartic,20.0,16,Ellipse+EB,20,20,5,4.0,False,0.0055941250175237656,36.67316846358982,1.0,171.6606620109882,1.0,241.7483841218585,171.6606620109882,4.744022317442038,0.0,4.74923884852385,,,,,,,,,,,,,
quartic,20.0,16,Ellipse+PAC,20,20,5,4.0,False,0.1131266662850976,42.064920262539474,1.0,396.25498132411565,1.0,607.5004997207318,396.25498132411565,4.922222879697563,0.0,4.9255735295572,8.914419564666382,9.680344001221918,0.087890625,4.953337096948021,0.030993843482227057,7.99269460131314e-06,3.9300886242361326,0.0,4.947662593918127,0.0,4.928967100151076,,
quartic,20.0,16,Bayesian stacking,20,20,5,4.0,False,0.01309837494045496,41.614800450356896,0.623,69.16114953961637,0.872,109.82911406469188,367.38302757796424,5.975923278548016,0.0,5.698140620895559,,,,,,,,,,,,,
quartic,20.0,16,PVI,20,20,5,4.0,False,2.1262292079627514,110.87124562028222,0.7685,203.16573549792656,1.0,334.260733339736,250.73392362742007,5.185377076552884,0.0,5.179146724988575,,,,,,,,,,,,1.0,True
quartic,20.0,16,PVI (no KL),20,20,5,4.0,False,0.06288966722786427,148.58682437489156,0.8605,252.10580222596326,0.9955,414.7799338541167,277.2074742204319,5.1853691763641345,0.0,5.048466951691711,,,,,,,,,,,,0.0,True
quartic,20.0,17,Bayesian ridge,20,20,5,4.0,False,0.0005958341062068939,38.45166999284055,0.1505,20.735150736247785,0.239,34.11474220306646,875.713749038563,325.6021703909226,0.0,8.848968974574426,,,,,,,,,,,,,
quartic,20.0,17,POPS hypercube,20,20,5,4.0,False,0.1458269590511918,38.45166999284055,0.67,152.07213704312284,0.8145,207.85728501319494,303.3926783239146,,,,,,,,,,,,,,,,
quartic,20.0,17,POPS ellipse,20,20,5,4.0,False,0.005752332974225283,38.451669992840564,0.7775,90.72253129190591,0.9295,117.09624028226591,158.5534748160391,inf,0.019,5.057854801832384,,,,,,,,,,,,,
quartic,20.0,17,Ellipse+EB,20,20,5,4.0,False,0.005920874886214733,38.45166999284055,0.9665,112.33111577522185,1.0,165.97368242866028,114.8742965959074,4.667914447360136,0.0,4.673207270532079,,,,,,,,,,,,,
quartic,20.0,17,Ellipse+PAC,20,20,5,4.0,False,0.22213600017130375,109.50173640834545,1.0,1008.5626612556654,1.0,5801.867331437319,1008.5626612556654,5.003507667300373,0.0,5.005552106311891,9.231185780559935,9.680344001221918,2.5,5.694599650690937,0.04271793819995971,1.2175616917214784,3.4938681916690384,0.0,5.568036948260369,0.01525,5.0076751413326,,
quartic,20.0,17,Bayesian stacking,20,20,5,4.0,False,0.013503457885235548,38.20459279644771,0.4845,52.17585135459159,0.7775,85.03909675828396,528.9799657228831,7.218292422510428,0.0,6.2787589734785705,,,,,,,,,,,,,
quartic,20.0,17,PVI,20,20,5,4.0,False,2.0132677918300033,40.658166711818694,0.761,99.48640783460478,1.0,163.68114218979824,175.33208739785715,4.949638169653433,0.0,4.949075317737426,,,,,,,,,,,,1.0,True
quartic,20.0,17,PVI (no KL),20,20,5,4.0,False,0.07283054199069738,40.71614348160398,0.646,104.32801456361528,0.835,171.6468506386925,429.4033276777519,75.75748038420534,0.0,5.766806105620983,,,,,,,,,,,,0.0,True
quartic,20.0,18,Bayesian ridge,20,20,5,4.0,False,0.0007384591735899448,36.251946861243724,0.181,28.46156333513115,0.2645,46.82671026726047,792.8937476590467,361.25758932704116,0.0,8.793813667710817,,,,,,,,,,,,,
quartic,20.0,18,POPS hypercube,20,20,5,4.0,False,0.170245666988194,36.251946861243724,0.6015,188.73352753564944,0.742,251.4812892222514,324.1320665892371,,,,,,,,,,,,,,,,
quartic,20.0,18,POPS ellipse,20,20,5,4.0,False,0.007378416135907173,36.25194686124373,0.979,174.90074282950397,1.0,225.74567878858994,175.8897537370148,5.031952620394522,0.0,5.036453956501318,,,,,,,,,,,,,
quartic,20.0,18,Ellipse+EB,20,20,5,4.0,False,0.006133332848548889,36.25194686124373,1.0,194.74574132453444,1.0,275.3420879874833,194.74574132453444,5.067329821352041,0.0,5.071804879310745,,,,,,,,,,,,,
quartic,20.0,18,Ellipse+PAC,20,20,5,4.0,False,0.1853915830142796,35.652416335067656,1.0,245.94962525072654,1.0,468.06206827917197,245.94962525072654,5.0238658734694255,0.0,5.027412007519586,9.08249396949664,9.680344001221918,1.259765625,5.183974077795681,0.03927583306149205,0.6796289691138447,3.8592440586394674,0.0,5.101451075364999,0.016475,5.03098868500271,,
quartic,20.0,18,Bayesian stacking,20,20,5,4.0,False,0.015239832922816277,38.19365445475547,0.5675,71.24801475345966,0.8435,117.80925991519787,413.3624415119406,6.371149285996944,0.0,6.090230907620058,,,,,,,,,,,,,
quartic,20.0,18,PVI,20,20,5,4.0,False,2.1160864159464836,144.8796958157385,1.0,238.86128253301914,1.0,392.9892374335519,238.86128253301914,4.670328880655985,0.0,4.670049206832969,,,,,,,,,,,,1.0,True
quartic,20.0,18,PVI (no KL),20,20,5,4.0,False,0.05141358310356736,97.84771884993202,0.999,232.08170653073915,0.9995,381.83506303155133,232.08532231108805,5.032800111410009,0.0,5.014956625078287,,,,,,,,,,,,0.0,True
quartic,20.0,19,Bayesian ridge,20,20,5,4.0,False,0.0009479592554271221,50.534180379166926,0.125,17.41682208897461,0.1625,28.655224315459346,1231.6335728887063,22458.985385836157,0.0,9.30386802691998,,,,,,,,,,,,,
quartic,20.0,19,POPS hypercube,20,20,5,4.0,False,0.18474733410403132,50.534180379166926,0.644,670.1117983744447,0.7915,939.0450307555045,772.8276386589322,,,,,,,,,,,,,,,,
quartic,20.0,19,POPS ellipse,20,20,5,4.0,False,0.010412832722067833,50.534180379166926,0.9675,417.56695660068004,1.0,538.9567507405968,418.4234730441033,5.0405481367631255,0.0,5.039874300922183,,,,,,,,,,,,,
quartic,20.0,19,Ellipse+EB,20,20,5,4.0,False,0.009912250097841024,50.534180379166926,1.0,424.82847643131726,1.0,553.4214705932616,424.82847643131726,5.051455198243856,0.0,5.050727914710141,,,,,,,,,,,,,
quartic,20.0,19,Ellipse+PAC,20,20,5,4.0,False,0.1657960838638246,51.222862993633925,0.9615,757.7236690710297,1.0,2521.645618683694,765.2971570381393,5.207626621265566,0.0,5.206633443052483,9.134068600402397,9.680344001221918,1.5625,5.346448850470985,0.03897551973640893,0.5323046134658609,3.7486442301950023,0.0,5.222324495646845,0.015975,5.205783415933674,,
quartic,20.0,19,Bayesian stacking,20,20,5,4.0,False,0.01412399997934699,54.29515737467639,0.486,60.90629552636159,0.8285,94.26796918648962,582.9371337128467,6.832916007592488,0.0,5.995176815265176,,,,,,,,,,,,,
quartic,20.0,19,PVI,20,20,5,4.0,False,2.6054723327979445,81.1371517847797,0.923,172.03818293187342,1.0,283.0477740171425,239.73574697355366,4.849388861041441,0.0,4.847184261496779,,,,,,,,,,,,1.0,True
quartic,20.0,19,PVI (no KL),20,20,5,4.0,False,0.12400866579264402,71.77283739275465,0.7595,88.32124012389826,0.8245,145.3115232297153,694.7276614368473,21.755174503147604,0.0,5.514376912515711,,,,,,,,,,,,0.0,True
quartic,20.0,20,Bayesian ridge,20,20,5,4.0,False,0.0009499168954789639,39.21165748055021,0.253,35.98568938320321,0.3605,59.20586408670382,703.4586670079381,215.27933764531883,0.0,8.302297946830898,,,,,,,,,,,,,
quartic,20.0,20,POPS hypercube,20,20,5,4.0,False,0.16432666592299938,39.21165748055021,0.724,284.77568451526525,0.796,403.3215372330832,428.3544199230272,,,,,,,,,,,,,,,,
quartic,20.0,20,POPS ellipse,20,20,5,4.0,False,0.005338333081454039,39.21165748055023,1.0,168.4527417666245,1.0,217.4231962580942,168.4527417666245,4.658083372066074,0.0,4.663249636570081,,,,,,,,,,,,,
quartic,20.0,20,Ellipse+EB,20,20,5,4.0,False,0.005635875277221203,39.21165748055022,1.0,191.47751281440475,1.0,273.975191425087,191.47751281440475,4.781667558918271,0.0,4.786528136536849,,,,,,,,,,,,,
quartic,20.0,20,Ellipse+PAC,20,20,5,4.0,False,0.11264454200863838,37.0460319266663,1.0,198.09485022222444,1.0,289.7289342518933,198.09485022222444,4.794314865893008,0.0,4.799360271793239,8.978944095954281,9.680344001221918,0.1953125,5.109048380887284,0.03302371068622437,4.708316637284473e-05,3.8368720043807736,0.0,5.095733907065175,0.0004625,4.804445298290082,,
quartic,20.0,20,Bayesian stacking,20,20,5,4.0,False,0.012483292259275913,47.94041561596104,0.8055,96.33034227054884,0.92,147.04460027806218,279.5846930283071,5.393910292153339,0.0,5.262459806652688,,,,,,,,,,,,,
quartic,20.0,20,PVI,20,20,5,4.0,False,1.7711877920664847,212.11520713384226,0.9665,281.00298442878903,0.9975,462.3233510100429,311.62175659993545,4.946235540652986,0.0,4.711186991721609,,,,,,,,,,,,0.0,True
quartic,20.0,20,PVI (no KL),20,20,5,4.0,False,0.08307883283123374,212.11520713384226,0.9665,281.00298442878903,0.9975,462.3233510100429,311.62175659993545,4.946235540652986,0.0,4.711186991721609,,,,,,,,,,,,0.0,True
quartic,20.0,21,Bayesian ridge,20,20,5,4.0,False,0.0006440421566367149,35.68886775141516,0.1665,27.224292986194254,0.2565,44.791077176072314,790.8424059418567,483.5784202252004,0.0,8.835798185880817,,,,,,,,,,,,,
quartic,20.0,21,POPS hypercube,20,20,5,4.0,False,0.16965170809999108,35.68886775141516,0.7585,341.7472836315711,0.8675,446.0309024808513,410.6075141725723,,,,,,,,,,,,,,,,
quartic,20.0,21,POPS ellipse,20,20,5,4.0,False,0.007464500144124031,35.68886775141516,1.0,164.9125678783064,1.0,212.85386770911788,164.9125678783064,4.647731827297237,0.0,4.652925042809844,,,,,,,,,,,,,
quartic,20.0,21,Ellipse+EB,20,20,5,4.0,False,0.007725290954113007,35.68886775141517,1.0,172.33763296773705,1.0,230.45677096855948,172.33763296773705,4.679066157864897,0.0,4.684185885905028,,,,,,,,,,,,,
quartic,20.0,21,Ellipse+PAC,20,20,5,4.0,False,0.17436145897954702,45.58284421899884,1.0,434.6180019079025,1.0,1745.6792444503265,434.6180019079025,5.067262085850423,0.0,5.069907093571455,9.290664719921317,9.680344001221918,2.5,5.557613792661773,0.04344020368848609,1.3297047180258375,3.6896107235710582,0.0,5.3766850290469215,0.020624999999999998,5.0725890508161955,,
quartic,20.0,21,Bayesian stacking,20,20,5,4.0,False,0.013157416135072708,36.241042682061384,0.5585,68.39109090789348,0.925,115.41819087653539,350.3944610873246,6.006634912311821,0.0,5.929163044737243,,,,,,,,,,,,,
quartic,20.0,21,PVI,20,20,5,4.0,False,2.186028541997075,50.192229725936635,0.956,312.41101539873677,1.0,513.9977706115658,312.6462918159317,5.079640626314795,0.0,5.081543191181971,,,,,,,,,,,,0.1,True
quartic,20.0,21,PVI (no KL),20,20,5,4.0,False,0.07759766699746251,50.16579145228235,0.952,311.22727792717035,1.0,512.0502130947544,311.51063269419006,5.083172833657678,0.0,5.085079733708588,,,,,,,,,,,,0.0,True
quartic,20.0,22,Bayesian ridge,20,20,5,4.0,False,0.0006327498704195023,39.9968803563873,0.1415,23.713564107558106,0.221,39.015010623049236,939.5998926303791,254.46656829442387,0.0,8.973481118617148,,,,,,,,,,,,,
quartic,20.0,22,POPS hypercube,20,20,5,4.0,False,0.17328012501820922,39.9968803563873,0.844,209.63690436592628,0.984,281.0655228501301,218.73760685154295,,,,,,,,,,,,,,,,
quartic,20.0,22,POPS ellipse,20,20,5,4.0,False,0.005127333104610443,39.9968803563873,0.9075,115.31090094661715,0.94,148.83263035248123,210.79691154094758,inf,0.047,4.925023206052007,,,,,,,,,,,,,
quartic,20.0,22,Ellipse+EB,20,20,5,4.0,False,0.0058109997771680355,39.996880356387294,0.9265,135.824007586453,1.0,196.44375694041955,185.94596595513664,4.833880823279733,0.0,4.834252410936894,,,,,,,,,,,,,
quartic,20.0,22,Ellipse+PAC,20,20,5,4.0,False,0.10514929192140698,51.8253347319698,1.0,482.40633504527375,1.0,1594.8350290706753,482.40633504527375,4.8941045785870445,0.0,4.898005515149079,9.002270004232216,9.680344001221918,1.259765625,5.030067495690493,0.04023539260914219,0.4467501112849514,3.9319671159325815,0.0,4.942047835784457,0.0036,4.901947491843588,,
quartic,20.0,22,Bayesian stacking,20,20,5,4.0,False,0.013170083053410053,42.05239002631519,0.57,62.11075830147219,0.7725,101.43771204005598,582.4922876903536,7.258323602776283,0.0,6.2395566444018,,,,,,,,,,,,,
quartic,20.0,22,PVI,20,20,5,4.0,False,2.7195467497222126,58.22817762881579,0.7775,131.90998734854003,0.89,217.02640456519438,400.181356585496,5.437566485990518,0.0,5.320475915976447,,,,,,,,,,,,1.0,True
quartic,20.0,22,PVI (no KL),20,20,5,4.0,False,0.05415933299809694,52.22091978830898,0.7775,108.81603788630203,0.8935,179.03082197328015,331.1701519932613,236.48245182631186,0.0,5.344657609345038,,,,,,,,,,,,0.0,True
quartic,20.0,23,Bayesian ridge,20,20,5,4.0,False,0.000727000180631876,36.992081568503906,0.1665,27.671434274982296,0.2725,45.52674145888289,807.3873780597933,262.7661769382497,0.0,8.76486298603015,,,,,,,,,,,,,
quartic,20.0,23,POPS hypercube,20,20,5,4.0,False,0.18868324998766184,36.992081568503906,0.8245,277.4738809377247,0.907,367.7731393587417,297.7844900005794,,,,,,,,,,,,,,,,
quartic,20.0,23,POPS ellipse,20,20,5,4.0,False,0.0076602911576628685,36.99208156850391,1.0,137.78290490868042,1.0,177.83741161347936,137.78290490868042,4.6084332760481175,0.0,4.614073449292875,,,,,,,,,,,,,
quartic,20.0,23,Ellipse+EB,20,20,5,4.0,False,0.006984458304941654,36.99208156850391,1.0,156.8775396556394,1.0,223.18316529740142,156.8775396556394,4.718617555584946,0.0,4.72407806080041,,,,,,,,,,,,,
quartic,20.0,23,Ellipse+PAC,20,20,5,4.0,False,0.10845770919695497,38.75952038119756,1.0,160.12584849789272,1.0,285.2712546027404,160.12584849789272,4.6887686864049485,0.0,4.694127830848723,8.992804915871982,9.680344001221918,0.634765625,5.102953481338854,0.04085510698252123,0.0800872081069479,3.848996327550607,0.0,5.0300893905002635,0.013725,4.699525845375977,,
quartic,20.0,23,Bayesian stacking,20,20,5,4.0,False,0.01329979207366705,39.53785316002008,0.552,62.23455008440296,0.835,108.6414669870816,475.79602306208045,6.306722361610872,0.0,5.974525632169736,,,,,,,,,,,,,
quartic,20.0,23,PVI,20,20,5,4.0,False,2.777934667188674,88.85804476733512,0.9685,287.00290339980455,1.0,472.1947858281012,288.1282914296595,4.781496778361346,0.0,4.782226738340889,,,,,,,,,,,,1.0,True
quartic,20.0,23,PVI (no KL),20,20,5,4.0,False,0.09688491700217128,45.955960968231444,0.8955,155.6043794166986,1.0,256.009872172717,202.95660633122148,4.896584010591003,0.0,4.898465788545325,,,,,,,,,,,,0.0,True
quartic,20.0,24,Bayesian ridge,20,20,5,4.0,False,0.0007621659897267818,51.11977899717202,0.1385,21.961391397027715,0.1855,36.13222857456873,1161.079943575175,9304.024721697673,0.0,9.169529471358334,,,,,,,,,,,,,
quartic,20.0,24,POPS hypercube,20,20,5,4.0,False,0.16719633294269443,51.11977899717202,0.781,622.7521250687258,0.801,856.2923034035109,681.0530511904129,,,,,,,,,,,,,,,,
quartic,20.0,24,POPS ellipse,20,20,5,4.0,False,0.007333291228860617,51.11977899717199,0.905,268.191053644635,0.953,346.15617104070003,276.772344565999,inf,0.0095,5.183820308157972,,,,,,,,,,,,,
quartic,20.0,24,Ellipse+EB,20,20,5,4.0,False,0.006873208098113537,51.11977899717199,1.0,287.0630132101595,1.0,384.37688553050884,287.0630132101595,5.017232722567891,0.0,5.019602015049229,,,,,,,,,,,,,
quartic,20.0,24,Ellipse+PAC,20,20,5,4.0,False,0.15588616579771042,41.140362363907876,0.9625,418.76984198020386,1.0,693.5742473822651,421.49910756922037,4.994806340285577,0.0,4.997120833426255,9.048388586052155,9.680344001221918,1.875,5.114257409526287,0.0375298437145688,0.4588668111234551,3.896601332811299,0.0,5.0152776278722815,0.0149625,4.999508667146543,,
quartic,20.0,24,Bayesian stacking,20,20,5,4.0,False,0.012147834058851004,37.02255179455299,0.6535,88.84042299523034,0.9205,159.79097011452842,325.6049397990989,5.669801097423467,0.0,5.605329454565729,,,,,,,,,,,,,
quartic,20.0,24,PVI,20,20,5,4.0,False,3.475459708366543,256.5983252005422,0.8695,378.2609620577389,1.0,622.3381430994513,395.2609013578235,5.217097271524073,0.0,5.206431253147799,,,,,,,,,,,,1.0,True
quartic,20.0,24,PVI (no KL),20,20,5,4.0,False,0.23220087494701147,323.9756379596793,0.9735,465.85896037463226,1.0,766.4597445335502,467.25118923671624,5.071730614378919,0.0,5.059753613551566,,,,,,,,,,,,0.0,True
quartic,20.0,25,Bayesian ridge,20,20,5,4.0,False,0.0007223752327263355,57.14834530098044,0.2455,33.71651463141711,0.311,55.47247855912417,1017.1931307015421,405.61481435507187,0.0,8.378613150700657,,,,,,,,,,,,,
quartic,20.0,25,POPS hypercube,20,20,5,4.0,False,0.17341716727241874,57.14834530098044,0.933,396.26445319864035,0.9895,526.7099657353314,398.9061013553734,,,,,,,,,,,,,,,,
quartic,20.0,25,POPS ellipse,20,20,5,4.0,False,0.005320040974766016,57.14834530098045,0.9785,213.78358900819498,1.0,275.93205514033315,214.48295055760065,4.796573045845713,0.0,4.80015403649047,,,,,,,,,,,,,
quartic,20.0,25,Ellipse+EB,20,20,5,4.0,False,0.005354084074497223,57.14834530098046,1.0,238.4269954084776,1.0,340.5615849270553,238.4269954084776,4.887571149568754,0.0,4.890965333673029,,,,,,,,,,,,,
quartic,20.0,25,Ellipse+PAC,20,20,5,4.0,False,0.09826758364215493,51.01321197877646,1.0,705.9285134815085,1.0,1074.6017798815844,705.9285134815085,5.1329086400151445,0.0,5.133012240844614,8.831761034301582,9.680344001221918,2.5390625,4.7768544273154045,0.03149951800523333,0.010091884785939292,4.023407088980944,0.0,4.774178654097901,0.0,5.133233750800819,,
quartic,20.0,25,Bayesian stacking,20,20,5,4.0,False,0.013593625277280807,66.57385558057244,0.7275,102.75072964321842,0.841,136.59995849723364,296.5857911224364,6.1549788765645435,0.0,5.7353554435531855,,,,,,,,,,,,,
quartic,20.0,25,PVI,20,20,5,4.0,False,1.8710069581866264,116.91457587040966,0.6815,80.35365085139752,0.868,132.20275650461417,1017.9544867639338,5.692254989353574,0.0,5.274162001038196,,,,,,,,,,,,1.0,True
quartic,20.0,25,PVI (no KL),20,20,5,4.0,False,0.038268500007689,119.67424900039427,0.635,94.21073220537104,0.9065,155.00127695382076,795.43708010484,8.804112412231987,0.0,5.509534290352087,,,,,,,,,,,,0.0,True
quartic,20.0,26,Bayesian ridge,20,20,5,4.0,False,0.0006811660714447498,36.77557577094589,0.259,51.323761309739204,0.4195,84.44100109253945,583.5094518789648,191.70270136710403,0.0,8.089590210705744,,,,,,,,,,,,,
quartic,20.0,26,POPS hypercube,20,20,5,4.0,False,0.1504713329486549,36.77557577094589,0.7455,306.8175654063713,0.8725,433.820795283188,419.44888476465655,,,,,,,,,,,,,,,,
quartic,20.0,26,POPS ellipse,20,20,5,4.0,False,0.0076095000840723515,36.7755757709459,1.0,191.86514401043243,1.0,247.6417565174527,191.86514401043243,4.677050106507115,0.0,4.6816624773418045,,,,,,,,,,,,,
quartic,20.0,26,Ellipse+EB,20,20,5,4.0,False,0.0080613330937922,36.77557577094589,1.0,229.5154257790515,1.0,332.54401323976424,229.5154257790515,4.766418419386004,0.0,4.770477637961193,,,,,,,,,,,,,
quartic,20.0,26,Ellipse+PAC,20,20,5,4.0,False,0.1886732093989849,37.9419266696024,1.0,638.8498858501396,1.0,1572.3608000545678,638.8498858501396,5.111067548459125,0.0,5.112811635605418,9.093673188847543,9.680344001221918,1.5625,5.168011730426315,0.03539285354683273,1.5111939754060666,3.8902686048743953,0.0,5.080182064727577,0.0126,5.114616205833639,,
quartic,20.0,26,Bayesian stacking,20,20,5,4.0,False,0.01196033414453268,51.62328023611829,0.675,93.80206904793708,0.9045,161.9685875676388,298.7568705092897,5.7361308415389445,0.0,5.646315656799437,,,,,,,,,,,,,
quartic,20.0,26,PVI,20,20,5,4.0,False,1.7986518749967217,135.52379270138366,0.666,140.91055301654262,0.7905,231.8346874347716,1066.6386457211174,6.817247865497428,0.0,5.629417770637308,,,,,,,,,,,,1.0,True
quartic,20.0,26,PVI (no KL),20,20,5,4.0,False,0.06212379178032279,151.90848548768307,0.6105,113.57001597621833,0.759,186.85235840865352,1505.447277794404,30.42633457822793,0.0,5.757276102807915,,,,,,,,,,,,0.0,True
quartic,20.0,27,Bayesian ridge,20,20,5,4.0,False,0.0008585420437157154,42.96094675221366,0.25,43.46465369180274,0.355,71.51071504145403,705.8643166496116,555.1081432730741,0.0,8.361449597275373,,,,,,,,,,,,,
quartic,20.0,27,POPS hypercube,20,20,5,4.0,False,0.154339250177145,42.96094675221366,0.5105,516.2891101781449,0.713,638.5091926930819,1308.8200219625264,,,,,,,,,,,,,,,,
quartic,20.0,27,POPS ellipse,20,20,5,4.0,False,0.003241458907723427,42.96094675221363,1.0,429.35160367581983,1.0,554.1672816407129,429.35160367581983,5.173569664732055,0.0,5.172974575750091,,,,,,,,,,,,,
quartic,20.0,27,Ellipse+EB,20,20,5,4.0,False,0.003987540956586599,42.96094675221362,1.0,460.5044721195127,1.0,617.1462497834733,460.5044721195127,5.287543632120417,0.0,5.286515121651225,,,,,,,,,,,,,
quartic,20.0,27,Ellipse+PAC,20,20,5,4.0,False,0.10724358260631561,43.85874311634422,1.0,363.99389643697987,1.0,568.9537014490202,363.99389643697987,5.095984262392183,0.0,5.098511883444991,9.082484238761264,9.680344001221918,1.875,5.289725089360889,0.03564899466552138,0.18036652951046214,3.7571101547348538,0.0,5.239234240116609,0.0081125,5.101102211107911,,
quartic,20.0,27,Bayesian stacking,20,20,5,4.0,False,0.012513083871454,46.90637040248247,0.73,125.53462559719692,0.976,196.93041655541526,257.56305773346503,5.5923092440812985,0.0,5.575041711291655,,,,,,,,,,,,,
quartic,20.0,27,PVI,20,20,5,4.0,False,2.228760458994657,107.61495349175212,0.8825,170.71881633089316,0.9555,280.8770711350509,227.1282773823653,8.759974185613302,0.0,4.9195938136546635,,,,,,,,,,,,0.01,True
quartic,20.0,27,PVI (no KL),20,20,5,4.0,False,0.06615424994379282,121.21135877159291,0.9215,159.0983711749165,0.9845,261.7584017883166,223.48864760867147,6.368200713502154,0.0,4.732403080245704,,,,,,,,,,,,0.0,True
quartic,20.0,28,Bayesian ridge,20,20,5,4.0,False,0.0010160407982766628,35.53907001488982,0.151,23.842067849402255,0.233,39.22643286351932,833.4035787922661,431.4880428812838,0.0,8.941182140641029,,,,,,,,,,,,,
quartic,20.0,28,POPS hypercube,20,20,5,4.0,False,0.16021791705861688,35.53907001488982,0.835,273.95195663821164,0.9615,366.27887686609046,300.0693318928648,,,,,,,,,,,,,,,,
quartic,20.0,28,POPS ellipse,20,20,5,4.0,False,0.008369042072445154,35.539070014889816,1.0,148.54907796113426,1.0,191.73339058053745,148.54907796113426,4.643224906911758,0.0,4.648593910939896,,,,,,,,,,,,,
quartic,20.0,28,Ellipse+EB,20,20,5,4.0,False,0.008268957957625389,35.53907001488982,1.0,160.34899255670712,1.0,221.10388807944457,160.34899255670712,4.684760271666348,0.0,4.6900443116672195,,,,,,,,,,,,,
quartic,20.0,28,Ellipse+PAC,20,20,5,4.0,False,0.1772071672603488,36.864623972287234,1.0,301.1704259984115,1.0,896.7252106353668,301.1704259984115,4.8299730870696,0.0,4.834281652172755,9.130370809554385,9.680344001221918,2.5,5.092482085416443,0.03543542380028207,1.2909021488840742,4.00245330033766,0.0,5.038435955519102,0.00875,4.83862888976604,,
quartic,20.0,28,Bayesian stacking,20,20,5,4.0,False,0.013117332942783833,36.189918884429815,0.5685,61.842485792222426,0.822,103.17998374982734,397.78713522052294,6.132881549505199,0.0,5.947835637924269,,,,,,,,,,,,,
quartic,20.0,28,PVI,20,20,5,4.0,False,1.9941635825671256,51.500953365889885,1.0,199.87608718022244,1.0,328.84840209002664,199.87608718022244,4.803154712118867,0.0,4.807443821080368,,,,,,,,,,,,1.0,True
quartic,20.0,28,PVI (no KL),20,20,5,4.0,False,0.09609925001859665,45.923198506660775,0.8975,138.3549992740552,0.93,227.63013362081574,201.55789648546457,5.260999156293231,0.0,5.1769865483311275,,,,,,,,,,,,0.0,True
quartic,20.0,29,Bayesian ridge,20,20,5,4.0,False,0.0006751250475645065,102.10282202314609,0.3155,36.13328328926679,0.453,59.44869463663084,1591.539468594611,19.128177754212302,0.0,7.447006734568673,,,,,,,,,,,,,
quartic,20.0,29,POPS hypercube,20,20,5,4.0,False,0.18044183310121298,102.10282202314609,0.5965,61.91834069189908,0.7085,84.36135397036213,984.7942099078138,,,,,,,,,,,,,,,,
quartic,20.0,29,POPS ellipse,20,20,5,4.0,False,0.004488165955990553,102.1028220231469,0.6185,60.20916640756071,0.706,77.71241516806832,1372.3072836228584,inf,0.2885,6.05235058222148,,,,,,,,,,,,,
quartic,20.0,29,Ellipse+EB,20,20,5,4.0,False,0.004868749994784594,102.10282202314687,0.7385,92.9436967795389,0.8095,150.19196366175893,976.6397714224247,inf,0.0485,5.6562178615828005,,,,,,,,,,,,,
quartic,20.0,29,Ellipse+PAC,20,20,5,4.0,False,0.16365087497979403,64.66710344487853,1.0,670.9440465091634,1.0,1061.2888066552048,670.9440465091634,5.262960086282326,0.0,5.255835494790538,9.103895167068359,9.680344001221918,1.875,5.077850615929648,0.03673902739833358,1.0685011501988424,3.9893055237403754,0.0,4.9913025476289,0.0147875,5.249718586323912,,
quartic,20.0,29,Bayesian stacking,20,20,5,4.0,False,0.01313212513923645,95.78550307300648,0.7165,107.40782648670063,0.9505,148.39953355411294,297.3276638317296,5.6714661349677025,0.0,5.544841217262607,,,,,,,,,,,,,
quartic,20.0,29,PVI,20,20,5,4.0,False,1.4201677083037794,164.05126637066724,0.7795,141.30853944390978,0.8905,232.48947912366032,1220.603553917661,5.863760823638939,0.0,5.116948715094602,,,,,,,,,,,,1.0,True
quartic,20.0,29,PVI (no KL),20,20,5,4.0,False,0.07065904093906283,134.41761235426657,0.645,68.75961233890942,0.696,113.1275329879353,1863.315008769161,165.7354327127304,0.0,5.956576192035394,,,,,,,,,,,,0.0,True
quartic,50.0,0,Bayesian ridge,50,50,5,10.0,False,0.0007155830971896648,35.29999313349757,0.111,16.61451198292893,0.1725,27.335214503000355,921.198488363856,499.4748032127299,0.0,9.200302714527549,,,,,,,,,,,,,
quartic,50.0,0,POPS hypercube,50,50,5,10.0,False,0.17273745918646455,35.29999313349757,0.7905,192.73142518929333,0.978,267.06739697488644,221.20086241767055,,,,,,,,,,,,,,,,
quartic,50.0,0,POPS ellipse,50,50,5,10.0,False,0.004949165973812342,35.29999313349758,1.0,107.92282521705273,1.0,139.29678651596964,107.92282521705273,4.530880801305866,0.0,4.5368832490073805,,,,,,,,,,,,,
quartic,50.0,0,Ellipse+EB,50,50,5,10.0,False,0.004472749773412943,35.29999313349757,1.0,126.37561021897662,1.0,181.16551322246482,126.37561021897662,4.632337182940969,0.0,4.638283833680629,,,,,,,,,,,,,
quartic,50.0,0,Ellipse+PAC,50,50,5,10.0,False,0.11503370804712176,36.59114027663678,1.0,228.95465684684018,1.0,349.666911122544,228.95465684684018,4.725287240638348,0.0,4.730400181806966,7.772248719693326,9.680344001221918,3.515625,4.727294391781971,0.03094576469459622,0.005359634672388211,3.014008563216759,0.0,4.7236630463382046,0.0,4.735550568434863,,
quartic,50.0,0,Bayesian stacking,50,50,5,10.0,False,0.03218958294019103,35.286704476108525,0.549,50.98813798161116,0.689,77.97753414106793,468.60811010112764,7.567726612947649,0.0,6.297068803689532,,,,,,,,,,,,,
quartic,50.0,0,PVI,50,50,5,10.0,False,1.530526875052601,42.255444320365804,1.0,125.74879086026816,1.0,206.88962608051247,125.74879086026816,4.5450082702430405,0.0,4.550003227101457,,,,,,,,,,,,1.0,True
quartic,50.0,0,PVI (no KL),50,50,5,10.0,False,0.06767529202625155,42.767423987897416,0.9835,129.08863783389583,0.9905,212.3845472389018,130.3206585689546,6.4942053294954825,0.0,4.622851669054428,,,,,,,,,,,,0.0,True
quartic,50.0,1,Bayesian ridge,50,50,5,10.0,False,0.00081212492659688,35.210593651370694,0.1205,19.032069520029573,0.1925,31.312728493052653,889.8127114872237,415.9513784615918,0.0,9.11190281207944,,,,,,,,,,,,,
quartic,50.0,1,POPS hypercube,50,50,5,10.0,False,0.1519243330694735,35.210593651370694,0.802,205.77347080502966,0.972,291.6306759526192,253.72805383453783,,,,,,,,,,,,,,,,
quartic,50.0,1,POPS ellipse,50,50,5,10.0,False,0.006094665732234716,35.210593651370694,1.0,116.4722814630698,1.0,150.33163275108183,116.4722814630698,4.591038507791041,0.0,4.5970109088501605,,,,,,,,,,,,,
quartic,50.0,1,Ellipse+EB,50,50,5,10.0,False,0.005544541869312525,35.2105936513707,1.0,137.29499841474245,1.0,199.82062667604765,137.29499841474245,4.7033465457207155,0.0,4.7091586875703415,,,,,,,,,,,,,
quartic,50.0,1,Ellipse+PAC,50,50,5,10.0,False,0.11708591692149639,35.25770468802894,1.0,186.98100716368958,1.0,277.72426067644125,186.98100716368958,4.738981223979115,0.0,4.744366844827347,8.011792895074034,9.680344001221918,1.5869140625,5.054227358160258,0.031936152504160376,0.008309738258176998,2.925629384409615,0.0,5.042245550019324,0.000565,4.749790593016554,,
quartic,50.0,1,Bayesian stacking,50,50,5,10.0,False,0.028447207994759083,34.631952848406264,0.51,59.811556368653136,0.737,90.22265593121155,409.1928110805075,6.880435631007052,0.0,6.349610804330631,,,,,,,,,,,,,
quartic,50.0,1,PVI,50,50,5,10.0,False,1.9511731248348951,63.11164683460806,1.0,155.5650693537995,1.0,255.94519684535388,155.5650693537995,4.626403786466494,0.0,4.630650100703464,,,,,,,,,,,,1.0,True
quartic,50.0,1,PVI (no KL),50,50,5,10.0,False,0.06749604223296046,71.95895664856688,0.9995,162.12385767350003,1.0,266.73611780547594,162.12635310689294,4.607596099413527,0.0,4.611187443438057,,,,,,,,,,,,0.0,True
quartic,50.0,2,Bayesian ridge,50,50,5,10.0,False,0.0005861669778823853,36.77774939327259,0.118,18.45985671057999,0.189,30.37128887064664,901.6308836769391,619.831039413978,0.0,9.132642263623987,,,,,,,,,,,,,
quartic,50.0,2,POPS hypercube,50,50,5,10.0,False,0.17783662490546703,36.77774939327259,0.8655,238.43247331218998,0.9925,331.3513063602659,267.73418677734026,,,,,,,,,,,,,,,,
quartic,50.0,2,POPS ellipse,50,50,5,10.0,False,0.005653291940689087,36.77774939327259,1.0,122.48062286478914,1.0,158.0866433141125,122.48062286478914,4.562321724287538,0.0,4.568094609522042,,,,,,,,,,,,,
quartic,50.0,2,Ellipse+EB,50,50,5,10.0,False,0.005610499996691942,36.77774939327259,1.0,133.17655437579407,1.0,183.56812629127725,133.17655437579407,4.594583901302882,0.0,4.600313383218998,,,,,,,,,,,,,
quartic,50.0,2,Ellipse+PAC,50,50,5,10.0,False,0.12361033400520682,42.06728705162951,1.0,1188.6480203822773,1.0,1853.676972257794,1188.6480203822773,4.91689020074343,0.0,4.919866831751096,7.7320178107572834,9.680344001221918,3.173828125,4.684113398487993,0.03184222236292958,0.039071207019429594,3.0160621899063615,0.0,4.678863553660793,0.0,4.92288956349084,,
quartic,50.0,2,Bayesian stacking,50,50,5,10.0,False,0.029461291152983904,36.87733226005383,0.436,42.43982735095084,0.621,67.40455685730976,590.2762575115189,8.345191106604362,0.0,6.721884514793608,,,,,,,,,,,,,
quartic,50.0,2,PVI,50,50,5,10.0,False,2.138690084218979,47.99006106086304,0.976,179.50917137602508,0.9905,295.3395025903413,179.68984541865078,4.9604822407662414,0.0,4.698267096659816,,,,,,,,,,,,0.01,True
quartic,50.0,2,PVI (no KL),50,50,5,10.0,False,0.09845837485045195,48.02701555314217,0.9745,180.2114526229298,0.9875,296.49493878643915,180.41756624415086,8.333239255300338,0.0,4.723396571737833,,,,,,,,,,,,0.0,True
quartic,50.0,3,Bayesian ridge,50,50,5,10.0,False,0.0006380421109497547,36.76108983971327,0.132,20.158037689329948,0.2185,33.16524040932204,873.4433069062708,303.43914542529336,0.0,8.97156914324375,,,,,,,,,,,,,
quartic,50.0,3,POPS hypercube,50,50,5,10.0,False,0.1714338343590498,36.76108983971327,0.7845,185.31482995508196,0.987,256.84554540314434,230.75241118543113,,,,,,,,,,,,,,,,
quartic,50.0,3,POPS ellipse,50,50,5,10.0,False,0.004904708359390497,36.761089839713264,1.0,108.96964097368505,1.0,140.64791933407272,108.96964097368505,4.533285452874006,0.0,4.539190854962459,,,,,,,,,,,,,
quartic,50.0,3,Ellipse+EB,50,50,5,10.0,False,0.004249583929777145,36.76108983971325,1.0,129.28428952227577,1.0,190.40232376215135,129.28428952227577,4.603174045947903,0.0,4.609029444310267,,,,,,,,,,,,,
quartic,50.0,3,Ellipse+PAC,50,50,5,10.0,False,0.11782487481832504,36.74714765918875,0.9625,164.3296412346135,1.0,242.49926192431676,168.00968235865543,4.666273834598561,0.0,4.67157230968111,7.722743747527855,9.680344001221918,2.34375,4.66306018769035,0.030856346540110144,0.0008745798265160749,3.028827213297394,0.0,4.655165819282836,0.00023,4.676913105665236,,
quartic,50.0,3,Bayesian stacking,50,50,5,10.0,False,0.031139791943132877,37.63904023738357,0.421,45.08332098032495,0.606,70.87506563230295,596.6067474798,8.38400112090406,0.0,6.7932991664228215,,,,,,,,,,,,,
quartic,50.0,3,PVI,50,50,5,10.0,False,1.5532110841013491,75.5773808153018,0.9885,168.17638921929077,1.0,276.6941140596157,174.26985718988288,4.696583891948714,0.0,4.6987849589626824,,,,,,,,,,,,1.0,True
quartic,50.0,3,PVI (no KL),50,50,5,10.0,False,0.1649425416253507,72.39716557596061,0.936,155.3061794846884,0.999,255.5192553484218,158.2619716051439,4.772027173679241,0.0,4.7539882034517,,,,,,,,,,,,0.0,True
quartic,50.0,4,Bayesian ridge,50,50,5,10.0,False,0.0006905412301421165,36.362197405811976,0.0945,14.955952893374505,0.158,24.6064513274431,988.5763264972493,462.73976607813466,0.0,9.296277886942068,,,,,,,,,,,,,
quartic,50.0,4,POPS hypercube,50,50,5,10.0,False,0.1709065828472376,36.362197405811976,0.7865,175.5391926935641,0.9585,244.35508378032256,216.33811395926966,,,,,,,,,,,,,,,,
quartic,50.0,4,POPS ellipse,50,50,5,10.0,False,0.0061250003054738045,36.36219740581198,1.0,105.74803921545953,1.0,136.48977418310514,105.74803921545953,4.558750191289954,0.0,4.564452946690422,,,,,,,,,,,,,
quartic,50.0,4,Ellipse+EB,50,50,5,10.0,False,0.006194333080202341,36.36219740581198,1.0,119.58301291937293,1.0,171.60787663376982,119.58301291937293,4.599204599831267,0.0,4.604940425501394,,,,,,,,,,,,,
quartic,50.0,4,Ellipse+PAC,50,50,5,10.0,False,0.11326749995350838,35.92119910680688,1.0,240.14247019877826,1.0,365.0198236826996,240.14247019877826,4.702524342146537,0.0,4.7076766631618705,7.792608642967151,9.680344001221918,2.34375,4.772540429944792,0.031305330148488686,0.0027977578452319978,2.9887628828738704,0.0,4.7697135241825075,0.0,4.7128679092551025,,
quartic,50.0,4,Bayesian stacking,50,50,5,10.0,False,0.027617374900728464,35.843787583335875,0.5465,47.81480442466417,0.67,73.44793403105818,526.8848299315209,7.964359260196563,0.0,6.330305642877399,,,,,,,,,,,,,
quartic,50.0,4,PVI,50,50,5,10.0,False,2.1969910841435194,42.26354338660844,0.898,141.14557101204792,0.997,232.22135346058107,178.93300763983956,9.237568512795756,0.0,4.701009513285068,,,,,,,,,,,,0.0,True
quartic,50.0,4,PVI (no KL),50,50,5,10.0,False,0.04201620817184448,42.26354338660844,0.898,141.14557101204792,0.997,232.22135346058107,178.93300763983956,9.237568512795756,0.0,4.701009513285068,,,,,,,,,,,,0.0,True
quartic,50.0,5,Bayesian ridge,50,50,5,10.0,False,0.0007824157364666462,37.76255666216911,0.108,16.515939376630836,0.1705,27.173036803165004,992.6550599134468,332.7211265113123,0.0,9.22695228111637,,,,,,,,,,,,,
quartic,50.0,5,POPS hypercube,50,50,5,10.0,False,0.153610082808882,37.76255666216911,0.823,172.40949697141565,0.973,236.93608397018917,187.67956945735483,,,,,,,,,,,,,,,,
quartic,50.0,5,POPS ellipse,50,50,5,10.0,False,0.004974291659891605,37.762556662169104,0.9645,111.38526736269525,1.0,143.7657861313471,117.5947403997542,4.58273746687747,0.0,4.588236291422362,,,,,,,,,,,,,
quartic,50.0,5,Ellipse+EB,50,50,5,10.0,False,0.005874750204384327,37.76255666216911,1.0,130.0112207219531,1.0,191.23994930807396,130.0112207219531,4.648089514445106,0.0,4.653641219049259,,,,,,,,,,,,,
quartic,50.0,5,Ellipse+PAC,50,50,5,10.0,False,0.1275321668945253,37.495797324514214,1.0,128.42720531309647,1.0,183.29439182012212,128.42720531309647,4.621272667836045,0.0,4.626889768654015,7.7939687575501075,9.680344001221918,6.25,4.747090871442209,0.031830800281551455,0.03596165721623902,3.0150470858263474,0.0,4.739980672949015,2.5e-05,4.632548447218794,,
quartic,50.0,5,Bayesian stacking,50,50,5,10.0,False,0.030764416325837374,38.785792614614905,0.429,44.22437608915443,0.636,71.28424157423714,656.0617515506402,8.842236591544479,0.0,6.746024829928329,,,,,,,,,,,,,
quartic,50.0,5,PVI,50,50,5,10.0,False,1.6725194579921663,50.40454857084037,0.995,172.25671509587752,1.0,283.40731654147277,172.26086365714676,4.68371157974554,0.0,4.687996707659309,,,,,,,,,,,,1.0,True
quartic,50.0,5,PVI (no KL),50,50,5,10.0,False,0.06570662464946508,49.46572820892996,0.9905,162.2280293181902,0.999,266.9075073868048,162.25915975538942,4.709294766612275,0.0,4.705108774522345,,,,,,,,,,,,0.0,True
quartic,50.0,6,Bayesian ridge,50,50,5,10.0,False,0.0007541249506175518,39.61782912537563,0.1095,18.0936372218181,0.193,29.768762098221945,983.9722346819473,1262.076028175257,0.0,9.147806204294302,,,,,,,,,,,,,
quartic,50.0,6,POPS hypercube,50,50,5,10.0,False,0.18526608310639858,39.61782912537563,0.921,496.48873954752787,1.0,679.0385433062428,499.7251859388783,,,,,,,,,,,,,,,,
quartic,50.0,6,POPS ellipse,50,50,5,10.0,False,0.005302333272993565,39.61782912537562,1.0,218.15245014489156,1.0,281.57097643295504,218.15245014489156,4.7797559255493836,0.0,4.7837968007589735,,,,,,,,,,,,,
quartic,50.0,6,Ellipse+EB,50,50,5,10.0,False,0.004769999999552965,39.61782912537562,1.0,228.12728000033846,1.0,302.46220371971526,228.12728000033846,4.852804339389892,0.0,4.856741415582459,,,,,,,,,,,,,
quartic,50.0,6,Ellipse+PAC,50,50,5,10.0,False,0.127445749938488,41.32474963692845,1.0,294.07906374531944,1.0,423.0380016218426,294.07906374531944,4.909319589454868,0.0,4.911923021519107,7.896187581928497,9.680344001221918,2.34375,4.892613577345445,0.03130591925182027,0.0034847839120930135,2.9722680853312315,0.0,4.88948295889571,0.0,4.914588240148497,,
quartic,50.0,6,Bayesian stacking,50,50,5,10.0,False,0.028708166908472776,38.8618494962891,0.4855,49.51679333453904,0.6985,78.40483379522279,581.5841862563137,8.154939618931728,0.0,6.433661171522892,,,,,,,,,,,,,
quartic,50.0,6,PVI,50,50,5,10.0,False,1.841746292077005,56.26593767530064,0.9995,170.94342214807438,1.0,281.2466064062391,171.00856544289965,4.6340871064513705,0.0,4.638027781571389,,,,,,,,,,,,1.0,True
quartic,50.0,6,PVI (no KL),50,50,5,10.0,False,0.05059170816093683,110.04717190541146,0.969,299.3535734301725,0.986,492.5148659413643,299.64993863051865,7.220656103643321,0.0,4.897742042253289,,,,,,,,,,,,0.0,True
quartic,50.0,7,Bayesian ridge,50,50,5,10.0,False,0.0007178336381912231,35.962651695574706,0.1315,19.037689148587923,0.191,31.32197425075095,879.7420674733632,441.4861220740719,0.0,9.084619012402202,,,,,,,,,,,,,
quartic,50.0,7,POPS hypercube,50,50,5,10.0,False,0.16404808312654495,35.962651695574706,0.786,204.14699909308376,0.984,280.5109425505992,267.17600246853766,,,,,,,,,,,,,,,,
quartic,50.0,7,POPS ellipse,50,50,5,10.0,False,0.0062870001420378685,35.9626516955747,1.0,114.82320897084742,1.0,148.2031627222768,114.82320897084742,4.525475767812544,0.0,4.5315517148150395,,,,,,,,,,,,,
quartic,50.0,7,Ellipse+EB,50,50,5,10.0,False,0.006407000124454498,35.96265169557469,1.0,129.94184601476536,1.0,185.08850982473916,129.94184601476536,4.575417284697629,0.0,4.581367376159014,,,,,,,,,,,,,
quartic,50.0,7,Ellipse+PAC,50,50,5,10.0,False,0.20697383303195238,37.922486508929055,1.0,158.8085698198048,1.0,315.2911410030513,158.8085698198048,4.677610426538311,0.0,4.682842026155616,7.720883979706314,9.680344001221918,3.125,4.513437276879737,0.037072202174095646,0.7744574924622059,3.170374500652482,0.0,4.430958793402475,0.015415,4.688116361945492,,
quartic,50.0,7,Bayesian stacking,50,50,5,10.0,False,0.028202666901051998,36.18898828437374,0.5025,53.20182754597389,0.7015,80.90049532352452,457.1801009573475,7.043383355560232,0.0,6.363086092783944,,,,,,,,,,,,,
quartic,50.0,7,PVI,50,50,5,10.0,False,2.030325625091791,51.38345649080378,0.996,144.75786688506503,0.999,238.16452426443504,144.77169773021632,4.5776847120229345,0.0,4.582344526666682,,,,,,,,,,,,0.01,True
quartic,50.0,7,PVI (no KL),50,50,5,10.0,False,0.12021249998360872,50.46792058011167,0.996,144.69814972911266,0.998,238.06627393549704,144.71653862009646,4.602326981550483,0.0,4.586742217491499,,,,,,,,,,,,0.0,True
quartic,50.0,8,Bayesian ridge,50,50,5,10.0,False,0.0008509168401360512,36.60430981761949,0.096,14.596532349631744,0.1495,24.01511059651533,1000.6632106564695,589.1451463115457,0.0,9.323722741078136,,,,,,,,,,,,,
quartic,50.0,8,POPS hypercube,50,50,5,10.0,False,0.15944683318957686,36.60430981761949,0.8075,187.42260599453846,0.986,258.5064106253455,247.58918275002023,,,,,,,,,,,,,,,,
quartic,50.0,8,POPS ellipse,50,50,5,10.0,False,0.0038447496481239796,36.604309817619495,1.0,114.80207997547082,1.0,148.1758913721027,114.80207997547082,4.5578715056404615,0.0,4.563747894610477,,,,,,,,,,,,,
quartic,50.0,8,Ellipse+EB,50,50,5,10.0,False,0.0043347920291125774,36.604309817619495,1.0,131.31606700048806,1.0,187.7456516616792,131.31606700048806,4.657735116281728,0.0,4.663518590892452,,,,,,,,,,,,,
quartic,50.0,8,Ellipse+PAC,50,50,5,10.0,False,0.17354891682043672,36.743879026454856,1.0,178.7233497867859,1.0,496.14764596099053,178.7233497867859,4.72160021364362,0.0,4.726939414531792,7.996502356374521,9.680344001221918,2.34375,4.881018438190511,0.038072274180855854,0.7317661232086076,3.077411644003154,0.0,4.7845732979120275,0.013,4.732315936425063,,
quartic,50.0,8,Bayesian stacking,50,50,5,10.0,False,0.02971100015565753,36.35738688418391,0.419,41.02534091558024,0.6305,67.3717324905782,619.3315232921785,8.487895123532134,0.0,6.730574002809986,,,,,,,,,,,,,
quartic,50.0,8,PVI,50,50,5,10.0,False,1.499374832957983,41.67158615203874,1.0,145.07538509222022,1.0,238.68692470027773,145.07538509222022,4.582423261481355,0.0,4.5873305264936555,,,,,,,,,,,,1.0,True
quartic,50.0,8,PVI (no KL),50,50,5,10.0,False,0.09113079216331244,42.965183590453485,0.989,156.40362255649833,0.996,257.3248360241334,156.61088915079768,4.719727887591446,0.0,4.622102502027705,,,,,,,,,,,,0.0,True
quartic,50.0,9,Bayesian ridge,50,50,5,10.0,False,0.0006437920965254307,35.633242673153894,0.1115,16.62446173593437,0.174,27.35158444711518,923.5577374782135,341.2969963493373,0.0,9.173539404985213,,,,,,,,,,,,,
quartic,50.0,9,POPS hypercube,50,50,5,10.0,False,0.16312049981206656,35.633242673153894,0.776,160.315219898223,0.971,216.59283462459402,202.65036089141108,,,,,,,,,,,,,,,,
quartic,50.0,9,POPS ellipse,50,50,5,10.0,False,0.00973370810970664,35.63324267315391,0.989,100.3582892882105,1.0,129.5331841987295,102.90786012962067,4.5335055031555385,0.0,4.53931725458706,,,,,,,,,,,,,
quartic,50.0,9,Ellipse+EB,50,50,5,10.0,False,0.009225582703948021,35.633242673153916,1.0,116.36884057397296,1.0,169.2122593975373,116.36884057397296,4.563240519573669,0.0,4.569156538010539,,,,,,,,,,,,,
quartic,50.0,9,Ellipse+PAC,50,50,5,10.0,False,0.16950787510722876,35.45655096671155,1.0,191.5614580399742,1.0,368.83744742589164,191.5614580399742,4.677812765052324,0.0,4.683070245790417,7.894184963948016,9.680344001221918,4.6875,4.710558337803111,0.03736125134254204,0.9068941941450097,3.1462653748023635,0.0,4.657941474172402,0.0062,4.68836722974442,,
quartic,50.0,9,Bayesian stacking,50,50,5,10.0,False,0.030887665692716837,35.13329234623249,0.4765,51.28664098540299,0.678,77.69146489225363,500.70048556629257,8.036580070056692,0.0,6.592777550834016,,,,,,,,,,,,,
quartic,50.0,9,PVI,50,50,5,10.0,False,1.845043333247304,50.36608419763383,0.93,147.84893677535192,0.9785,243.25014210151474,148.78069022409267,13.254388361268038,0.0,4.820558582769845,,,,,,,,,,,,0.0,True
quartic,50.0,9,PVI (no KL),50,50,5,10.0,False,0.10033395793288946,50.36608419763383,0.93,147.84893677535192,0.9785,243.25014210151474,148.78069022409267,13.254388361268038,0.0,4.820558582769845,,,,,,,,,,,,0.0,True
quartic,50.0,10,Bayesian ridge,50,50,5,10.0,False,0.0006653750315308571,36.24050180735103,0.1365,21.045117571252483,0.2255,34.624718658130284,856.0418558127052,325.304686054069,0.0,8.946575048024538,,,,,,,,,,,,,
quartic,50.0,10,POPS hypercube,50,50,5,10.0,False,0.15191374998539686,36.24050180735103,0.783,211.6877020303211,0.966,297.1628025276039,243.56491062636826,,,,,,,,,,,,,,,,
quartic,50.0,10,POPS ellipse,50,50,5,10.0,False,0.007869749795645475,36.24050180735103,0.98,119.66779452723416,1.0,154.45610503220183,120.20086288213078,4.568548929631608,0.0,4.574302966835358,,,,,,,,,,,,,
quartic,50.0,10,Ellipse+EB,50,50,5,10.0,False,0.0074700419791042805,36.24050180735103,1.0,137.53040659633996,1.0,197.85271908655344,137.53040659633996,4.618366740408705,0.0,4.624037244391065,,,,,,,,,,,,,
quartic,50.0,10,Ellipse+PAC,50,50,5,10.0,False,0.12377341696992517,36.02156630501833,1.0,176.77962631350923,1.0,262.7772212050943,176.77962631350923,4.705952009414834,0.0,4.71101055330019,7.7736516858282725,9.680344001221918,4.6875,4.6788542100986215,0.034107140640858694,0.22519754261155167,3.060690335088792,0.0,4.646422730648531,0.00307,4.716107565973942,,
quartic,50.0,10,Bayesian stacking,50,50,5,10.0,False,0.029446332715451717,34.938407790137674,0.554,59.96666320298138,0.7345,88.94172372837434,396.47742821177417,6.811380210197743,0.0,6.167125181047689,,,,,,,,,,,,,
quartic,50.0,10,PVI,50,50,5,10.0,False,1.7022030409425497,84.6700926883808,1.0,189.69272143908157,1.0,312.0941039690464,189.69272143908157,4.618229153432396,0.0,4.621784605939107,,,,,,,,,,,,1.0,True
quartic,50.0,10,PVI (no KL),50,50,5,10.0,False,0.045971957966685295,73.46157064573293,0.9975,136.8375196408859,0.9995,225.13348302287835,136.84438959499096,4.594933474668192,0.0,4.598111533731977,,,,,,,,,,,,0.0,True
quartic,50.0,11,Bayesian ridge,50,50,5,10.0,False,0.0007480001077055931,35.2511281303399,0.122,18.094863566495224,0.1835,29.770779755727528,898.9921646922742,475.3610278925218,0.0,9.142303867775816,,,,,,,,,,,,,
quartic,50.0,11,POPS hypercube,50,50,5,10.0,False,0.16095233289524913,35.2511281303399,0.8555,226.9651036085615,1.0,312.52215344072454,245.78209428303984,,,,,,,,,,,,,,,,
quartic,50.0,11,POPS ellipse,50,50,5,10.0,False,0.008691166993230581,35.2511281303399,1.0,118.47857519493444,1.0,152.9211708686562,118.47857519493444,4.5899530813584,0.0,4.595758903502635,,,,,,,,,,,,,
quartic,50.0,11,Ellipse+EB,50,50,5,10.0,False,0.009176916908472776,35.2511281303399,1.0,131.45674623028498,1.0,184.71000950777199,131.45674623028498,4.624488814212891,0.0,4.630273059912851,,,,,,,,,,,,,
quartic,50.0,11,Ellipse+PAC,50,50,5,10.0,False,0.12428408302366734,36.86786905307573,1.0,252.93657004020397,1.0,383.42297677029427,252.93657004020397,4.74308446929585,0.0,4.748004017246803,7.978944606160588,9.680344001221918,3.125,5.003537451303959,0.032112899347737985,0.011345488909250818,2.943294255508891,0.0,4.999039551544237,2e-05,4.752960019860308,,
quartic,50.0,11,Bayesian stacking,50,50,5,10.0,False,0.030793000012636185,34.78965089710674,0.4995,54.94479770157271,0.712,84.30921435312612,425.75568426144565,7.120905258636159,0.0,6.378315350246917,,,,,,,,,,,,,
quartic,50.0,11,PVI,50,50,5,10.0,False,2.1791033749468625,54.36318405614838,1.0,176.7723087174696,1.0,290.836648223404,176.7723087174696,4.599119131531801,0.0,4.603687374930692,,,,,,,,,,,,1.0,True
quartic,50.0,11,PVI (no KL),50,50,5,10.0,False,0.08456254191696644,52.047278454621235,0.9995,188.83376767665882,1.0,310.68090053772625,188.8350518873882,4.621991845116878,0.0,4.62642405293088,,,,,,,,,,,,0.0,True
quartic,50.0,12,Bayesian ridge,50,50,5,10.0,False,0.0006399997510015965,36.43475799337938,0.0985,15.308117014072263,0.162,25.18585334595708,983.0033142396536,409.0785907331319,0.0,9.276357854810257,,,,,,,,,,,,,
quartic,50.0,12,POPS hypercube,50,50,5,10.0,False,0.17648600041866302,36.43475799337938,0.775,167.57449602295085,0.982,236.7684870631374,260.27887738922664,,,,,,,,,,,,,,,,
quartic,50.0,12,POPS ellipse,50,50,5,10.0,False,0.005189916118979454,36.43475799337938,1.0,112.35575863083685,1.0,145.01840636920736,112.35575863083685,4.561292734246691,0.0,4.5671404699503535,,,,,,,,,,,,,
quartic,50.0,12,Ellipse+EB,50,50,5,10.0,False,0.005252250004559755,36.43475799337939,1.0,129.92025854573996,1.0,188.25221731761295,129.92025854573996,4.637213369659931,0.0,4.6429891704492325,,,,,,,,,,,,,
quartic,50.0,12,Ellipse+PAC,50,50,5,10.0,False,0.13062974996864796,36.1797229311365,1.0,123.09628797648308,1.0,175.2093631072389,123.09628797648308,4.606382039355443,0.0,4.612096736525833,7.8023658212282,9.680344001221918,4.6875,4.7670509006131265,0.03244869257502288,0.022934076699461486,3.0028662280400504,0.0,4.756123586044755,0.000405,4.617852339174689,,
quartic,50.0,12,Bayesian stacking,50,50,5,10.0,False,0.029887542128562927,35.45833097662309,0.529,53.038385002901975,0.707,80.60126743255594,468.47904766300996,7.399683148808792,0.0,6.259485055674136,,,,,,,,,,,,,
quartic,50.0,12,PVI,50,50,5,10.0,False,1.3963633328676224,39.37244702774054,1.0,138.53258480306226,1.0,227.92230822895502,138.53258480306226,4.554811443852583,0.0,4.560043030912818,,,,,,,,,,,,1.0,True
quartic,50.0,12,PVI (no KL),50,50,5,10.0,False,0.0775418751873076,42.98906731534238,0.9475,155.2979410159783,0.991,255.505700914226,155.93865969556128,13.067383783078741,0.0,4.686942174459423,,,,,,,,,,,,0.0,True
quartic,50.0,13,Bayesian ridge,50,50,5,10.0,False,0.0006242920644581318,36.3351287067635,0.1065,16.535373633143312,0.171,27.205011234374346,950.1889569344094,336.0811973570869,0.0,9.212713881706655,,,,,,,,,,,,,
quartic,50.0,13,POPS hypercube,50,50,5,10.0,False,0.17414112482219934,36.3351287067635,0.766,172.51039065589768,0.8815,242.03456302085178,220.89974005032235,,,,,,,,,,,,,,,,
quartic,50.0,13,POPS ellipse,50,50,5,10.0,False,0.00672199996188283,36.335128706763506,0.9255,110.72520109732065,1.0,142.91383373416554,112.82709612620161,4.589850282378986,0.0,4.595653901349071,,,,,,,,,,,,,
quartic,50.0,13,Ellipse+EB,50,50,5,10.0,False,0.0067764585837721825,36.33512870676352,1.0,126.01448957140973,1.0,181.1923826573537,126.01448957140973,4.620802356784109,0.0,4.626577829183285,,,,,,,,,,,,,
quartic,50.0,13,Ellipse+PAC,50,50,5,10.0,False,0.2057742909528315,36.09942433071244,0.9425,136.07718681045267,1.0,288.47397110592846,142.77813781143365,4.75457917783631,0.0,4.759695654169221,8.142687804836397,9.680344001221918,4.6875,4.919386099507296,0.038125438841519206,1.7454814076119638,3.1851762664875825,0.0,4.839180062731866,0.00826,4.7648499918539065,,
quartic,50.0,13,Bayesian stacking,50,50,5,10.0,False,0.03026612475514412,37.99159909395087,0.43,50.36724658388461,0.694,79.35111643593036,550.6531129624335,7.912397841023071,0.0,6.591875305472491,,,,,,,,,,,,,
quartic,50.0,13,PVI,50,50,5,10.0,False,1.5366077087819576,54.44273443419937,0.872,127.3421701936166,1.0,209.5111515220349,254.2970803019966,4.975810316839769,0.0,4.960343575577092,,,,,,,,,,,,1.0,True
quartic,50.0,13,PVI (no KL),50,50,5,10.0,False,0.050777291879057884,53.07669170784035,0.849,119.7626452694183,0.997,197.04085207257296,254.79695761460292,5.101698726393337,0.0,4.973057928501308,,,,,,,,,,,,0.0,True
quartic,50.0,14,Bayesian ridge,50,50,5,10.0,False,0.0006109578534960747,36.65699350208672,0.114,18.377998037594697,0.1885,30.236609959386232,940.9253641182662,475.9358119630531,0.0,9.164733812540254,,,,,,,,,,,,,
quartic,50.0,14,POPS hypercube,50,50,5,10.0,False,0.17534916615113616,36.65699350208672,0.739,193.9126145148928,0.9235,280.98897640827215,255.1415893729581,,,,,,,,,,,,,,,,
quartic,50.0,14,POPS ellipse,50,50,5,10.0,False,0.00805758312344551,36.65699350208672,1.0,115.85540258592188,1.0,149.53542263442236,115.85540258592188,4.5870132090709355,0.0,4.592787528990548,,,,,,,,,,,,,
quartic,50.0,14,Ellipse+EB,50,50,5,10.0,False,0.007749500218778849,36.65699350208673,1.0,130.19129039946256,1.0,185.61794029337617,130.19129039946256,4.6276073262079755,0.0,4.633328382971308,,,,,,,,,,,,,
quartic,50.0,14,Ellipse+PAC,50,50,5,10.0,False,0.1250722911208868,36.2163354983616,1.0,159.74153276283872,1.0,233.05635952445587,159.74153276283872,4.660060343029905,0.0,4.6654650753910945,7.7948147344135394,9.680344001221918,4.6875,4.754751119809999,0.03129595913444547,0.007882674522761974,3.0087676554690956,0.0,4.745118916619507,9.5e-05,4.670908417648215,,
quartic,50.0,14,Bayesian stacking,50,50,5,10.0,False,0.03336137533187866,37.12043858576882,0.456,53.1540644868249,0.665,82.52348639493549,526.309786042241,7.669174968834391,0.0,6.636770643661575,,,,,,,,,,,,,
quartic,50.0,14,PVI,50,50,5,10.0,False,2.0866741253994405,54.37180785043215,0.883,161.60753648252756,0.9835,265.8866345030366,183.18208853543766,7.349915409523681,0.0,4.911544836341181,,,,,,,,,,,,0.0,True
quartic,50.0,14,PVI (no KL),50,50,5,10.0,False,0.09030437469482422,54.37180785043215,0.883,161.60753648252756,0.9835,265.8866345030366,183.18208853543766,7.349915409523681,0.0,4.911544836341181,,,,,,,,,,,,0.0,True
quartic,50.0,15,Bayesian ridge,50,50,5,10.0,False,0.000635750126093626,36.23087343189618,0.1115,17.352991735376147,0.1805,28.550206701387435,935.771292897256,687.8571649036663,0.0,9.198884294601932,,,,,,,,,,,,,
quartic,50.0,15,POPS hypercube,50,50,5,10.0,False,0.1689665000885725,36.23087343189618,0.822,244.22304154364804,0.961,339.2869077108712,284.9895463319537,,,,,,,,,,,,,,,,
quartic,50.0,15,POPS ellipse,50,50,5,10.0,False,0.004978041630238295,36.23087343189618,0.98,125.16294749858118,1.0,161.54873950301783,125.36151533192597,4.589898898056054,0.0,4.595613745544867,,,,,,,,,,,,,
quartic,50.0,15,Ellipse+EB,50,50,5,10.0,False,0.004351082723587751,36.230873431896185,1.0,136.91435857933718,1.0,189.54817252758332,136.91435857933718,4.62737289799097,0.0,4.633042787444572,,,,,,,,,,,,,
quartic,50.0,15,Ellipse+PAC,50,50,5,10.0,False,0.1294920826330781,36.4444748298613,0.958,163.1148242914197,1.0,234.92394079664024,165.13453476976989,4.728281499777184,0.0,4.733384729701409,7.7955228845287285,9.680344001221918,1.5625,4.758684256442632,0.032111704913879255,0.004831186495456389,3.004726923172217,0.0,4.7378219490638385,0.002745,4.7385270369935695,,
quartic,50.0,15,Bayesian stacking,50,50,5,10.0,False,0.029883250128477812,35.97972421007374,0.431,43.739062273587436,0.599,70.00903338068373,601.7636370906934,8.512706479894437,0.0,6.871037513996692,,,,,,,,,,,,,
quartic,50.0,15,PVI,50,50,5,10.0,False,2.3364286250434816,38.99176820870978,0.9665,128.70163548185454,1.0,211.74782722467066,130.63530533986727,4.5914849071104875,0.0,4.596738661605235,,,,,,,,,,,,1.0,True
quartic,50.0,15,PVI (no KL),50,50,5,10.0,False,0.09087008377537131,51.93909857807916,0.966,172.39681219019164,0.9885,283.6378128767402,173.41225657336054,5.865326021804613,0.0,4.721842302954348,,,,,,,,,,,,0.0,True
quartic,50.0,16,Bayesian ridge,50,50,5,10.0,False,0.0006138747557997704,35.72693576611477,0.1245,19.5330128507596,0.1945,32.136911196307636,894.4511748540614,544.9120242846985,0.0,9.1152932724,,,,,,,,,,,,,
quartic,50.0,16,POPS hypercube,50,50,5,10.0,False,0.15381654119119048,35.72693576611477,0.84,224.28765716340683,0.9805,309.93904327959893,268.4398545930212,,,,,,,,,,,,,,,,
quartic,50.0,16,POPS ellipse,50,50,5,10.0,False,0.004858791828155518,35.72693576611477,1.0,118.9702424294429,1.0,153.55576939463515,118.9702424294429,4.561697350396828,0.0,4.567593095056721,,,,,,,,,,,,,
quartic,50.0,16,Ellipse+EB,50,50,5,10.0,False,0.0051074158400297165,35.72693576611477,1.0,134.3412253550212,1.0,189.40948506570228,134.3412253550212,4.655810278095294,0.0,4.66159818067596,,,,,,,,,,,,,
quartic,50.0,16,Ellipse+PAC,50,50,5,10.0,False,0.19606862496584654,38.4857633917399,1.0,163.49186509675198,1.0,320.509650606629,163.49186509675198,4.709393676252226,0.0,4.7146979017733175,8.049558366384213,9.680344001221918,1.7578125,4.837362329351519,0.033775479414003155,1.3944126792204694,3.1784205576186904,0.0,4.790932241375128,0.008115,4.720045503204881,,
quartic,50.0,16,Bayesian stacking,50,50,5,10.0,False,0.034355000127106905,37.50871600129481,0.377,47.82071233582599,0.6965,74.94284586850506,576.4293456944519,8.29607854713648,0.0,6.78764288323457,,,,,,,,,,,,,
quartic,50.0,16,PVI,50,50,5,10.0,False,1.2421482498757541,76.08934083579666,0.8465,161.8110786960941,1.0,266.2215146411937,173.4641692598547,4.789783250314158,0.0,4.79213527865794,,,,,,,,,,,,1.0,True
quartic,50.0,16,PVI (no KL),50,50,5,10.0,False,0.057041916996240616,75.2028746282261,0.8315,171.07030879717928,0.971,281.45536810651726,189.67514379661552,58.56854523039513,0.0,5.002069579242346,,,,,,,,,,,,0.0,True
quartic,50.0,17,Bayesian ridge,50,50,5,10.0,False,0.0006359578110277653,38.199411779704405,0.109,16.66908577669754,0.1805,27.42500265690101,937.0893658797634,522.6996091144432,0.0,9.160173126736042,,,,,,,,,,,,,
quartic,50.0,17,POPS hypercube,50,50,5,10.0,False,0.16838249983265996,38.199411779704405,0.784,199.01354910852962,0.9385,275.301102895579,300.66706038460825,,,,,,,,,,,,,,,,
quartic,50.0,17,POPS ellipse,50,50,5,10.0,False,0.006309125106781721,38.199411779704405,0.977,111.61219060079313,0.9905,144.05867762848186,135.41500681740698,inf,0.0015,4.599500725850928,,,,,,,,,,,,,
quartic,50.0,17,Ellipse+EB,50,50,5,10.0,False,0.007673582993447781,38.1994117797044,0.9905,126.65366892876695,1.0,178.42687392185468,129.98359905747185,4.6307140991351865,0.0,4.6362180934834765,,,,,,,,,,,,,
quartic,50.0,17,Ellipse+PAC,50,50,5,10.0,False,0.12435291660949588,37.594601219747666,1.0,149.1624797985988,1.0,218.45236453178111,149.1624797985988,4.624989813554076,0.0,4.630290380954902,7.762983504337099,9.680344001221918,1.7578125,4.714834618124983,0.03101172989187487,0.0037549743024746438,3.0171371563202416,0.0,4.711121835745318,0.0,4.635637463585354,,
quartic,50.0,17,Bayesian stacking,50,50,5,10.0,False,0.02994045801460743,36.259320967698784,0.4965,53.66658122608351,0.649,78.93885537169268,508.1106763842743,8.127790978586052,0.0,6.598712366839309,,,,,,,,,,,,,
quartic,50.0,17,PVI,50,50,5,10.0,False,1.7758017498999834,57.48751911952352,1.0,134.41258230495265,1.0,221.1438273349968,134.41258230495265,4.572738870595301,0.0,4.57736646943829,,,,,,,,,,,,1.0,True
quartic,50.0,17,PVI (no KL),50,50,5,10.0,False,0.06246150005608797,54.382687732063076,0.995,158.31377497392265,0.997,260.46753597929114,158.36578924801367,4.806830643266757,0.0,4.594029296090998,,,,,,,,,,,,0.0,True
quartic,50.0,18,Bayesian ridge,50,50,5,10.0,False,0.00062962481752038,37.90424828529568,0.1045,16.62404475092216,0.169,27.35089839778884,1000.9688066919849,467.1104320854619,0.0,9.253752669514398,,,,,,,,,,,,,
quartic,50.0,18,POPS hypercube,50,50,5,10.0,False,0.17269241716712713,37.90424828529568,0.7385,197.92706846789386,0.913,280.464996633896,266.40017761543714,,,,,,,,,,,,,,,,
quartic,50.0,18,POPS ellipse,50,50,5,10.0,False,0.00733658391982317,37.90424828529569,1.0,113.01938351544237,1.0,145.8749519024777,113.01938351544237,4.5959340117329,0.0,4.601522659726526,,,,,,,,,,,,,
quartic,50.0,18,Ellipse+EB,50,50,5,10.0,False,0.008563541341573,37.904248285295694,1.0,127.86651730943792,1.0,181.96945828320057,127.86651730943792,4.640102836356633,0.0,4.645681300963237,,,,,,,,,,,,,
quartic,50.0,18,Ellipse+PAC,50,50,5,10.0,False,0.18721783300861716,37.54997028805576,1.0,177.65266679964523,1.0,544.5721662385996,177.65266679964523,4.751702792497168,0.0,4.756746639763031,8.013119679481497,9.680344001221918,1.5869140625,4.919676756392109,0.037193043540450874,0.6742265295890345,3.056249879548936,0.0,4.836300022797725,0.010845,4.761826643993217,,
quartic,50.0,18,Bayesian stacking,50,50,5,10.0,False,0.031181832775473595,38.72957133993064,0.3365,44.642551375414335,0.613,70.66257341820706,667.0761418207159,9.375477276582464,0.0,7.080270991695563,,,,,,,,,,,,,
quartic,50.0,18,PVI,50,50,5,10.0,False,2.5218338747508824,60.66402288674926,0.901,151.0109956887269,0.996,248.45255543493317,167.76536162400066,4.837796234945976,0.0,4.777616560772874,,,,,,,,,,,,0.01,True
quartic,50.0,18,PVI (no KL),50,50,5,10.0,False,0.056077917106449604,64.21227324740866,0.921,179.46736024084024,0.994,295.2707123453998,181.17836918104138,5.5378768615505205,0.0,4.761408935301386,,,,,,,,,,,,0.0,True
quartic,50.0,19,Bayesian ridge,50,50,5,10.0,False,0.000943250022828579,38.64199511296396,0.1035,15.628332426889516,0.1545,25.712691390042885,1018.253805760723,1049.4040892176222,0.0,9.298493867518761,,,,,,,,,,,,,
quartic,50.0,19,POPS hypercube,50,50,5,10.0,False,0.1578009589575231,38.64199511296396,0.811,286.3561142845117,0.9275,393.35249723700656,380.4535462885646,,,,,,,,,,,,,,,,
quartic,50.0,19,POPS ellipse,50,50,5,10.0,False,0.00530941691249609,38.64199511296396,1.0,139.64652877830596,1.0,180.24280468756922,139.64652877830596,4.616204283442039,0.0,4.6216835186165675,,,,,,,,,,,,,
quartic,50.0,19,Ellipse+EB,50,50,5,10.0,False,0.004580708220601082,38.64199511296396,1.0,147.13425824152037,1.0,196.52778177707316,147.13425824152037,4.653451323765591,0.0,4.6588847029320535,,,,,,,,,,,,,
quartic,50.0,19,Ellipse+PAC,50,50,5,10.0,False,0.18463129084557295,37.2401607180525,1.0,240.2284394912401,1.0,750.3420143658861,240.2284394912401,4.7696849416083085,0.0,4.774411985393246,7.967374013695193,9.680344001221918,4.6875,4.884451904837498,0.03874944155056894,0.5560365410300014,3.044172667307127,0.0,4.797850684866621,0.00964,4.779176713607469,,
quartic,50.0,19,Bayesian stacking,50,50,5,10.0,False,0.029501582961529493,38.566553442582155,0.4325,42.739777691266966,0.6095,68.41288980284172,647.0374368563672,8.77756682576525,0.0,6.816216164271122,,,,,,,,,,,,,
quartic,50.0,19,PVI,50,50,5,10.0,False,2.635036624968052,43.31089590459181,1.0,142.60932575494127,1.0,234.6296125727286,142.60932575494127,4.596475105300673,0.0,4.601534907260508,,,,,,,,,,,,0.1,True
quartic,50.0,19,PVI (no KL),50,50,5,10.0,False,0.11276379087939858,53.00330554446851,0.9935,147.01037390653687,0.9985,241.8704870194478,147.05309719300638,4.656582090808756,0.0,4.6543640929670325,,,,,,,,,,,,0.0,True
quartic,50.0,20,Bayesian ridge,50,50,5,10.0,False,0.0008280831389129162,37.474632933095194,0.1475,22.029121947477055,0.234,36.243663031797524,845.1397945032797,286.8130086743066,0.0,8.859019518117352,,,,,,,,,,,,,
quartic,50.0,20,POPS hypercube,50,50,5,10.0,False,0.16586179239675403,37.474632933095194,0.7695,198.65379262066298,0.9715,276.9746077907783,259.09577124683705,,,,,,,,,,,,,,,,
quartic,50.0,20,POPS ellipse,50,50,5,10.0,False,0.0064344583079218864,37.47463293309518,1.0,122.50764109688701,1.0,158.1215159455601,122.50764109688701,4.5510544596445,0.0,4.556953900485933,,,,,,,,,,,,,
quartic,50.0,20,Ellipse+EB,50,50,5,10.0,False,0.006097749806940556,37.4746329330952,1.0,139.63115836646483,1.0,202.10911415358228,139.63115836646483,4.601982452037738,0.0,4.607712274199162,,,,,,,,,,,,,
quartic,50.0,20,Ellipse+PAC,50,50,5,10.0,False,0.1208984162658453,36.98262928009306,1.0,153.8557856146331,1.0,221.880067024138,153.8557856146331,4.635161290916137,0.0,4.640660418072113,7.625640981995043,9.680344001221918,1.953125,4.544181454374577,0.03134699060329507,0.0015028702790634229,3.050112537017171,0.0,4.539004876962269,5e-06,4.646200125170622,,
quartic,50.0,20,Bayesian stacking,50,50,5,10.0,False,0.030396916903555393,36.627585173757865,0.491,56.37795019842979,0.706,83.56629391246688,463.54743143830973,7.346379033544912,0.0,6.434626661121718,,,,,,,,,,,,,
quartic,50.0,20,PVI,50,50,5,10.0,False,1.8353527919389307,120.73583848628326,0.976,186.55903818853375,1.0,306.938376017109,205.0979237302722,4.641476557173768,0.0,4.640196871269429,,,,,,,,,,,,1.0,True
quartic,50.0,20,PVI (no KL),50,50,5,10.0,False,0.03987491689622402,86.05008419749444,0.9685,159.5241643757078,1.0,262.45894288693614,188.8485740008554,4.662443506339907,0.0,4.663436543755745,,,,,,,,,,,,0.0,True
quartic,50.0,21,Bayesian ridge,50,50,5,10.0,False,0.0007260004058480263,37.09739620055608,0.134,20.556173791368174,0.2245,33.820278352162944,866.3692048496649,312.34086819459463,0.0,8.947350468300034,,,,,,,,,,,,,
quartic,50.0,21,POPS hypercube,50,50,5,10.0,False,0.1590646249242127,37.09739620055608,0.8345,204.4330022317292,0.925,284.30507626989225,219.72479702611184,,,,,,,,,,,,,,,,
quartic,50.0,21,POPS ellipse,50,50,5,10.0,False,0.007998459041118622,37.09739620055608,1.0,120.68666997028608,1.0,155.7711750814868,120.68666997028608,4.548393083000063,0.0,4.554331225513506,,,,,,,,,,,,,
quartic,50.0,21,Ellipse+EB,50,50,5,10.0,False,0.007476584054529667,37.09739620055607,1.0,136.87796583484828,1.0,199.63826717605724,136.87796583484828,4.602752698709883,0.0,4.608553833335239,,,,,,,,,,,,,
quartic,50.0,21,Ellipse+PAC,50,50,5,10.0,False,0.12816808419302106,36.9025640112499,1.0,180.48606871574728,1.0,270.0652242705786,180.48606871574728,4.655732692131252,0.0,4.66114183750087,7.814396466013197,9.680344001221918,3.3203125,4.779587254905197,0.031170798144161793,0.0129594586405497,3.0036384129638387,0.0,4.776422928801878,0.0,4.666591505474354,,
quartic,50.0,21,Bayesian stacking,50,50,5,10.0,False,0.032495665829628706,36.385762690676614,0.4855,54.717246297687424,0.6745,82.91567126542702,469.2533622377009,7.425998373900667,0.0,6.547852760731834,,,,,,,,,,,,,
quartic,50.0,21,PVI,50,50,5,10.0,False,1.4563462086953223,91.11386305064109,0.965,148.46670297938277,1.0,244.26652896362896,173.10280540287536,4.671534390057224,0.0,4.6712431120561835,,,,,,,,,,,,0.1,True
quartic,50.0,21,PVI (no KL),50,50,5,10.0,False,0.06596429226920009,90.76169461910004,0.9575,147.07096634582652,0.999,241.97017741823558,178.71855427786437,4.8444390160518305,0.0,4.689531590157793,,,,,,,,,,,,0.0,True
quartic,50.0,22,Bayesian ridge,50,50,5,10.0,False,0.0006399578414857388,35.91129721420639,0.118,18.902250185676685,0.1865,31.09914175906858,916.2198464123595,485.15546315658435,0.0,9.150364718169556,,,,,,,,,,,,,
quartic,50.0,22,POPS hypercube,50,50,5,10.0,False,0.16844333382323384,35.91129721420639,0.907,254.02863154958968,0.9865,348.90968624797955,261.10943833952297,,,,,,,,,,,,,,,,
quartic,50.0,22,POPS ellipse,50,50,5,10.0,False,0.006854916922748089,35.91129721420639,1.0,132.84038409108055,1.0,171.45806353956368,132.84038409108055,4.587854202807817,0.0,4.593515562131015,,,,,,,,,,,,,
quartic,50.0,22,Ellipse+EB,50,50,5,10.0,False,0.006497582886368036,35.91129721420639,1.0,144.595001540177,1.0,200.56953158508628,144.595001540177,4.634828187390851,0.0,4.640393375813867,,,,,,,,,,,,,
quartic,50.0,22,Ellipse+PAC,50,50,5,10.0,False,0.11821400001645088,35.59381386288719,1.0,163.15846414544473,1.0,243.72804945715518,163.15846414544473,4.663574654834394,0.0,4.668895609645924,7.776567879239822,9.680344001221918,1.66015625,4.732115537815909,0.031244726329594852,0.0021398303976311738,3.0132076150943186,0.0,4.726299795894155,1e-05,4.674255903664098,,
quartic,50.0,22,Bayesian stacking,50,50,5,10.0,False,0.029663625173270702,35.48597685091165,0.483,54.12360565485619,0.706,82.79824634193574,463.7242337232861,7.433203329811011,0.0,6.4378427219273275,,,,,,,,,,,,,
quartic,50.0,22,PVI,50,50,5,10.0,False,2.190465707797557,71.50840946845466,0.9755,169.98418087985402,1.0,279.66840381720874,170.47140477487955,4.623940732276615,0.0,4.627900734392258,,,,,,,,,,,,1.0,True
quartic,50.0,22,PVI (no KL),50,50,5,10.0,False,0.06240954203531146,63.2219268829041,0.9995,156.02605031317506,0.9995,256.7036310033525,156.02681318570959,4.6267659045858185,0.0,4.619773106437786,,,,,,,,,,,,0.0,True
quartic,50.0,23,Bayesian ridge,50,50,5,10.0,False,0.0014486671425402164,35.3792852153563,0.122,18.99815794942148,0.1965,31.256935096432976,887.309310337603,330.54453298515006,0.0,9.076647469599576,,,,,,,,,,,,,
quartic,50.0,23,POPS hypercube,50,50,5,10.0,False,0.16312491614371538,35.3792852153563,0.8345,195.8507071899682,0.9625,272.88679247015904,205.37532056963448,,,,,,,,,,,,,,,,
quartic,50.0,23,POPS ellipse,50,50,5,10.0,False,0.010247583966702223,35.3792852153563,1.0,112.81308732081324,1.0,145.60868388248733,112.81308732081324,4.538589673936123,0.0,4.544598735536849,,,,,,,,,,,,,
quartic,50.0,23,Ellipse+EB,50,50,5,10.0,False,0.009681166149675846,35.37928521535629,1.0,129.43649603696883,1.0,188.7093701967437,129.43649603696883,4.5929930350214745,0.0,4.598889326130318,,,,,,,,,,,,,
quartic,50.0,23,Ellipse+PAC,50,50,5,10.0,False,0.11929608415812254,37.998857175033436,1.0,369.63088028948846,1.0,556.9477843914906,369.63088028948846,4.798156981868647,0.0,4.802525414798879,8.010653824410031,9.680344001221918,2.34375,5.065283932755506,0.03223998456963954,0.008500448847249762,2.9131299070848846,0.0,5.057717427356661,5.5e-05,4.806929480307528,,
quartic,50.0,23,Bayesian stacking,50,50,5,10.0,False,0.029067750088870525,35.13968573536029,0.505,50.04954626548528,0.6865,78.3998380741941,483.87972155998847,7.525945944198181,0.0,6.357359428229535,,,,,,,,,,,,,
quartic,50.0,23,PVI,50,50,5,10.0,False,1.8799068750813603,51.11046938885533,0.995,155.61136507438746,0.9975,256.02136540535395,155.6377035236605,4.6285558882064235,0.0,4.594030549376461,,,,,,,,,,,,0.0,True
quartic,50.0,23,PVI (no KL),50,50,5,10.0,False,0.05561550008133054,51.11046938885533,0.995,155.61136507438746,0.9975,256.02136540535395,155.6377035236605,4.6285558882064235,0.0,4.594030549376461,,,,,,,,,,,,0.0,True
quartic,50.0,24,Bayesian ridge,50,50,5,10.0,False,0.0007118750363588333,40.203132693997595,0.2,27.176245035895832,0.265,44.712025740244016,876.1798642767335,921.7673547469706,0.0,8.782331361538528,,,,,,,,,,,,,
quartic,50.0,24,POPS hypercube,50,50,5,10.0,False,0.17182812513783574,40.203132693997595,0.92,677.0451735266008,0.9695,910.378679674859,680.9881242337015,,,,,,,,,,,,,,,,
quartic,50.0,24,POPS ellipse,50,50,5,10.0,False,0.008072833996266127,40.203132693997574,1.0,326.2442443932617,1.0,421.0858525239138,326.2442443932617,4.8730133220901575,0.0,4.874493250121652,,,,,,,,,,,,,
quartic,50.0,24,Ellipse+EB,50,50,5,10.0,False,0.007480875123292208,40.20313269399758,1.0,341.3049685001037,1.0,455.12436340923705,341.3049685001037,4.9252459010828895,0.0,4.926550229998981,,,,,,,,,,,,,
quartic,50.0,24,Ellipse+PAC,50,50,5,10.0,False,0.1340943332761526,45.38997819333187,1.0,425.1644312338716,1.0,648.0348187115926,425.1644312338716,4.947658613188045,0.0,4.948700554969276,7.850368591075226,9.680344001221918,3.90625,4.8282154579985255,0.03115528946170547,0.007561557673855917,2.9909978436149944,0.0,4.8242907327868565,0.0,4.949876503245187,,
quartic,50.0,24,Bayesian stacking,50,50,5,10.0,False,0.033920417074114084,37.165341644289065,0.551,59.871699276567526,0.735,97.5189584741605,496.7092923442245,7.947794475909188,0.0,6.368416802090309,,,,,,,,,,,,,
quartic,50.0,24,PVI,50,50,5,10.0,False,3.8290508752688766,212.09075704113565,0.999,317.89240688158463,1.0,523.0160921916711,317.89439022197774,4.897654543940049,0.0,4.891583350880655,,,,,,,,,,,,0.1,True
quartic,50.0,24,PVI (no KL),50,50,5,10.0,False,0.15509254205971956,247.24107098302096,0.915,395.5678609720797,0.9915,650.8125150636314,398.41101277295553,5.606731662935419,0.0,5.053940414025589,,,,,,,,,,,,0.0,True
quartic,50.0,25,Bayesian ridge,50,50,5,10.0,False,0.0008547082543373108,37.6687022728603,0.1215,19.369780865850174,0.198,31.868351919584114,910.6423551039546,813.3983238577233,0.0,9.09343724348381,,,,,,,,,,,,,
quartic,50.0,25,POPS hypercube,50,50,5,10.0,False,0.16687204083427787,37.6687022728603,0.912,313.071300255103,0.99,431.4782774356001,316.8841597576438,,,,,,,,,,,,,,,,
quartic,50.0,25,POPS ellipse,50,50,5,10.0,False,0.005845915991812944,37.6687022728603,1.0,146.19066972861415,1.0,188.68937567986978,146.19066972861415,4.636951816427348,0.0,4.642378104972774,,,,,,,,,,,,,
quartic,50.0,25,Ellipse+EB,50,50,5,10.0,False,0.0057477499358356,37.6687022728603,1.0,155.9460314938285,1.0,209.40594497067084,155.9460314938285,4.669948455756628,0.0,4.675310193450192,,,,,,,,,,,,,
quartic,50.0,25,Ellipse+PAC,50,50,5,10.0,False,0.2034924579784274,47.99902925385764,1.0,210.93294302235824,1.0,369.92999557343495,210.93294302235824,4.649958389237066,0.0,4.655065020702698,7.799834332383863,9.680344001221918,3.125,4.593563570222961,0.03674478786184284,0.8255718608918006,3.16952597429906,0.0,4.532816499598941,0.009945,4.660225986746545,,
quartic,50.0,25,Bayesian stacking,50,50,5,10.0,False,0.033109833020716906,37.08999706070402,0.435,44.71779506549693,0.631,70.18724196351017,615.5257469296569,8.663730720935934,0.0,6.7346505289248215,,,,,,,,,,,,,
quartic,50.0,25,PVI,50,50,5,10.0,False,1.997436124831438,54.923655376934285,0.9885,204.96372297727902,1.0,337.21889265686235,205.0152119343399,4.6243217634546,0.0,4.6280695471975175,,,,,,,,,,,,0.1,True
quartic,50.0,25,PVI (no KL),50,50,5,10.0,False,0.08982983278110623,54.80258197607955,0.9865,204.85517747600508,0.997,337.0403069383226,204.961201788796,4.686990224089208,0.0,4.655576525417532,,,,,,,,,,,,0.0,True
quartic,50.0,26,Bayesian ridge,50,50,5,10.0,False,0.000802209135144949,37.637560949453366,0.1425,22.11724917838854,0.2545,36.38865535916748,871.4297553903002,738.8205479145672,0.0,8.901076441343934,,,,,,,,,,,,,
quartic,50.0,26,POPS hypercube,50,50,5,10.0,False,0.16156120877712965,37.637560949453366,0.8715,398.06385325579106,0.9585,556.8374176383126,407.48860980536307,,,,,,,,,,,,,,,,
quartic,50.0,26,POPS ellipse,50,50,5,10.0,False,0.007669583894312382,37.63756094945336,1.0,183.91584984823345,1.0,237.38154391055082,183.91584984823345,4.687229584262614,0.0,4.6919827361256505,,,,,,,,,,,,,
quartic,50.0,26,Ellipse+EB,50,50,5,10.0,False,0.007638541981577873,37.63756094945336,1.0,195.39543367911415,1.0,263.0974888402068,195.39543367911415,4.731923611217808,0.0,4.736538603530948,,,,,,,,,,,,,
quartic,50.0,26,Ellipse+PAC,50,50,5,10.0,False,0.1273343339562416,44.317235337140126,1.0,369.09785989599544,1.0,659.9834081807234,369.09785989599544,4.908278346642755,0.0,4.910918904430606,7.963775722734949,9.680344001221918,1.7578125,4.975349022809171,0.033626029375257174,0.044373603301166346,2.9548006705505214,0.0,4.961319888616907,0.000485,4.913626307401526,,
quartic,50.0,26,Bayesian stacking,50,50,5,10.0,False,0.030153333209455013,37.68536649349872,0.473,56.113952968573656,0.7095,85.95634340356034,497.6390964186555,7.592199694382035,0.0,6.505343737642714,,,,,,,,,,,,,
quartic,50.0,26,PVI,50,50,5,10.0,False,1.7904595406726003,64.96890963315379,0.8615,139.6995460684325,1.0,229.84226450202303,167.63084031686157,4.855524622917375,0.0,4.857004714091838,,,,,,,,,,,,1.0,True
quartic,50.0,26,PVI (no KL),50,50,5,10.0,False,0.09617954166606069,65.43832162695,0.834,141.94518273353913,0.955,233.53692372521078,190.21473078627102,32.15211494909031,0.0,5.110765928868556,,,,,,,,,,,,0.0,True
quartic,50.0,27,Bayesian ridge,50,50,5,10.0,False,0.0008083325810730457,36.75200241591634,0.1265,19.382649172750476,0.1995,31.88952364763557,880.0288060551197,472.9489084468758,0.0,9.054011745788497,,,,,,,,,,,,,
quartic,50.0,27,POPS hypercube,50,50,5,10.0,False,0.158548291772604,36.75200241591634,0.8685,267.10279385260645,0.9615,371.0659230700744,275.1485816538847,,,,,,,,,,,,,,,,
quartic,50.0,27,POPS ellipse,50,50,5,10.0,False,0.006707500200718641,36.75200241591633,0.9505,131.7120218086124,1.0,170.00167801910013,140.3652954901915,4.617606063045536,0.0,4.622997371851481,,,,,,,,,,,,,
quartic,50.0,27,Ellipse+EB,50,50,5,10.0,False,0.007066749967634678,36.75200241591633,1.0,144.21204420759324,1.0,198.32091400803625,144.21204420759324,4.639755646084347,0.0,4.6452991584463925,,,,,,,,,,,,,
quartic,50.0,27,Ellipse+PAC,50,50,5,10.0,False,0.1920995842665434,43.60019490221596,1.0,167.49313303557918,1.0,305.91614754945664,167.49313303557918,4.638441817320864,0.0,4.643789717598461,8.150887402814314,9.680344001221918,6.25,4.91093452050243,0.035340814943960956,1.8669058704756496,3.2046120673679237,0.0,4.841485240538163,0.012645,4.6491858004467375,,
quartic,50.0,27,Bayesian stacking,50,50,5,10.0,False,0.03239887487143278,35.19109714961069,0.555,64.20595318624639,0.75,94.57677678931013,388.28020751139894,6.9551987496573435,0.0,6.315416833224039,,,,,,,,,,,,,
quartic,50.0,27,PVI,50,50,5,10.0,False,1.4654434169642627,72.20678140679537,1.0,132.5699613645524,1.0,218.11223430925438,132.5699613645524,4.61831074136535,0.0,4.621047469274096,,,,,,,,,,,,1.0,True
quartic,50.0,27,PVI (no KL),50,50,5,10.0,False,0.07705533318221569,71.106897312872,0.879,166.32089187403082,0.9935,273.64133598256217,202.12017860626796,5.77600688378903,0.0,4.819039501410648,,,,,,,,,,,,0.0,True
quartic,50.0,28,Bayesian ridge,50,50,5,10.0,False,0.0006475825794041157,37.15482931029932,0.1035,15.266577530529474,0.1585,25.11751003896421,984.7824104342687,870.9009578353928,0.0,9.290065151309337,,,,,,,,,,,,,
quartic,50.0,28,POPS hypercube,50,50,5,10.0,False,0.16604920802637935,37.15482931029932,0.8645,249.90096237423876,0.994,348.12023060134584,258.03656663924477,,,,,,,,,,,,,,,,
quartic,50.0,28,POPS ellipse,50,50,5,10.0,False,0.006764332763850689,37.15482931029932,1.0,126.90413021024064,1.0,163.79609687142928,126.90413021024064,4.6097599312546835,0.0,4.615297515629389,,,,,,,,,,,,,
quartic,50.0,28,Ellipse+EB,50,50,5,10.0,False,0.007330624852329493,37.15482931029932,1.0,137.0123952957004,1.0,188.53128166082894,137.0123952957004,4.643607490383234,0.0,4.64912686046745,,,,,,,,,,,,,
quartic,50.0,28,Ellipse+PAC,50,50,5,10.0,False,0.2060975842177868,37.45602419673434,1.0,223.50495504823357,1.0,603.152545954979,223.50495504823357,4.791618976446629,0.0,4.79647265414386,8.235986388355133,9.680344001221918,1.57470703125,5.170378359658919,0.03714216266668629,1.07241668810498,3.0284658660295283,0.0,5.07903377723729,0.0125,4.8013633274755705,,
quartic,50.0,28,Bayesian stacking,50,50,5,10.0,False,0.03391599981114268,36.218540821571864,0.466,50.22291934240962,0.649,76.46062770747704,566.3722921067998,8.589116400355003,0.0,6.788078736509635,,,,,,,,,,,,,
quartic,50.0,28,PVI,50,50,5,10.0,False,1.6472677080892026,42.92406707759932,1.0,119.83231359340392,1.0,197.15547467371636,119.83231359340392,4.615897478752304,0.0,4.620969298005695,,,,,,,,,,,,1.0,True
quartic,50.0,28,PVI (no KL),50,50,5,10.0,False,0.07764137489721179,46.15039356619007,0.993,152.85484321883897,0.995,251.48616652132722,152.910300153539,5.1884905647301345,0.0,4.644668368908646,,,,,,,,,,,,0.0,True
quartic,50.0,29,Bayesian ridge,50,50,5,10.0,False,0.0006727911531925201,35.213529174265126,0.1235,19.719220962596538,0.2005,32.4432722067599,874.3312986442326,457.48082331022005,0.0,9.085117082476346,,,,,,,,,,,,,
quartic,50.0,29,POPS hypercube,50,50,5,10.0,False,0.1847255420871079,35.213529174265126,0.761,225.421117032041,0.9775,304.3920596149246,309.28398978075643,,,,,,,,,,,,,,,,
quartic,50.0,29,POPS ellipse,50,50,5,10.0,False,0.0055330838076770306,35.21352917426512,1.0,130.94448046598993,1.0,169.01100674700885,130.94448046598993,4.585174323138827,0.0,4.59107264689172,,,,,,,,,,,,,
quartic,50.0,29,Ellipse+EB,50,50,5,10.0,False,0.006044125184416771,35.21352917426512,1.0,145.67557047404412,1.0,206.99511801586777,145.67557047404412,4.636509628957141,0.0,4.642251221614956,,,,,,,,,,,,,
quartic,50.0,29,Ellipse+PAC,50,50,5,10.0,False,0.1892086248844862,35.476533561435545,1.0,379.9003174724627,1.0,1075.9705099231116,379.9003174724627,4.766824359703038,0.0,4.771740377577667,7.991674085978984,9.680344001221918,4.6875,4.9195112055238885,0.037820875223341745,0.48537453671407915,3.0343420052317533,0.0,4.834753459899201,0.00926,4.776691576102774,,
quartic,50.0,29,Bayesian stacking,50,50,5,10.0,False,0.03147445898503065,35.25651647935232,0.496,58.46957047300718,0.755,88.90615006514786,445.1390741594927,7.150538698670354,0.0,6.372179827862559,,,,,,,,,,,,,
quartic,50.0,29,PVI,50,50,5,10.0,False,1.8586117499507964,68.96976457946572,0.964,156.1817156231097,1.0,256.95974112215174,157.9139294843729,4.615416706357899,0.0,4.619303997119947,,,,,,,,,,,,0.1,True
quartic,50.0,29,PVI (no KL),50,50,5,10.0,False,0.08537691691890359,66.8770858494158,0.955,153.10348936749233,1.0,251.89525442085557,155.75868964643223,4.6149618288024215,0.0,4.618923386266004,,,,,,,,,,,,0.0,True
quartic,100.0,0,Bayesian ridge,100,100,5,20.0,False,0.0007364167831838131,35.86632597523268,0.086,12.57272925352223,0.1385,20.68542557171104,1007.6526575324793,649.5435497281093,0.0,9.380720434279553,,,,,,,,,,,,,
quartic,100.0,0,POPS hypercube,100,100,5,20.0,False,0.15884058317169547,35.86632597523268,0.8075,174.4955284729802,0.9795,240.6397613513586,202.61997283208694,,,,,,,,,,,,,,,,
quartic,100.0,0,POPS ellipse,100,100,5,20.0,False,0.005506415851414204,35.86632597523268,1.0,106.22190538384308,1.0,137.101396741741,106.22190538384308,4.543060641480524,0.0,4.548939080537466,,,,,,,,,,,,,
quartic,100.0,0,Ellipse+EB,100,100,5,20.0,False,0.005466165952384472,35.86632597523268,1.0,122.25617719426867,1.0,175.15596147854288,122.25617719426867,4.622853674961932,0.0,4.628748894815752,,,,,,,,,,,,,
quartic,100.0,0,Ellipse+PAC,100,100,5,20.0,False,0.14146808302029967,35.759033985757696,1.0,133.4524599480918,1.0,195.103280803798,133.4524599480918,4.604482922708854,0.0,4.610197122641965,7.0076207122923755,9.680344001221918,3.90625,4.695810613540846,0.030599694718370377,0.0020869357522389654,2.2812104040331587,0.0,4.691778994136507,2.5e-06,4.615952112861981,,
quartic,100.0,0,Bayesian stacking,100,100,5,20.0,False,0.06846658326685429,36.02552689772863,0.4185,40.780235331363386,0.5425,59.77413794974171,642.6246303321309,11.463442726875241,0.0,7.051389547712005,,,,,,,,,,,,,
quartic,100.0,0,PVI,100,100,5,20.0,False,1.6095231659710407,50.36866474702185,1.0,144.03298526515542,1.0,236.97190454801654,144.03298526515542,4.590224836098601,0.0,4.595030818236755,,,,,,,,,,,,1.0,True
quartic,100.0,0,PVI (no KL),100,100,5,20.0,False,0.07172224996611476,49.22813769383213,0.9925,152.82356359998312,0.996,251.43470337321457,152.96307375036506,4.921771613191587,0.0,4.644511985916597,,,,,,,,,,,,0.0,True
quartic,100.0,1,Bayesian ridge,100,100,5,20.0,False,0.0008433330804109573,35.383066903011205,0.101,13.949649988011137,0.1515,22.950820045503338,965.2141229736211,327.0063223754654,0.0,9.272095730826463,,,,,,,,,,,,,
quartic,100.0,1,POPS hypercube,100,100,5,20.0,False,0.16046087490394711,35.383066903011205,0.798,143.84113659966442,0.983,205.88371287692192,174.59326782290782,,,,,,,,,,,,,,,,
quartic,100.0,1,POPS ellipse,100,100,5,20.0,False,0.006639542058110237,35.38306690301121,0.99,109.38247964783356,1.0,141.18077325577784,111.30195430373445,4.528594800923884,0.0,4.534588376258667,,,,,,,,,,,,,
quartic,100.0,1,Ellipse+EB,100,100,5,20.0,False,0.006441083736717701,35.383066903011205,1.0,128.86634842545405,1.0,190.44411047505344,128.86634842545405,4.602056063433971,0.0,4.608018446260378,,,,,,,,,,,,,
quartic,100.0,1,Ellipse+PAC,100,100,5,20.0,False,0.15381245780736208,35.306864580042166,1.0,125.99200605073683,1.0,176.7650705971259,125.99200605073683,4.567952297950663,0.0,4.573981032462983,7.117081501964083,9.680344001221918,4.6875,4.820973947825992,0.030645668572488072,0.0026252396587119232,2.2654618855656032,0.0,4.817382147689099,0.0,4.580052202782093,,
quartic,100.0,1,Bayesian stacking,100,100,5,20.0,False,0.06154416734352708,34.59999878740005,0.4565,47.592805140428624,0.6385,69.19627228357419,507.38586161272053,9.397859023578453,0.0,6.7579361293642375,,,,,,,,,,,,,
quartic,100.0,1,PVI,100,100,5,20.0,False,1.8900582497008145,79.45109248676276,1.0,160.08316507910146,1.0,263.3786451418259,160.08316507910146,4.582785209882067,0.0,4.5862472055100785,,,,,,,,,,,,1.0,True
quartic,100.0,1,PVI (no KL),100,100,5,20.0,False,0.06807812489569187,72.4327321036573,0.988,153.57957304787118,0.999,252.67853650208104,163.46178731206655,5.579553551200471,0.0,4.612361358621458,,,,,,,,,,,,0.0,True
quartic,100.0,2,Bayesian ridge,100,100,5,20.0,False,0.0007025003433227539,36.279529761560305,0.0865,11.922640446467758,0.1265,19.61585957993878,1034.4916904955157,713.0881578176245,0.0,9.429727349031916,,,,,,,,,,,,,
quartic,100.0,2,POPS hypercube,100,100,5,20.0,False,0.19931758381426334,36.279529761560305,0.804,173.47397001639104,0.9915,237.68995113667887,207.0611428419411,,,,,,,,,,,,,,,,
quartic,100.0,2,POPS ellipse,100,100,5,20.0,False,0.010494000278413296,36.279529761560305,1.0,106.47638749677684,1.0,137.42985868189285,106.47638749677684,4.548063195247882,0.0,4.553896411736311,,,,,,,,,,,,,
quartic,100.0,2,Ellipse+EB,100,100,5,20.0,False,0.009671958163380623,36.279529761560305,1.0,117.44470088028596,1.0,166.41910330818519,117.44470088028596,4.5754025192183505,0.0,4.581242569882189,,,,,,,,,,,,,
quartic,100.0,2,Ellipse+PAC,100,100,5,20.0,False,0.15722341695800424,35.25886083596624,1.0,169.1605218553426,1.0,247.33275025717776,169.1605218553426,4.618515963819857,0.0,4.6240899509896725,6.80486747159478,9.680344001221918,7.8125,4.470388830415887,0.030528483231854642,0.02010999721235968,2.3039501579470376,0.0,4.467881066204432,0.0,4.6297047564122185,,
quartic,100.0,2,Bayesian stacking,100,100,5,20.0,False,0.06177074974402785,36.21572767287237,0.362,30.804005956788128,0.477,48.178120531838005,746.4442828234747,13.50081369910316,0.0,7.316765955377808,,,,,,,,,,,,,
quartic,100.0,2,PVI,100,100,5,20.0,False,2.0394718749448657,43.71437587023226,0.9955,138.15226426419073,0.9985,227.2965815437155,138.16991856744124,4.615965740251037,0.0,4.558857338750179,,,,,,,,,,,,0.0,True
quartic,100.0,2,PVI (no KL),100,100,5,20.0,False,0.09294262481853366,43.71437587023226,0.9955,138.15226426419073,0.9985,227.2965815437155,138.16991856744124,4.615965740251037,0.0,4.558857338750179,,,,,,,,,,,,0.0,True
quartic,100.0,3,Bayesian ridge,100,100,5,20.0,False,0.000676250085234642,36.32699399931012,0.1045,14.390628880186705,0.158,23.676345575311267,955.8678851023571,435.8608125300959,0.0,9.262045642329678,,,,,,,,,,,,,
quartic,100.0,3,POPS hypercube,100,100,5,20.0,False,0.17400154192000628,36.32699399931012,0.7665,152.91248617680358,0.9805,213.27739720623754,205.63613634241344,,,,,,,,,,,,,,,,
quartic,100.0,3,POPS ellipse,100,100,5,20.0,False,0.005604082718491554,36.32699399931012,0.985,101.8246050884321,1.0,131.42576881720726,106.20609751584736,4.519573220746061,0.0,4.525400122766419,,,,,,,,,,,,,
quartic,100.0,3,Ellipse+EB,100,100,5,20.0,False,0.006398374680429697,36.32699399931011,1.0,120.74130862062756,1.0,177.57907314310938,120.74130862062756,4.574983064887212,0.0,4.580981193587035,,,,,,,,,,,,,
quartic,100.0,3,Ellipse+PAC,100,100,5,20.0,False,0.21656095795333385,39.57196914912237,1.0,154.8438766589613,1.0,343.70514368564335,154.8438766589613,4.616677405600321,0.0,4.622354393650312,7.0707604471625585,9.680344001221918,3.1494140625,4.615664693973532,0.03445038273958961,1.141481402204732,2.420645370449437,0.0,4.56983672416775,0.006435,4.628076505721369,,
quartic,100.0,3,Bayesian stacking,100,100,5,20.0,False,0.0629377500154078,36.200555461005315,0.4125,42.79399311653019,0.5215,61.176092717332594,603.2008963932593,10.865704058311794,0.0,7.183579631185172,,,,,,,,,,,,,
quartic,100.0,3,PVI,100,100,5,20.0,False,1.5535232089459896,93.27565621172016,1.0,187.80936913333682,1.0,308.9954972019533,187.80936913333682,4.618981241192489,0.0,4.621185700246636,,,,,,,,,,,,1.0,True
quartic,100.0,3,PVI (no KL),100,100,5,20.0,False,0.04299966711550951,91.25898532551034,0.9895,183.98878596334242,0.9975,302.7096393575787,186.33348103318522,4.669439537076163,0.0,4.658000449976354,,,,,,,,,,,,0.0,True
quartic,100.0,4,Bayesian ridge,100,100,5,20.0,False,0.0008136248216032982,35.14295843893918,0.0955,12.980940029206977,0.14,21.35703898577002,979.8475060860752,356.7086281527799,0.0,9.31558098872512,,,,,,,,,,,,,
quartic,100.0,4,POPS hypercube,100,100,5,20.0,False,0.17590491706505418,35.14295843893918,0.7925,134.4840212280982,0.998,185.85309444524552,164.80706997702305,,,,,,,,,,,,,,,,
quartic,100.0,4,POPS ellipse,100,100,5,20.0,False,0.009249915834516287,35.14295843893918,0.9885,100.56511522701676,1.0,129.80013596343653,104.80524378034315,4.526116521301348,0.0,4.531958316293826,,,,,,,,,,,,,
quartic,100.0,4,Ellipse+EB,100,100,5,20.0,False,0.009135999716818333,35.14295843893918,1.0,117.88932310989274,1.0,175.28335145470763,117.88932310989274,4.561321801653119,0.0,4.567278068632386,,,,,,,,,,,,,
quartic,100.0,4,Ellipse+PAC,100,100,5,20.0,False,0.16327166697010398,36.24374635662976,1.0,135.56737538310995,1.0,195.46133827306397,135.56737538310995,4.58760539190444,0.0,4.593422280967074,6.815349595304062,9.680344001221918,3.90625,4.485747997525686,0.030669863910228346,0.0072751055372338135,2.298931733868148,0.0,4.482884040230326,0.0,4.59928045883112,,
quartic,100.0,4,Bayesian stacking,100,100,5,20.0,False,0.16658029099926353,35.41948717309166,0.42,39.7150512711739,0.5865,58.270492477217836,620.8414639383269,11.808417046786545,0.0,6.821253545999614,,,,,,,,,,,,,
quartic,100.0,4,PVI,100,100,5,20.0,False,1.8200560421682894,54.81569656450092,0.995,144.18894146268732,0.9965,237.2284932529384,144.23428783239896,4.586072858332583,0.0,4.567048742393463,,,,,,,,,,,,0.01,True
quartic,100.0,4,PVI (no KL),100,100,5,20.0,False,0.09505775012075901,48.452159980984405,0.994,171.84417703660063,0.9965,282.7285836149461,171.91309226141883,5.95198328378555,0.0,4.613633572058243,,,,,,,,,,,,0.0,True
quartic,100.0,5,Bayesian ridge,100,100,5,20.0,False,0.0009224996902048588,35.60437853244956,0.0835,12.338839717848817,0.1375,20.300616157254037,1008.1016141858795,366.1322353446195,0.0,9.383010053594607,,,,,,,,,,,,,
quartic,100.0,5,POPS hypercube,100,100,5,20.0,False,0.15622775023803115,35.60437853244956,0.8065,135.204289377166,0.9815,183.06948684713032,171.3790345981203,,,,,,,,,,,,,,,,
quartic,100.0,5,POPS ellipse,100,100,5,20.0,False,0.009077833034098148,35.60437853244956,0.9915,103.3521787203436,1.0,133.3974193708677,104.83024192281177,4.545664353802562,0.0,4.551536286193233,,,,,,,,,,,,,
quartic,100.0,5,Ellipse+EB,100,100,5,20.0,False,0.008756916970014572,35.604378532449566,1.0,119.62227837583896,1.0,176.89709899105313,119.62227837583896,4.579968588533102,0.0,4.585880403882108,,,,,,,,,,,,,
quartic,100.0,5,Ellipse+PAC,100,100,5,20.0,False,0.15400745812803507,35.55928617295375,1.0,115.36864172618199,1.0,167.51123271028763,115.36864172618199,4.593009765592822,0.0,4.598734300263221,6.968421385278841,9.680344001221918,3.90625,4.651047675320562,0.031184923975918814,0.027322098100058038,2.2861887859823598,0.0,4.641411254638548,0.0006675,4.604500720356513,,
quartic,100.0,5,Bayesian stacking,100,100,5,20.0,False,0.05954670812934637,35.59762791041403,0.3945,38.09341814990771,0.538,57.25214902677531,646.5225601233595,11.437812584225854,0.0,7.047259324858935,,,,,,,,,,,,,
quartic,100.0,5,PVI,100,100,5,20.0,False,1.6973650828003883,53.98057237671114,0.9195,163.39047215967676,0.999,268.82002967167,184.32333596739178,4.659407162732092,0.0,4.661993316209746,,,,,,,,,,,,0.0,True
quartic,100.0,5,PVI (no KL),100,100,5,20.0,False,0.07389670796692371,53.98057237671114,0.9195,163.39047215967676,0.999,268.82002967167,184.32333596739178,4.659407162732092,0.0,4.661993316209746,,,,,,,,,,,,0.0,True
quartic,100.0,6,Bayesian ridge,100,100,5,20.0,False,0.000806999858468771,36.680161618184925,0.087,12.709173983299813,0.142,20.90991281275107,1016.0270394928172,869.5829580699424,0.0,9.390200155844077,,,,,,,,,,,,,
quartic,100.0,6,POPS hypercube,100,100,5,20.0,False,0.17245454201474786,36.680161618184925,0.889,230.7337921651594,0.984,317.69221192132636,236.66735782476223,,,,,,,,,,,,,,,,
quartic,100.0,6,POPS ellipse,100,100,5,20.0,False,0.0055287079885602,36.680161618184925,1.0,120.17609235668095,1.0,155.1121687897302,120.17609235668095,4.5589218013740656,0.0,4.5647454860523755,,,,,,,,,,,,,
quartic,100.0,6,Ellipse+EB,100,100,5,20.0,False,0.005238750018179417,36.680161618184925,1.0,132.4851456278227,1.0,183.34321389774485,132.4851456278227,4.6195729988452,0.0,4.625339998547562,,,,,,,,,,,,,
quartic,100.0,6,Ellipse+PAC,100,100,5,20.0,False,0.15034237504005432,36.65562352486883,1.0,160.80844692337013,1.0,237.92394906409194,160.80844692337013,4.641542563809132,0.0,4.6470124809970645,7.010368313781604,9.680344001221918,0.48828125,4.698745580929114,0.0307934127087027,0.00010433704487521509,2.280829320143787,0.0,4.6952488161221915,0.0,4.6525223488147205,,
quartic,100.0,6,Bayesian stacking,100,100,5,20.0,False,0.06130712479352951,36.955347711327946,0.3965,38.2899178607613,0.5065,56.56421212543416,698.8908505296789,12.514157622574057,0.0,7.20977454322349,,,,,,,,,,,,,
quartic,100.0,6,PVI,100,100,5,20.0,False,2.202028749976307,99.03283915329658,1.0,226.480075084964,1.0,372.6189152870768,226.480075084964,4.598277053900284,0.0,4.601053254452094,,,,,,,,,,,,1.0,True
quartic,100.0,6,PVI (no KL),100,100,5,20.0,False,0.08272266667336226,99.0222082869179,0.9985,223.47127917787637,0.999,367.668659655103,223.47677751236887,4.606060968387954,0.0,4.608698352624381,,,,,,,,,,,,0.0,True
quartic,100.0,7,Bayesian ridge,100,100,5,20.0,False,0.0007596658542752266,35.48372417142164,0.0985,13.468216575767961,0.143,22.1587362571802,970.6337004851941,461.511063217174,0.0,9.324962174772665,,,,,,,,,,,,,
quartic,100.0,7,POPS hypercube,100,100,5,20.0,False,0.18927695788443089,35.48372417142164,0.7795,157.80291178469523,0.9815,213.90704075257324,245.52147422806053,,,,,,,,,,,,,,,,
quartic,100.0,7,POPS ellipse,100,100,5,20.0,False,0.007960542105138302,35.48372417142164,0.994,103.22108590526682,1.0,133.2282169075445,103.61805484226893,4.523261818357774,0.0,4.529247928032747,,,,,,,,,,,,,
quartic,100.0,7,Ellipse+EB,100,100,5,20.0,False,0.007291708141565323,35.48372417142164,1.0,117.90328296873932,1.0,169.35178420987893,117.90328296873932,4.556064531941264,0.0,4.56208497596195,,,,,,,,,,,,,
quartic,100.0,7,Ellipse+PAC,100,100,5,20.0,False,0.15730833308771253,35.90479408841288,1.0,118.61031452754708,1.0,167.10649397847016,118.61031452754708,4.559032301078952,0.0,4.565023380292896,6.756545103359489,9.680344001221918,0.2197265625,4.4214556118054915,0.030372778840363608,6.709835736685577e-06,2.3047167127136334,0.0,4.417881700525784,0.0,4.5710573337828135,,
quartic,100.0,7,Bayesian stacking,100,100,5,20.0,False,0.0636779167689383,35.02779550450248,0.445,46.0476162504308,0.574,65.29948263566142,547.5385124032454,9.951135015684866,0.0,6.922015380609651,,,,,,,,,,,,,
quartic,100.0,7,PVI,100,100,5,20.0,False,2.155907499603927,58.19098152491017,0.982,142.9020825678633,0.988,235.11127404353564,148.16645062719655,5.110772002372531,0.0,4.684762885501269,,,,,,,,,,,,0.0,True
quartic,100.0,7,PVI (no KL),100,100,5,20.0,False,0.10341504076495767,58.19098152491017,0.982,142.9020825678633,0.988,235.11127404353564,148.16645062719655,5.110772002372531,0.0,4.684762885501269,,,,,,,,,,,,0.0,True
quartic,100.0,8,Bayesian ridge,100,100,5,20.0,False,0.0006706668063998222,35.91903878091861,0.0805,11.893603858448106,0.128,19.56808680377972,1030.6691923952765,529.2895523803872,0.0,9.433897977298468,,,,,,,,,,,,,
quartic,100.0,8,POPS hypercube,100,100,5,20.0,False,0.19298616703599691,35.91903878091861,0.793,148.86821912507125,0.976,206.61760522118476,179.0062128353296,,,,,,,,,,,,,,,,
quartic,100.0,8,POPS ellipse,100,100,5,20.0,False,0.00683191604912281,35.91903878091861,1.0,103.41962169764409,1.0,133.48446851910984,103.41962169764409,4.5489309205267325,0.0,4.554769845957411,,,,,,,,,,,,,
quartic,100.0,8,Ellipse+EB,100,100,5,20.0,False,0.007929500192403793,35.91903878091861,1.0,117.46262005038096,1.0,169.76909853824398,117.46262005038096,4.585091466781073,0.0,4.590939205853865,,,,,,,,,,,,,
quartic,100.0,8,Ellipse+PAC,100,100,5,20.0,False,0.1674582501873374,35.751079547888196,1.0,122.98686727014407,1.0,179.81835014906275,122.98686727014407,4.598708326225384,0.0,4.604390370114462,6.871315130221476,9.680344001221918,0.2197265625,4.547801740120374,0.03080821487169754,3.169928922101435e-05,2.292705175229405,0.0,4.543313431658651,7.5e-06,4.610113714558594,,
quartic,100.0,8,Bayesian stacking,100,100,5,20.0,False,0.06263579102233052,36.21190047370467,0.4005,37.112516958961024,0.5425,55.08044696754853,667.9697772576329,12.045731898554216,0.0,7.005048894148565,,,,,,,,,,,,,
quartic,100.0,8,PVI,100,100,5,20.0,False,1.7485875831916928,44.246931202668684,1.0,162.00419108082954,1.0,266.53923498503246,162.00419108082954,4.593880009254501,0.0,4.598552008469529,,,,,,,,,,,,0.1,True
quartic,100.0,8,PVI (no KL),100,100,5,20.0,False,0.060936832800507545,36.86793440338789,0.9935,116.08016725254403,0.998,190.9822132995973,116.74856401646774,5.503846604536733,0.0,4.643654761581073,,,,,,,,,,,,0.0,True
quartic,100.0,9,Bayesian ridge,100,100,5,20.0,False,0.0007765837945044041,35.29318574430875,0.091,12.716053303054268,0.1385,20.92123109169396,984.1416497347119,476.65209282604405,0.0,9.359084888682375,,,,,,,,,,,,,
quartic,100.0,9,POPS hypercube,100,100,5,20.0,False,0.17037054197862744,35.29318574430875,0.796,152.28842918049747,0.982,211.5005567798493,191.15342778260293,,,,,,,,,,,,,,,,
quartic,100.0,9,POPS ellipse,100,100,5,20.0,False,0.011873125098645687,35.293185744308744,0.982,100.51424370220592,1.0,129.73447571114917,104.65625797107958,4.530912363443307,0.0,4.536750980564526,,,,,,,,,,,,,
quartic,100.0,9,Ellipse+EB,100,100,5,20.0,False,0.010940082836896181,35.293185744308744,1.0,112.67254534866075,1.0,162.11692966980132,112.67254534866075,4.546771418404884,0.0,4.552786204935975,,,,,,,,,,,,,
quartic,100.0,9,Ellipse+PAC,100,100,5,20.0,False,0.1653163330629468,35.522170130559125,1.0,137.90747507138425,1.0,200.56175579620083,137.90747507138425,4.576613469764537,0.0,4.5824784714270255,6.774472384118162,9.680344001221918,3.515625,4.440016786955946,0.030688924860318684,0.006730382625276766,2.3037666723018977,0.0,4.436964537163197,2.5e-06,4.58838612305943,,
quartic,100.0,9,Bayesian stacking,100,100,5,20.0,False,0.06217104196548462,34.98844898019139,0.4155,41.86154842751058,0.5425,60.43459100894635,602.4108178291015,11.155328588390052,0.0,7.093381168598289,,,,,,,,,,,,,
quartic,100.0,9,PVI,100,100,5,20.0,False,2.7003339594230056,45.19193413043373,1.0,135.3829018528491,1.0,222.7402565894616,135.3829018528491,4.538437677194183,0.0,4.543499379327164,,,,,,,,,,,,1.0,True
quartic,100.0,9,PVI (no KL),100,100,5,20.0,False,0.12185370828956366,39.297921581335814,0.999,117.1657203433131,0.999,192.76823184898694,117.17034855168184,4.602542587283858,0.0,4.599820034657378,,,,,,,,,,,,0.0,True
quartic,100.0,10,Bayesian ridge,100,100,5,20.0,False,0.0007089171558618546,35.18019628542257,0.0905,13.032608986110706,0.1425,21.442047923833382,985.2067089479243,501.9343872621496,0.0,9.359044776897063,,,,,,,,,,,,,
quartic,100.0,10,POPS hypercube,100,100,5,20.0,False,0.19083866709843278,35.18019628542257,0.7935,158.44140502788923,0.9825,219.3282414230355,186.33962790859923,,,,,,,,,,,,,,,,
quartic,100.0,10,POPS ellipse,100,100,5,20.0,False,0.00716712512075901,35.18019628542257,0.9995,105.13521012510566,1.0,135.69879115613088,105.15783538770592,4.527609124285189,0.0,4.533639142366813,,,,,,,,,,,,,
quartic,100.0,10,Ellipse+EB,100,100,5,20.0,False,0.007034707814455032,35.180196285422575,1.0,119.98366789196338,1.0,173.92380979618733,119.98366789196338,4.569418909218812,0.0,4.575408445227964,,,,,,,,,,,,,
quartic,100.0,10,Ellipse+PAC,100,100,5,20.0,False,0.15347104193642735,35.45773308779915,1.0,128.55265037465668,1.0,180.42842588409235,128.55265037465668,4.570878320961658,0.0,4.576812990901186,6.876481171799226,9.680344001221918,1.5869140625,4.551868077710887,0.030244544348368627,0.00025744196927568583,2.29436854973997,0.0,4.548113113756095,0.0,4.582789644230956,,
quartic,100.0,10,Bayesian stacking,100,100,5,20.0,False,0.0651955003850162,35.727643920604315,0.39,37.47010893354378,0.502,55.870970058511816,673.0160502136885,11.974208373852823,0.0,7.259269249450464,,,,,,,,,,,,,
quartic,100.0,10,PVI,100,100,5,20.0,False,1.5682612918317318,70.81453675679505,0.9875,178.41346639016314,0.997,293.53678152027214,180.02856806327048,4.716316383994614,0.0,4.675498927702217,,,,,,,,,,,,0.0,True
quartic,100.0,10,PVI (no KL),100,100,5,20.0,False,0.0343798752874136,70.81453675679505,0.9875,178.41346639016314,0.997,293.53678152027214,180.02856806327048,4.716316383994614,0.0,4.675498927702217,,,,,,,,,,,,0.0,True
quartic,100.0,11,Bayesian ridge,100,100,5,20.0,False,0.000726667232811451,35.198232135149496,0.093,13.257667772471839,0.1405,21.81232844770839,979.3652212640088,518.5128793811662,0.0,9.347941959267771,,,,,,,,,,,,,
quartic,100.0,11,POPS hypercube,100,100,5,20.0,False,0.17901191674172878,35.198232135149496,0.812,174.81620729342924,0.9725,248.72614925023368,198.89678402296667,,,,,,,,,,,,,,,,
quartic,100.0,11,POPS ellipse,100,100,5,20.0,False,0.009043499827384949,35.198232135149496,0.9765,106.55240682830878,1.0,137.5279773937983,107.35613309715794,4.56665479136168,0.0,4.572524801892244,,,,,,,,,,,,,
quartic,100.0,11,Ellipse+EB,100,100,5,20.0,False,0.009393124841153622,35.1982321351495,1.0,120.7548423133389,1.0,174.09668193078346,120.7548423133389,4.600386180556591,0.0,4.606259839560023,,,,,,,,,,,,,
quartic,100.0,11,Ellipse+PAC,100,100,5,20.0,False,0.15667070914059877,35.21595032559431,0.9715,141.4443691863508,1.0,206.60496122949542,143.50414124824806,4.6409360272280695,0.0,4.646334229381144,6.989806176175132,9.680344001221918,0.5859375,4.677852006494586,0.030544085235641984,0.00010805876070334377,2.281410084444904,0.0,4.672244749064079,0.00019,4.651772995345369,,
quartic,100.0,11,Bayesian stacking,100,100,5,20.0,False,0.06379262544214725,35.25375769035998,0.441,48.00733472910491,0.6245,67.25092559447378,537.1832831093171,10.190490888948,0.0,6.818268952891937,,,,,,,,,,,,,
quartic,100.0,11,PVI,100,100,5,20.0,False,1.844018790870905,112.13060674073235,1.0,210.84018007117845,1.0,346.8872004196463,210.84018007117845,4.634152770663011,0.0,4.635267762031883,,,,,,,,,,,,1.0,True
quartic,100.0,11,PVI (no KL),100,100,5,20.0,False,0.08389337500557303,88.59662089373263,0.998,185.15924837103037,0.999,304.63535592480156,185.21096285498174,4.8389943502775115,0.0,4.654164433446787,,,,,,,,,,,,0.0,True
quartic,100.0,12,Bayesian ridge,100,100,5,20.0,False,0.0008768327534198761,35.92706479574711,0.086,12.014011419005595,0.1355,19.766188710053203,1016.0009252332508,273.85939552423406,0.0,9.354565731372979,,,,,,,,,,,,,
quartic,100.0,12,POPS hypercube,100,100,5,20.0,False,0.20031895814463496,35.92706479574711,0.7925,117.95078713062895,0.986,160.43894275113976,164.72349748717127,,,,,,,,,,,,,,,,
quartic,100.0,12,POPS ellipse,100,100,5,20.0,False,0.01271554222330451,35.9270647957471,1.0,116.42048792387509,1.0,150.26478244802865,116.42048792387509,4.56104054174809,0.0,4.566867448903891,,,,,,,,,,,,,
quartic,100.0,12,Ellipse+EB,100,100,5,20.0,False,0.007529417052865028,35.92706479574711,1.0,130.87453742118007,1.0,187.6552734342225,130.87453742118007,4.603262052439701,0.0,4.609075520330479,,,,,,,,,,,,,
quartic,100.0,12,Ellipse+PAC,100,100,5,20.0,False,0.1509942077100277,36.00119152480497,1.0,116.52950751212407,1.0,164.76330954191758,116.52950751212407,4.57357391405753,0.0,4.57946362868519,6.884484967238682,9.680344001221918,6.2744140625,4.5593722716355884,0.030614480738037513,0.011009819754921062,2.294498214865056,0.0,4.554764960272571,7.500000000000001e-06,4.585396169350818,,
quartic,100.0,12,Bayesian stacking,100,100,5,20.0,False,0.061140290927141905,35.4534566691253,0.43,43.4355851293824,0.5875,62.73195060426084,569.8934702705412,10.441534092284536,0.0,6.802102460092998,,,,,,,,,,,,,
quartic,100.0,12,PVI,100,100,5,20.0,False,1.5962343751452863,43.70000983875648,1.0,139.30607280012327,1.0,229.19489813932273,139.30607280012327,4.554802928549415,0.0,4.559447026395397,,,,,,,,,,,,1.0,True
quartic,100.0,12,PVI (no KL),100,100,5,20.0,False,0.04090745886787772,44.557107813992175,0.9995,140.982479753302,1.0,231.953025715176,140.98249304533877,4.557940570509883,0.0,4.562444732075015,,,,,,,,,,,,0.0,True
quartic,100.0,13,Bayesian ridge,100,100,5,20.0,False,0.0006867498159408569,35.157752210835774,0.0915,13.033147249156082,0.142,21.442933507220935,982.9040631845747,492.1773130809703,0.0,9.352813791412812,,,,,,,,,,,,,
quartic,100.0,13,POPS hypercube,100,100,5,20.0,False,0.19752329215407372,35.157752210835774,0.7965,162.01185577797003,0.98,225.6760877031313,209.41171507162431,,,,,,,,,,,,,,,,
quartic,100.0,13,POPS ellipse,100,100,5,20.0,False,0.007373875007033348,35.15775221083578,1.0,106.44347928403333,1.0,137.38738380898315,106.44347928403333,4.524376878935246,0.0,4.530446264515209,,,,,,,,,,,,,
quartic,100.0,13,Ellipse+EB,100,100,5,20.0,False,0.007938458118587732,35.157752210835774,1.0,120.54385268363892,1.0,173.6220606942299,120.54385268363892,4.569698454250074,0.0,4.575709215199876,,,,,,,,,,,,,
quartic,100.0,13,Ellipse+PAC,100,100,5,20.0,False,0.1785877076908946,35.19206347451954,1.0,129.48613093707982,1.0,195.91192636321873,129.48613093707982,4.642601254046997,0.0,4.6483897219956845,7.16613021053578,9.680344001221918,4.6875,4.846069030195756,0.0325760350491531,0.17943473851763872,2.2874851452908707,0.0,4.824235296655555,0.0024175,4.65421814914182,,
quartic,100.0,13,Bayesian stacking,100,100,5,20.0,False,0.060654417145997286,35.419590901762994,0.415,43.71918757274508,0.5465,64.12986172197708,604.3955781425675,10.532581362787289,0.0,7.235986388085983,,,,,,,,,,,,,
quartic,100.0,13,PVI,100,100,5,20.0,False,1.6948237498290837,40.649338030780456,1.0,136.7512978955903,1.0,224.99162571735545,136.7512978955903,4.5660824340906325,0.0,4.5714891570638665,,,,,,,,,,,,1.0,True
quartic,100.0,13,PVI (no KL),100,100,5,20.0,False,0.041116958018392324,41.72217581152554,0.9865,147.55834028793734,0.995,242.77203493078005,147.76165827984175,4.939048624968178,0.0,4.635827826603573,,,,,,,,,,,,0.0,True
quartic,100.0,14,Bayesian ridge,100,100,5,20.0,False,0.0006962078623473644,37.39580035344115,0.0835,12.56903593386522,0.136,20.679349095606526,1044.1011075674385,912.2957387964341,0.0,9.40381677581892,,,,,,,,,,,,,
quartic,100.0,14,POPS hypercube,100,100,5,20.0,False,0.17542095901444554,37.39580035344115,0.7755,194.74376255044382,0.9765,275.86652886969625,262.38024960586915,,,,,,,,,,,,,,,,
quartic,100.0,14,POPS ellipse,100,100,5,20.0,False,0.008001083042472601,37.39580035344115,1.0,117.11550225548781,1.0,151.1618425720709,117.11550225548781,4.5626659526141,0.0,4.56848927766256,,,,,,,,,,,,,
quartic,100.0,14,Ellipse+EB,100,100,5,20.0,False,0.007718459237366915,37.39580035344115,1.0,127.46837890586306,1.0,176.97437735480995,127.46837890586306,4.593082526419773,0.0,4.598857173161617,,,,,,,,,,,,,
quartic,100.0,14,Ellipse+PAC,100,100,5,20.0,False,0.1511278748512268,39.18779820184407,1.0,178.4164053423173,1.0,264.91235001148755,178.4164053423173,4.669147022055874,0.0,4.674420491726047,6.963171046555537,9.680344001221918,0.146484375,4.646657904267094,0.03068237328696924,9.017071480050755e-06,2.285830769001474,0.0,4.643952620361302,0.0,4.6797322668213495,,
quartic,100.0,14,Bayesian stacking,100,100,5,20.0,False,0.06041499972343445,37.796219044387854,0.3945,39.563349342997824,0.5095,58.9999469028358,692.5031043540192,11.42142677540975,0.0,7.2179932513461225,,,,,,,,,,,,,
quartic,100.0,14,PVI,100,100,5,20.0,False,1.7249139999039471,46.03434598689198,1.0,146.28827530152455,1.0,240.68244608989113,146.28827530152455,4.6086484752604395,0.0,4.613514757096783,,,,,,,,,,,,1.0,True
quartic,100.0,14,PVI (no KL),100,100,5,20.0,False,0.0914071248844266,63.48368961229789,0.98,146.93024805727504,0.999,241.73865905609517,147.2001373190706,4.668538657900772,0.0,4.653155489717501,,,,,,,,,,,,0.0,True
quartic,100.0,15,Bayesian ridge,100,100,5,20.0,False,0.0007084589451551437,35.317240409928836,0.099,13.777080681851164,0.149,22.666898434964097,966.8798342972798,400.9489311491513,0.0,9.300801007292884,,,,,,,,,,,,,
quartic,100.0,15,POPS hypercube,100,100,5,20.0,False,0.18291870784014463,35.317240409928836,0.7835,149.92808860441366,0.982,206.03433694939687,213.83452596605488,,,,,,,,,,,,,,,,
quartic,100.0,15,POPS ellipse,100,100,5,20.0,False,0.00824620807543397,35.317240409928836,1.0,106.10179911399842,1.0,136.94637469338252,106.10179911399842,4.518131441935886,0.0,4.524214449244476,,,,,,,,,,,,,
quartic,100.0,15,Ellipse+EB,100,100,5,20.0,False,0.008683291729539633,35.317240409928836,1.0,123.84412945652448,1.0,180.18805577813933,123.84412945652448,4.567990839052307,0.0,4.573992559793212,,,,,,,,,,,,,
quartic,100.0,15,Ellipse+PAC,100,100,5,20.0,False,0.15600966708734632,35.37990607056098,1.0,122.53662880011662,1.0,175.2339193198391,122.53662880011662,4.563301441711102,0.0,4.56927796216159,6.880491495169341,9.680344001221918,0.0732421875,4.556633089750459,0.03025494173597756,5.544317643122762e-07,2.293603463682905,0.0,4.553610734168069,0.0,4.5752968328672745,,
quartic,100.0,15,Bayesian stacking,100,100,5,20.0,False,0.05740658286958933,35.50882301652595,0.4125,41.41822698673454,0.539,61.15487532711171,618.0716985468606,10.790965831701211,0.0,7.059223400728888,,,,,,,,,,,,,
quartic,100.0,15,PVI,100,100,5,20.0,False,1.6885405001230538,44.522236907595165,1.0,138.10547486028884,1.0,227.21960074563728,138.10547486028884,4.521561923655703,0.0,4.526665863931641,,,,,,,,,,,,1.0,True
quartic,100.0,15,PVI (no KL),100,100,5,20.0,False,0.06429391680285335,46.952482232850926,0.9925,144.22080208088843,0.996,237.28091229682124,144.32610751824734,4.83463561822292,0.0,4.583758338656146,,,,,,,,,,,,0.0,True
quartic,100.0,16,Bayesian ridge,100,100,5,20.0,False,0.0007044998928904533,35.62026353804608,0.0865,12.355199322697938,0.136,20.32753198290058,998.7429231274647,633.1957087439763,0.0,9.383203119439532,,,,,,,,,,,,,
quartic,100.0,16,POPS hypercube,100,100,5,20.0,False,0.16390412487089634,35.62026353804608,0.796,166.86511739432063,0.989,238.2613097388735,199.5256370566016,,,,,,,,,,,,,,,,
quartic,100.0,16,POPS ellipse,100,100,5,20.0,False,0.004611666779965162,35.62026353804609,1.0,105.93277563019461,1.0,136.7282148361674,105.93277563019461,4.524042366529513,0.0,4.530082777517395,,,,,,,,,,,,,
quartic,100.0,16,Ellipse+EB,100,100,5,20.0,False,0.00544841680675745,35.62026353804609,1.0,121.30172846230882,1.0,175.10528279718727,121.30172846230882,4.61502130330404,0.0,4.621018385399196,,,,,,,,,,,,,
quartic,100.0,16,Ellipse+PAC,100,100,5,20.0,False,0.165093292016536,36.476556803787986,1.0,146.70483300950292,1.0,216.03512340922288,146.70483300950292,4.606692123903239,0.0,4.612434057852232,7.080077313818466,9.680344001221918,6.2744140625,4.774549251888951,0.03065201040580396,0.029740785168560588,2.274876051523711,0.0,4.771517442548628,0.0,4.618216557826554,,
quartic,100.0,16,Bayesian stacking,100,100,5,20.0,False,0.05849779210984707,36.14036527132224,0.432,43.937867930510215,0.5725,63.06884982757475,604.28642727651,10.693586750492988,0.0,6.944018437035373,,,,,,,,,,,,,
quartic,100.0,16,PVI,100,100,5,20.0,False,1.6279211668297648,81.33154226717456,1.0,169.4342647739825,1.0,278.7636480995506,169.4342647739825,4.654208625013664,0.0,4.656888325705867,,,,,,,,,,,,1.0,True
quartic,100.0,16,PVI (no KL),100,100,5,20.0,False,0.06636391673237085,54.00753789051926,0.9875,139.61762238492747,0.999,229.7074786314668,150.39482225012588,4.703189656761449,0.0,4.7039230250300905,,,,,,,,,,,,0.0,True
quartic,100.0,17,Bayesian ridge,100,100,5,20.0,False,0.0006787502206861973,36.0839006966403,0.0845,12.518532166396188,0.1375,20.596257198691703,994.6446485299562,658.2087080488127,0.0,9.374059993064172,,,,,,,,,,,,,
quartic,100.0,17,POPS hypercube,100,100,5,20.0,False,0.1717885839752853,36.0839006966403,0.795,175.8326297652928,0.9985,243.6417471955744,259.3224986593253,,,,,,,,,,,,,,,,
quartic,100.0,17,POPS ellipse,100,100,5,20.0,False,0.00892112497240305,36.083900696640306,1.0,108.21423835847921,1.0,139.67291560698993,108.21423835847921,4.5266114264213195,0.0,4.532635888872782,,,,,,,,,,,,,
quartic,100.0,17,Ellipse+EB,100,100,5,20.0,False,0.0093747079372406,36.08390069664031,1.0,120.02340109449449,1.0,169.01507375483044,120.02340109449449,4.562471762571428,0.0,4.568463540789923,,,,,,,,,,,,,
quartic,100.0,17,Ellipse+PAC,100,100,5,20.0,False,0.16267012478783727,36.4440975650573,1.0,158.78805322753396,1.0,235.34093747137865,158.78805322753396,4.615406055223041,0.0,4.62101799625066,7.041036623445946,9.680344001221918,6.25,4.7290399529637845,0.031406211775190054,0.02552725378181883,2.2805904587069707,0.0,4.725807152232134,0.0,4.6266712095593885,,
quartic,100.0,17,Bayesian stacking,100,100,5,20.0,False,0.07010954199358821,35.664841801468825,0.429,43.20834681569208,0.538,62.04408486842633,625.6656273327299,11.564052239964363,0.0,7.203089184990376,,,,,,,,,,,,,
quartic,100.0,17,PVI,100,100,5,20.0,False,1.5533400420099497,59.152989337880676,0.988,170.37647079935212,1.0,280.3138232618402,170.88088605071545,4.594943771544378,0.0,4.599340977048155,,,,,,,,,,,,0.1,True
quartic,100.0,17,PVI (no KL),100,100,5,20.0,False,0.07082604197785258,60.92554988255187,0.9995,170.73806622081608,1.0,280.90874223503516,170.73851132302696,4.567406906752667,0.0,4.571744222082009,,,,,,,,,,,,0.0,True
quartic,100.0,18,Bayesian ridge,100,100,5,20.0,False,0.0006521251052618027,36.646774095732646,0.078,12.172823662963198,0.1285,20.027476357788174,1044.0797321463565,542.2610053395009,0.0,9.43744642228958,,,,,,,,,,,,,
quartic,100.0,18,POPS hypercube,100,100,5,20.0,False,0.18490845896303654,36.646774095732646,0.822,163.96625506774842,0.987,232.79733732533228,182.30089055881237,,,,,,,,,,,,,,,,
quartic,100.0,18,POPS ellipse,100,100,5,20.0,False,0.008803749922662973,36.646774095732646,0.9745,102.84405531267511,1.0,132.74158074081507,103.43527075172285,4.5872919094158515,0.0,4.592919390096287,,,,,,,,,,,,,
quartic,100.0,18,Ellipse+EB,100,100,5,20.0,False,0.008154749870300293,36.646774095732646,1.0,114.71552046157082,1.0,163.5598212939486,114.71552046157082,4.607318457556741,0.0,4.612999817606097,,,,,,,,,,,,,
quartic,100.0,18,Ellipse+PAC,100,100,5,20.0,False,0.16699662525206804,36.65544528672364,1.0,109.40194357246818,1.0,152.23178679075937,109.40194357246818,4.625398730100936,0.0,4.630926773253232,6.913037271917777,9.680344001221918,4.6875,4.590366076304528,0.03089212998755,0.005386496602784304,2.2917790656256987,0.0,4.582797515726831,2e-05,4.636495311294322,,
quartic,100.0,18,Bayesian stacking,100,100,5,20.0,False,0.06215458316728473,36.89219485594531,0.3255,37.02073740538121,0.488,55.25131355579921,715.245214814262,12.941076045530313,0.0,7.451805709739505,,,,,,,,,,,,,
quartic,100.0,18,PVI,100,100,5,20.0,False,2.2369018751196563,94.04139728589753,0.997,210.81103229183248,1.0,346.839244704695,210.81814241557257,4.606249443607377,0.0,4.609365540561246,,,,,,,,,,,,0.1,True
quartic,100.0,18,PVI (no KL),100,100,5,20.0,False,0.049784291069954634,66.65954174229054,0.999,167.44296581050102,1.0,275.48744086804743,167.4436329644271,4.622538938988301,0.0,4.626749960759176,,,,,,,,,,,,0.0,True
quartic,100.0,19,Bayesian ridge,100,100,5,20.0,False,0.0006965831853449345,36.08711699371212,0.083,11.871787877406446,0.1345,19.5321938132435,1016.8043968091021,747.1474545445897,0.0,9.410542205942372,,,,,,,,,,,,,
quartic,100.0,19,POPS hypercube,100,100,5,20.0,False,0.1803613337688148,36.08711699371212,0.761,173.41039296194788,0.9465,245.79739843121334,220.63191389357723,,,,,,,,,,,,,,,,
quartic,100.0,19,POPS ellipse,100,100,5,20.0,False,0.006781792268157005,36.08711699371212,1.0,107.66458103720085,1.0,138.9634688482986,107.66458103720085,4.523514112642653,0.0,4.529538123102812,,,,,,,,,,,,,
quartic,100.0,19,Ellipse+EB,100,100,5,20.0,False,0.006270041689276695,36.08711699371213,1.0,119.32270059650641,1.0,168.67208348074146,119.32270059650641,4.562244954174975,0.0,4.568213104006425,,,,,,,,,,,,,
quartic,100.0,19,Ellipse+PAC,100,100,5,20.0,False,0.15377008263021708,36.42456879434109,1.0,130.2770724918564,1.0,182.57212834542312,130.2770724918564,4.591800552485238,0.0,4.597587948106134,7.002440591341413,9.680344001221918,0.8056640625,4.6914561433540936,0.030855187731574755,0.000504363920959386,2.2801292602557446,0.0,4.688423463825723,0.0,4.603416621412234,,
quartic,100.0,19,Bayesian stacking,100,100,5,20.0,False,0.061098416801542044,35.99279686731501,0.419,41.28799163510981,0.5265,59.90781197282841,652.764008786639,11.792024259784153,0.0,7.222994112735732,,,,,,,,,,,,,
quartic,100.0,19,PVI,100,100,5,20.0,False,1.2721194168552756,44.48199155096069,0.979,136.3794587522084,0.9905,224.37985314435417,137.02814271695533,7.402025520768748,0.0,4.654283294661521,,,,,,,,,,,,0.0,True
quartic,100.0,19,PVI (no KL),100,100,5,20.0,False,0.04874729225412011,44.48199155096069,0.979,136.3794587522084,0.9905,224.37985314435417,137.02814271695533,7.402025520768748,0.0,4.654283294661521,,,,,,,,,,,,0.0,True
quartic,100.0,20,Bayesian ridge,100,100,5,20.0,False,0.0008747503161430359,41.02589122576761,0.1375,18.025648098403742,0.223,29.656902220886288,927.7348670962929,65.46866589630095,0.0,8.847850614958485,,,,,,,,,,,,,
quartic,100.0,20,POPS hypercube,100,100,5,20.0,False,0.1870161658152938,41.02589122576761,0.842,106.49686010881723,0.992,143.46699930745328,139.4199929571835,,,,,,,,,,,,,,,,
quartic,100.0,20,POPS ellipse,100,100,5,20.0,False,0.009238749742507935,41.02589122576762,0.9375,95.48908387411005,0.957,123.24846485686425,190.47435603392282,inf,0.034,4.699270862835207,,,,,,,,,,,,,
quartic,100.0,20,Ellipse+EB,100,100,5,20.0,False,0.013528292067348957,41.02589122576761,0.9795,115.86042072670054,1.0,175.1862624442777,122.07549390056641,4.583390219743162,0.0,4.588463061005117,,,,,,,,,,,,,
quartic,100.0,20,Ellipse+PAC,100,100,5,20.0,False,0.15878887521103024,40.81672440950624,0.994,115.74854844146299,1.0,166.0447402816175,116.25232581334025,4.591841418099969,0.0,4.596852728290367,6.8493002813880794,9.680344001221918,0.1220703125,4.5208531783226,0.03134538534277849,7.604918435275572e-06,2.297101717722701,0.0,4.513302647452127,5.75e-05,4.601934734601438,,
quartic,100.0,20,Bayesian stacking,100,100,5,20.0,False,0.07007358316332102,36.53430231915567,0.4805,53.107095881032016,0.622,72.95783116812179,484.91429451079586,9.137085714681714,0.0,6.657850444710084,,,,,,,,,,,,,
quartic,100.0,20,PVI,100,100,5,20.0,False,1.733205874916166,175.04879695386376,1.0,266.663464926884,1.0,438.7310937197129,266.663464926884,4.637753240536757,0.0,4.634093914180192,,,,,,,,,,,,1.0,True
quartic,100.0,20,PVI (no KL),100,100,5,20.0,False,0.04159029200673103,105.56269442032169,0.9755,179.6599654609438,0.9995,295.58759827086885,242.90974405869096,4.675608001725786,0.0,4.671642930044235,,,,,,,,,,,,0.0,True
quartic,100.0,21,Bayesian ridge,100,100,5,20.0,False,0.000950041227042675,39.903086014224186,0.1225,15.916376837828077,0.192,26.18659972797577,963.3012535124219,109.72108043146488,0.0,9.011085651750141,,,,,,,,,,,,,
quartic,100.0,21,POPS hypercube,100,100,5,20.0,False,0.2224571667611599,39.903086014224186,0.856,100.94809275336763,0.9685,134.12759396657276,112.91792041634126,,,,,,,,,,,,,,,,
quartic,100.0,21,POPS ellipse,100,100,5,20.0,False,0.008321417029947042,39.903086014224165,0.9345,96.32412718350366,0.9935,124.32626141534251,123.01559747388339,4.586615241824344,0.0,4.588061962907796,,,,,,,,,,,,,
quartic,100.0,21,Ellipse+EB,100,100,5,20.0,False,0.008419415913522243,39.903086014224165,1.0,113.45868873487902,1.0,169.70814873597504,113.45868873487902,4.572556169944868,0.0,4.578141450444101,,,,,,,,,,,,,
quartic,100.0,21,Ellipse+PAC,100,100,5,20.0,False,0.15796383330598474,38.51970267516334,1.0,117.38392461995917,1.0,166.88495945184386,117.38392461995917,4.574985607795116,0.0,4.580672671026188,6.83442881338495,9.680344001221918,1.7578125,4.505733957013778,0.030582294143767105,0.0010252063627668195,2.298112562227405,0.0,4.502104688843044,0.0,4.586404404823995,,
quartic,100.0,21,Bayesian stacking,100,100,5,20.0,False,0.06430987501516938,37.29340013067971,0.44,48.55528530139578,0.5655,67.58591454833784,530.5631950818303,10.296003790180869,0.0,6.985869107815875,,,,,,,,,,,,,
quartic,100.0,21,PVI,100,100,5,20.0,False,1.5323117091320455,117.13889358918463,0.9475,173.05909300068146,1.0,284.72743790060866,307.83310592570837,4.6458125682732,0.0,4.639878424465109,,,,,,,,,,,,1.0,True
quartic,100.0,21,PVI (no KL),100,100,5,20.0,False,0.07884508278220892,110.91587456102887,0.9495,168.6398203798665,0.9985,277.4565794389617,299.3202053391153,4.713409188993904,0.0,4.64889468829137,,,,,,,,,,,,0.0,True
quartic,100.0,22,Bayesian ridge,100,100,5,20.0,False,0.0006677503697574139,35.783805515035226,0.0845,12.727371751004034,0.134,20.9398528967079,1011.8724279437788,473.6273174520101,0.0,9.39365456989283,,,,,,,,,,,,,
quartic,100.0,22,POPS hypercube,100,100,5,20.0,False,0.17110120877623558,35.783805515035226,0.7865,155.69949381072723,0.995,218.6705484061932,188.26046072431953,,,,,,,,,,,,,,,,
quartic,100.0,22,POPS ellipse,100,100,5,20.0,False,0.008529667276889086,35.78380551503523,1.0,103.94263004639035,1.0,134.1595192523987,103.94263004639035,4.54117533210162,0.0,4.547073705855428,,,,,,,,,,,,,
quartic,100.0,22,Ellipse+EB,100,100,5,20.0,False,0.008881499990820885,35.78380551503523,1.0,118.33557809459191,1.0,170.11811883694608,118.33557809459191,4.574482566209443,0.0,4.580354228656799,,,,,,,,,,,,,
quartic,100.0,22,Ellipse+PAC,100,100,5,20.0,False,0.16277275001630187,35.60220130293559,1.0,118.2120882692841,1.0,170.98902202889764,118.2120882692841,4.599759827493241,0.0,4.605485423472961,6.989681176459217,9.680344001221918,3.90625,4.673003704817747,0.03160200018018266,0.01723397155829353,2.2850754714612878,0.0,4.665295622857932,7.500000000000001e-06,4.611251941306595,,
quartic,100.0,22,Bayesian stacking,100,100,5,20.0,False,0.06293129082769156,35.65677875670564,0.416,42.24872737438364,0.538,61.45409597972542,622.8004229998165,11.308714980473908,0.0,7.108648236344036,,,,,,,,,,,,,
quartic,100.0,22,PVI,100,100,5,20.0,False,1.9090003748424351,93.3786332990199,1.0,190.4787229923457,1.0,313.3872819498526,190.4787229923457,4.564608141098668,0.0,4.5678096238830515,,,,,,,,,,,,1.0,True
quartic,100.0,22,PVI (no KL),100,100,5,20.0,False,0.06275450019165874,87.21842232377821,0.998,183.70373586137865,0.9985,302.2406574404879,183.71003468716395,4.6564851524604505,0.0,4.609635174580644,,,,,,,,,,,,0.0,True
quartic,100.0,23,Bayesian ridge,100,100,5,20.0,False,0.0014465833082795143,35.7404424080771,0.106,14.160936582547043,0.1595,23.298441714390258,957.7858115911974,302.0002496872549,0.0,9.22024052196886,,,,,,,,,,,,,
quartic,100.0,23,POPS hypercube,100,100,5,20.0,False,0.17667929222807288,35.7404424080771,0.803,136.98985920750692,0.9825,186.61759990105654,178.31588478900895,,,,,,,,,,,,,,,,
quartic,100.0,23,POPS ellipse,100,100,5,20.0,False,0.009500749874860048,35.7404424080771,0.986,105.65120430216962,1.0,136.36478864629484,110.13336039278741,4.5216266490069685,0.0,4.527520973892907,,,,,,,,,,,,,
quartic,100.0,23,Ellipse+EB,100,100,5,20.0,False,0.009790291078388691,35.7404424080771,1.0,123.84156146463687,1.0,183.4746003365874,123.84156146463687,4.558531804908609,0.0,4.5645280700669595,,,,,,,,,,,,,
quartic,100.0,23,Ellipse+PAC,100,100,5,20.0,False,0.15813195798546076,35.846710582827576,1.0,116.2718396811917,1.0,165.35861025683778,116.2718396811917,4.560490888179133,0.0,4.566421136423822,6.956808787640543,9.680344001221918,7.03125,4.617154125708079,0.03144857340451347,0.1485855556827866,2.3082060885279505,0.0,4.609440143711009,0.0002275,4.572394644541901,,
quartic,100.0,23,Bayesian stacking,100,100,5,20.0,False,0.06460712477564812,35.9061620765947,0.442,44.014262475222,0.5975,64.2797057232484,595.5236469047677,10.555442175241414,0.0,6.828669654204192,,,,,,,,,,,,,
quartic,100.0,23,PVI,100,100,5,20.0,False,1.5609551249071956,53.585195372623744,0.9675,168.03742904788297,0.992,276.46548825967,168.42755091407037,4.686186819532631,0.0,4.68899010236725,,,,,,,,,,,,0.1,True
quartic,100.0,23,PVI (no KL),100,100,5,20.0,False,0.05294704111292958,53.34107026573627,0.9645,167.89481396840583,0.9905,276.23084918072044,168.33775022748867,5.046277373828619,0.0,4.717235028413487,,,,,,,,,,,,0.0,True
quartic,100.0,24,Bayesian ridge,100,100,5,20.0,False,0.0010800831951200962,35.30017290181895,0.0995,14.096295503848891,0.1515,23.192090245642046,975.5439727854578,407.26216132143526,0.0,9.296817757997234,,,,,,,,,,,,,
quartic,100.0,24,POPS hypercube,100,100,5,20.0,False,0.18242820911109447,35.30017290181895,0.8135,163.60231316222033,0.987,220.71377551498992,216.8121409164887,,,,,,,,,,,,,,,,
quartic,100.0,24,POPS ellipse,100,100,5,20.0,False,0.009452790953218937,35.30017290181895,1.0,111.24071927531517,1.0,143.57921684881975,111.24071927531517,4.5328315094841605,0.0,4.538886227218976,,,,,,,,,,,,,
quartic,100.0,24,Ellipse+EB,100,100,5,20.0,False,0.008993374649435282,35.30017290181895,1.0,127.78889624721072,1.0,185.17746887361858,127.78889624721072,4.5871793214463725,0.0,4.593111927642047,,,,,,,,,,,,,
quartic,100.0,24,Ellipse+PAC,100,100,5,20.0,False,0.15463929204270244,35.38655387719581,1.0,134.76761794623786,1.0,195.3792327136979,134.76761794623786,4.6066639522994315,0.0,4.612397490789012,7.043162059938309,9.680344001221918,3.515625,4.734552207660512,0.030925554782515782,0.006360465564762594,2.2776842974952816,0.0,4.731163297672694,0.0,4.618171562801221,,
quartic,100.0,24,Bayesian stacking,100,100,5,20.0,False,0.06677866587415338,35.737310468138354,0.394,40.648039131623115,0.5365,60.9688420023904,647.926246936621,11.425735298575182,0.0,7.188636905330171,,,,,,,,,,,,,
quartic,100.0,24,PVI,100,100,5,20.0,False,1.8237633327953517,41.96709922004048,0.9975,186.17409084751867,1.0,306.3050370331041,186.17739980612433,4.617977418378219,0.0,4.622529967849395,,,,,,,,,,,,0.1,True
quartic,100.0,24,PVI (no KL),100,100,5,20.0,False,0.1551945828832686,41.94889574218985,0.995,186.4050303665238,0.999,306.6849928991393,186.4255507162232,4.631981730496094,0.0,4.633682745723392,,,,,,,,,,,,0.0,True
quartic,100.0,25,Bayesian ridge,100,100,5,20.0,False,0.0006655422039330006,36.09875462946336,0.093,14.092428187997346,0.1505,23.18572750032268,966.738524335353,624.5149396154287,0.0,9.307223558750215,,,,,,,,,,,,,
quartic,100.0,25,POPS hypercube,100,100,5,20.0,False,0.16746404161676764,36.09875462946336,0.807,187.33898479051678,0.978,260.3045324588947,209.66082062855276,,,,,,,,,,,,,,,,
quartic,100.0,25,POPS ellipse,100,100,5,20.0,False,0.0071045830845832825,36.09875462946336,0.9985,106.84665503151078,1.0,137.90776571996287,106.92391330864221,4.539601482178926,0.0,4.545469676062735,,,,,,,,,,,,,
quartic,100.0,25,Ellipse+EB,100,100,5,20.0,False,0.007280707824975252,36.098754629463365,1.0,120.32461696788776,1.0,169.31300863231684,120.32461696788776,4.566410313495611,0.0,4.572316908090408,,,,,,,,,,,,,
quartic,100.0,25,Ellipse+PAC,100,100,5,20.0,False,0.16487670876085758,37.2818420634565,1.0,135.6298664171943,1.0,193.5748062656952,135.6298664171943,4.589858247446584,0.0,4.59553140844311,6.759134179568167,9.680344001221918,6.298828125,4.421659001016025,0.030755285048999322,0.018565326613029745,2.3067198935031428,0.0,4.417292546431839,1.75e-05,4.601247507506358,,
quartic,100.0,25,Bayesian stacking,100,100,5,20.0,False,0.06108354218304157,35.90812120628147,0.426,43.01559479755834,0.55,61.81579044329668,616.4935661483747,11.423452091374253,0.0,7.015763708943923,,,,,,,,,,,,,
quartic,100.0,25,PVI,100,100,5,20.0,False,2.6038244171068072,68.45940561303794,1.0,165.6720311925279,1.0,272.5737905782994,165.6720311925279,4.561890933630462,0.0,4.565918266524253,,,,,,,,,,,,1.0,True
quartic,100.0,25,PVI (no KL),100,100,5,20.0,False,0.08827750012278557,68.10528117337938,0.9995,131.31783899237902,0.9995,216.0521657581869,131.3204457453936,4.560576780265517,0.0,4.564394639361497,,,,,,,,,,,,0.0,True
quartic,100.0,26,Bayesian ridge,100,100,5,20.0,False,0.0006553749553859234,36.211736382915454,0.091,13.108614335793092,0.1405,21.567096588463333,999.4483014487147,762.1855560684885,0.0,9.361923536521664,,,,,,,,,,,,,
quartic,100.0,26,POPS hypercube,100,100,5,20.0,False,0.1571477921679616,36.211736382915454,0.828,215.08577038025913,0.9875,295.02805985842195,233.6774844257613,,,,,,,,,,,,,,,,
quartic,100.0,26,POPS ellipse,100,100,5,20.0,False,0.007078041788190603,36.211736382915454,1.0,124.45710559864926,1.0,160.63770415668495,124.45710559864926,4.567940319753212,0.0,4.5737818176753064,,,,,,,,,,,,,
quartic,100.0,26,Ellipse+EB,100,100,5,20.0,False,0.006654708180576563,36.21173638291545,1.0,136.62597958202235,1.0,190.8209048014811,136.62597958202235,4.6085751519586,0.0,4.614326085413913,,,,,,,,,,,,,
quartic,100.0,26,Ellipse+PAC,100,100,5,20.0,False,0.14773324970155954,36.49817116282931,1.0,168.52853706660594,1.0,248.00419983799117,168.52853706660594,4.650443486921303,0.0,4.65585650433782,7.034780688703042,9.680344001221918,4.6875,4.725763746487155,0.030929489818971284,0.008414053837140433,2.2780874523969157,0.0,4.7225945472445074,0.0,4.661309376655845,,
quartic,100.0,26,Bayesian stacking,100,100,5,20.0,False,0.06420424999669194,36.31690998523604,0.3975,40.74447767080675,0.511,59.83853110579957,666.2245687349783,11.412185941274393,0.0,7.385896682007788,,,,,,,,,,,,,
quartic,100.0,26,PVI,100,100,5,20.0,False,2.3754629171453416,65.77413322019198,0.993,136.8327137174228,0.997,225.12557602272793,136.86681141443597,4.652330242833356,0.0,4.65146139724807,,,,,,,,,,,,0.01,True
quartic,100.0,26,PVI (no KL),100,100,5,20.0,False,0.0579479169100523,65.76444490538259,0.993,136.8835867746682,0.9955,225.20927549784076,136.92442989581025,4.679474854230926,0.0,4.661113456127793,,,,,,,,,,,,0.0,True
quartic,100.0,27,Bayesian ridge,100,100,5,20.0,False,0.0006720828823745251,35.17551147116912,0.0985,14.15716349026212,0.1555,23.29223399146382,962.5428460142673,478.1909752770206,0.0,9.299267860280715,,,,,,,,,,,,,
quartic,100.0,27,POPS hypercube,100,100,5,20.0,False,0.16175712505355477,35.17551147116912,0.8245,182.86539513106902,0.9505,253.38745717503897,194.4426745588325,,,,,,,,,,,,,,,,
quartic,100.0,27,POPS ellipse,100,100,5,20.0,False,0.00864816689863801,35.17551147116912,1.0,108.1806130756039,1.0,139.62951520637216,108.1806130756039,4.534258096889487,0.0,4.540251019948995,,,,,,,,,,,,,
quartic,100.0,27,Ellipse+EB,100,100,5,20.0,False,0.008314750157296658,35.17551147116912,1.0,123.26845464842924,1.0,176.9120042760832,123.26845464842924,4.575882464541217,0.0,4.581829357074115,,,,,,,,,,,,,
quartic,100.0,27,Ellipse+PAC,100,100,5,20.0,False,0.16414437489584088,35.397806703098816,1.0,137.88595029845362,1.0,194.49280396852487,137.88595029845362,4.594933566325087,0.0,4.600732691737183,7.07221944068387,9.680344001221918,3.22265625,4.76947974591247,0.030768077623908423,0.0036447680888235033,2.271971617147492,0.0,4.7658928817360975,1.5e-05,4.6065727436415385,,
quartic,100.0,27,Bayesian stacking,100,100,5,20.0,False,0.05920466734096408,35.25092974770764,0.4375,47.32109770280376,0.5705,67.88547827725483,578.3850952609275,10.449753338494215,0.0,7.1534833700836735,,,,,,,,,,,,,
quartic,100.0,27,PVI,100,100,5,20.0,False,1.848846917040646,60.69254500644931,0.9855,150.2066963559405,0.993,247.12927282459066,150.38882827943985,4.761377692553672,0.0,4.634865938897028,,,,,,,,,,,,0.01,True
quartic,100.0,27,PVI (no KL),100,100,5,20.0,False,0.07305358303710818,59.50068541250752,0.886,162.73321516870172,0.9855,267.73867014390544,165.7098661944817,4.782705679276543,0.0,4.78006126375333,,,,,,,,,,,,0.0,True
quartic,100.0,28,Bayesian ridge,100,100,5,20.0,False,0.0006849593482911587,36.381133881777686,0.0885,12.485834147582194,0.1355,20.542460411941537,1016.3530898558977,801.9197589033146,0.0,9.39215800636691,,,,,,,,,,,,,
quartic,100.0,28,POPS hypercube,100,100,5,20.0,False,0.17594341607764363,36.381133881777686,0.8745,218.09105004242167,1.0,302.4282045136734,224.29772843620034,,,,,,,,,,,,,,,,
quartic,100.0,28,POPS ellipse,100,100,5,20.0,False,0.006729749962687492,36.381133881777686,1.0,119.0724884340029,1.0,153.6877390668584,119.0724884340029,4.559623343507718,0.0,4.565484913863047,,,,,,,,,,,,,
quartic,100.0,28,Ellipse+EB,100,100,5,20.0,False,0.007792375050485134,36.38113388177768,1.0,129.1392849528732,1.0,179.6768095378181,129.1392849528732,4.599318417184577,0.0,4.60510408843627,,,,,,,,,,,,,
quartic,100.0,28,Ellipse+PAC,100,100,5,20.0,False,0.147108166012913,36.754430559506595,1.0,144.68749442060914,1.0,207.9698092050287,144.68749442060914,4.632668485755528,0.0,4.638207454774012,7.071766907629022,9.680344001221918,0.048828125,4.768357708150331,0.03077702640690133,6.634793189484029e-07,2.2726321730717896,0.0,4.764827757692972,0.0,4.643786272841009,,
quartic,100.0,28,Bayesian stacking,100,100,5,20.0,False,0.06533241597935557,36.16429033761528,0.3995,40.518487592448466,0.5065,59.150180277473446,682.2305281293243,12.446226164180432,0.0,7.392720089833039,,,,,,,,,,,,,
quartic,100.0,28,PVI,100,100,5,20.0,False,2.160499250050634,46.115245267114894,0.998,171.35846820695275,0.998,281.92946564758915,171.37208948896443,4.618697633278982,0.0,4.611788562546402,,,,,,,,,,,,0.01,True
quartic,100.0,28,PVI (no KL),100,100,5,20.0,False,0.10822462476789951,39.72700044051874,0.993,136.50724167660064,0.997,224.5900894517264,136.5413565152759,4.756347053985708,0.0,4.574291679959084,,,,,,,,,,,,0.0,True
quartic,100.0,29,Bayesian ridge,100,100,5,20.0,False,0.0007148752920329571,35.498379154445686,0.0875,13.128966383293653,0.1405,21.600581025717627,994.9663985223626,426.92867251576877,0.0,9.361362061093244,,,,,,,,,,,,,
quartic,100.0,29,POPS hypercube,100,100,5,20.0,False,0.20190337486565113,35.498379154445686,0.809,153.76927589684587,0.9835,215.53229456965545,201.0331324820638,,,,,,,,,,,,,,,,
quartic,100.0,29,POPS ellipse,100,100,5,20.0,False,0.0070850420743227005,35.498379154445686,1.0,109.70370752177894,1.0,141.5953844419653,109.70370752177894,4.55140267897663,0.0,4.55736671825743,,,,,,,,,,,,,
quartic,100.0,29,Ellipse+EB,100,100,5,20.0,False,0.008331833872944117,35.498379154445686,1.0,123.46320538107508,1.0,180.39299265408823,123.46320538107508,4.587369751248325,0.0,4.593278176038583,,,,,,,,,,,,,
quartic,100.0,29,Ellipse+PAC,100,100,5,20.0,False,0.1505627087317407,35.42583701489088,1.0,127.58431098276729,1.0,182.98560126825433,127.58431098276729,4.587445015034024,0.0,4.593359294350675,6.891050949873555,9.680344001221918,1.5869140625,4.567329103857917,0.030478960524936975,0.0005248325197738189,2.2932428854907014,0.0,4.5634471523647715,5e-06,4.599314656763763,,
quartic,100.0,29,Bayesian stacking,100,100,5,20.0,False,0.059954999946057796,34.824047988618155,0.377,41.42933083219242,0.58,61.69126785805503,578.3150470918384,10.487028239369684,0.0,6.989583124852528,,,,,,,,,,,,,
quartic,100.0,29,PVI,100,100,5,20.0,False,1.5335686667822301,54.259191127562225,0.9945,165.23622724500726,0.997,271.8567791849481,165.27326990201342,4.655630190659369,0.0,4.6323865358070835,,,,,,,,,,,,0.01,True
quartic,100.0,29,PVI (no KL),100,100,5,20.0,False,0.09609308419749141,53.11986273430587,0.9935,159.79702139126587,0.9975,262.90786399016156,159.83272136889346,4.637409324845652,0.0,4.612414077268633,,,,,,,,,,,,0.0,True
quartic,300.0,0,Bayesian ridge,300,300,5,60.0,False,0.0008268747478723526,35.03916047064851,0.075,8.625035109998604,0.1105,14.190436954751785,1062.6292814830372,338.61426015980544,0.0,9.474051604071528,,,,,,,,,,,,,
quartic,300.0,0,POPS hypercube,300,300,5,60.0,False,0.18669054098427296,35.03916047064851,0.8465,104.25339068638635,0.983,138.25611681402958,116.4856506392554,,,,,,,,,,,,,,,,
quartic,300.0,0,POPS ellipse,300,300,5,60.0,False,0.008320209104567766,35.03916047064852,0.9975,104.9290539685043,1.0,135.43270388425583,104.99757356087973,4.526491159300882,0.0,4.532489173943919,,,,,,,,,,,,,
quartic,300.0,0,Ellipse+EB,300,300,5,60.0,False,0.008132417220622301,35.03916047064851,1.0,117.38632440671678,1.0,168.51719712169128,117.38632440671678,4.555144906193073,0.0,4.561168228551288,,,,,,,,,,,,,
quartic,300.0,0,Ellipse+PAC,300,300,5,60.0,False,0.2557844170369208,35.14751133971338,1.0,108.92809416685603,1.0,153.4481119360924,108.92809416685603,4.556545294831821,0.0,4.562485973235849,6.059786277225784,9.680344001221918,7.03125,4.633869360498954,0.030247363987633315,0.004987740132749883,1.395669552739196,0.0,4.630431768479232,8.333333333333333e-07,4.568470241793313,,
quartic,300.0,0,Bayesian stacking,300,300,5,60.0,False,0.18855716660618782,35.52974955782714,0.346,32.25098538350151,0.426,43.11501925371624,760.2963685658286,25.778234950233337,0.0,7.914212038834756,,,,,,,,,,,,,
quartic,300.0,0,PVI,300,300,5,60.0,False,1.7141290409490466,51.75644947480508,0.9985,145.3379439504106,0.9995,239.11890264315508,145.34644785349212,4.562588824025217,0.0,4.5638206285307845,,,,,,,,,,,,0.0,True
quartic,300.0,0,PVI (no KL),300,300,5,60.0,False,0.06986183393746614,51.75644947480508,0.9985,145.3379439504106,0.9995,239.11890264315508,145.34644785349212,4.562588824025217,0.0,4.5638206285307845,,,,,,,,,,,,0.0,True
quartic,300.0,1,Bayesian ridge,300,300,5,60.0,False,0.0007415842264890671,35.08370270807844,0.094,10.622040690636888,0.1445,17.476033062932686,1027.2194028541344,105.86425009322097,0.0,9.23576849999094,,,,,,,,,,,,,
quartic,300.0,1,POPS hypercube,300,300,5,60.0,False,0.1715092919766903,35.08370270807844,0.866,99.17919137305593,1.0,132.47965887745244,115.2925048165074,,,,,,,,,,,,,,,,
quartic,300.0,1,POPS ellipse,300,300,5,60.0,False,0.0097464588470757,35.08370270807843,1.0,107.90983914468848,1.0,139.2800252965875,107.90983914468848,4.523822038240232,0.0,4.529886956613701,,,,,,,,,,,,,
quartic,300.0,1,Ellipse+EB,300,300,5,60.0,False,0.009046332910656929,35.08370270807843,1.0,117.31016877256727,1.0,168.34034996910597,117.31016877256727,4.553369790188639,0.0,4.559397619889448,,,,,,,,,,,,,
quartic,300.0,1,Ellipse+PAC,300,300,5,60.0,False,0.2464927500113845,35.0717932925392,1.0,113.65131316644754,1.0,163.27883927522285,113.65131316644754,4.544209232297534,0.0,4.550226061289473,6.095909856503387,9.680344001221918,4.98046875,4.670351968745243,0.03034366725419213,0.003380358188404683,1.3952142205039517,0.0,4.666684918820556,3.4166666666666666e-05,4.556286267596707,,
quartic,300.0,1,Bayesian stacking,300,300,5,60.0,False,0.1847157496958971,34.94406094454276,0.382,35.51591552237554,0.4525,47.47865822684683,683.4959597874696,22.50335500089514,0.0,7.635001092522402,,,,,,,,,,,,,
quartic,300.0,1,PVI,300,300,5,60.0,False,1.569800625089556,43.94798043835643,1.0,145.74337284306498,1.0,239.78593913256918,145.74337284306498,4.552909397320385,0.0,4.557736437224746,,,,,,,,,,,,1.0,True
quartic,300.0,1,PVI (no KL),300,300,5,60.0,False,0.07578429207205772,44.06105796852043,0.998,145.67510442806207,0.9995,239.67361974757594,145.68072361308145,4.554046979595672,0.0,4.5588424118491915,,,,,,,,,,,,0.0,True
quartic,300.0,2,Bayesian ridge,300,300,5,60.0,False,0.0008217082358896732,35.1380514761902,0.07,8.360120539477814,0.104,13.754583249412953,1069.8980662623358,520.7276443549423,0.0,9.540495929977038,,,,,,,,,,,,,
quartic,300.0,2,POPS hypercube,300,300,5,60.0,False,0.19325250014662743,35.1380514761902,0.807,110.88843999523158,0.987,153.33573133102158,142.55492945911678,,,,,,,,,,,,,,,,
quartic,300.0,2,POPS ellipse,300,300,5,60.0,False,0.009952666703611612,35.1380514761902,1.0,103.81891493649292,1.0,133.99983924756637,103.81891493649292,4.524119188283321,0.0,4.530147652785996,,,,,,,,,,,,,
quartic,300.0,2,Ellipse+EB,300,300,5,60.0,False,0.010036875028163195,35.138051476190206,1.0,112.0675702705562,1.0,158.93123650061943,112.0675702705562,4.543460895214872,0.0,4.549464267675676,,,,,,,,,,,,,
quartic,300.0,2,Ellipse+PAC,300,300,5,60.0,False,0.24931116728112102,35.0834392821053,1.0,109.53117254602228,1.0,155.58411804591123,109.53117254602228,4.545739518539824,0.0,4.551771347268248,5.952413835426194,9.680344001221918,9.375,4.525785157654419,0.030231510986335572,0.007639658406715228,1.3963971667854391,0.0,4.522912854265119,0.0,4.557846486035442,,
quartic,300.0,2,Bayesian stacking,300,300,5,60.0,False,0.1890020831488073,35.72807917683588,0.3405,29.72334537424858,0.409,40.40554835198454,790.4329685559247,27.399881034063554,0.0,7.786156657332276,,,,,,,,,,,,,
quartic,300.0,2,PVI,300,300,5,60.0,False,1.6534980409778655,60.294407431154056,0.997,149.40974269794384,0.999,245.8180757691086,149.41948103347025,4.540818338073476,0.0,4.545212681265869,,,,,,,,,,,,0.01,True
quartic,300.0,2,PVI (no KL),300,300,5,60.0,False,0.059481041971594095,60.2562138787439,0.997,149.46492854874285,0.999,245.90887091678857,149.47864451462385,4.597853001657941,0.0,4.549045492567775,,,,,,,,,,,,0.0,True
quartic,300.0,3,Bayesian ridge,300,300,5,60.0,False,0.0007105418480932713,35.83299959625045,0.0615,8.248130849079503,0.1015,13.570330939606453,1064.457012556237,657.483579536806,0.0,9.563882262456948,,,,,,,,,,,,,
quartic,300.0,3,POPS hypercube,300,300,5,60.0,False,0.20175191666930914,35.83299959625045,0.7985,118.55007207706768,0.986,162.18435366625553,146.0897254856829,,,,,,,,,,,,,,,,
quartic,300.0,3,POPS ellipse,300,300,5,60.0,False,0.009779708925634623,35.83299959625045,0.984,101.81961219611242,1.0,131.4193244542641,103.7067475703496,4.520968193411823,0.0,4.526853032277859,,,,,,,,,,,,,
quartic,300.0,3,Ellipse+EB,300,300,5,60.0,False,0.009533208329230547,35.83299959625046,1.0,111.50706650070352,1.0,157.6249956615286,111.50706650070352,4.53791073239479,0.0,4.543896589750198,,,,,,,,,,,,,
quartic,300.0,3,Ellipse+PAC,300,300,5,60.0,False,0.2468497920781374,35.828584389369986,0.9915,105.2414654146494,1.0,147.28059583614785,106.33873721493217,4.5467568522222495,0.0,4.552638768705974,5.944986746420544,9.680344001221918,4.7607421875,4.518052725299507,0.030315851726044264,0.0063941816851855885,1.3966181693949933,0.0,4.514736383232368,0.0,4.558567599216092,,
quartic,300.0,3,Bayesian stacking,300,300,5,60.0,False,0.17790341703221202,35.83054669188798,0.3615,34.411862858830354,0.4325,44.89308453884203,729.2608164931556,25.77817103281159,0.0,7.952726559334609,,,,,,,,,,,,,
quartic,300.0,3,PVI,300,300,5,60.0,False,2.1241469169035554,62.217871829057096,1.0,147.985598506197,1.0,243.47498636602523,147.985598506197,4.568186943155961,0.0,4.572660668607916,,,,,,,,,,,,1.0,True
quartic,300.0,3,PVI (no KL),300,300,5,60.0,False,0.07934516714885831,65.31466220665953,0.9995,158.58833630872763,1.0,260.9192611331106,158.58884243863127,4.574932232547442,0.0,4.5792625214436775,,,,,,,,,,,,0.0,True
quartic,300.0,4,Bayesian ridge,300,300,5,60.0,False,0.0007894160225987434,34.98276270872791,0.099,10.217660211781741,0.1485,16.810721488226854,1027.2913883504825,112.77228813850762,0.0,9.224694342475228,,,,,,,,,,,,,
quartic,300.0,4,POPS hypercube,300,300,5,60.0,False,0.18839879101142287,34.98276270872791,0.7855,82.41031175336731,1.0,112.28566970717866,128.5870506548641,,,,,,,,,,,,,,,,
quartic,300.0,4,POPS ellipse,300,300,5,60.0,False,0.007810542359948158,34.98276270872791,1.0,103.09344031321862,1.0,133.06346380041,103.09344031321862,4.5100225632150055,0.0,4.5160626422704615,,,,,,,,,,,,,
quartic,300.0,4,Ellipse+EB,300,300,5,60.0,False,0.008066166192293167,34.982762708727904,1.0,111.26712289066283,1.0,157.27308351260197,111.26712289066283,4.532657969250383,0.0,4.538695617518921,,,,,,,,,,,,,
quartic,300.0,4,Ellipse+PAC,300,300,5,60.0,False,0.2538096671923995,35.21493378133326,0.999,107.3009449247349,1.0,151.36320144571457,107.31547314388024,4.544948808211822,0.0,4.550913657555975,5.991524721535421,9.680344001221918,9.375,4.564588189981134,0.030305157447711898,0.008158267974492114,1.3966313741065757,0.0,4.560755989107342,0.0,4.556923037178234,,
quartic,300.0,4,Bayesian stacking,300,300,5,60.0,False,0.18474525026977062,35.59180879769006,0.371,33.4728480915007,0.439,44.06192793616625,737.7204046246402,26.48973816360876,0.0,7.59894421986789,,,,,,,,,,,,,
quartic,300.0,4,PVI,300,300,5,60.0,False,1.3516592499800026,42.501055216136486,1.0,130.38683528067412,1.0,214.52042132966017,130.38683528067412,4.542170557160564,0.0,4.546893112805393,,,,,,,,,,,,1.0,True
quartic,300.0,4,PVI (no KL),300,300,5,60.0,False,0.04040079191327095,42.88469021789199,0.9955,131.65231998224667,0.9965,216.6024744049051,131.71804865920132,5.993801956818089,0.0,4.5767771514291,,,,,,,,,,,,0.0,True
quartic,300.0,5,Bayesian ridge,300,300,5,60.0,False,0.0007569999434053898,35.29393348951346,0.065,8.212033977927272,0.102,13.510942152451753,1080.1713252357822,526.3571906837255,0.0,9.560328318646825,,,,,,,,,,,,,
quartic,300.0,5,POPS hypercube,300,300,5,60.0,False,0.15257195895537734,35.29393348951346,0.81,110.25064406206299,0.985,148.73581204237453,130.09162221241667,,,,,,,,,,,,,,,,
quartic,300.0,5,POPS ellipse,300,300,5,60.0,False,0.010537582915276289,35.29393348951346,1.0,104.73430668817683,1.0,135.18134213313616,104.73430668817683,4.5308627199712594,0.0,4.53687808473662,,,,,,,,,,,,,
quartic,300.0,5,Ellipse+EB,300,300,5,60.0,False,0.01008670823648572,35.29393348951347,1.0,113.65470718165354,1.0,161.21938347142802,113.65470718165354,4.552668908765752,0.0,4.558655504863218,,,,,,,,,,,,,
quartic,300.0,5,Ellipse+PAC,300,300,5,60.0,False,0.2479076669551432,35.314543249236436,1.0,107.31204465895688,1.0,151.1470623742594,107.31204465895688,4.55619774748752,0.0,4.562159933166749,6.040374415003927,9.680344001221918,4.833984375,4.613813783633637,0.03052185419421211,0.0060652264265323025,1.396038777176079,0.0,4.610698196103147,0.0,4.568164938121128,,
quartic,300.0,5,Bayesian stacking,300,300,5,60.0,False,0.19049933413043618,35.71098585145176,0.3455,30.83090450939568,0.4165,41.796995639719086,778.4757883231567,26.20511553107287,0.0,7.785589829709897,,,,,,,,,,,,,
quartic,300.0,5,PVI,300,300,5,60.0,False,1.988942583091557,43.45861672159357,1.0,134.18161057941046,1.0,220.7638184807909,134.18161057941046,4.559408305023848,0.0,4.564570140203354,,,,,,,,,,,,1.0,True
quartic,300.0,5,PVI (no KL),300,300,5,60.0,False,0.09247829113155603,49.1089692592187,0.998,133.81265517870096,0.9995,220.1567904181672,133.82063413623584,4.5489805789256454,0.0,4.553921787054558,,,,,,,,,,,,0.0,True
quartic,300.0,6,Bayesian ridge,300,300,5,60.0,False,0.0006995839066803455,35.20073833329912,0.065,8.22268776549685,0.1005,13.528470417427762,1073.8031119072689,619.403506681331,0.0,9.565244247887929,,,,,,,,,,,,,
quartic,300.0,6,POPS hypercube,300,300,5,60.0,False,0.16725829197093844,35.20073833329912,0.81,119.78920991617379,0.9835,162.9463276559518,141.2613109515582,,,,,,,,,,,,,,,,
quartic,300.0,6,POPS ellipse,300,300,5,60.0,False,0.007928791921585798,35.20073833329912,1.0,106.02970340941913,1.0,136.85332023572442,106.02970340941913,4.534505576678501,0.0,4.5404999380837285,,,,,,,,,,,,,
quartic,300.0,6,Ellipse+EB,300,300,5,60.0,False,0.008891833014786243,35.20073833329913,1.0,113.95751068195308,1.0,161.47404244241667,113.95751068195308,4.558513087261452,0.0,4.5644922219201955,,,,,,,,,,,,,
quartic,300.0,6,Ellipse+PAC,300,300,5,60.0,False,0.2532944171689451,35.180712822183864,1.0,112.7877893092843,1.0,159.5880874471704,112.7877893092843,4.552787450209634,0.0,4.558815541607024,6.085980969043981,9.680344001221918,2.63671875,4.661120276375553,0.03008414024639833,0.0004135007821640234,1.3947765524220297,0.0,4.658589022570432,0.0,4.564886658342986,,
quartic,300.0,6,Bayesian stacking,300,300,5,60.0,False,0.2001943332143128,35.63699042242171,0.345,31.771064217548904,0.4135,42.77780177760134,772.5087814276683,25.864388061733393,0.0,7.898839421577207,,,,,,,,,,,,,
quartic,300.0,6,PVI,300,300,5,60.0,False,2.2789382082410157,80.43350386809298,1.0,194.99003433734666,1.0,320.8095681675958,194.99003433734666,4.634201415664776,0.0,4.637824706864596,,,,,,,,,,,,10.0,True
quartic,300.0,6,PVI (no KL),300,300,5,60.0,False,0.0633724587969482,81.13837730770422,0.9935,175.93475170404585,0.997,289.4586480363413,176.20705625230505,4.818936013553493,0.0,4.664202646797345,,,,,,,,,,,,0.0,True
quartic,300.0,7,Bayesian ridge,300,300,5,60.0,False,0.0007868749089539051,35.23335955862791,0.067,8.158961802042953,0.1065,13.423624552426578,1064.8287031513632,528.3365202207889,0.0,9.534767943771728,,,,,,,,,,,,,
quartic,300.0,7,POPS hypercube,300,300,5,60.0,False,0.17378716683015227,35.23335955862791,0.803,110.47358162437565,0.983,153.3862513636741,135.0895869332858,,,,,,,,,,,,,,,,
quartic,300.0,7,POPS ellipse,300,300,5,60.0,False,0.009601541794836521,35.23335955862791,1.0,103.22699492315388,1.0,133.23584372051457,103.22699492315388,4.518502738724068,0.0,4.524503215068091,,,,,,,,,,,,,
quartic,300.0,7,Ellipse+EB,300,300,5,60.0,False,0.009174583945423365,35.23335955862792,1.0,111.91446197000988,1.0,157.77303658210215,111.91446197000988,4.5393086939561025,0.0,4.545326902490957,,,,,,,,,,,,,
quartic,300.0,7,Ellipse+PAC,300,300,5,60.0,False,0.250989249907434,35.325772518271485,1.0,106.73578671259874,1.0,149.5659934607204,106.73578671259874,4.5448859525339165,0.0,4.550842609427879,5.999748940928367,9.680344001221918,14.0625,4.572412631796128,0.030244893406429968,0.014126562129317977,1.3970914157258076,0.0,4.569084701356294,0.0,4.556844263205311,,
quartic,300.0,7,Bayesian stacking,300,300,5,60.0,False,0.1894800839945674,35.11794115197678,0.379,35.94301137332245,0.453,46.9776498625335,698.2613884712116,23.907295711323037,0.0,7.8088470342647,,,,,,,,,,,,,
quartic,300.0,7,PVI,300,300,5,60.0,False,1.752482458949089,46.2699116427961,0.999,142.6287660308351,0.9995,234.66159690739352,142.62926695607828,4.541115620878865,0.0,4.546181695853597,,,,,,,,,,,,0.0,True
quartic,300.0,7,PVI (no KL),300,300,5,60.0,False,0.039804957807064056,46.2699116427961,0.999,142.6287660308351,0.9995,234.66159690739352,142.62926695607828,4.541115620878865,0.0,4.546181695853597,,,,,,,,,,,,0.0,True
quartic,300.0,8,Bayesian ridge,300,300,5,60.0,False,0.0007156250067055225,35.6549794603061,0.0575,7.956877809962022,0.0965,13.0911435697272,1095.3329987998657,546.4579289596968,0.0,9.611558185238538,,,,,,,,,,,,,
quartic,300.0,8,POPS hypercube,300,300,5,60.0,False,0.18207091698423028,35.6549794603061,0.806,109.34685126717307,0.979,148.0541973648531,130.31529883805257,,,,,,,,,,,,,,,,
quartic,300.0,8,POPS ellipse,300,300,5,60.0,False,0.010173416696488857,35.6549794603061,1.0,102.52890755938145,1.0,132.334817211198,102.52890755938145,4.536760166355447,0.0,4.54266028810024,,,,,,,,,,,,,
quartic,300.0,8,Ellipse+EB,300,300,5,60.0,False,0.010203625075519085,35.6549794603061,1.0,112.08616997956976,1.0,159.24190588889468,112.08616997956976,4.553430201851769,0.0,4.559345190460194,,,,,,,,,,,,,
quartic,300.0,8,Ellipse+PAC,300,300,5,60.0,False,0.25024908408522606,35.59771942027758,1.0,106.06059025609888,1.0,149.62420811402174,106.06059025609888,4.565514403830444,0.0,4.571354104447657,5.930535348385582,9.680344001221918,5.859375,4.50205450934544,0.030926619863346015,0.024821560875188806,1.3975542191767962,0.0,4.498046132511724,0.0,4.577236983067124,,
quartic,300.0,8,Bayesian stacking,300,300,5,60.0,False,0.18761987518519163,36.12675811224055,0.33,28.743374806486084,0.398,39.26661346515107,808.262588735964,27.994490807179172,0.0,7.812324751719049,,,,,,,,,,,,,
quartic,300.0,8,PVI,300,300,5,60.0,False,2.0892184171825647,39.528238311461116,1.0,136.15120154594229,1.0,224.00431038381137,136.15120154594229,4.522478545095902,0.0,4.5278456734625125,,,,,,,,,,,,1.0,True
quartic,300.0,8,PVI (no KL),300,300,5,60.0,False,0.07335449988022447,41.07689957160198,0.995,135.8602898913872,1.0,223.5256846807599,135.86949280105222,4.51393017282437,0.0,4.519276895171715,,,,,,,,,,,,0.0,True
quartic,300.0,9,Bayesian ridge,300,300,5,60.0,False,0.0006969589740037918,36.02653724510083,0.071,8.57891917813065,0.1035,14.11456419418491,1062.9486932491031,505.4068652780368,0.0,9.531914333292201,,,,,,,,,,,,,
quartic,300.0,9,POPS hypercube,300,300,5,60.0,False,0.18316762475296855,36.02653724510083,0.819,114.31772656230075,0.985,156.6258095334281,136.1848632150737,,,,,,,,,,,,,,,,
quartic,300.0,9,POPS ellipse,300,300,5,60.0,False,0.011360999662429094,36.02653724510084,0.9935,102.38378573689953,1.0,132.14750740454298,102.79631801765677,4.521554978986701,0.0,4.527499079768113,,,,,,,,,,,,,
quartic,300.0,9,Ellipse+EB,300,300,5,60.0,False,0.010672334115952253,36.02653724510083,1.0,110.03921680908164,1.0,155.33258805960256,110.03921680908164,4.536795069086367,0.0,4.542755413982542,,,,,,,,,,,,,
quartic,300.0,9,Ellipse+PAC,300,300,5,60.0,False,0.26157508324831724,35.93550870896976,0.9945,106.97214794907283,1.0,152.16877028368884,107.29173685181063,4.551035614244858,0.0,4.556847656025958,6.009745965832169,9.680344001221918,4.6875,4.576665368736615,0.03083381232241489,0.07702684593655736,1.4022467847731392,0.0,4.567312504451335,0.0019608333333333335,4.56270783177713,,
quartic,300.0,9,Bayesian stacking,300,300,5,60.0,False,0.18658254202455282,34.90193147691023,0.3965,38.94327205200262,0.4625,50.23908965668306,652.3335729130695,21.537440268238562,0.0,7.74997809264699,,,,,,,,,,,,,
quartic,300.0,9,PVI,300,300,5,60.0,False,2.112453833222389,67.27646421871746,0.9965,137.5192704471755,0.999,226.25514127842442,137.53371206711947,4.548221455404918,0.0,4.552273056852701,,,,,,,,,,,,0.01,True
quartic,300.0,9,PVI (no KL),300,300,5,60.0,False,0.0586780421435833,67.30124505272632,0.9965,137.44286129933056,0.999,226.12942826028222,137.45805752379013,4.548732791289747,0.0,4.552779062741645,,,,,,,,,,,,0.0,True
quartic,300.0,10,Bayesian ridge,300,300,5,60.0,False,0.0008458327502012253,35.19650510768191,0.0685,8.542437865516916,0.111,14.054542900350217,1057.3755140621688,434.51284479161075,0.0,9.494953091815354,,,,,,,,,,,,,
quartic,300.0,10,POPS hypercube,300,300,5,60.0,False,0.16569379204884171,35.19650510768191,0.816,106.98837065979731,0.979,145.16678982731688,133.16472608173592,,,,,,,,,,,,,,,,
quartic,300.0,10,POPS ellipse,300,300,5,60.0,False,0.009789709001779556,35.19650510768191,0.997,102.97825155704344,1.0,132.91478882321488,103.16011205388328,4.519690228022981,0.0,4.525714926948579,,,,,,,,,,,,,
quartic,300.0,10,Ellipse+EB,300,300,5,60.0,False,0.009940541815012693,35.19650510768191,1.0,111.45312951984769,1.0,159.27774654250254,111.45312951984769,4.541154586666587,0.0,4.547170843609114,,,,,,,,,,,,,
quartic,300.0,10,Ellipse+PAC,300,300,5,60.0,False,0.25477400003001094,35.25002778292077,0.9995,104.99591190900006,1.0,146.82225166994223,105.02106653431302,4.545082087675537,0.0,4.55105072714491,5.988521248720347,9.680344001221918,1.46484375,4.562363902179984,0.030473174402268186,0.0002552162174831157,1.3956841721380941,0.0,4.558938756035204,3.3333333333333333e-06,4.557063701790123,,
quartic,300.0,10,Bayesian stacking,300,300,5,60.0,False,0.18238170817494392,35.31949502933676,0.3585,32.49624677062515,0.432,43.30903864382336,741.8250856588842,26.035972866330706,0.0,7.713518758878914,,,,,,,,,,,,,
quartic,300.0,10,PVI,300,300,5,60.0,False,1.570858791936189,60.64411891199657,0.999,155.57561732291924,0.9995,255.96255101132368,155.5846545394542,4.6355390274104336,0.0,4.554173658844238,,,,,,,,,,,,0.0,True
quartic,300.0,10,PVI (no KL),300,300,5,60.0,False,0.08194654202088714,60.64411891199657,0.999,155.57561732291924,0.9995,255.96255101132368,155.5846545394542,4.6355390274104336,0.0,4.554173658844238,,,,,,,,,,,,0.0,True
quartic,300.0,11,Bayesian ridge,300,300,5,60.0,False,0.0007099159993231297,35.36240283430806,0.0655,7.920352598412428,0.0995,13.031050050669794,1069.791163559628,644.175706213698,0.0,9.567794471079772,,,,,,,,,,,,,
quartic,300.0,11,POPS hypercube,300,300,5,60.0,False,0.1594548332504928,35.36240283430806,0.8065,114.31109866873541,0.9855,155.5572297799524,132.7700338545858,,,,,,,,,,,,,,,,
quartic,300.0,11,POPS ellipse,300,300,5,60.0,False,0.007814417127519846,35.362402834308064,0.989,100.96001997096991,1.0,130.30984242916287,101.70149760999925,4.524010512609342,0.0,4.529956148049881,,,,,,,,,,,,,
quartic,300.0,11,Ellipse+EB,300,300,5,60.0,False,0.007710457779467106,35.362402834308064,1.0,108.96288993052443,1.0,153.90876441856898,108.96288993052443,4.539872177193103,0.0,4.545878943445257,,,,,,,,,,,,,
quartic,300.0,11,Ellipse+PAC,300,300,5,60.0,False,0.25411966582760215,35.346984845530244,0.994,104.1049735938463,1.0,147.53501591070858,104.42027160199711,4.550299798251534,0.0,4.556187729299265,5.982339526051573,9.680344001221918,5.859375,4.555872103780164,0.03021793077895344,0.0035000241569439977,1.3962494914924557,0.0,4.552406668293493,1.6666666666666667e-06,4.562121503368946,,
quartic,300.0,11,Bayesian stacking,300,300,5,60.0,False,0.1816881252452731,35.35754146242587,0.3635,34.56684755670209,0.443,45.322291071641864,723.5953678196919,25.004703512909884,0.0,7.90624068865314,,,,,,,,,,,,,
quartic,300.0,11,PVI,300,300,5,60.0,False,1.9319408750161529,55.26648132623342,1.0,145.4502408373541,1.0,239.3036603715659,145.4502408373541,4.609999054361108,0.0,4.6149428776001225,,,,,,,,,,,,10.0,True
quartic,300.0,11,PVI (no KL),300,300,5,60.0,False,0.04904337506741285,63.31928503612731,0.997,152.46940745680996,0.997,250.852023957103,152.5037479568263,4.7295006561146185,0.0,4.656017817429809,,,,,,,,,,,,0.0,True
quartic,300.0,12,Bayesian ridge,300,300,5,60.0,False,0.0007165409624576569,34.91833501251179,0.0955,10.759191337850769,0.148,17.7016817226507,1022.3592648444544,106.01353407687702,0.0,9.220354024146017,,,,,,,,,,,,,
quartic,300.0,12,POPS hypercube,300,300,5,60.0,False,0.19622754212468863,34.91833501251179,0.9565,100.04878938754581,0.9905,135.15060157011766,102.74528473486176,,,,,,,,,,,,,,,,
quartic,300.0,12,POPS ellipse,300,300,5,60.0,False,0.008630041964352131,34.91833501251179,1.0,106.89428344878033,1.0,137.96924006942646,106.89428344878033,4.5192995504901585,0.0,4.525354232089369,,,,,,,,,,,,,
quartic,300.0,12,Ellipse+EB,300,300,5,60.0,False,0.0079451659694314,34.91833501251179,1.0,116.77000914096536,1.0,165.69197707446224,116.77000914096536,4.543689495716773,0.0,4.54973374994466,,,,,,,,,,,,,
quartic,300.0,12,Ellipse+PAC,300,300,5,60.0,False,0.24729216611012816,35.106960864779886,1.0,109.03745451836085,1.0,153.99327601227048,109.03745451836085,4.548801017291996,0.0,4.554820992988598,6.012863923008775,9.680344001221918,2.4169921875,4.586945166710452,0.03030185754674128,0.0007732958858516028,1.3956168987515816,0.0,4.583657764145523,0.0,4.560884240035756,,
quartic,300.0,12,Bayesian stacking,300,300,5,60.0,False,0.18941966630518436,35.00178123281268,0.371,34.31128544484785,0.441,45.805174726409504,708.1044344854624,23.586816801277045,0.0,7.644927785811867,,,,,,,,,,,,,
quartic,300.0,12,PVI,300,300,5,60.0,False,1.8048232081346214,53.3939409240702,0.998,149.8280197229183,0.9985,246.50625079411694,149.84136537904328,4.584276131796499,0.0,4.565815770658157,,,,,,,,,,,,0.01,True
quartic,300.0,12,PVI (no KL),300,300,5,60.0,False,0.05871870834380388,54.860117893288525,0.9975,151.05530861240493,0.9995,248.52546177580177,151.06601503955048,4.574671241868295,0.0,4.56988131935602,,,,,,,,,,,,0.0,True
quartic,300.0,13,Bayesian ridge,300,300,5,60.0,False,0.0008235829882323742,35.29693473368232,0.0675,8.347187494883565,0.107,13.733305010935416,1061.838605359121,571.7389935904857,0.0,9.535943523958593,,,,,,,,,,,,,
quartic,300.0,13,POPS hypercube,300,300,5,60.0,False,0.1988990418612957,35.29693473368232,0.8365,124.03074522349789,0.9825,168.9166308180733,140.02554693342762,,,,,,,,,,,,,,,,
quartic,300.0,13,POPS ellipse,300,300,5,60.0,False,0.009886959102004766,35.29693473368232,0.988,102.13133015932613,1.0,131.82166112852784,105.5724425276631,4.522800936357526,0.0,4.528724942480128,,,,,,,,,,,,,
quartic,300.0,13,Ellipse+EB,300,300,5,60.0,False,0.008877374697476625,35.29693473368232,1.0,110.78827072983772,1.0,157.21590242976416,110.78827072983772,4.53989328089413,0.0,4.545910910680282,,,,,,,,,,,,,
quartic,300.0,13,Ellipse+PAC,300,300,5,60.0,False,0.2690979167819023,35.39285212972427,1.0,110.39647796426061,1.0,154.83960458386764,110.39647796426061,4.544942580341273,0.0,4.550974903241917,6.126923844893594,9.680344001221918,1.7578125,4.7020845143658985,0.03026611599496055,0.0002947033388837246,1.3945732145327354,0.0,4.699144213300326,0.0,4.557050945923204,,
quartic,300.0,13,Bayesian stacking,300,300,5,60.0,False,0.1748102498240769,35.48285192333704,0.3675,36.87921507765507,0.4425,48.32781603759628,700.0450900806743,23.43958762629874,0.0,8.131200389736579,,,,,,,,,,,,,
quartic,300.0,13,PVI,300,300,5,60.0,False,2.3559267497621477,94.22034180889455,1.0,190.44772703146575,1.0,313.3362854932459,190.44772703146575,4.622340832933165,0.0,4.625219783001976,,,,,,,,,,,,10.0,True
quartic,300.0,13,PVI (no KL),300,300,5,60.0,False,0.0743789579719305,63.60960361184816,0.999,143.33449669189446,0.999,235.82270829129834,143.33909634917964,4.606055900465738,0.0,4.610417212068112,,,,,,,,,,,,0.0,True
quartic,300.0,14,Bayesian ridge,300,300,5,60.0,False,0.0008641667664051056,36.143382460568624,0.0585,7.759701094743092,0.094,12.76673634000872,1096.8547102006014,921.7962360425166,0.0,9.622187205919955,,,,,,,,,,,,,
quartic,300.0,14,POPS hypercube,300,300,5,60.0,False,0.1790211657062173,36.143382460568624,0.796,132.15986557178485,0.9815,181.52673959185,190.7701591303309,,,,,,,,,,,,,,,,
quartic,300.0,14,POPS ellipse,300,300,5,60.0,False,0.006927959155291319,36.14338246056862,1.0,105.6210207635276,1.0,136.32583053034435,105.6210207635276,4.532039600117269,0.0,4.537987771514762,,,,,,,,,,,,,
quartic,300.0,14,Ellipse+EB,300,300,5,60.0,False,0.006928166840225458,36.143382460568624,1.0,117.05409259566491,1.0,164.96139912433037,117.05409259566491,4.553295084429857,0.0,4.559262671029306,,,,,,,,,,,,,
quartic,300.0,14,Ellipse+PAC,300,300,5,60.0,False,0.2457594582810998,36.34940081310744,1.0,124.2955334214882,1.0,179.65595179072594,124.2955334214882,4.571275030485365,0.0,4.577161722992964,5.945125857870649,9.680344001221918,14.0625,4.516349462196557,0.03035247978127832,0.028862678372620975,1.3984239158928133,0.0,4.513414958737956,0.0,4.583090953589748,,
quartic,300.0,14,Bayesian stacking,300,300,5,60.0,False,0.17794862482696772,36.61537667407437,0.343,29.46513187267866,0.4085,39.95841339697589,811.5120283295996,27.03572775102221,0.0,7.911818880217563,,,,,,,,,,,,,
quartic,300.0,14,PVI,300,300,5,60.0,False,1.6935242912732065,41.812898256684214,0.9955,142.58743553853884,1.0,234.59359744562215,142.5923268935341,4.551123748558501,0.0,4.556342268773153,,,,,,,,,,,,1.0,True
quartic,300.0,14,PVI (no KL),300,300,5,60.0,False,0.08336808299645782,42.8580407125885,0.9945,143.7501890092083,0.999,236.50663079667785,143.7877097028295,4.582566772286932,0.0,4.567604800747038,,,,,,,,,,,,0.0,True
quartic,300.0,15,Bayesian ridge,300,300,5,60.0,False,0.0007688747718930244,35.22351292233465,0.0695,8.296660990708551,0.104,13.650175706196894,1064.388301616643,463.2794507989178,0.0,9.525437800053316,,,,,,,,,,,,,
quartic,300.0,15,POPS hypercube,300,300,5,60.0,False,0.17249737493693829,35.22351292233465,0.8105,108.75828766477466,0.9865,147.08512248681387,130.70231313901172,,,,,,,,,,,,,,,,
quartic,300.0,15,POPS ellipse,300,300,5,60.0,False,0.009680000133812428,35.22351292233465,0.999,104.97040916002427,1.0,135.48608133497487,104.98877523601497,4.521627009746027,0.0,4.527629015325626,,,,,,,,,,,,,
quartic,300.0,15,Ellipse+EB,300,300,5,60.0,False,0.009767957963049412,35.22351292233465,1.0,115.86174432559027,1.0,165.4478770182879,115.86174432559027,4.5456290488233595,0.0,4.5516614103964645,,,,,,,,,,,,,
quartic,300.0,15,Ellipse+PAC,300,300,5,60.0,False,0.25578679190948606,35.2544345338038,1.0,109.36237501334963,1.0,152.12580011151567,109.36237501334963,4.543686684946021,0.0,4.549691634896713,6.031657515428915,9.680344001221918,9.4482421875,4.60510265726398,0.030297192388059675,0.008477968079864753,1.3962576657768757,0.0,4.601624658224769,1.1666666666666668e-05,4.555740766340329,,
quartic,300.0,15,Bayesian stacking,300,300,5,60.0,False,0.17468033311888576,35.253425041531756,0.3665,34.57721815349929,0.438,45.86962015028184,716.9911837259756,23.789498017471175,0.0,7.8459230614066415,,,,,,,,,,,,,
quartic,300.0,15,PVI,300,300,5,60.0,False,1.358244374860078,41.95359232447849,1.0,138.8327218556294,1.0,228.41611212284306,138.8327218556294,4.51799232829496,0.0,4.523199808979459,,,,,,,,,,,,1.0,True
quartic,300.0,15,PVI (no KL),300,300,5,60.0,False,0.04601016687229276,40.72730507951528,0.9875,138.52813447115224,0.9905,227.91498626984512,138.75615573251685,5.377556865647557,0.0,4.594526594132094,,,,,,,,,,,,0.0,True
quartic,300.0,16,Bayesian ridge,300,300,5,60.0,False,0.0009967503137886524,35.18004887568627,0.072,8.73325434491233,0.1145,14.368485879857548,1053.525542300905,383.65598693931685,0.0,9.471717660812892,,,,,,,,,,,,,
quartic,300.0,16,POPS hypercube,300,300,5,60.0,False,0.17225258331745863,35.18004887568627,0.8445,109.52355855882385,0.988,146.26403079254885,138.9808601515303,,,,,,,,,,,,,,,,
quartic,300.0,16,POPS ellipse,300,300,5,60.0,False,0.00812516687437892,35.18004887568627,0.9885,102.39141144240132,1.0,132.15734995887914,105.73104532014786,4.526007965988484,0.0,4.531944378967158,,,,,,,,,,,,,
quartic,300.0,16,Ellipse+EB,300,300,5,60.0,False,0.007569542154669762,35.18004887568627,1.0,110.66083046503596,1.0,157.4079127567538,110.66083046503596,4.545726088485762,0.0,4.551730017767451,,,,,,,,,,,,,
quartic,300.0,16,Ellipse+PAC,300,300,5,60.0,False,0.25960570806637406,35.34585155324048,1.0,108.44361628819586,1.0,151.98200040724566,108.44361628819586,4.542339429265133,0.0,4.548360992022777,6.074488989965788,9.680344001221918,14.0625,4.6480653216279535,0.03023017457705518,0.013731402453913395,1.39619349376078,0.0,4.644850034073846,0.0,4.554426800804214,,
quartic,300.0,16,Bayesian stacking,300,300,5,60.0,False,0.18286662502214313,34.88270781510973,0.393,37.51059172903796,0.4655,48.888355277373186,670.194087657963,22.187971145141457,0.0,7.678080412986822,,,,,,,,,,,,,
quartic,300.0,16,PVI,300,300,5,60.0,False,1.7456897087395191,61.81989295316994,0.998,143.64049548274434,1.0,236.326156276658,143.6463787281942,4.545243668208619,0.0,4.549673738413694,,,,,,,,,,,,0.1,True
quartic,300.0,16,PVI (no KL),300,300,5,60.0,False,0.06119645806029439,61.792420669147425,0.998,143.71863753286755,0.999,236.4547203719512,143.72883348490595,4.548903851132769,0.0,4.553327584179491,,,,,,,,,,,,0.0,True
quartic,300.0,17,Bayesian ridge,300,300,5,60.0,False,0.0008144997991621494,35.14781253354748,0.071,8.313350633682607,0.1075,13.67763453081618,1066.965891900139,474.2611866041727,0.0,9.525072425111901,,,,,,,,,,,,,
quartic,300.0,17,POPS hypercube,300,300,5,60.0,False,0.17350179189816117,35.14781253354748,0.825,110.4204117999897,0.9925,148.64408095563408,135.91881341210276,,,,,,,,,,,,,,,,
quartic,300.0,17,POPS ellipse,300,300,5,60.0,False,0.009857249911874533,35.14781253354747,1.0,102.35219345584977,1.0,132.10673101437627,102.35219345584977,4.523866613827433,0.0,4.529886840854669,,,,,,,,,,,,,
quartic,300.0,17,Ellipse+EB,300,300,5,60.0,False,0.009746499825268984,35.14781253354748,1.0,111.1360421085963,1.0,158.61039629534721,111.1360421085963,4.542800527885001,0.0,4.548816153770062,,,,,,,,,,,,,
quartic,300.0,17,Ellipse+PAC,300,300,5,60.0,False,0.2549029169604182,35.213427682942026,1.0,105.4381556885145,1.0,148.65594636733206,105.4381556885145,4.549891660193611,0.0,4.555860438696436,5.997243027416908,9.680344001221918,4.833984375,4.570091800354205,0.030514393055051034,0.00955832177655716,1.3966368340076518,0.0,4.565414322705868,5e-06,4.56187270274173,,
quartic,300.0,17,Bayesian stacking,300,300,5,60.0,False,0.18857887480407953,35.3289452709118,0.3525,33.38933138152219,0.431,44.19683950350853,751.6188281952681,26.591585323094044,0.0,8.044236725742955,,,,,,,,,,,,,
quartic,300.0,17,PVI,300,300,5,60.0,False,2.1731217089109123,39.97935688315929,0.987,137.69565356518012,1.0,226.54533760620808,137.768224324761,4.5401800425848355,0.0,4.545519079816353,,,,,,,,,,,,1.0,True
quartic,300.0,17,PVI (no KL),300,300,5,60.0,False,0.07187929097563028,42.80540383924205,0.98,140.41216941747777,0.987,231.0147161591053,140.7670604505837,32.59290445112807,0.0,4.65832713815556,,,,,,,,,,,,0.0,True
quartic,300.0,18,Bayesian ridge,300,300,5,60.0,False,0.0007614577189087868,35.66351753329035,0.065,8.382290219976444,0.1005,13.791058167997125,1088.058905517543,407.5229782621269,0.0,9.561833184737639,,,,,,,,,,,,,
quartic,300.0,18,POPS hypercube,300,300,5,60.0,False,0.1723606246523559,35.66351753329035,0.886,113.65740987480055,0.982,150.06775106244248,119.94229152331148,,,,,,,,,,,,,,,,
quartic,300.0,18,POPS ellipse,300,300,5,60.0,False,0.009595958981662989,35.66351753329036,0.9985,104.28237026963222,1.0,134.5980244643651,104.46601333029463,4.540475056147747,0.0,4.5464242571458815,,,,,,,,,,,,,
quartic,300.0,18,Ellipse+EB,300,300,5,60.0,False,0.009795874822884798,35.66351753329036,1.0,115.10112978859541,1.0,162.6818138688436,115.10112978859541,4.558086270432917,0.0,4.5640402088192324,,,,,,,,,,,,,
quartic,300.0,18,Ellipse+PAC,300,300,5,60.0,False,0.24377883411943913,35.64393149829158,1.0,107.70076099057682,1.0,151.18513860958262,107.70076099057682,4.566923239641191,0.0,4.572842469036093,5.9660913741152894,9.680344001221918,7.03125,4.539540048053372,0.030342710822855973,0.003466308942794435,1.396208615239062,0.0,4.535449155297238,2.5e-06,4.578804124391221,,
quartic,300.0,18,Bayesian stacking,300,300,5,60.0,False,0.18785399990156293,36.05293147773584,0.3475,32.05849587128815,0.4175,43.016469714208604,769.9125180896144,26.34671703580507,0.0,7.765355262256778,,,,,,,,,,,,,
quartic,300.0,18,PVI,300,300,5,60.0,False,1.9161200830712914,50.72475366044238,1.0,155.42475006955632,1.0,255.71433494958254,155.42475006955632,4.6070229540505805,0.0,4.612225812788361,,,,,,,,,,,,10.0,True
quartic,300.0,18,PVI (no KL),300,300,5,60.0,False,0.040367667097598314,39.15332776571355,0.9995,139.99386081724356,1.0,230.32648918454225,139.99407503464502,4.554682676831198,0.0,4.560031266157075,,,,,,,,,,,,0.0,True
quartic,300.0,19,Bayesian ridge,300,300,5,60.0,False,0.0009777923114597797,35.46196878052919,0.068,8.802766149916938,0.115,14.482850966370108,1062.5013751766044,338.2009572278681,0.0,9.46797633468924,,,,,,,,,,,,,
quartic,300.0,19,POPS hypercube,300,300,5,60.0,False,0.1815224583260715,35.46196878052919,0.809,100.11145932684815,0.9765,136.27503083959522,118.09385522078786,,,,,,,,,,,,,,,,
quartic,300.0,19,POPS ellipse,300,300,5,60.0,False,0.010489957872778177,35.46196878052919,1.0,102.96167706000207,1.0,132.8933959976348,102.96167706000207,4.520297763589151,0.0,4.526314106167918,,,,,,,,,,,,,
quartic,300.0,19,Ellipse+EB,300,300,5,60.0,False,0.010805416852235794,35.46196878052918,1.0,113.97664019440096,1.0,161.45485488189064,113.97664019440096,4.544136519564155,0.0,4.550151451721194,,,,,,,,,,,,,
quartic,300.0,19,Ellipse+PAC,300,300,5,60.0,False,0.2548887091688812,35.63945883907135,1.0,107.4709362716971,1.0,150.00072663287875,107.4709362716971,4.551095488024472,0.0,4.557074746755011,6.034062848735435,9.680344001221918,4.98046875,4.607748655112214,0.030290299636027425,0.004987401728681324,1.3960238939871936,0.0,4.604661063347153,0.0,4.563097601642211,,
quartic,300.0,19,Bayesian stacking,300,300,5,60.0,False,0.18855312513187528,36.10102450298103,0.3635,32.505186047649616,0.4265,43.25989854675264,770.1824684917694,26.992517910301217,0.0,7.9447103817942315,,,,,,,,,,,,,
quartic,300.0,19,PVI,300,300,5,60.0,False,1.7027378748171031,44.147368634929926,1.0,128.29409609398834,1.0,211.07731841904393,128.29409609398834,4.542746944662567,0.0,4.5479338008342785,,,,,,,,,,,,1.0,True
quartic,300.0,19,PVI (no KL),300,300,5,60.0,False,0.08063300000503659,44.2353858070882,0.993,128.84632193960755,0.997,211.98587426224967,128.92615095638902,4.6955773896903645,0.0,4.577053040837458,,,,,,,,,,,,0.0,True
quartic,300.0,20,Bayesian ridge,300,300,5,60.0,False,0.0006534578278660774,35.18002905589641,0.066,8.240450940535345,0.1,13.557695482866366,1070.2640783649456,643.4900679590166,0.0,9.563875161234499,,,,,,,,,,,,,
quartic,300.0,20,POPS hypercube,300,300,5,60.0,False,0.1601594160310924,35.18002905589641,0.8125,124.51376026482338,0.994,171.76475263443027,148.83066160620288,,,,,,,,,,,,,,,,
quartic,300.0,20,POPS ellipse,300,300,5,60.0,False,0.008673332631587982,35.18002905589641,1.0,104.30644466996323,1.0,134.62909747043824,104.30644466996323,4.533462646905699,0.0,4.539424825150825,,,,,,,,,,,,,
quartic,300.0,20,Ellipse+EB,300,300,5,60.0,False,0.008076291996985674,35.18002905589641,1.0,113.07936387055528,1.0,160.27599245506642,113.07936387055528,4.550380289480392,0.0,4.556374883581261,,,,,,,,,,,,,
quartic,300.0,20,Ellipse+PAC,300,300,5,60.0,False,0.24254050012677908,35.18700079926424,1.0,110.59693427537958,1.0,156.37899675332352,110.59693427537958,4.552905315022133,0.0,4.558920575941119,5.965082302333136,9.680344001221918,7.03125,4.537774758311196,0.030525860775512975,0.009341428882799659,1.3967816832464268,0.0,4.534648204843942,0.0,4.564978772864761,,
quartic,300.0,20,Bayesian stacking,300,300,5,60.0,False,0.1869705831632018,35.37340347910458,0.359,33.28687764249566,0.4305,44.336405460524645,743.4188105702524,25.17217791207579,0.0,7.800784947579444,,,,,,,,,,,,,
quartic,300.0,20,PVI,300,300,5,60.0,False,2.54126204084605,53.7083208209595,0.992,173.5775350914955,0.996,285.58041063759583,173.6342682625184,4.730435351018119,0.0,4.6442652376653735,,,,,,,,,,,,0.01,True
quartic,300.0,20,PVI (no KL),300,300,5,60.0,False,0.09419254213571548,51.43039361871591,0.9975,180.0916869799861,0.9985,296.29789300240884,180.11128247252694,4.632336275385123,0.0,4.632903693464287,,,,,,,,,,,,0.0,True
quartic,300.0,21,Bayesian ridge,300,300,5,60.0,False,0.0006807921454310417,35.50163483045508,0.07,8.445269554197784,0.108,13.894675632775225,1061.3657247232384,556.6463837792722,0.0,9.535682035187342,,,,,,,,,,,,,
quartic,300.0,21,POPS hypercube,300,300,5,60.0,False,0.18550854222849011,35.50163483045508,0.8125,119.46908862836412,0.9935,163.8074495732139,137.1901302178764,,,,,,,,,,,,,,,,
quartic,300.0,21,POPS ellipse,300,300,5,60.0,False,0.01045154221355915,35.50163483045509,0.9985,103.98667124340578,1.0,134.21636355022198,104.07420455235592,4.52406569808769,0.0,4.530061742753633,,,,,,,,,,,,,
quartic,300.0,21,Ellipse+EB,300,300,5,60.0,False,0.009645167272537947,35.50163483045508,1.0,111.38983860243424,1.0,156.68953755330142,111.38983860243424,4.543059996536948,0.0,4.549065479540548,,,,,,,,,,,,,
quartic,300.0,21,Ellipse+PAC,300,300,5,60.0,False,0.2400579173117876,35.503228783402854,1.0,110.14228563963415,1.0,155.55917922478466,110.14228563963415,4.541077675949223,0.0,4.54711824396336,6.045812254207474,9.680344001221918,7.03125,4.6194472552258965,0.03032496867348195,0.00718737098954768,1.3960400303080958,0.0,4.616005991555978,0.0,4.553203014007824,,
quartic,300.0,21,Bayesian stacking,300,300,5,60.0,False,0.18423754069954157,35.13159140098745,0.3705,36.48858500963419,0.4425,47.79225398118039,700.4412050397005,23.59397226979701,0.0,7.947537320740543,,,,,,,,,,,,,
quartic,300.0,21,PVI,300,300,5,60.0,False,1.7282397500239313,89.63508295276638,0.9975,174.7686740362854,0.9985,287.54014551227436,174.79041317093356,4.6765848821285765,0.0,4.6243752272117735,,,,,,,,,,,,0.0,True
quartic,300.0,21,PVI (no KL),300,300,5,60.0,False,0.059152958914637566,89.63508295276638,0.9975,174.7686740362854,0.9985,287.54014551227436,174.79041317093356,4.6765848821285765,0.0,4.6243752272117735,,,,,,,,,,,,0.0,True
quartic,300.0,22,Bayesian ridge,300,300,5,60.0,False,0.0007464578375220299,35.12707475177874,0.093,10.204434482516008,0.14,16.788961706970028,1042.2962077627344,128.21343494944392,0.0,9.263114082244837,,,,,,,,,,,,,
quartic,300.0,22,POPS hypercube,300,300,5,60.0,False,0.1862780419178307,35.12707475177874,0.823,92.33433386952447,1.0,123.94271478644657,123.50198510248036,,,,,,,,,,,,,,,,
quartic,300.0,22,POPS ellipse,300,300,5,60.0,False,0.007185999769717455,35.12707475177874,1.0,105.48622429992089,1.0,136.15184774054646,105.48622429992089,4.5276432052627875,0.0,4.533668780797359,,,,,,,,,,,,,
quartic,300.0,22,Ellipse+EB,300,300,5,60.0,False,0.007439582608640194,35.12707475177874,1.0,113.8780403473679,1.0,160.12319068808955,113.8780403473679,4.549705432029321,0.0,4.555697615631393,,,,,,,,,,,,,
quartic,300.0,22,Ellipse+PAC,300,300,5,60.0,False,0.2525737080723047,35.38041388965276,1.0,108.79415304927113,1.0,153.7578203542134,108.79415304927113,4.558646348854651,0.0,4.564592302318371,5.974710659505147,9.680344001221918,9.9609375,4.5467869552449525,0.030360081475007815,0.01859903629064432,1.3975636227851873,0.0,4.542814670239379,5e-06,4.570581000519732,,
quartic,300.0,22,Bayesian stacking,300,300,5,60.0,False,0.18248512502759695,35.55738911332676,0.3635,31.819014348408274,0.4265,42.84170495096623,753.6853771871021,25.89123742005414,0.0,7.637278240790347,,,,,,,,,,,,,
quartic,300.0,22,PVI,300,300,5,60.0,False,1.6470826249569654,46.33497712451821,0.9955,145.8263316264052,0.999,239.9224280128832,145.84338446824486,4.5464013734116655,0.0,4.5512298836532254,,,,,,,,,,,,0.1,True
quartic,300.0,22,PVI (no KL),300,300,5,60.0,False,0.04078508401289582,46.378273369165896,0.994,146.2157308622192,0.996,240.56309152735875,146.3041783962886,4.70937682466727,0.0,4.576811259346758,,,,,,,,,,,,0.0,True
quartic,300.0,23,Bayesian ridge,300,300,5,60.0,False,0.0006802082061767578,34.96869782149817,0.104,10.831306610717006,0.154,17.820330194225818,1017.6881213017048,105.22365106493788,0.0,9.194648228097018,,,,,,,,,,,,,
quartic,300.0,23,POPS hypercube,300,300,5,60.0,False,0.15975287510082126,34.96869782149817,0.7775,85.07300086751894,1.0,116.76944067861015,106.30920155772131,,,,,,,,,,,,,,,,
quartic,300.0,23,POPS ellipse,300,300,5,60.0,False,0.011098083108663559,34.96869782149817,1.0,108.82296724663675,1.0,140.45860647274745,108.82296724663675,4.514175479692921,0.0,4.52020308800845,,,,,,,,,,,,,
quartic,300.0,23,Ellipse+EB,300,300,5,60.0,False,0.011014833115041256,34.96869782149817,1.0,117.55798147310911,1.0,164.10610202531103,117.55798147310911,4.53274708510832,0.0,4.538803274422676,,,,,,,,,,,,,
quartic,300.0,23,Ellipse+PAC,300,300,5,60.0,False,0.243348291143775,35.16974752574248,1.0,109.30561692866706,1.0,152.99198033112484,109.30561692866706,4.543605838582694,0.0,4.549637803812649,6.007193030486853,9.680344001221918,9.375,4.580503831266457,0.030320605962464914,0.007174629839023954,1.3963685932579315,0.0,4.577289563218484,3.3333333333333333e-06,4.555713354238309,,
quartic,300.0,23,Bayesian stacking,300,300,5,60.0,False,0.1892201672308147,35.692548517910595,0.3575,32.212532734802,0.4345,43.40436156902529,753.915260900883,25.773564927457404,0.0,7.726302472158903,,,,,,,,,,,,,
quartic,300.0,23,PVI,300,300,5,60.0,False,1.4301698748022318,49.27941324494118,0.99,148.36412170943296,0.994,244.09775596440102,148.4846162814363,7.60138287189432,0.0,4.632933345437154,,,,,,,,,,,,0.0,True
quartic,300.0,23,PVI (no KL),300,300,5,60.0,False,0.04030316602438688,49.27941324494118,0.99,148.36412170943296,0.994,244.09775596440102,148.4846162814363,7.60138287189432,0.0,4.632933345437154,,,,,,,,,,,,0.0,True
quartic,300.0,24,Bayesian ridge,300,300,5,60.0,False,0.000765250064432621,35.33895692710362,0.102,11.212808873084546,0.1525,18.448001123465968,1031.9738153523865,81.15581279141121,0.0,9.181588821098273,,,,,,,,,,,,,
quartic,300.0,24,POPS hypercube,300,300,5,60.0,False,0.1645267498679459,35.33895692710362,0.7825,83.56124760615319,1.0,117.32698763248285,146.0851068792592,,,,,,,,,,,,,,,,
quartic,300.0,24,POPS ellipse,300,300,5,60.0,False,0.007940958719700575,35.33895692710362,1.0,110.86544020329418,1.0,143.09484138260967,110.86544020329418,4.517704247037856,0.0,4.5237486081523635,,,,,,,,,,,,,
quartic,300.0,24,Ellipse+EB,300,300,5,60.0,False,0.007902459241449833,35.33895692710361,1.0,116.37263766713002,1.0,162.063509652266,116.37263766713002,4.545082610811498,0.0,4.551080252420554,,,,,,,,,,,,,
quartic,300.0,24,Ellipse+PAC,300,300,5,60.0,False,0.25210295896977186,35.035345575475404,1.0,117.79041998179636,1.0,164.77591528810265,117.79041998179636,4.526856047098111,0.0,4.532977135525664,6.1243146896254395,9.680344001221918,11.71875,4.693689436481222,0.03054996614447822,0.06543019362144673,1.4000752869997388,0.0,4.690770693274663,0.0,4.539141340042443,,
quartic,300.0,24,Bayesian stacking,300,300,5,60.0,False,0.1807421250268817,35.16957966295393,0.3625,34.040513636224226,0.437,45.95115125389981,711.7468080605722,23.214105622362084,0.0,7.633751783188227,,,,,,,,,,,,,
quartic,300.0,24,PVI,300,300,5,60.0,False,1.5616087084636092,43.27462806176367,0.984,141.13434927369283,0.9905,232.20289076812594,141.50374457748399,4.710803844986385,0.0,4.621478997649142,,,,,,,,,,,,0.1,True
quartic,300.0,24,PVI (no KL),300,300,5,60.0,False,0.04116458399221301,43.26834643121835,0.984,141.25683217422602,0.9905,232.40440715106058,141.66953287334113,6.264641617150011,0.0,4.6279415125992225,,,,,,,,,,,,0.0,True
quartic,300.0,25,Bayesian ridge,300,300,5,60.0,False,0.0007018754258751869,35.43757087328397,0.067,8.248590316530805,0.1025,13.571086883648109,1077.8355230214374,624.286486327752,0.0,9.55639649857342,,,,,,,,,,,,,
quartic,300.0,25,POPS hypercube,300,300,5,60.0,False,0.16848341608420014,35.43757087328397,0.797,116.92271502175772,0.981,159.12305042592033,149.78017665703018,,,,,,,,,,,,,,,,
quartic,300.0,25,POPS ellipse,300,300,5,60.0,False,0.00826479122042656,35.43757087328396,1.0,105.65684190128793,1.0,136.3720651370582,105.65684190128793,4.525541004088729,0.0,4.5315626715887065,,,,,,,,,,,,,
quartic,300.0,25,Ellipse+EB,300,300,5,60.0,False,0.009640665724873543,35.43757087328397,1.0,118.16419901543219,1.0,167.9466893931516,118.16419901543219,4.554316992488846,0.0,4.560328949173314,,,,,,,,,,,,,
quartic,300.0,25,Ellipse+PAC,300,300,5,60.0,False,0.2516732499934733,35.5112096456245,1.0,110.04868213317532,1.0,153.36336001563095,110.04868213317532,4.5549702640834235,0.0,4.560942581862593,5.9560697708717125,9.680344001221918,9.9609375,4.5296843866009215,0.030170577885027212,0.005206504477952282,1.3962148063857645,0.0,4.52726688978453,0.0,4.566958166343569,,
quartic,300.0,25,Bayesian stacking,300,300,5,60.0,False,0.183229916729033,35.84774482660828,0.365,31.712670496510125,0.4225,42.627464618369046,764.0156419314088,25.901213564281893,0.0,7.695886205407265,,,,,,,,,,,,,
quartic,300.0,25,PVI,300,300,5,60.0,False,2.0612818747758865,52.908621668936085,1.0,152.16158936962614,1.0,250.34558275379115,152.16158936962614,4.597991952231045,0.0,4.60316962829825,,,,,,,,,,,,10.0,True
quartic,300.0,25,PVI (no KL),300,300,5,60.0,False,0.10174320824444294,82.943820229353,0.9995,181.8430410760836,1.0,299.17932821619803,181.8431592089091,4.584260753094635,0.0,4.587604285763036,,,,,,,,,,,,0.0,True
quartic,300.0,26,Bayesian ridge,300,300,5,60.0,False,0.0009238328784704208,35.07004860552779,0.088,10.006660811942114,0.1375,16.463572329675173,1033.9221882175907,174.8217011824928,0.0,9.308892557214119,,,,,,,,,,,,,
quartic,300.0,26,POPS hypercube,300,300,5,60.0,False,0.15245691686868668,35.07004860552779,0.8795,96.3122978804466,0.984,129.36293795968854,102.44001473211215,,,,,,,,,,,,,,,,
quartic,300.0,26,POPS ellipse,300,300,5,60.0,False,0.00865945778787136,35.07004860552779,1.0,107.46277605801296,1.0,138.70299767320418,107.46277605801296,4.515233561567888,0.0,4.521335373469585,,,,,,,,,,,,,
quartic,300.0,26,Ellipse+EB,300,300,5,60.0,False,0.00921420892700553,35.07004860552779,1.0,116.72947338568196,1.0,165.2800386122344,116.72947338568196,4.5408906985236355,0.0,4.546950446819351,,,,,,,,,,,,,
quartic,300.0,26,Ellipse+PAC,300,300,5,60.0,False,0.2444280842319131,35.33934404805827,1.0,111.24223661411185,1.0,155.83729210764315,111.24223661411185,4.54908003768142,0.0,4.555112866999453,6.045542125025038,9.680344001221918,5.859375,4.619460447994459,0.030255940839269697,0.003084912169332499,1.3958257361913078,0.0,4.616318503699741,0.0,4.5611887949449255,,
quartic,300.0,26,Bayesian stacking,300,300,5,60.0,False,0.17633545817807317,35.821268863863835,0.353,33.974025698026914,0.4385,45.41097510345468,749.4275634323029,24.560763784693325,0.0,8.076852749895497,,,,,,,,,,,,,
quartic,300.0,26,PVI,300,300,5,60.0,False,1.8520650416612625,47.65354404052745,1.0,137.41741418758474,1.0,226.08756111072233,137.41741418758474,4.506928697884273,0.0,4.511949788945832,,,,,,,,,,,,1.0,True
quartic,300.0,26,PVI (no KL),300,300,5,60.0,False,0.05353370774537325,46.3752532596965,0.992,136.77894679260697,0.9955,225.03711537913406,136.85468279283242,4.662648566391917,0.0,4.547993167067321,,,,,,,,,,,,0.0,True
quartic,300.0,27,Bayesian ridge,300,300,5,60.0,False,0.0008992091752588749,35.16217516061195,0.0765,8.667142894204959,0.11,14.259715264864623,1054.8406826633422,371.7285929711352,0.0,9.474268327628904,,,,,,,,,,,,,
quartic,300.0,27,POPS hypercube,300,300,5,60.0,False,0.15114479092881083,35.16217516061195,0.801,103.23554291984635,0.981,139.21144576434082,124.62840487944847,,,,,,,,,,,,,,,,
quartic,300.0,27,POPS ellipse,300,300,5,60.0,False,0.011017625220119953,35.162175160611945,1.0,105.27141457735983,1.0,135.87459124726098,105.27141457735983,4.5176047663460865,0.0,4.523679695173557,,,,,,,,,,,,,
quartic,300.0,27,Ellipse+EB,300,300,5,60.0,False,0.01199949998408556,35.162175160611945,1.0,113.64150175568203,1.0,160.9374610687371,113.64150175568203,4.540862720645071,0.0,4.546911759570698,,,,,,,,,,,,,
quartic,300.0,27,Ellipse+PAC,300,300,5,60.0,False,0.2585251247510314,35.24137983780165,1.0,109.15495880432093,1.0,155.85359790022054,109.15495880432093,4.544415366849537,0.0,4.550430669078951,6.038933022735095,9.680344001221918,1.46484375,4.6129859663994015,0.03034971960430032,0.0002732492424137152,1.3955973367313925,0.0,4.610244668306841,0.0,4.5564898880262135,,
quartic,300.0,27,Bayesian stacking,300,300,5,60.0,False,0.17808183282613754,35.405858094541074,0.37,36.21246454901528,0.441,47.37912205966048,715.739138578805,24.276939038989727,0.0,8.198124036246965,,,,,,,,,,,,,
quartic,300.0,27,PVI,300,300,5,60.0,False,1.7647657911293209,51.47922268006732,0.9875,141.18494437048014,1.0,232.2861329256387,141.24637819462717,4.524885152728323,0.0,4.52979591134411,,,,,,,,,,,,1.0,True
quartic,300.0,27,PVI (no KL),300,300,5,60.0,False,0.06445354176685214,51.18793770999189,0.98,141.28133416690025,0.9865,232.44471933273581,141.81551258088567,16.0753125525907,0.0,4.633578234039669,,,,,,,,,,,,0.0,True
quartic,300.0,28,Bayesian ridge,300,300,5,60.0,False,0.0008287914097309113,35.0893636774948,0.07,8.25991234838294,0.106,13.589714585118122,1066.1910604890638,482.76967341335785,0.0,9.528792122109675,,,,,,,,,,,,,
quartic,300.0,28,POPS hypercube,300,300,5,60.0,False,0.20697516622021794,35.0893636774948,0.813,110.08911163665951,0.985,149.93213457063004,130.8024445716308,,,,,,,,,,,,,,,,
quartic,300.0,28,POPS ellipse,300,300,5,60.0,False,0.009947833139449358,35.0893636774948,1.0,103.73395024972228,1.0,133.89017469967592,103.73395024972228,4.521853055030142,0.0,4.527874373395267,,,,,,,,,,,,,
quartic,300.0,28,Ellipse+EB,300,300,5,60.0,False,0.010365915950387716,35.089363677494795,1.0,112.30694937786822,1.0,158.10270060015483,112.30694937786822,4.540577190896751,0.0,4.5466047482643415,,,,,,,,,,,,,
quartic,300.0,28,Ellipse+PAC,300,300,5,60.0,False,0.26776616740971804,35.12779756098245,1.0,107.9085651486793,1.0,152.54894188886485,107.9085651486793,4.547550632497849,0.0,4.553553867441605,5.958059463975634,9.680344001221918,5.859375,4.531175283136868,0.030352530003515708,0.005593720187960255,1.3965316508352514,0.0,4.528102347071407,0.0,4.559600608115381,,
quartic,300.0,28,Bayesian stacking,300,300,5,60.0,False,0.17322437511757016,35.32854617040617,0.3575,33.73417803190962,0.435,44.69135291740872,738.4444017341254,25.34924065402304,0.0,7.950403319081177,,,,,,,,,,,,,
quartic,300.0,28,PVI,300,300,5,60.0,False,1.6935805836692452,49.01184177162941,0.9925,143.99097530677582,0.997,236.90278718695615,144.05313123813795,4.575446275398679,0.0,4.5599161853167445,,,,,,,,,,,,0.1,True
quartic,300.0,28,PVI (no KL),300,300,5,60.0,False,0.06015212507918477,48.99121457872017,0.9915,144.05486822546197,0.996,237.00790773694897,144.13085539105282,6.817028323928027,0.0,4.563084184901406,,,,,,,,,,,,0.0,True
quartic,300.0,29,Bayesian ridge,300,300,5,60.0,False,0.0008416669443249702,35.108825007329955,0.071,8.518515046901316,0.104,14.015183611371656,1065.8781620233963,458.12442010453566,0.0,9.527862605017523,,,,,,,,,,,,,
quartic,300.0,29,POPS hypercube,300,300,5,60.0,False,0.18360570771619678,35.108825007329955,0.804,108.14916273660408,1.0,147.96568142364842,127.84085949452071,,,,,,,,,,,,,,,,
quartic,300.0,29,POPS ellipse,300,300,5,60.0,False,0.00931666698306799,35.108825007329955,1.0,105.66409388504755,1.0,136.38142532598533,105.66409388504755,4.5249051988526325,0.0,4.530953702836188,,,,,,,,,,,,,
quartic,300.0,29,Ellipse+EB,300,300,5,60.0,False,0.008711082860827446,35.10882500732995,1.0,114.21117638143448,1.0,162.1309213836241,114.21117638143448,4.54896200165008,0.0,4.554977030553202,,,,,,,,,,,,,
quartic,300.0,29,Ellipse+PAC,300,300,5,60.0,False,0.26232283283025026,35.15888033318792,1.0,108.19897042102777,1.0,151.77821082684392,108.19897042102777,4.554276913626449,0.0,4.560276424183373,6.018714469865276,9.680344001221918,5.859375,4.592553883893488,0.03020217293380293,0.003698529018426849,1.395958413037985,0.0,4.589740417170082,0.0,4.566319115016195,,
quartic,300.0,29,Bayesian stacking,300,300,5,60.0,False,0.17870137514546514,35.44979817411525,0.352,32.891138751997644,0.427,44.03868848981561,751.3834813961107,25.125034323888194,0.0,7.854480494049385,,,,,,,,,,,,,
quartic,300.0,29,PVI,300,300,5,60.0,False,1.503933667205274,55.4355057945113,0.998,150.3911662456072,0.9995,247.43277400527927,150.40062982236907,4.553425795938547,0.0,4.550646200836441,,,,,,,,,,,,0.01,True
quartic,300.0,29,PVI (no KL),300,300,5,60.0,False,0.056069791316986084,52.67234099792866,0.9985,147.84663914705905,0.9995,243.24636190247566,147.85919952341106,4.5923681438600195,0.0,4.543816991227287,,,,,,,,,,,,0.0,True
burgers,8.0,0,Bayesian ridge,24,8,8,1.0,False,0.0008334172889590263,0.08284304183727821,0.80625,0.12605168426278895,0.8901041666666667,0.20738796489046105,0.7720910067096346,1.739713121887552,0.0,-1.6114620759648057,,,,,,,,,,,,,
burgers,8.0,0,POPS hypercube,24,8,8,1.0,False,0.17131683323532343,0.08284304183727821,0.6848958333333334,0.08905088506070126,0.7927083333333333,0.1172345988156756,0.8733253591405821,,,,,,,,,,,,,,,,
burgers,8.0,0,POPS ellipse,24,8,8,1.0,False,0.007239582948386669,0.08284304183727821,0.7369791666666666,0.11664616606579882,0.825,0.16152063067258754,0.842776149952234,inf,0.13645833333333332,-0.8508306874668591,,,,,,,,,,,,,
burgers,8.0,0,Ellipse+EB,24,8,8,1.0,False,0.007703875191509724,0.08284304183727823,0.9197916666666667,0.2473193752693597,0.9645833333333333,0.40441950497886914,0.5733072994709334,inf,0.015104166666666667,-1.5267324777445963,,,,,,,,,,,,,
burgers,8.0,0,Ellipse+PAC,24,8,8,1.0,False,0.17801187466830015,0.10404731240567508,0.8598958333333333,0.33264518089369105,0.9671875,0.6154861618121902,0.765898666554874,inf,0.0026041666666666665,-1.141694506177979,5.04059021515865,5.560681631015528,1.015625,-1.4891812572269805,0.04067006775763379,1.3316880673211116,6.489101404627997,0.0,-1.5799911806131457,0.02346875,-1.1460309218252622,,
burgers,8.0,0,Bayesian stacking,24,8,8,1.0,False,0.00783987483009696,0.11154235143125629,0.8630208333333333,0.2716369278196391,0.9302083333333333,0.44924371006686126,0.8668367972975477,-0.6472236807987035,0.0,-1.1114996748650732,,,,,,,,,,,,,
burgers,8.0,0,PVI,24,8,8,1.0,False,2.455428917426616,0.071394346769263,0.8666666666666667,0.14340387688963968,0.9369791666666667,0.2359368568494729,0.5742727675071958,0.46496030253429377,0.0,-1.6245135070181755,,,,,,,,,,,,1.0,True
burgers,8.0,0,PVI (no KL),24,8,8,1.0,False,0.1292322501540184,0.07626835131468944,0.834375,0.19929333786203507,0.8979166666666667,0.32788962715697434,0.717973783827632,214.13054421936795,0.0,-1.1840496951010513,,,,,,,,,,,,0.0,True
burgers,8.0,1,Bayesian ridge,24,8,8,1.0,False,0.0008685411885380745,0.12687346406454006,0.51875,0.13868088050671912,0.6953125,0.22816629341934155,1.7054127059428656,4.447610008427591,0.0,0.5357881318128039,,,,,,,,,,,,,
burgers,8.0,1,POPS hypercube,24,8,8,1.0,False,0.1723225419409573,0.12687346406454006,0.40260416666666665,0.10019920883109773,0.5119791666666667,0.13654323207292846,1.9170140846159807,,,,,,,,,,,,,,,,
burgers,8.0,1,POPS ellipse,24,8,8,1.0,False,0.008524749893695116,0.12687346406454017,0.5744791666666667,0.1773345515228429,0.7713541666666667,0.24555619415603208,0.9069371261003678,inf,0.1875,0.2919578577070642,,,,,,,,,,,,,
burgers,8.0,1,Ellipse+EB,24,8,8,1.0,False,0.008185375016182661,0.1268734640645402,0.8369791666666667,0.29299643984602625,0.9786458333333333,0.4739248215290067,0.5015561759676999,inf,0.0046875,-0.9795581230347322,,,,,,,,,,,,,
burgers,8.0,1,Ellipse+PAC,24,8,8,1.0,False,0.18020283291116357,0.20454817616526905,0.9979166666666667,6.346545376017237,0.9989583333333333,10.11825747654358,6.354784483208489,inf,0.0005208333333333333,-0.021566802271685892,5.38621284116083,5.560681631015528,1.0625,0.4249447588662959,0.03180636780042524,12.053947177257163,4.929461714494109,0.0,0.41717151316168977,0.008854166666666666,-0.015159469498127957,,
burgers,8.0,1,Bayesian stacking,24,8,8,1.0,False,0.007970083970576525,0.08285168384746025,0.9463541666666667,0.40184945154649215,0.9755208333333333,0.6330696659537901,0.5397999400524225,-0.27105566373089146,0.0,-0.519567662008228,,,,,,,,,,,,,
burgers,8.0,1,PVI,24,8,8,1.0,False,1.7390316249802709,0.15211930042960609,0.6536458333333334,0.2513305244702609,0.8744791666666667,0.4135043993230209,0.7266278317688567,1.2711065148048426,0.0,-0.18000166828008177,,,,,,,,,,,,1.0,True
burgers,8.0,1,PVI (no KL),24,8,8,1.0,False,0.06514245830476284,0.1228899859345395,0.5932291666666667,0.18759200377520066,0.7598958333333333,0.30863787437822676,0.9403820186330265,83.21443036952707,0.0,0.44702317273552433,,,,,,,,,,,,0.0,True
burgers,8.0,2,Bayesian ridge,24,8,8,1.0,False,0.0009159999899566174,0.11758209581447027,0.7390625,0.20629310269076714,0.9114583333333334,0.3394060697260097,0.8907747030320733,-0.29222456174739375,0.0,-0.9025902574698904,,,,,,,,,,,,,
burgers,8.0,2,POPS hypercube,24,8,8,1.0,False,0.17035779124125838,0.11758209581447027,0.43645833333333334,0.16452249173494313,0.5848958333333333,0.207508203275697,1.71942290659997,,,,,,,,,,,,,,,,
burgers,8.0,2,POPS ellipse,24,8,8,1.0,False,0.010681459214538336,0.11758209581447059,0.8458333333333333,0.2985297656601999,0.9192708333333334,0.4133759183887417,0.5421110723632161,inf,0.06145833333333333,-0.8718487160574753,,,,,,,,,,,,,
burgers,8.0,2,Ellipse+EB,24,8,8,1.0,False,0.01077649975195527,0.11758209581447068,0.925,0.3464150558941438,0.9723958333333333,0.527775426915001,0.48362748835129654,inf,0.0026041666666666665,-1.2060353691630756,,,,,,,,,,,,,
burgers,8.0,2,Ellipse+PAC,24,8,8,1.0,False,0.25333333434537053,0.16900218074627246,0.9802083333333333,0.8100286384411883,0.9942708333333333,1.4385408497067147,0.8277017718101521,-1.0288650122120298,0.0,-1.0237921235577472,5.516137846206132,5.560681631015528,3.0,-0.940360897164418,0.0422002142611687,9.006528834783195,6.414298529109382,0.0,-1.0330639715481968,0.010718749999999999,-1.0170452070887925,,
burgers,8.0,2,Bayesian stacking,24,8,8,1.0,False,0.00705266697332263,0.11472311840573307,0.93125,0.4181207373036905,0.9859375,0.7006912740287403,0.5500660402755384,-0.5633016070820311,0.0,-0.6655907137150233,,,,,,,,,,,,,
burgers,8.0,2,PVI,24,8,8,1.0,False,2.299220624845475,0.0917766979792583,0.8348958333333333,0.4359115333112483,0.8979166666666667,0.7171884000949249,0.7055785786890906,5.875561613174455,0.0,-0.6261572264408177,,,,,,,,,,,,0.1,True
burgers,8.0,2,PVI (no KL),24,8,8,1.0,False,0.06601983308792114,0.09160428563612398,0.8333333333333334,0.43404783886255294,0.896875,0.7141221356403633,0.7073257829545864,38.31508713282358,0.0,-0.6151449566854738,,,,,,,,,,,,0.0,True
burgers,8.0,3,Bayesian ridge,24,8,8,1.0,False,0.0008931662887334824,0.08881033020014412,0.709375,0.08432323763244362,0.8473958333333333,0.1387337642320552,0.9912850397435512,6.996204335504186,0.0,-1.2580276767107819,,,,,,,,,,,,,
burgers,8.0,3,POPS hypercube,24,8,8,1.0,False,0.16217008279636502,0.08881033020014412,0.4317708333333333,0.05804859747291348,0.5979166666666667,0.07944097852382649,1.2294866561990794,,,,,,,,,,,,,,,,
burgers,8.0,3,POPS ellipse,24,8,8,1.0,False,0.012174833100289106,0.0888103302001441,0.7125,0.11373045563075843,0.784375,0.15748322932275913,1.0103258537000441,inf,0.1765625,-0.5852280442832012,,,,,,,,,,,,,
burgers,8.0,3,Ellipse+EB,24,8,8,1.0,False,0.012336582876741886,0.0888103302001441,0.8260416666666667,0.14346039658223633,0.9,0.22251393049360593,0.8375741204245531,inf,0.05520833333333333,-1.2760349690065693,,,,,,,,,,,,,
burgers,8.0,3,Ellipse+PAC,24,8,8,1.0,False,0.2220359998755157,0.10761229285155849,0.9348958333333334,1.2292957742303268,0.9947916666666666,2.0460969441800945,1.3938951514107367,inf,0.0005208333333333333,-1.3358122194625972,5.4030714813195795,5.560681631015528,2.015625,-0.5251804931332927,0.04291404460823968,5.239442591538199,5.885337929844632,0.0,-0.6049744184598124,0.004979166666666667,-1.3293584825272948,,
burgers,8.0,3,Bayesian stacking,24,8,8,1.0,False,0.007185125257819891,0.10280622359934845,0.6989583333333333,0.1663933190525046,0.8453125,0.24447909218406683,1.1373914226989,0.7205529886971178,0.0,-0.47848380920234285,,,,,,,,,,,,,
burgers,8.0,3,PVI,24,8,8,1.0,False,2.436158000025898,0.07350987234540905,0.8619791666666666,0.18614045640668,0.9244791666666666,0.30624969958738446,0.6986630588079382,2.587375223304533,0.0,-1.3119471777105554,,,,,,,,,,,,1.0,True
burgers,8.0,3,PVI (no KL),24,8,8,1.0,False,0.07966554164886475,0.07611914641853855,0.7614583333333333,0.14477913487721264,0.8286458333333333,0.23819951567002073,0.85507749716379,81.85191230591064,0.0,-0.6725455761886264,,,,,,,,,,,,0.0,True
burgers,8.0,4,Bayesian ridge,24,8,8,1.0,False,0.0008037500083446503,0.08869594619805451,0.8151041666666666,0.1824032009296584,0.9359375,0.30010093757608586,0.693852304668154,0.7502540614578203,0.0,-1.376891855000015,,,,,,,,,,,,,
burgers,8.0,4,POPS hypercube,24,8,8,1.0,False,0.1605569589883089,0.08869594619805451,0.65,0.12672403647212666,0.8057291666666667,0.17055085582678176,0.8716357900872388,,,,,,,,,,,,,,,,
burgers,8.0,4,POPS ellipse,24,8,8,1.0,False,0.007299167104065418,0.08869594619805453,0.8645833333333334,0.18782987813620136,0.9229166666666667,0.26008913450786675,0.5392252795867561,inf,0.06510416666666667,-1.3051329151144406,,,,,,,,,,,,,
burgers,8.0,4,Ellipse+EB,24,8,8,1.0,False,0.008200167212635279,0.08869594619805456,0.9526041666666667,0.2709364439822363,0.975,0.42583507482461014,0.4705276136243296,inf,0.0109375,-1.4836462587482893,,,,,,,,,,,,,
burgers,8.0,4,Ellipse+PAC,24,8,8,1.0,False,0.10018862504512072,0.09358961801254934,0.9958333333333333,1.7606238297692767,0.9979166666666667,2.8127564980981274,1.784896220614282,-0.8628691228157578,0.0,-0.8580884714097436,5.196107210398513,5.560681631015528,1.0,-0.49870021825911076,0.03731127982904607,0.009464606902727402,5.657496148828578,0.0,-0.5172311394309806,0.0008020833333333334,-0.8502306376631454,,
burgers,8.0,4,Bayesian stacking,24,8,8,1.0,False,0.006461959332227707,0.08102543116732229,0.9020833333333333,0.2397285271931523,0.9630208333333333,0.40919187454807293,0.5705027251571759,-0.8149822439450246,0.0,-1.0863399067515962,,,,,,,,,,,,,
burgers,8.0,4,PVI,24,8,8,1.0,False,2.1160841658711433,0.11438647029521988,0.8791666666666667,0.25004794064334174,0.9536458333333333,0.4113942137176335,0.5701396715707996,-0.5415143121573404,0.0,-1.1700028569936847,,,,,,,,,,,,1.0,True
burgers,8.0,4,PVI (no KL),24,8,8,1.0,False,0.07799879182130098,0.10619536828830554,0.8401041666666667,0.291502044665744,0.9104166666666667,0.4795970490850731,0.6929642917033715,35.00690824345052,0.0,-0.857049726017948,,,,,,,,,,,,0.0,True
burgers,8.0,5,Bayesian ridge,24,8,8,1.0,False,0.0008044582791626453,0.0689970033378463,0.609375,0.09131657456681894,0.8583333333333333,0.15023963123490916,0.7080164767326667,4.057724931889105,0.0,-0.9008716744863351,,,,,,,,,,,,,
burgers,8.0,5,POPS hypercube,24,8,8,1.0,False,0.16834562458097935,0.0689970033378463,0.6875,0.09295692020624324,0.7979166666666667,0.12065304135733299,0.6405386485430694,,,,,,,,,,,,,,,,
burgers,8.0,5,POPS ellipse,24,8,8,1.0,False,0.008623040746897459,0.06899700333784627,0.8489583333333334,0.1569412704090851,0.9192708333333334,0.21731749812276976,0.38380794367795323,inf,0.059895833333333336,-1.366834234075785,,,,,,,,,,,,,
burgers,8.0,5,Ellipse+EB,24,8,8,1.0,False,0.008696374949067831,0.06899700333784627,0.9302083333333333,0.18328287105379523,0.9807291666666667,0.27666645041772003,0.33210210900878945,inf,0.0109375,-1.7407784860669158,,,,,,,,,,,,,
burgers,8.0,5,Ellipse+PAC,24,8,8,1.0,False,0.17247112514451146,0.0938907975423158,0.9838541666666667,0.8797401790994873,0.9932291666666667,1.4434075966644808,0.9499319820266291,inf,0.0020833333333333333,-0.9900711454650111,5.209530609548653,5.560681631015528,1.125,-0.9233404794779747,0.038591106193628225,0.9022894054962789,6.094279982833,0.0,-0.9775260451959598,0.012145833333333333,-0.9844407844908972,,
burgers,8.0,5,Bayesian stacking,24,8,8,1.0,False,0.007840041071176529,0.08173890887410724,0.9078125,0.2408611014284111,0.95,0.3756232066267998,0.6188509537507689,-0.6099015716904022,0.0,-0.9686946988913786,,,,,,,,,,,,,
burgers,8.0,5,PVI,24,8,8,1.0,False,2.1060890001244843,0.07295186345538701,0.7953125,0.14034130353297633,0.9182291666666667,0.23089812325792464,0.4594577856834515,-0.9460313205490255,0.0,-1.4053390067647291,,,,,,,,,,,,1.0,True
burgers,8.0,5,PVI (no KL),24,8,8,1.0,False,0.05680837528780103,0.07242278541340881,0.7333333333333333,0.1364078198565482,0.8494791666666667,0.22442651457331858,0.5220276224917996,279.1055474182551,0.0,-0.8200264369788074,,,,,,,,,,,,0.0,True
burgers,8.0,6,Bayesian ridge,24,8,8,1.0,False,0.0008010831661522388,0.07503439494204628,0.490625,0.07380601220746409,0.6520833333333333,0.12143017967515606,1.075889574883502,21.3042452742337,0.0,0.4126735853380916,,,,,,,,,,,,,
burgers,8.0,6,POPS hypercube,24,8,8,1.0,False,0.16208229074254632,0.07503439494204628,0.3390625,0.04825231629997601,0.4432291666666667,0.06322595518186393,1.3046082752268002,,,,,,,,,,,,,,,,
burgers,8.0,6,POPS ellipse,24,8,8,1.0,False,0.019913041032850742,0.07503439494204636,0.5473958333333333,0.09021523472657629,0.6552083333333333,0.12492156494104088,0.9431944380458244,inf,0.2828125,0.5675294399595339,,,,,,,,,,,,,
burgers,8.0,6,Ellipse+EB,24,8,8,1.0,False,0.019867375027388334,0.07503439494204636,0.6015625,0.10233498073215336,0.7494791666666667,0.1563153230177664,0.8545775649076603,inf,0.11302083333333333,-0.12524904739992937,,,,,,,,,,,,,
burgers,8.0,6,Ellipse+PAC,24,8,8,1.0,False,0.18098120903596282,0.0731221380578747,0.9489583333333333,0.30993766563680497,0.984375,0.4809107205726291,0.5072251771719253,inf,0.008333333333333333,-1.4676444727041167,5.136898627498565,5.560681631015528,0.375,-1.4689394371018412,0.030986440852342565,8.796457222042626,6.574851623748064,0.0,-1.4712668449210868,0.014510416666666666,-1.4680700040999848,,
burgers,8.0,6,Bayesian stacking,24,8,8,1.0,False,0.01345099974423647,0.07182952817541124,0.8859375,0.1970345405126991,0.946875,0.3130300966059915,0.6141347615203344,0.007327135079635265,0.0,-0.5816316811376993,,,,,,,,,,,,,
burgers,8.0,6,PVI,24,8,8,1.0,False,1.7996875001117587,0.08229295736969815,0.5317708333333333,0.10592598017197927,0.6770833333333334,0.1742759217012629,0.8776928206802354,11.311661935212877,0.0,0.5035774606770771,,,,,,,,,,,,1.0,True
burgers,8.0,6,PVI (no KL),24,8,8,1.0,False,0.02097645914182067,0.07733541809380826,0.42916666666666664,0.08408108824530054,0.5666666666666667,0.1383353652031745,0.9699629864580347,978.1593033457416,0.0,1.337689051565212,,,,,,,,,,,,0.0,True
burgers,8.0,7,Bayesian ridge,24,8,8,1.0,False,0.0008634580299258232,0.07770349775700033,0.4640625,0.06368218011760476,0.703125,0.10477382996997034,1.0393543872314779,8.19223485231706,0.0,-0.11986629730102473,,,,,,,,,,,,,
burgers,8.0,7,POPS hypercube,24,8,8,1.0,False,0.15693191718310118,0.07770349775700033,0.3098958333333333,0.03618378822462181,0.4276041666666667,0.050572567890075665,1.3550024058374064,,,,,,,,,,,,,,,,
burgers,8.0,7,POPS ellipse,24,8,8,1.0,False,0.008624791633337736,0.07770349775700036,0.6119791666666666,0.07939793542498327,0.7614583333333333,0.10994278711835735,0.8466859646765477,inf,0.18541666666666667,-0.4920594015536626,,,,,,,,,,,,,
burgers,8.0,7,Ellipse+EB,24,8,8,1.0,False,0.00882116612046957,0.07770349775700032,0.74375,0.10129992629946141,0.8838541666666667,0.15710807741339627,0.688540925516785,inf,0.04479166666666667,-1.3032523001185459,,,,,,,,,,,,,
burgers,8.0,7,Ellipse+PAC,24,8,8,1.0,False,0.2881503328680992,0.12100125572596983,1.0,1.8648008392857938,1.0,3.2799314492122282,1.8648008392857938,-0.7287047309960626,0.0,-0.7206200065218048,5.539294130612785,5.560681631015528,4.0,-0.30254594723744266,0.042029714605023916,7.742685530341543,5.799810363245204,0.0,-0.3459965938477424,0.006729166666666666,-0.7124521068120137,,
burgers,8.0,7,Bayesian stacking,24,8,8,1.0,False,0.0071602496318519115,0.08127953627436463,0.9046875,0.2617178510650886,0.9505208333333334,0.3888177611581788,0.5806390812110253,-0.5864269529654199,0.0,-1.0394864135193413,,,,,,,,,,,,,
burgers,8.0,7,PVI,24,8,8,1.0,False,2.530374915804714,0.07193187553663906,0.8010416666666667,0.19411568758503991,0.8921875,0.31937103924487664,0.447920522071418,-0.44900248780095553,0.0,-1.1903230747904985,,,,,,,,,,,,1.0,True
burgers,8.0,7,PVI (no KL),24,8,8,1.0,False,0.15223120898008347,0.12907842351636128,0.8041666666666667,0.3493751019917223,0.9015625,0.5748133538176765,0.6165477861964381,0.7462099719951703,0.0,-0.8042543163727295,,,,,,,,,,,,0.0,True
burgers,8.0,8,Bayesian ridge,24,8,8,1.0,False,0.0007930840365588665,0.07198761144606272,0.7911458333333333,0.19279475945340252,0.9046875,0.3171977672367397,0.6181862549242064,1.0536005825019241,0.0,-1.1010989120968102,,,,,,,,,,,,,
burgers,8.0,8,POPS hypercube,24,8,8,1.0,False,0.15100229205563664,0.07198761144606272,0.7609375,0.15396434555341723,0.9041666666666667,0.21098341899767328,0.49325508163269094,,,,,,,,,,,,,,,,
burgers,8.0,8,POPS ellipse,24,8,8,1.0,False,0.008172584231942892,0.07198761144606274,0.8864583333333333,0.28566548057949587,0.9364583333333333,0.39556266734528106,0.4481996035852707,inf,0.04010416666666667,-1.0795453696093749,,,,,,,,,,,,,
burgers,8.0,8,Ellipse+EB,24,8,8,1.0,False,0.008051292039453983,0.07198761144606274,0.9375,0.3286716537088362,0.9786458333333333,0.49811919622995926,0.4397846038496739,inf,0.008854166666666666,-1.3000594047965384,,,,,,,,,,,,,
burgers,8.0,8,Ellipse+PAC,24,8,8,1.0,False,0.20868295896798372,0.1013230167204115,1.0,18.857586351075284,1.0,55.35945270182436,18.857586351075284,-0.5967819843938327,0.0,-0.5900815605045369,5.550112361138119,5.560681631015528,4.0,0.8097699150536987,0.04645868401112495,6.491268680949402,4.693883762073296,0.0,0.7489479672230641,0.0036770833333333334,-0.5831972361824005,,
burgers,8.0,8,Bayesian stacking,24,8,8,1.0,False,0.007169708143919706,0.0815126154376726,0.9458333333333333,0.39185958411206745,0.971875,0.6687991509569086,0.6110141331204597,-0.40334026738695206,0.0,-0.6743807336458514,,,,,,,,,,,,,
burgers,8.0,8,PVI,24,8,8,1.0,False,2.482455709017813,0.09660878602169483,0.7911458333333333,0.20746405247844668,0.9223958333333333,0.341332588160698,0.5763687735295985,-0.19499821773729806,0.0,-0.914623556544422,,,,,,,,,,,,1.0,True
burgers,8.0,8,PVI (no KL),24,8,8,1.0,False,0.08152866596356034,0.10044999184286285,0.6838541666666667,0.19952250885493425,0.8229166666666666,0.32826667333535153,0.767755691607221,261.1241686865434,0.0,-0.12269624907480156,,,,,,,,,,,,0.0,True
burgers,8.0,9,Bayesian ridge,24,8,8,1.0,False,0.0007728328928351402,0.10901148105857306,0.690625,0.1503543616343928,0.8994791666666667,0.24737222080075066,1.0627198147997643,4.596655792832271,0.0,-1.0232740582492468,,,,,,,,,,,,,
burgers,8.0,9,POPS hypercube,24,8,8,1.0,False,0.19036170793697238,0.10901148105857306,0.5791666666666667,0.1532372026577852,0.7864583333333334,0.1861588644684841,0.7801697417930572,,,,,,,,,,,,,,,,
burgers,8.0,9,POPS ellipse,24,8,8,1.0,False,0.01019666576758027,0.10901148105857288,0.7947916666666667,0.2333218310216922,0.8583333333333333,0.32308210863139913,0.697614448942123,inf,0.10989583333333333,-0.6893750287412395,,,,,,,,,,,,,
burgers,8.0,9,Ellipse+EB,24,8,8,1.0,False,0.01070383284240961,0.10901148105857288,0.9302083333333333,0.31214842158226275,0.9817708333333334,0.4787335608378157,0.5071396484084126,inf,0.009375,-1.3736356483156167,,,,,,,,,,,,,
burgers,8.0,9,Ellipse+PAC,24,8,8,1.0,False,0.18573512509465218,0.08937233408980237,0.9463541666666667,0.47198029953958687,0.9921875,1.2335818424746812,0.6646225024487499,inf,0.0015625,-1.2016689070863937,5.243176346422303,5.560681631015528,1.5,-1.183399901075679,0.05200335136975853,2.1492274773299926,6.374572896128224,0.0,-1.3559886253242037,0.012739583333333335,-1.1969308494831703,,
burgers,8.0,9,Bayesian stacking,24,8,8,1.0,False,0.01399041572585702,0.12229632304905337,0.8739583333333333,0.30099893522656535,0.9515625,0.479963615002958,0.8186829724452588,-0.49606342876584236,0.0,-0.9834040694451162,,,,,,,,,,,,,
burgers,8.0,9,PVI,24,8,8,1.0,False,2.5523356669582427,0.13756422972953522,0.6947916666666667,0.1940020263255968,0.8463541666666666,0.319184036767118,1.311785951672807,9.579151036403827,0.0,-0.5159696960887445,,,,,,,,,,,,1.0,True
burgers,8.0,9,PVI (no KL),24,8,8,1.0,False,0.11483295913785696,0.1374900880600135,0.6244791666666667,0.1685939112090076,0.7604166666666666,0.27738104685429277,1.7021460482551163,206.12267837331225,0.0,0.08276129091688737,,,,,,,,,,,,0.0,True
burgers,8.0,10,Bayesian ridge,24,8,8,1.0,False,0.0008464171551167965,0.06825302092168488,0.45416666666666666,0.042916102748216424,0.6791666666666667,0.0706082053725476,0.976069319848593,21.75684185352067,0.0,-0.05576041825073178,,,,,,,,,,,,,
burgers,8.0,10,POPS hypercube,24,8,8,1.0,False,0.17772812489420176,0.06825302092168488,0.4828125,0.049699895800770874,0.6244791666666667,0.06393514416495057,0.9538090048007392,,,,,,,,,,,,,,,,
burgers,8.0,10,POPS ellipse,24,8,8,1.0,False,0.01119995815679431,0.06825302092168489,0.6916666666666667,0.08233171144386461,0.7770833333333333,0.11400520398814566,0.7124308378737377,inf,0.18072916666666666,-0.7480622994581458,,,,,,,,,,,,,
burgers,8.0,10,Ellipse+EB,24,8,8,1.0,False,0.0119012501090765,0.06825302092168489,0.8322916666666667,0.11240345444708119,0.921875,0.17633824870164025,0.5428038540143613,inf,0.027083333333333334,-1.6524794617552767,,,,,,,,,,,,,
burgers,8.0,10,Ellipse+PAC,24,8,8,1.0,False,0.15246770763769746,0.07863417035969782,0.9354166666666667,0.3197193847647017,0.9854166666666667,0.6690438588773493,0.46563353776463506,-1.6230431242434404,0.0,-1.6212361821746841,4.88606206890287,5.560681631015528,0.75,-1.4846009443725137,0.03518743753189047,0.34265580143795143,6.335475575743493,0.0,-1.5196910971952489,0.010260416666666666,-1.6167371837983782,,
burgers,8.0,10,Bayesian stacking,24,8,8,1.0,False,0.008527500089257956,0.07940148529832748,0.8979166666666667,0.24407953443441277,0.9359375,0.35978507928965997,0.7004044249182404,-0.43957955176417,0.0,-1.005684573614981,,,,,,,,,,,,,
burgers,8.0,10,PVI,24,8,8,1.0,False,1.9043499999679625,0.07065735745278506,0.7442708333333333,0.0885745781200659,0.8734375,0.14572833044464392,0.6481382384078099,1.2982781407243893,0.0,-1.386445161055495,,,,,,,,,,,,1.0,True
burgers,8.0,10,PVI (no KL),24,8,8,1.0,False,0.04631470795720816,0.07100939152546765,0.6901041666666666,0.09107687647879731,0.8057291666666667,0.1498452652337433,0.6460890514274101,300.13983268500937,0.0,-0.8767751818539107,,,,,,,,,,,,0.0,True
burgers,8.0,11,Bayesian ridge,24,8,8,1.0,False,0.0008143330924212933,0.07664183076730875,0.68125,0.05837497396003117,0.796875,0.09604208877420255,0.9644584413672143,29.536864023011578,0.0,-1.078713039674264,,,,,,,,,,,,,
burgers,8.0,11,POPS hypercube,24,8,8,1.0,False,0.15700287511572242,0.07664183076730875,0.46927083333333336,0.07147960670061358,0.6203125,0.08668405064433554,0.8974861686650151,,,,,,,,,,,,,,,,
burgers,8.0,11,POPS ellipse,24,8,8,1.0,False,0.01107441633939743,0.07664183076730881,0.7588541666666667,0.10905416661336273,0.8411458333333334,0.1510079444782407,0.652585986891999,inf,0.121875,-1.1850207062769025,,,,,,,,,,,,,
burgers,8.0,11,Ellipse+EB,24,8,8,1.0,False,0.010708665940910578,0.07664183076730882,0.8973958333333333,0.15140795852056244,0.9479166666666666,0.2343566527998357,0.5556245995043931,inf,0.033854166666666664,-1.7986763050039036,,,,,,,,,,,,,
burgers,8.0,11,Ellipse+PAC,24,8,8,1.0,False,0.1574117918498814,0.08578596464455948,0.8932291666666666,0.30947297216021163,0.9609375,0.6257300450378805,0.6960099918322593,inf,0.013541666666666667,-1.2482474575058637,5.050589138705039,5.560681631015528,0.75,-1.2734799479883034,0.042559744585754115,0.6668315172895495,6.281509342107588,0.0,-1.3999128717504483,0.019666666666666666,-1.2579802071604567,,
burgers,8.0,11,Bayesian stacking,24,8,8,1.0,False,0.011647582985460758,0.07747463599712162,0.6901041666666666,0.08093169601831018,0.8213541666666667,0.14252862336029007,1.0000447964582988,0.523075551440874,0.0,-0.8168852811261225,,,,,,,,,,,,,
burgers,8.0,11,PVI,24,8,8,1.0,False,1.7118421248160303,0.07618519499303048,0.7026041666666667,0.1154589097640133,0.8432291666666667,0.18996008236201506,0.6289151392706192,2.253385733156502,0.0,-1.1269822763825665,,,,,,,,,,,,1.0,True
burgers,8.0,11,PVI (no KL),24,8,8,1.0,False,0.06911908322945237,0.08357534732195696,0.5114583333333333,0.08752274277018265,0.6328125,0.1439977863913224,1.0839796048315904,3639.6947506013717,0.0,0.5928455971496649,,,,,,,,,,,,0.0,True
burgers,8.0,12,Bayesian ridge,24,8,8,1.0,False,0.0008614170365035534,0.0713800631209367,0.9328125,0.22186845298059577,0.9614583333333333,0.365031591653424,0.5091037153013999,-0.39615934239527856,0.0,-1.8187263858421625,,,,,,,,,,,,,
burgers,8.0,12,POPS hypercube,24,8,8,1.0,False,0.1627966659143567,0.0713800631209367,0.7255208333333333,0.15105084488206208,0.8958333333333334,0.20159835127485148,0.4927411549102508,,,,,,,,,,,,,,,,
burgers,8.0,12,POPS ellipse,24,8,8,1.0,False,0.009133666753768921,0.07138006312093668,0.8583333333333333,0.17174060280474623,0.928125,0.23781022053879883,0.38941566117593973,inf,0.0421875,-1.4942159746372254,,,,,,,,,,,,,
burgers,8.0,12,Ellipse+EB,24,8,8,1.0,False,0.00913937482982874,0.0713800631209367,0.9760416666666667,0.30725670425549717,0.9880208333333333,0.49600285568959024,0.41459992683298336,inf,0.00625,-1.6119136182271754,,,,,,,,,,,,,
burgers,8.0,12,Ellipse+PAC,24,8,8,1.0,False,0.204199125058949,0.08157021948954093,0.9947916666666666,2.144731591062472,0.9979166666666667,3.6053907121190045,2.181777006222553,inf,0.0015625,-0.753766397536183,5.312578137623388,5.560681631015528,0.501953125,-0.1737411008369546,0.03434599746760296,2.342118572910716,5.451973240992739,0.0,-0.1958615430877284,0.009760416666666667,-0.7464214137486922,,
burgers,8.0,12,Bayesian stacking,24,8,8,1.0,False,0.006922917440533638,0.07724757653196822,0.953125,0.26767085919244155,0.9739583333333334,0.4299578406789145,0.5078626594306552,-1.2181999962707002,0.0,-1.4304392542514672,,,,,,,,,,,,,
burgers,8.0,12,PVI,24,8,8,1.0,False,1.989793041255325,0.0728636068124665,0.9192708333333334,0.19384993340615472,0.9708333333333333,0.3189338041643423,0.35606625319730933,-1.7329672096762907,0.0,-1.925237286202155,,,,,,,,,,,,1.0,True
burgers,8.0,12,PVI (no KL),24,8,8,1.0,False,0.0953835416585207,0.07399185268191866,0.821875,0.17043009280525193,0.9098958333333333,0.28040204547594183,0.3986825298074636,4.317299382041583,0.0,-1.4306601603935158,,,,,,,,,,,,0.0,True
burgers,8.0,13,Bayesian ridge,24,8,8,1.0,False,0.0008902917616069317,0.10195548848050234,0.878125,0.28533429674974836,0.9604166666666667,0.46944949178953516,0.6019918957844375,-0.8707359088766823,0.0,-1.334644083817429,,,,,,,,,,,,,
burgers,8.0,13,POPS hypercube,24,8,8,1.0,False,0.1758134593255818,0.10195548848050234,0.6572916666666667,0.2639899394998589,0.8447916666666667,0.3334914607809611,0.8887055621206774,,,,,,,,,,,,,,,,
burgers,8.0,13,POPS ellipse,24,8,8,1.0,False,0.008961583022028208,0.10195548848050227,0.8984375,0.4241495898692687,0.9348958333333334,0.5873224261529394,0.5910034883838075,inf,0.04739583333333333,-1.0109813396364402,,,,,,,,,,,,,
burgers,8.0,13,Ellipse+EB,24,8,8,1.0,False,0.008610124699771404,0.10195548848050226,0.9885416666666667,0.5693284191147128,0.9942708333333333,0.8792932292282996,0.6199269936939614,inf,0.0015625,-1.1828676870353878,,,,,,,,,,,,,
burgers,8.0,13,Ellipse+PAC,24,8,8,1.0,False,0.19498970778658986,0.1430654710038363,0.9973958333333334,1.7709817963223218,1.0,3.419539641339614,1.772279788628533,-0.4871602475751129,0.0,-0.4791683077594025,5.460541663581067,5.560681631015528,2.5,-0.3059843837803105,0.04479277836501196,10.572828409332471,5.721733268996365,0.0,-0.41962532550193643,0.013979166666666668,-0.4711058208490374,,
burgers,8.0,13,Bayesian stacking,24,8,8,1.0,False,0.0071364170871675014,0.0908748191587954,0.909375,0.3462708454873583,0.9802083333333333,0.5252685548257265,0.5250015140381629,-0.4352989220224502,0.0,-0.5485016727956297,,,,,,,,,,,,,
burgers,8.0,13,PVI,24,8,8,1.0,False,2.905857834033668,0.188834443694292,0.8375,0.6676031544457343,0.9541666666666667,1.0983816706987464,1.0003601690310922,-0.2115527727233977,0.0,-0.33800793077072944,,,,,,,,,,,,1.0,True
burgers,8.0,13,PVI (no KL),24,8,8,1.0,False,0.33736604219302535,0.19288548957626156,0.8161458333333333,0.6385395511130411,0.8880208333333334,1.050564447289141,1.610348731449307,5.280059738567089,0.0,0.11070406990091936,,,,,,,,,,,,0.0,False
burgers,8.0,14,Bayesian ridge,24,8,8,1.0,False,0.0007644584402441978,0.07650975820080733,0.8796875,0.14097813173290016,0.9348958333333334,0.23194587208523673,0.5966141393211468,2.6310167790064383,0.0,-1.626754924275301,,,,,,,,,,,,,
burgers,8.0,14,POPS hypercube,24,8,8,1.0,False,0.1631514998152852,0.07650975820080733,0.6109375,0.0819851469747248,0.7765625,0.10783683362268771,0.7828227751515473,,,,,,,,,,,,,,,,
burgers,8.0,14,POPS ellipse,24,8,8,1.0,False,0.009329082909971476,0.07650975820080741,0.75,0.12639027200079198,0.8739583333333333,0.17501335134265908,0.5492919996249532,inf,0.07864583333333333,-1.0307793584306095,,,,,,,,,,,,,
burgers,8.0,14,Ellipse+EB,24,8,8,1.0,False,0.009662749711424112,0.07650975820080744,0.9489583333333333,0.22932423858990944,0.9692708333333333,0.3778649984806174,0.474995390316532,inf,0.015104166666666667,-1.5888515951971227,,,,,,,,,,,,,
burgers,8.0,14,Ellipse+PAC,24,8,8,1.0,False,0.1954607916995883,0.0767186852054369,0.971875,1.010872461262411,0.9854166666666667,1.6648541317929584,1.148909747093967,inf,0.0026041666666666665,-1.1317460640806616,5.225051626983354,5.560681631015528,1.015625,-1.244621933467663,0.038676873370782655,2.017417382386517,6.430996687080235,0.0,-1.3124274750948643,0.009427083333333332,-1.1310863688524218,,
burgers,8.0,14,Bayesian stacking,24,8,8,1.0,False,0.0066299582831561565,0.08190028098551944,0.8973958333333333,0.16804526819689394,0.9453125,0.26239334395694425,0.540614985401335,-0.5756305977228188,0.0,-1.2168403044772258,,,,,,,,,,,,,
burgers,8.0,14,PVI,24,8,8,1.0,False,1.667278166860342,0.07398418130278911,0.7578125,0.1376833950398461,0.8916666666666667,0.2265251691282028,0.453130374574533,-0.4295456651214965,0.0,-1.4789185543358105,,,,,,,,,,,,1.0,True
burgers,8.0,14,PVI (no KL),24,8,8,1.0,False,0.05093879206106067,0.07604706581128133,0.5697916666666667,0.08406059409051883,0.7083333333333334,0.1383016469623022,0.639754702371563,514.3732373762352,0.0,-0.1074277078371729,,,,,,,,,,,,0.0,True
burgers,8.0,15,Bayesian ridge,24,8,8,1.0,False,0.0007584169507026672,0.0791335380116814,0.7947916666666667,0.15753407718452123,0.9036458333333334,0.2591847293375612,0.7152106870158902,1.8603453948822737,0.0,-1.2478129069917874,,,,,,,,,,,,,
burgers,8.0,15,POPS hypercube,24,8,8,1.0,False,0.18408212531358004,0.0791335380116814,0.6760416666666667,0.10537701370404261,0.8161458333333333,0.14070845282796973,0.7421093956976929,,,,,,,,,,,,,,,,
burgers,8.0,15,POPS ellipse,24,8,8,1.0,False,0.008529541082680225,0.07913353801168135,0.7864583333333334,0.14583422209755809,0.884375,0.20193750314568026,0.5756225026982377,inf,0.08697916666666666,-1.0266498489961018,,,,,,,,,,,,,
burgers,8.0,15,Ellipse+EB,24,8,8,1.0,False,0.008616667240858078,0.07913353801168137,0.9135416666666667,0.20383586758395777,0.9567708333333333,0.32055412261686816,0.48800242841409,inf,0.01875,-1.4500946425158356,,,,,,,,,,,,,
burgers,8.0,15,Ellipse+PAC,24,8,8,1.0,False,0.17112274980172515,0.08549242220516211,0.984375,0.7033824449380901,0.9947916666666666,1.2486352862121763,0.7580496504703763,inf,0.0010416666666666667,-1.2293564541030595,5.298863992952303,5.560681631015528,2.5,-0.9765313399294279,0.04422973217091718,3.864806458501175,6.231165600710814,0.0,-1.0388257120228934,0.002625,-1.2226728706272552,,
burgers,8.0,15,Bayesian stacking,24,8,8,1.0,False,0.006970166694372892,0.09010664675816436,0.8416666666666667,0.23464500401662472,0.9625,0.3608649275838206,0.5961902729247615,-0.619844608274411,0.0,-0.9389659460696645,,,,,,,,,,,,,
burgers,8.0,15,PVI,24,8,8,1.0,False,2.4032080001197755,0.08062273030346413,0.8916666666666667,0.22555608657784249,0.9588541666666667,0.37109871270355066,0.5241405987216464,-0.8404355967282756,0.0,-1.257244540346171,,,,,,,,,,,,1.0,True
burgers,8.0,15,PVI (no KL),24,8,8,1.0,False,0.07059033308178186,0.07585438923117628,0.59375,0.11335176553693091,0.7177083333333333,0.18649327939511248,0.8883925773081819,375.738018280091,0.0,0.2622873859902897,,,,,,,,,,,,0.0,True
burgers,8.0,16,Bayesian ridge,24,8,8,1.0,False,0.0007152920588850975,0.08720871317806,0.5421875,0.060748033443066354,0.7890625,0.09994639183551403,1.037491544894704,9.17952247563721,0.0,-0.8114768978477488,,,,,,,,,,,,,
burgers,8.0,16,POPS hypercube,24,8,8,1.0,False,0.16195825021713972,0.08720871317806,0.35885416666666664,0.03827888113222186,0.4942708333333333,0.051353647811576045,1.3493339227907708,,,,,,,,,,,,,,,,
burgers,8.0,16,POPS ellipse,24,8,8,1.0,False,0.009817416314035654,0.08720871317806006,0.60625,0.0746991506565555,0.6828125,0.10343635227537169,1.0014678417911749,inf,0.27239583333333334,0.05182675790580433,,,,,,,,,,,,,
burgers,8.0,16,Ellipse+EB,24,8,8,1.0,False,0.009705542121082544,0.08720871317806003,0.7510416666666667,0.10705100444341624,0.896875,0.17363020037392726,0.7457072893954904,inf,0.04114583333333333,-1.3780076250489324,,,,,,,,,,,,,
burgers,8.0,16,Ellipse+PAC,24,8,8,1.0,False,0.1855512079782784,0.0729685143313102,0.8880208333333334,0.1478953159399266,0.9442708333333333,0.21186322340446384,0.4649897601325552,inf,0.0265625,-1.344387433162137,5.008427044794822,5.560681631015528,2.0,-1.821025847378831,0.036895759891578846,1.375035126956572,6.792557132282075,0.0,-1.8700918500059576,0.0057083333333333335,-1.363163360238896,,
burgers,8.0,16,Bayesian stacking,24,8,8,1.0,False,0.009303625207394361,0.10767413067202301,0.8015625,0.1928768080318467,0.915625,0.29244835117024964,0.9243726013570105,-0.26620995778686346,0.0,-0.9490986969255899,,,,,,,,,,,,,
burgers,8.0,16,PVI,24,8,8,1.0,False,1.7360531659796834,0.07735883727598847,0.8572916666666667,0.13621632449290572,0.9510416666666667,0.2241114546517948,0.4966496593208897,-1.1177113268286936,0.0,-1.852574899277993,,,,,,,,,,,,1.0,True
burgers,8.0,16,PVI (no KL),24,8,8,1.0,False,0.08931804215535522,0.07332902866117522,0.853125,0.1790279903769924,0.9177083333333333,0.29454783408771906,0.4644532821292769,13.817288280551823,0.0,-1.364473924253828,,,,,,,,,,,,0.0,True
burgers,8.0,17,Bayesian ridge,24,8,8,1.0,False,0.0007841656915843487,0.09597793776890703,0.43020833333333336,0.08484701030028163,0.6453125,0.13959550716142152,1.5007326285009346,11.212680016731216,0.0,0.7471017104474862,,,,,,,,,,,,,
burgers,8.0,17,POPS hypercube,24,8,8,1.0,False,0.17354412516579032,0.09597793776890703,0.35572916666666665,0.06483183888677845,0.5104166666666666,0.0868977759976351,1.6644641057328906,,,,,,,,,,,,,,,,
burgers,8.0,17,POPS ellipse,24,8,8,1.0,False,0.007222166750580072,0.09597793776890712,0.646875,0.1393288464434842,0.8213541666666667,0.19292947130162125,0.842321038223146,inf,0.13489583333333333,-0.318488931824057,,,,,,,,,,,,,
burgers,8.0,17,Ellipse+EB,24,8,8,1.0,False,0.007626791950315237,0.09597793776890709,0.8979166666666667,0.24167805475650847,0.9682291666666667,0.3961169603122876,0.5104107843117107,inf,0.005729166666666666,-1.2607120146623878,,,,,,,,,,,,,
burgers,8.0,17,Ellipse+PAC,24,8,8,1.0,False,0.34242116706445813,0.15696384489610588,0.9395833333333333,0.5247219803589286,0.978125,0.8863054960536728,0.7185097267994993,inf,0.0046875,-1.2137669347880078,5.542252251018779,5.560681631015528,4.0,-1.0203781899750222,0.04590110978854757,10.850849792428356,6.516729331205253,0.0,-1.1173303892419981,0.016458333333333332,-1.2147091512786845,,
burgers,8.0,17,Bayesian stacking,24,8,8,1.0,False,0.007756750099360943,0.10010603850113388,0.8255208333333334,0.2708988070599945,0.9385416666666667,0.44053821484052047,0.7370492313109108,-0.04553746019035317,0.0,-0.4652082036245533,,,,,,,,,,,,,
burgers,8.0,17,PVI,24,8,8,1.0,False,2.5894123748876154,0.08179285981836246,0.8348958333333333,0.19436252551844335,0.965625,0.31977715215773217,0.47419652791233263,-1.0011447361796184,0.0,-1.2746828916559632,,,,,,,,,,,,1.0,True
burgers,8.0,17,PVI (no KL),24,8,8,1.0,False,0.10180512489750981,0.0798030921389251,0.7828125,0.19951919361097442,0.8947916666666667,0.32826121889258103,0.4503466195831977,6.013787580102021,0.0,-0.7521029322989824,,,,,,,,,,,,0.0,True
burgers,8.0,18,Bayesian ridge,24,8,8,1.0,False,0.0008315420709550381,0.07069095966914396,0.4046875,0.02859516112373641,0.5953125,0.0470465135460088,1.1515959460976943,107.46853674736512,0.0,0.4820295910836375,,,,,,,,,,,,,
burgers,8.0,18,POPS hypercube,24,8,8,1.0,False,0.17049895785748959,0.07069095966914396,0.38697916666666665,0.0278810723994006,0.4984375,0.03783002780350137,1.1528932430040284,,,,,,,,,,,,,,,,
burgers,8.0,18,POPS ellipse,24,8,8,1.0,False,0.01227966696023941,0.07069095966914402,0.5880208333333333,0.051358089138962636,0.6713541666666667,0.07111584741829298,0.99137633032813,inf,0.28020833333333334,-0.0362384261875363,,,,,,,,,,,,,
burgers,8.0,18,Ellipse+EB,24,8,8,1.0,False,0.012162250000983477,0.07069095966914397,0.8270833333333333,0.09770369300883258,0.8942708333333333,0.16023164448488297,0.7124120702500337,inf,0.05572916666666667,-1.544504718269265,,,,,,,,,,,,,
burgers,8.0,18,Ellipse+PAC,24,8,8,1.0,False,0.2573747499845922,0.08010158826979785,0.9609375,0.9363539756159813,0.9744791666666667,1.5366518355496812,1.0756986291294177,inf,0.016145833333333335,-1.3083781738635192,5.522668441615751,5.560681631015528,3.0,-0.9075546858809469,0.036007569729115375,11.486385574476124,6.394215557767582,0.0,-0.9439542316074832,0.014708333333333334,-1.3144425659872758,,
burgers,8.0,18,Bayesian stacking,24,8,8,1.0,False,0.007361165713518858,0.07418948634242652,0.8260416666666667,0.16720956656929625,0.9010416666666666,0.2839115186911986,0.7831502293403242,0.29627373736656626,0.0,-0.8104190999131039,,,,,,,,,,,,,
burgers,8.0,18,PVI,24,8,8,1.0,False,1.7534880000166595,0.07121072168049462,0.5760416666666667,0.06822322905667892,0.73125,0.11224504230204223,0.8938047711233995,151.54497440649325,0.0,-0.1038028910001668,,,,,,,,,,,,0.01,True
burgers,8.0,18,PVI (no KL),24,8,8,1.0,False,0.028218207880854607,0.0711983546941711,0.5708333333333333,0.06801234600926369,0.7322916666666667,0.11189808457363798,0.8935521111868413,485.1194569290872,0.0,-0.10703853524076708,,,,,,,,,,,,0.0,True
burgers,8.0,19,Bayesian ridge,24,8,8,1.0,False,0.0007397080771625042,0.06889384534288008,0.8942708333333333,0.17409446461977762,0.9510416666666667,0.2864308948139019,0.4906902875209565,1.0468715371197421,0.0,-1.6203986479036045,,,,,,,,,,,,,
burgers,8.0,19,POPS hypercube,24,8,8,1.0,False,0.1785864168778062,0.06889384534288008,0.5078125,0.10178481702854694,0.7223958333333333,0.1342689492298747,0.7225178010690356,,,,,,,,,,,,,,,,
burgers,8.0,19,POPS ellipse,24,8,8,1.0,False,0.007851709146052599,0.06889384534288008,0.7765625,0.14234155953652075,0.8921875,0.19710119280122312,0.43325924844168484,inf,0.07916666666666666,-1.1123539336018788,,,,,,,,,,,,,
burgers,8.0,19,Ellipse+EB,24,8,8,1.0,False,0.007811000104993582,0.06889384534288005,0.9255208333333333,0.17637330765713202,0.984375,0.2710144401310766,0.3268040928757107,inf,0.009375,-1.6932617358527173,,,,,,,,,,,,,
burgers,8.0,19,Ellipse+PAC,24,8,8,1.0,False,0.1807520417496562,0.07781875615915781,0.9244791666666666,0.24994631410978904,0.9875,0.4143332180772044,0.41470367568944805,inf,0.0020833333333333333,-1.4219574522436151,5.281089225030344,5.560681631015528,2.5,-1.4007594174129048,0.040302906977422844,4.334258319773076,6.641545735465826,0.0,-1.4428920371483407,0.004697916666666666,-1.4176954129069492,,
burgers,8.0,19,Bayesian stacking,24,8,8,1.0,False,0.006917667109519243,0.06813822356322301,0.8588541666666667,0.15436059033981755,0.9479166666666666,0.27091136956295153,0.5197123148045203,-0.8791742070320813,0.0,-1.3164068265104103,,,,,,,,,,,,,
burgers,8.0,19,PVI,24,8,8,1.0,False,1.67780508287251,0.06747385101996327,0.8802083333333334,0.1809688524888071,0.9536458333333333,0.29774105951629093,0.4202998431852775,2.410781015880156,0.0,-1.4475197372557507,,,,,,,,,,,,1.0,True
burgers,8.0,19,PVI (no KL),24,8,8,1.0,False,0.02809845795854926,0.07187708358247388,0.68125,0.1421091134781845,0.8338541666666667,0.23380663264432444,0.6481913848979513,50.67771259691869,0.0,-0.3741896779667873,,,,,,,,,,,,0.0,True
burgers,8.0,20,Bayesian ridge,24,8,8,1.0,False,0.0009053749963641167,0.07207575791364813,0.6375,0.06711244410289134,0.8255208333333334,0.11041751074350549,0.8198597377238486,7.291057314427666,0.0,-1.1559182844776639,,,,,,,,,,,,,
burgers,8.0,20,POPS hypercube,24,8,8,1.0,False,0.17814508313313127,0.07207575791364813,0.459375,0.04561250167804422,0.5942708333333333,0.06085037816069745,1.0057782312465928,,,,,,,,,,,,,,,,
burgers,8.0,20,POPS ellipse,24,8,8,1.0,False,0.011349249631166458,0.07207575791364816,0.7130208333333333,0.09358239964256208,0.8427083333333333,0.12958409795993023,0.5739116000694965,inf,0.11666666666666667,-1.1917655921277133,,,,,,,,,,,,,
burgers,8.0,20,Ellipse+EB,24,8,8,1.0,False,0.011579125188291073,0.07207575791364818,0.9411458333333333,0.1721852944030329,0.9671875,0.2805522837473074,0.4126764351445119,inf,0.013541666666666667,-1.8657636951968546,,,,,,,,,,,,,
burgers,8.0,20,Ellipse+PAC,24,8,8,1.0,False,0.17462641699239612,0.1104094961491171,0.9380208333333333,0.43991972894930526,0.9723958333333333,1.0152060118224793,0.6418707421035287,inf,0.015104166666666667,-1.1414225456578597,5.197829318260851,5.560681631015528,2.0,-1.6006679172574398,0.04464694481892993,4.165882905583923,6.753850290699361,0.0,-1.680812073252111,0.011,-1.1511065878595825,,
burgers,8.0,20,Bayesian stacking,24,8,8,1.0,False,0.0088149169459939,0.09297389116292186,0.8765625,0.24423746366485885,0.9395833333333333,0.38434374837954677,0.7301675228614151,-0.7323213394464908,0.0,-1.2182239363085003,,,,,,,,,,,,,
burgers,8.0,20,PVI,24,8,8,1.0,False,1.9144580829888582,0.13538722925788058,0.6505208333333333,0.21661602848332573,0.8692708333333333,0.35638998060633387,0.9059008944378765,0.1582574147104033,0.0,-0.6605723899525506,,,,,,,,,,,,1.0,True
burgers,8.0,20,PVI (no KL),24,8,8,1.0,False,0.06152579095214605,0.07624294904984222,0.771875,0.13293412795107523,0.8546875,0.21871138352095892,0.6238393581240739,36.27381773726767,0.0,-0.9414910831023867,,,,,,,,,,,,0.0,True
burgers,8.0,21,Bayesian ridge,24,8,8,1.0,False,0.0007808748632669449,0.08768115824786908,0.4661458333333333,0.052368796910827964,0.7203125,0.08616035778194352,1.1180307527312954,7.526949631096161,0.0,-0.33604353696969663,,,,,,,,,,,,,
burgers,8.0,21,POPS hypercube,24,8,8,1.0,False,0.17413079179823399,0.08768115824786908,0.37864583333333335,0.03662923755680893,0.5104166666666666,0.04737294723781768,1.1881384381832527,,,,,,,,,,,,,,,,
burgers,8.0,21,POPS ellipse,24,8,8,1.0,False,0.01921104174107313,0.08768115824786911,0.5473958333333333,0.06660193429622618,0.6885416666666667,0.09222408926387222,1.0352291333836157,inf,0.26666666666666666,0.03266721148132261,,,,,,,,,,,,,
burgers,8.0,21,Ellipse+EB,24,8,8,1.0,False,0.01962520880624652,0.08768115824786914,0.6140625,0.07570991318251945,0.79375,0.11399664536486044,0.9405001917517353,inf,0.10052083333333334,-0.7787248220107272,,,,,,,,,,,,,
burgers,8.0,21,Ellipse+PAC,24,8,8,1.0,False,0.2705484996549785,0.09910651359194336,0.9270833333333334,0.49059351738487067,0.9828125,0.8066038829188534,0.700388958081935,inf,0.007291666666666667,-1.082241156159387,5.442539742458448,5.560681631015528,2.5,-0.8683483210413777,0.04046732340452017,10.357198219811124,6.270420740095306,0.0,-0.9057339827365702,0.013364583333333332,-1.083315794098325,,
burgers,8.0,21,Bayesian stacking,24,8,8,1.0,False,0.008950917050242424,0.0973462637126606,0.45416666666666666,0.12896931144194537,0.7104166666666667,0.21346035948139291,1.329554717016687,2.2540923990457165,0.0,0.5106012495954543,,,,,,,,,,,,,
burgers,8.0,21,PVI,24,8,8,1.0,False,2.6834829999133945,0.11312026839797291,0.715625,0.21802417196410614,0.8421875,0.3587067446580065,0.6945548000114913,8.491780647369897,0.0,-0.6069230966153484,,,,,,,,,,,,0.1,True
burgers,8.0,21,PVI (no KL),24,8,8,1.0,False,0.05512308282777667,0.11264267430211328,0.7104166666666667,0.2185204605358185,0.8286458333333333,0.35952326906613136,0.7006100291557745,51.40059035127133,0.0,-0.5086347949036154,,,,,,,,,,,,0.0,True
burgers,8.0,22,Bayesian ridge,24,8,8,1.0,False,0.0007690833881497383,0.08383932428231859,0.8354166666666667,0.10284284646463698,0.8963541666666667,0.16920336095929062,0.8272547068601154,6.804316637846418,0.0,-1.655168362708554,,,,,,,,,,,,,
burgers,8.0,22,POPS hypercube,24,8,8,1.0,False,0.1556092919781804,0.08383932428231859,0.65625,0.17585788580359576,0.8020833333333334,0.19691753267509607,0.6303103838744856,,,,,,,,,,,,,,,,
burgers,8.0,22,POPS ellipse,24,8,8,1.0,False,0.00884129200130701,0.08383932428231855,0.8973958333333333,0.31121517118464787,0.9260416666666667,0.4309414738609256,0.6599995388223099,inf,0.06145833333333333,-1.1071456589758142,,,,,,,,,,,,,
burgers,8.0,22,Ellipse+EB,24,8,8,1.0,False,0.009054957889020443,0.08383932428231858,0.9380208333333333,0.3491811649800389,0.965625,0.5200493070422623,0.6214285677251935,inf,0.017708333333333333,-1.29838517420995,,,,,,,,,,,,,
burgers,8.0,22,Ellipse+PAC,24,8,8,1.0,False,0.24286770913749933,0.13188432290031712,0.940625,1.5826965437836855,0.9682291666666667,2.4943690040278432,1.9190104891360549,inf,0.0125,-0.8595918376170942,5.391646966530371,5.560681631015528,1.5,-0.8648190967169447,0.03355768257113738,4.551606523708985,6.222908380676179,0.0,-0.8834047332710824,0.008739583333333334,-0.8669698914359376,,
burgers,8.0,22,Bayesian stacking,24,8,8,1.0,False,0.009800416883081198,0.08532321709936078,0.871875,0.19585532409361178,0.9098958333333333,0.31167543914187795,0.8704478123521575,-0.14462366156056525,0.0,-1.3600920326322092,,,,,,,,,,,,,
burgers,8.0,22,PVI,24,8,8,1.0,False,2.9662804580293596,0.07737244729292689,0.8307291666666666,0.21600262326743996,0.8911458333333333,0.3553807687094858,0.7458910668298555,113.40472446204642,0.0,-0.9889328387419999,,,,,,,,,,,,0.0,True
burgers,8.0,22,PVI (no KL),24,8,8,1.0,False,0.13402716675773263,0.07737244729292689,0.8307291666666666,0.21600262326743996,0.8911458333333333,0.3553807687094858,0.7458910668298555,113.40472446204642,0.0,-0.9889328387419999,,,,,,,,,,,,0.0,True
burgers,8.0,23,Bayesian ridge,24,8,8,1.0,False,0.000781291164457798,0.07618518315599773,0.7020833333333333,0.09152575298736935,0.840625,0.15058378440660747,0.8268489857198692,4.036944693047228,0.0,-1.2750915376877177,,,,,,,,,,,,,
burgers,8.0,23,POPS hypercube,24,8,8,1.0,False,0.16933300020173192,0.07618518315599773,0.5901041666666667,0.06272117595683428,0.6921875,0.0797087361123263,0.8559347692587067,,,,,,,,,,,,,,,,
burgers,8.0,23,POPS ellipse,24,8,8,1.0,False,0.01904279226437211,0.07618518315599777,0.753125,0.12341416966400832,0.8380208333333333,0.17089232497208554,0.6046790696506984,inf,0.1265625,-1.1405070459011133,,,,,,,,,,,,,
burgers,8.0,23,Ellipse+EB,24,8,8,1.0,False,0.020647292025387287,0.07618518315599776,0.8411458333333334,0.13968976526442092,0.9161458333333333,0.2066950174568088,0.5318715713794531,inf,0.034375,-1.6357686215065934,,,,,,,,,,,,,
burgers,8.0,23,Ellipse+PAC,24,8,8,1.0,False,0.2484262501820922,0.07904598558812394,0.996875,3.107268316529086,1.0,10.167228732985857,3.1217010585650016,-1.0969647735692059,0.0,-1.0889576474792644,5.436730173325707,5.560681631015528,3.0,-1.092248178127741,0.0462283810232262,7.547551767482156,6.482749970430222,0.0,-1.1832192913276882,0.00790625,-1.080866301466129,,
burgers,8.0,23,Bayesian stacking,24,8,8,1.0,False,0.008657499682158232,0.08464802700292888,0.7875,0.19502621083229502,0.8963541666666667,0.3405948363550845,0.8627227360446379,-0.3244392774726575,0.0,-1.1395768063270255,,,,,,,,,,,,,
burgers,8.0,23,PVI,24,8,8,1.0,False,3.0801635831594467,0.07385491748820296,0.6411458333333333,0.0781641488694472,0.7708333333333334,0.12860045350631663,0.9232698616602211,16.468632725469273,0.0,-0.549865577873759,,,,,,,,,,,,0.1,True
burgers,8.0,23,PVI (no KL),24,8,8,1.0,False,0.11291245836764574,0.07604832643932759,0.515625,0.057411010493736474,0.6270833333333333,0.09445611693516834,1.2091944009336124,557.0489274378313,0.0,0.6050088822268568,,,,,,,,,,,,0.0,True
burgers,8.0,24,Bayesian ridge,24,8,8,1.0,False,0.0007590833120048046,0.07485352302170506,0.7651041666666667,0.1582992472698394,0.95625,0.2604436341091815,0.5322039417305244,0.51216155109258,0.0,-1.3851744034581064,,,,,,,,,,,,,
burgers,8.0,24,POPS hypercube,24,8,8,1.0,False,0.17474608309566975,0.07485352302170506,0.5552083333333333,0.09178067488296154,0.7088541666666667,0.12042202108540684,0.7497158933221338,,,,,,,,,,,,,,,,
burgers,8.0,24,POPS ellipse,24,8,8,1.0,False,0.013269375078380108,0.0748535230217052,0.8473958333333333,0.23231462029568026,0.9010416666666666,0.32168741802841877,0.569448609737783,inf,0.08229166666666667,-0.969927356595986,,,,,,,,,,,,,
burgers,8.0,24,Ellipse+EB,24,8,8,1.0,False,0.012970250099897385,0.07485352302170518,0.925,0.2755152204584603,0.9713541666666666,0.41639077835161586,0.49452774758254214,inf,0.018229166666666668,-1.39986470161914,,,,,,,,,,,,,
burgers,8.0,24,Ellipse+PAC,24,8,8,1.0,False,0.21031312504783273,0.07477600949037043,0.9729166666666667,0.4700935429609522,0.9901041666666667,0.7416159378701607,0.585789880254902,inf,0.0036458333333333334,-1.5356142312225802,5.214713672446367,5.560681631015528,2.0,-1.2604998138579258,0.037549365844878745,3.178153063065609,6.437664120459414,0.0,-1.3105876884270535,0.008697916666666666,-1.5315016376219601,,
burgers,8.0,24,Bayesian stacking,24,8,8,1.0,False,0.009345042053610086,0.09106861853682591,0.909375,0.3219446170329556,0.953125,0.4782955639269584,0.651763764373067,-0.4370766137554478,0.0,-0.8183292098054561,,,,,,,,,,,,,
burgers,8.0,24,PVI,24,8,8,1.0,False,2.5078748748637736,0.15550176098965673,1.0,17.256185575222144,1.0,28.390935267129212,17.256185575222144,2.2330499320619412,0.0,2.2223438290640463,,,,,,,,,,,,10.0,True
burgers,8.0,24,PVI (no KL),24,8,8,1.0,False,0.11378904199227691,0.10234514253482221,0.9046875,0.49661640587381534,0.9666666666666667,0.8170637810016917,0.7818045236319439,-0.18594214120684902,0.0,-0.8248129143236925,,,,,,,,,,,,0.0,True
burgers,8.0,25,Bayesian ridge,24,8,8,1.0,False,0.0007195831276476383,0.06803708129307966,0.8447916666666667,0.13966639911439183,0.9369791666666667,0.22978772909949333,0.5289697661868356,2.9981715750738895,0.0,-1.5693806959476972,,,,,,,,,,,,,
burgers,8.0,25,POPS hypercube,24,8,8,1.0,False,0.1589206252247095,0.06803708129307966,0.6223958333333334,0.0878164557095456,0.7677083333333333,0.11489627992110853,0.7095532804402287,,,,,,,,,,,,,,,,
burgers,8.0,25,POPS ellipse,24,8,8,1.0,False,0.009479708038270473,0.06803708129307968,0.8395833333333333,0.16697299696186704,0.90625,0.23120848875015373,0.45053064993339326,inf,0.06614583333333333,-1.2756060116578591,,,,,,,,,,,,,
burgers,8.0,25,Ellipse+EB,24,8,8,1.0,False,0.009659625124186277,0.06803708129307968,0.94375,0.21183511188432236,0.9770833333333333,0.3281188961091067,0.38606780844629246,inf,0.013541666666666667,-1.6734202230038198,,,,,,,,,,,,,
burgers,8.0,25,Ellipse+PAC,24,8,8,1.0,False,0.20359225012362003,0.08315962486608171,0.9802083333333333,1.1686548912899373,0.9911458333333333,1.8583938532079884,1.234321756619858,inf,0.004166666666666667,-1.2970802447028362,5.22765592415226,5.560681631015528,0.50390625,-1.074905165541321,0.0389759046412544,1.4635225322761247,6.263585185052326,0.0,-1.1176638100469822,0.012854166666666667,-1.2921256747905874,,
burgers,8.0,25,Bayesian stacking,24,8,8,1.0,False,0.009379332885146141,0.07136563072462043,0.9171875,0.26501429143213645,0.9666666666666667,0.41040529048074187,0.5366013043891419,-0.8098437027320416,0.0,-1.0930760114763207,,,,,,,,,,,,,
burgers,8.0,25,PVI,24,8,8,1.0,False,2.318866374902427,0.08409958726286823,0.6932291666666667,0.1424758822609454,0.8265625,0.23441006314893853,0.7516374023692909,79.71044527343454,0.0,-0.5541111024682686,,,,,,,,,,,,0.01,True
burgers,8.0,25,PVI (no KL),24,8,8,1.0,False,0.036561124958097935,0.07899878426542856,0.6755208333333333,0.11982315428089896,0.8380208333333333,0.19714040521081064,0.6391162174797089,158.27491220689092,0.0,-0.5978008674722742,,,,,,,,,,,,0.0,True
burgers,8.0,26,Bayesian ridge,24,8,8,1.0,False,0.0007443330250680447,0.10683072225002141,0.45677083333333335,0.05857430033169154,0.7208333333333333,0.09637003275059133,1.4141239980869822,9.065405818720276,0.0,-0.32572522573959206,,,,,,,,,,,,,
burgers,8.0,26,POPS hypercube,24,8,8,1.0,False,0.17137612495571375,0.10683072225002141,0.28125,0.03832045910727796,0.4119791666666667,0.04973291493038478,1.8094124553263369,,,,,,,,,,,,,,,,
burgers,8.0,26,POPS ellipse,24,8,8,1.0,False,0.013436167035251856,0.10683072225002162,0.5760416666666667,0.07576895600403771,0.7479166666666667,0.10491771801802938,1.22467600961887,inf,0.19427083333333334,-0.3889645574053416,,,,,,,,,,,,,
burgers,8.0,26,Ellipse+EB,24,8,8,1.0,False,0.013717916328459978,0.1068307222500216,0.7791666666666667,0.10655679912537111,0.8921875,0.16811539668880293,0.9544952361651199,inf,0.0625,-1.3659171907636722,,,,,,,,,,,,,
burgers,8.0,26,Ellipse+PAC,24,8,8,1.0,False,0.08921629190444946,0.10533995060026034,0.6828125,0.09808722383254999,0.7776041666666667,0.15638677240417412,1.2718132853187454,inf,0.043229166666666666,-0.45572519860786787,4.625339063192907,5.560681631015528,2.03125,-2.0893917211177593,0.0314282405666137,6.22205034446925e-05,6.683302543744053,0.0,-2.092074347046608,0.0,-0.5433404067640759,,
burgers,8.0,26,Bayesian stacking,24,8,8,1.0,False,0.008554665837436914,0.12917494969157328,0.6088541666666667,0.1738302674538878,0.8302083333333333,0.27190515003271387,1.48039862361624,1.3989088140345716,0.0,-0.22379865816591588,,,,,,,,,,,,,
burgers,8.0,26,PVI,24,8,8,1.0,False,1.866514707915485,0.09325812490495475,0.7583333333333333,0.1023173559884345,0.8895833333333333,0.16833879178620642,0.7639179441275982,0.08726363612190115,0.0,-1.4323160663364394,,,,,,,,,,,,1.0,True
burgers,8.0,26,PVI (no KL),24,8,8,1.0,False,0.0229182499460876,0.08642101176003514,0.5244791666666667,0.05061171883220176,0.6458333333333334,0.08326950512090137,1.2636173627109144,497.25218135975626,0.0,0.37851042081721176,,,,,,,,,,,,0.0,True
burgers,8.0,27,Bayesian ridge,24,8,8,1.0,False,0.0007765418849885464,0.081986981734117,0.440625,0.05268928802263045,0.6161458333333333,0.08668764942291543,1.2860254188753222,15.587353708161563,0.0,0.3818903393344367,,,,,,,,,,,,,
burgers,8.0,27,POPS hypercube,24,8,8,1.0,False,0.17099720891565084,0.081986981734117,0.325,0.03336101783794877,0.434375,0.04628509543918489,1.5247033215124406,,,,,,,,,,,,,,,,
burgers,8.0,27,POPS ellipse,24,8,8,1.0,False,0.01038404181599617,0.08198698173411706,0.4041666666666667,0.04620731693112742,0.5020833333333333,0.06398354291553647,1.3905513246407253,inf,0.45625,1.5416826963489076,,,,,,,,,,,,,
burgers,8.0,27,Ellipse+EB,24,8,8,1.0,False,0.010958540719002485,0.08198698173411709,0.7838541666666666,0.12696878323355415,0.9322916666666666,0.2128537262520505,0.6789226489070482,inf,0.0265625,-1.349179087601829,,,,,,,,,,,,,
burgers,8.0,27,Ellipse+PAC,24,8,8,1.0,False,0.2916487092152238,0.11124335890587408,0.9369791666666667,0.3947069508049028,0.9755208333333333,0.6487146082197779,0.6533976979312245,inf,0.0067708333333333336,-1.25088543457528,5.55034517399939,5.560681631015528,3.0,-0.7008037653849981,0.042729691437604855,10.778724008644286,6.208419247946783,0.0,-0.7792271001740942,0.011093750000000001,-1.254049059931175,,
burgers,8.0,27,Bayesian stacking,24,8,8,1.0,False,0.009168250020593405,0.1360810450489208,0.8203125,0.26907968949487554,0.9265625,0.394899973172165,0.9028970152858242,0.34302539225454853,0.0,-0.46106492094202356,,,,,,,,,,,,,
burgers,8.0,27,PVI,24,8,8,1.0,False,2.4834976671263576,0.07001969599787836,0.8588541666666667,0.15984940126958205,0.9567708333333333,0.2629940425797515,0.38386771868506303,-1.5859288308500366,0.0,-1.7362932763315877,,,,,,,,,,,,1.0,True
burgers,8.0,27,PVI (no KL),24,8,8,1.0,False,0.034457082860171795,0.08342709427566762,0.709375,0.13316393277658167,0.8145833333333333,0.21908947251963048,0.7887876742019112,2052.14408091188,0.0,-0.5387882335239268,,,,,,,,,,,,0.0,True
burgers,8.0,28,Bayesian ridge,24,8,8,1.0,False,0.0008276673033833504,0.08995800355820105,0.8677083333333333,0.18178813311680447,0.9546875,0.29908899027269664,0.5584374786608806,-0.994891863915047,0.0,-1.6127727467998658,,,,,,,,,,,,,
burgers,8.0,28,POPS hypercube,24,8,8,1.0,False,0.16282212501391768,0.08995800355820105,0.5359375,0.1574770281903413,0.740625,0.19745472038726533,1.1175455280320294,,,,,,,,,,,,,,,,
burgers,8.0,28,POPS ellipse,24,8,8,1.0,False,0.011911207810044289,0.08995800355820097,0.8932291666666666,0.2855804292255692,0.9541666666666667,0.39544489623638707,0.37706771375963744,inf,0.026041666666666668,-1.360176720895989,,,,,,,,,,,,,
burgers,8.0,28,Ellipse+EB,24,8,8,1.0,False,0.012523207813501358,0.08995800355820091,0.9661458333333334,0.30988307858461245,0.9916666666666667,0.4572749971460982,0.3648015098507447,inf,0.0046875,-1.6152191851376865,,,,,,,,,,,,,
burgers,8.0,28,Ellipse+PAC,24,8,8,1.0,False,0.24809700017794967,0.0787709877742265,0.9984375,6.849391134803569,1.0,15.371019921408088,6.8525519963931485,-0.5409026276563557,0.0,-0.5348971200656908,5.513569183761173,5.560681631015528,1.125,0.389049081460761,0.04378018768947546,3.450693869222237,5.080739914610937,0.0,0.31121635581333307,0.024875,-0.5287834745472394,,
burgers,8.0,28,Bayesian stacking,24,8,8,1.0,False,0.009106416255235672,0.10038850144100865,0.8979166666666667,0.341025848403915,0.9791666666666666,0.5157094872095199,0.4857470451249969,-0.7367898508414986,0.0,-0.8626557911373497,,,,,,,,,,,,,
burgers,8.0,28,PVI,24,8,8,1.0,False,2.0607143747620285,0.09189414049460584,0.925,0.33191248122734135,0.9828125,0.5460827787114464,0.41111381127953783,-1.5008965895852204,0.0,-1.5151619129516798,,,,,,,,,,,,1.0,True
burgers,8.0,28,PVI (no KL),24,8,8,1.0,False,0.13588391710072756,0.10230875371601443,0.8114583333333333,0.21027925850820536,0.8963541666666667,0.3459643378487215,0.37478916615953695,369.3744713545704,0.0,-0.9607143383099939,,,,,,,,,,,,0.0,True
burgers,8.0,29,Bayesian ridge,24,8,8,1.0,False,0.000792959239333868,0.07648801602852542,0.44427083333333334,0.02834290462637427,0.609375,0.046631485679270696,1.2491081296322732,61.47697555313807,0.0,0.1633267280664007,,,,,,,,,,,,,
burgers,8.0,29,POPS hypercube,24,8,8,1.0,False,0.1712368750013411,0.07648801602852542,0.4546875,0.03512837038561713,0.56875,0.04413933160948226,1.1215631178485919,,,,,,,,,,,,,,,,
burgers,8.0,29,POPS ellipse,24,8,8,1.0,False,0.017162249889224768,0.07648801602852531,0.6296875,0.06429733998307685,0.7390625,0.08903290399427354,0.8646381574362285,inf,0.19895833333333332,-0.7330113984166776,,,,,,,,,,,,,
burgers,8.0,29,Ellipse+EB,24,8,8,1.0,False,0.017854500096291304,0.07648801602852537,0.7260416666666667,0.07708953064531905,0.8552083333333333,0.11774330677282281,0.781971707515302,inf,0.06822916666666666,-1.4882810950867253,,,,,,,,,,,,,
burgers,8.0,29,Ellipse+PAC,24,8,8,1.0,False,0.24035333283245564,0.07186966525724087,0.9552083333333333,0.23702163781601326,0.9895833333333334,0.4320173564576046,0.3792844869655063,inf,0.0020833333333333333,-1.657242456253525,5.4531136600425985,5.560681631015528,4.0,-1.5776611229612678,0.04563473830946724,9.276383853664672,6.985140044694399,0.0,-1.6943917777738398,0.0066770833333333335,-1.6532246617864919,,
burgers,8.0,29,Bayesian stacking,24,8,8,1.0,False,0.008631457574665546,0.0807476931508883,0.6510416666666666,0.1237346339431145,0.821875,0.20736823984190095,1.1434517274738123,0.6390242148353895,0.0,-0.7009739614149614,,,,,,,,,,,,,
burgers,8.0,29,PVI,24,8,8,1.0,False,1.6997525421902537,0.0788959762929922,0.565625,0.05697376800375054,0.6916666666666667,0.09373673876349096,1.1041228274794221,17.554918854715755,0.0,-0.18240832024428463,,,,,,,,,,,,1.0,True
burgers,8.0,29,PVI (no KL),24,8,8,1.0,False,0.04224000032991171,0.07926669500959271,0.4875,0.04725891775161243,0.5958333333333333,0.07775327107093537,1.2589782417852904,2046.8848529919844,0.0,0.6553945953041147,,,,,,,,,,,,0.0,True
burgers,16.0,0,Bayesian ridge,48,16,8,2.0,False,0.0007895417511463165,0.06855183204210678,0.74375,0.09856954304934434,0.8947916666666667,0.16217265999055624,0.6335875637444803,1.7874740805138563,0.0,-1.450658701326204,,,,,,,,,,,,,
burgers,16.0,0,POPS hypercube,48,16,8,2.0,False,0.20340412529185414,0.06855183204210678,0.7515625,0.1174873656663508,0.9052083333333333,0.15661177381676014,0.4193507593128463,,,,,,,,,,,,,,,,
burgers,16.0,0,POPS ellipse,48,16,8,2.0,False,0.0064429170452058315,0.06855183204210674,0.8161458333333333,0.13368475396467652,0.925,0.18511406332466998,0.3939688377986227,inf,0.052083333333333336,-1.5015512065732384,,,,,,,,,,,,,
burgers,16.0,0,Ellipse+EB,48,16,8,2.0,False,0.011327540967613459,0.06855183204210674,0.9421875,0.17728711232524544,0.9817708333333334,0.2780316478757161,0.339996166915517,inf,0.009895833333333333,-1.8323916507305844,,,,,,,,,,,,,
burgers,16.0,0,Ellipse+PAC,48,16,8,2.0,False,0.11811637505888939,0.07127003031724141,0.9291666666666667,0.19058770121985705,0.9796875,0.2901712240120842,0.31172285414075157,inf,0.005208333333333333,-1.7496579740303095,3.39175419306227,5.560681631015528,0.515625,-1.9820312560352318,0.03155693345303901,0.000131133026764271,5.342228515644463,0.0,-1.9839790269810658,0.0,-1.7460466820805407,,
burgers,16.0,0,Bayesian stacking,48,16,8,2.0,False,0.01690820837393403,0.06749302062253126,0.8666666666666667,0.17164762022681138,0.9447916666666667,0.2938635733434888,0.5854202809146026,-0.6535620570874366,0.0,-1.3197037804764036,,,,,,,,,,,,,
burgers,16.0,0,PVI,48,16,8,2.0,False,2.0237222090363503,0.07277900403149949,0.8572916666666667,0.28670972246575505,0.9369791666666667,0.4717124265671932,0.5646326834586698,-0.668321168585961,0.0,-1.4270494432099252,,,,,,,,,,,,1.0,True
burgers,16.0,0,PVI (no KL),48,16,8,2.0,False,0.021837832871824503,0.07464560096120303,0.7880208333333333,0.30454944803475115,0.871875,0.5010634376353618,0.6454816543209511,681.6923962657008,0.0,-0.8639188496245503,,,,,,,,,,,,0.0,True
burgers,16.0,1,Bayesian ridge,48,16,8,2.0,False,0.0007657920941710472,0.08326543952477163,0.6609375,0.1355772901900329,0.9015625,0.22306007620855484,0.7751457625128936,1.9559437425297825,0.0,-0.8385455010275248,,,,,,,,,,,,,
burgers,16.0,1,POPS hypercube,48,16,8,2.0,False,0.23007404105737805,0.08326543952477163,0.490625,0.3364936479163433,0.8208333333333333,0.42098280486528206,1.3818806529791943,,,,,,,,,,,,,,,,
burgers,16.0,1,POPS ellipse,48,16,8,2.0,False,0.009691833984106779,0.08326543952477157,0.9588541666666667,0.43662557634522653,0.9854166666666667,0.6045979978397333,0.4915613036063849,inf,0.007291666666666667,-1.3851731200931061,,,,,,,,,,,,,
burgers,16.0,1,Ellipse+EB,48,16,8,2.0,False,0.005022999830543995,0.08326543952477157,0.9973958333333334,0.5009922744974123,0.9984375,0.7405232800929634,0.5130264237955809,-1.332989689898382,0.0,-1.3332360539509294,,,,,,,,,,,,,
burgers,16.0,1,Ellipse+PAC,48,16,8,2.0,False,0.19196120789274573,0.08763660939863796,0.9958333333333333,0.6430133640540933,0.9994791666666667,1.7149693478623589,0.6536598825540705,-1.2946741355702711,0.0,-1.2854931193226344,4.276746431742481,5.560681631015528,2.0,-1.200006467959701,0.04038902987084736,1.2462529414033543,5.436363869831334,0.0,-1.238455369090536,0.005703125,-1.2762132125716665,,
burgers,16.0,1,Bayesian stacking,48,16,8,2.0,False,0.01371008437126875,0.07856636611275919,0.9546875,0.29515287325136214,0.9677083333333333,0.4424483154401653,0.5085324877717595,-0.5610852389085392,0.0,-1.0306947550970527,,,,,,,,,,,,,
burgers,16.0,1,PVI,48,16,8,2.0,False,2.5713292500004172,0.1004476658200456,0.9302083333333333,0.5255475762135718,0.9786458333333333,0.8646631175258495,0.5844652232577113,-1.2327449026065542,0.0,-1.307076594671741,,,,,,,,,,,,1.0,True
burgers,16.0,1,PVI (no KL),48,16,8,2.0,False,0.12572187511250377,0.07948942010242484,0.94375,0.48486282999590163,0.9666666666666667,0.7977260768229487,0.5500598558807562,-0.8061807269956108,0.0,-1.2857261028109406,,,,,,,,,,,,0.0,True
burgers,16.0,2,Bayesian ridge,48,16,8,2.0,False,0.000932666938751936,0.07158012333647815,0.7276041666666667,0.11176560070446356,0.903125,0.18388362369308767,0.6539984709097607,1.1175400561335402,0.0,-1.3073782894984187,,,,,,,,,,,,,
burgers,16.0,2,POPS hypercube,48,16,8,2.0,False,0.17922683292999864,0.07158012333647815,0.834375,0.18618663291672904,0.921875,0.23152128263339025,0.40379065871105735,,,,,,,,,,,,,,,,
burgers,16.0,2,POPS ellipse,48,16,8,2.0,False,0.006295875180512667,0.07158012333647851,0.8901041666666667,0.1826943845709303,0.9447916666666667,0.25297798643112934,0.35057767154869857,inf,0.040625,-1.6177007852611358,,,,,,,,,,,,,
burgers,16.0,2,Ellipse+EB,48,16,8,2.0,False,0.006871875375509262,0.07158012333647853,0.9505208333333334,0.22105677906764315,0.9921875,0.3353454731598254,0.316394490579608,inf,0.003125,-1.801348891537779,,,,,,,,,,,,,
burgers,16.0,2,Ellipse+PAC,48,16,8,2.0,False,0.19530941685661674,0.07061683922000966,0.9739583333333334,0.3096939652350411,0.9942708333333333,0.5111519637150418,0.38679673810552856,inf,0.0010416666666666667,-1.6324786542269867,3.811023997250698,5.560681631015528,1.125,-1.8252473124202357,0.03353043885972841,1.0092262466336348,5.602740870811205,0.0,-1.858551202641321,0.006171875,-1.6263645485162064,,
burgers,16.0,2,Bayesian stacking,48,16,8,2.0,False,0.014071374665945768,0.07183218448901117,0.9359375,0.27518932852003236,0.9619791666666667,0.3814800901847121,0.5057950649892481,-0.6637436018220666,0.0,-1.1893629469223679,,,,,,,,,,,,,
burgers,16.0,2,PVI,48,16,8,2.0,False,1.5381575832143426,0.07249253323692308,0.9067708333333333,0.20541428353951824,0.9723958333333333,0.3379601825381454,0.3712273002803362,-1.5277794620816176,0.0,-1.8276841691210894,,,,,,,,,,,,1.0,True
burgers,16.0,2,PVI (no KL),48,16,8,2.0,False,0.049701124895364046,0.07228843030495506,0.8348958333333333,0.19782618209380665,0.9151041666666667,0.32547577246927456,0.4095625859281757,86.55700721187222,0.0,-1.3620932087115263,,,,,,,,,,,,0.0,True
burgers,16.0,3,Bayesian ridge,48,16,8,2.0,False,0.0007746247574687004,0.07750287649947615,0.8166666666666667,0.12537046575981564,0.9223958333333333,0.20626718241299072,0.6656375377989008,2.1735266343480437,0.0,-1.5848001662998665,,,,,,,,,,,,,
burgers,16.0,3,POPS hypercube,48,16,8,2.0,False,0.17342854104936123,0.07750287649947615,0.6541666666666667,0.17215518227870627,0.8869791666666667,0.22413303992584474,0.8117621305302403,,,,,,,,,,,,,,,,
burgers,16.0,3,POPS ellipse,48,16,8,2.0,False,0.00803891709074378,0.07750287649947621,0.8828125,0.18091836852046256,0.928125,0.25051872658375146,0.5618776782063607,inf,0.0546875,-1.492813780674093,,,,,,,,,,,,,
burgers,16.0,3,Ellipse+EB,48,16,8,2.0,False,0.008659834042191505,0.07750287649947617,0.9458333333333333,0.23762203802995582,0.9682291666666667,0.3687031779493161,0.5192112215229471,inf,0.016666666666666666,-1.6107457310507007,,,,,,,,,,,,,
burgers,16.0,3,Ellipse+PAC,48,16,8,2.0,False,0.30429929168894887,0.07857761078627841,0.9713541666666666,0.42392708190407274,0.9963541666666667,1.060882790868065,0.5684093357837974,-1.5852580352089034,0.0,-1.5797984788075257,4.658127699977288,5.560681631015528,3.0,-1.4923476680374264,0.03582983782790797,4.700561010096989,6.114645530186806,0.0,-1.5345699214196116,0.0083125,-1.57283535724871,,
burgers,16.0,3,Bayesian stacking,48,16,8,2.0,False,0.014297957997769117,0.09523929794531723,0.8572916666666667,0.23876342010132715,0.9276041666666667,0.3681383685244007,0.7939680935943222,0.06083786801890678,0.0,-0.9460740539012226,,,,,,,,,,,,,
burgers,16.0,3,PVI,48,16,8,2.0,False,2.146956667304039,0.07696491435384258,0.8479166666666667,0.27209298770211243,0.9270833333333334,0.44766407771962147,0.6066755005549219,0.21435480415777947,0.0,-1.043994392304158,,,,,,,,,,,,1.0,True
burgers,16.0,3,PVI (no KL),48,16,8,2.0,False,0.03644729219377041,0.07719843729782784,0.7942708333333334,0.2715167382656726,0.8692708333333333,0.4467159967908226,0.7076746329346064,254.1938665570917,0.0,-0.5832165931261131,,,,,,,,,,,,0.0,True
burgers,16.0,4,Bayesian ridge,48,16,8,2.0,False,0.000842750072479248,0.06815161749120657,0.6057291666666667,0.0730733847251022,0.8317708333333333,0.12022481599058127,0.7611749036449686,6.3334340798944195,0.0,-0.9288304293102418,,,,,,,,,,,,,
burgers,16.0,4,POPS hypercube,48,16,8,2.0,False,0.18200004193931818,0.06815161749120657,0.5645833333333333,0.12791708718184544,0.7598958333333333,0.1620750978065366,0.6362205103877819,,,,,,,,,,,,,,,,
burgers,16.0,4,POPS ellipse,48,16,8,2.0,False,0.007305707782506943,0.06815161749120653,0.8791666666666667,0.1705967602892209,0.9510416666666667,0.2362263350950754,0.3642764919064182,inf,0.03229166666666667,-1.6714618116500637,,,,,,,,,,,,,
burgers,16.0,4,Ellipse+EB,48,16,8,2.0,False,0.0073642912320792675,0.06815161749120652,0.9604166666666667,0.22791185035069775,0.9833333333333333,0.35656077335163255,0.35315235604608347,inf,0.007291666666666667,-1.7854089224965912,,,,,,,,,,,,,
burgers,16.0,4,Ellipse+PAC,48,16,8,2.0,False,0.2360281660221517,0.07615384115473599,0.9739583333333334,0.4111049365125595,0.9989583333333333,0.7434174220367555,0.4520666020719509,-1.521754697388529,0.0,-1.5134389496933942,4.042380380015265,5.560681631015528,0.625,-1.4688860163678443,0.0323138014034901,0.9016385693753903,5.478952594979619,0.0,-1.5001173506316525,0.011661458333333333,-1.50469051729764,,
burgers,16.0,4,Bayesian stacking,48,16,8,2.0,False,0.015343832783401012,0.07857217028119924,0.8822916666666667,0.21883699599157963,0.9291666666666667,0.30987100724864125,0.6815019113136642,0.4966554110294329,0.0,-0.9450094278089246,,,,,,,,,,,,,
burgers,16.0,4,PVI,48,16,8,2.0,False,2.1464999173767865,0.07367313993143053,0.9109375,0.20391956997914815,0.9786458333333333,0.33550098807999695,0.31184633460400335,-1.7684355542200696,0.0,-1.8429204903232363,,,,,,,,,,,,1.0,True
burgers,16.0,4,PVI (no KL),48,16,8,2.0,False,0.24074833281338215,0.07620593550578662,0.8328125,0.20555142391261477,0.9328125,0.33818581429425526,0.5057321693966857,-0.11914570190601684,0.0,-1.3863855085515708,,,,,,,,,,,,0.0,True
burgers,16.0,5,Bayesian ridge,48,16,8,2.0,False,0.0008911252953112125,0.06720410378740913,0.4895833333333333,0.05619300989918843,0.7661458333333333,0.09245218762620265,0.8856249363018465,9.404411026568273,0.0,-0.40004994574546704,,,,,,,,,,,,,
burgers,16.0,5,POPS hypercube,48,16,8,2.0,False,0.17178329220041633,0.06720410378740913,0.6359375,0.08091701211181097,0.8104166666666667,0.10934045496549154,0.6642677146013312,,,,,,,,,,,,,,,,
burgers,16.0,5,POPS ellipse,48,16,8,2.0,False,0.006485249847173691,0.06720410378740914,0.8166666666666667,0.12523223789016896,0.9208333333333333,0.17340981471392247,0.3953979439943339,inf,0.04583333333333333,-1.5875825929110694,,,,,,,,,,,,,
burgers,16.0,5,Ellipse+EB,48,16,8,2.0,False,0.008058708161115646,0.06720410378740913,0.9151041666666667,0.15098303126457743,0.9697916666666667,0.23116201206401182,0.3527465425130628,inf,0.013541666666666667,-1.8616344588391276,,,,,,,,,,,,,
burgers,16.0,5,Ellipse+PAC,48,16,8,2.0,False,0.21646966692060232,0.06684724754051055,0.9958333333333333,1.0212955021650663,1.0,1.744132769979516,1.0230608465353954,-1.5046064760206395,0.0,-1.4953802112433516,4.427501807794368,5.560681631015528,2.0,-1.15765049814246,0.03880100927472184,3.105450013294963,5.546351296662106,0.0,-1.2027347698301902,0.0050104166666666665,-1.4860656607853533,,
burgers,16.0,5,Bayesian stacking,48,16,8,2.0,False,0.017636834178119898,0.07595098210728342,0.8921875,0.22667271765225377,0.9364583333333333,0.3072135443832592,0.6046184653889014,0.7372342902654077,0.0,-0.7328979921478621,,,,,,,,,,,,,
burgers,16.0,5,PVI,48,16,8,2.0,False,1.9781072908081114,0.07028147515365864,0.8802083333333334,0.14179049080962383,0.96875,0.233282415080813,0.37342168424004235,-1.5958486532820813,0.0,-1.8938995717545941,,,,,,,,,,,,1.0,True
burgers,16.0,5,PVI (no KL),48,16,8,2.0,False,0.138735291082412,0.06811955682709793,0.8322916666666667,0.15087726165716137,0.915625,0.2482325280009073,0.4985825717514852,-0.4906635961973521,0.0,-1.4455948270322112,,,,,,,,,,,,0.0,True
burgers,16.0,6,Bayesian ridge,48,16,8,2.0,False,0.0008279578760266304,0.0691315234676568,0.7796875,0.09404050985933253,0.896875,0.15472121670607183,0.6654835913679961,5.114681820994318,0.0,-1.5298060021391244,,,,,,,,,,,,,
burgers,16.0,6,POPS hypercube,48,16,8,2.0,False,0.18347541661933064,0.0691315234676568,0.6510416666666666,0.13172591475947326,0.8541666666666666,0.1714627020681286,0.5485876525793789,,,,,,,,,,,,,,,,
burgers,16.0,6,POPS ellipse,48,16,8,2.0,False,0.008355167228728533,0.06913152346765683,0.8828125,0.17437177918218214,0.9265625,0.2414536259093151,0.4211140742233586,inf,0.052083333333333336,-1.600322138425939,,,,,,,,,,,,,
burgers,16.0,6,Ellipse+EB,48,16,8,2.0,False,0.008794666267931461,0.06913152346765683,0.9541666666666667,0.227410485551159,0.971875,0.3495754760567134,0.40123801497915346,inf,0.0125,-1.7612528827445597,,,,,,,,,,,,,
burgers,16.0,6,Ellipse+PAC,48,16,8,2.0,False,0.2964556668885052,0.08057320463312001,1.0,1.2427643941917996,1.0,2.261093635365574,1.2427643941917996,-1.3787750412756834,0.0,-1.3695471437518185,4.960526079622042,5.560681631015528,1.5,-0.9825110334118189,0.033720891619076425,5.677627521583889,5.909316221414785,0.0,-1.011776033701766,0.0083125,-1.3602317405363356,,
burgers,16.0,6,Bayesian stacking,48,16,8,2.0,False,0.01822316600009799,0.07483901790259835,0.909375,0.23623907772239947,0.9380208333333333,0.349552685928708,0.6901464060827391,-0.35401440315003396,0.0,-1.409023140304773,,,,,,,,,,,,,
burgers,16.0,6,PVI,48,16,8,2.0,False,2.2939392500557005,0.08838794968968477,0.825,0.21786836786040156,0.91875,0.35845040618718127,0.5529917430746132,-0.9191398013271771,0.0,-1.5966283796189662,,,,,,,,,,,,1.0,True
burgers,16.0,6,PVI (no KL),48,16,8,2.0,False,0.11580591695383191,0.0976300548970391,0.7807291666666667,0.19379025326304064,0.8692708333333333,0.31883561473119676,0.6341329669149384,5.3534866087843005,0.0,-1.0623980766271273,,,,,,,,,,,,0.0,True
burgers,16.0,7,Bayesian ridge,48,16,8,2.0,False,0.0007541668601334095,0.06991498908676134,0.7494791666666667,0.12066040589895868,0.9208333333333333,0.19851790294268276,0.5747725476874834,0.7172507904172924,0.0,-1.4300688708394824,,,,,,,,,,,,,
burgers,16.0,7,POPS hypercube,48,16,8,2.0,False,0.17244883300736547,0.06991498908676134,0.7520833333333333,0.1556106652309333,0.8942708333333333,0.19939135036916747,0.46422288446038046,,,,,,,,,,,,,,,,
burgers,16.0,7,POPS ellipse,48,16,8,2.0,False,0.011627834290266037,0.0699149890867613,0.9286458333333333,0.19948547003537392,0.978125,0.27622870100981844,0.28246299004401343,inf,0.011458333333333333,-1.8090556866268959,,,,,,,,,,,,,
burgers,16.0,7,Ellipse+EB,48,16,8,2.0,False,0.009802875109016895,0.06991498908676136,0.984375,0.25176680138927526,0.9942708333333333,0.3871041203742891,0.2996009809349094,inf,0.003125,-1.8096664865455065,,,,,,,,,,,,,
burgers,16.0,7,Ellipse+PAC,48,16,8,2.0,False,0.21746299974620342,0.07780600774374877,0.99375,0.5263621033023657,0.9979166666666667,0.9130583735578898,0.5581874995182062,inf,0.0010416666666666667,-1.5039560534522387,4.554227067148579,5.560681631015528,6.0,-1.5124475652548763,0.032734044702199074,7.794778864505618,6.033940587701257,0.0,-1.5290049177412839,0.004161458333333333,-1.4956048983254908,,
burgers,16.0,7,Bayesian stacking,48,16,8,2.0,False,0.012998125050216913,0.07154437831948383,0.9026041666666667,0.22864640559504795,0.9630208333333333,0.3551007854139326,0.49809987169955977,-0.9407001721971511,0.0,-1.2892673924523934,,,,,,,,,,,,,
burgers,16.0,7,PVI,48,16,8,2.0,False,1.9141083331778646,0.09480929363584127,0.8833333333333333,0.2826110226772878,0.9640625,0.4649689941981732,0.4292201967888801,-1.4341728212291167,0.0,-1.526758061277846,,,,,,,,,,,,1.0,True
burgers,16.0,7,PVI (no KL),48,16,8,2.0,False,0.0770545001141727,0.08460203660458564,0.8927083333333333,0.30584243715306997,0.9541666666666667,0.5031907426645801,0.4284601148711033,0.5992409689981119,0.0,-1.4650048031138192,,,,,,,,,,,,0.0,True
burgers,16.0,8,Bayesian ridge,48,16,8,2.0,False,0.0009135841391980648,0.06605422403178646,0.5979166666666667,0.08669918354827061,0.8026041666666667,0.1426428162296938,0.7634249648092959,6.562251854512876,0.0,-0.6106280224016895,,,,,,,,,,,,,
burgers,16.0,8,POPS hypercube,48,16,8,2.0,False,0.1685722079128027,0.06605422403178646,0.8307291666666666,0.13060471999937026,0.9484375,0.17847173164813543,0.3839082714109773,,,,,,,,,,,,,,,,
burgers,16.0,8,POPS ellipse,48,16,8,2.0,False,0.007633958011865616,0.06605422403178642,0.8510416666666667,0.14893853249241884,0.96875,0.20623605996664368,0.31260050405842926,inf,0.018229166666666668,-1.7432678339486567,,,,,,,,,,,,,
burgers,16.0,8,Ellipse+EB,48,16,8,2.0,False,0.009403416886925697,0.06605422403178646,0.9729166666666667,0.19463434825855513,0.9854166666666667,0.2995116212529124,0.2993209060796091,inf,0.0067708333333333336,-1.810572062007824,,,,,,,,,,,,,
burgers,16.0,8,Ellipse+PAC,48,16,8,2.0,False,0.20599737484008074,0.06618346424565588,0.9911458333333333,0.5780148794927704,0.996875,0.929912122026524,0.6055758878657244,inf,0.0005208333333333333,-1.4639159156072332,4.3667840477392605,5.560681631015528,1.5,-1.4200227603862732,0.03140809556703854,3.887553978744543,5.755398712558495,0.0,-1.428367511469429,0.004833333333333334,-1.455760355995029,,
burgers,16.0,8,Bayesian stacking,48,16,8,2.0,False,0.015029083006083965,0.07060023841620795,0.9317708333333333,0.24240452995781459,0.9541666666666667,0.34970678859250465,0.5541534171736794,-0.23995953944157827,0.0,-1.1298572156266038,,,,,,,,,,,,,
burgers,16.0,8,PVI,48,16,8,2.0,False,2.081419167108834,0.07752821534764706,0.8578125,0.1520656905850658,0.959375,0.25018780418953196,0.4107260627450388,-1.5536558837459664,0.0,-1.7880781814961184,,,,,,,,,,,,1.0,True
burgers,16.0,8,PVI (no KL),48,16,8,2.0,False,0.06117191631346941,0.07439813534305971,0.7682291666666666,0.16330088756902358,0.8682291666666667,0.2686726396066363,0.4778787232683609,34.54522136138989,0.0,-0.9899632032954,,,,,,,,,,,,0.0,True
burgers,16.0,9,Bayesian ridge,48,16,8,2.0,False,0.0008753333240747452,0.06727177385479695,0.825,0.09613439871227808,0.9052083333333333,0.15816621111815676,0.6093770469207288,3.3688052089477383,0.0,-1.7946019231717079,,,,,,,,,,,,,
burgers,16.0,9,POPS hypercube,48,16,8,2.0,False,0.18946070922538638,0.06727177385479695,0.6635416666666667,0.20409400274374054,0.8458333333333333,0.2414117092495807,0.5548600034259477,,,,,,,,,,,,,,,,
burgers,16.0,9,POPS ellipse,48,16,8,2.0,False,0.00611420813947916,0.06727177385479693,0.921875,0.24499361336241746,0.9630208333333333,0.33924409413278,0.3312866991896021,inf,0.0265625,-1.719074472926217,,,,,,,,,,,,,
burgers,16.0,9,Ellipse+EB,48,16,8,2.0,False,0.006187333259731531,0.06727177385479698,0.984375,0.28060078501024666,0.99375,0.4106177925133702,0.332747723896503,inf,0.0026041666666666665,-1.8624503259834662,,,,,,,,,,,,,
burgers,16.0,9,Ellipse+PAC,48,16,8,2.0,False,0.1914931247010827,0.06997419499030783,0.9895833333333334,0.4941188591810794,0.9984375,0.8488461258080668,0.5249681595490093,-1.5455153569000464,0.0,-1.5368538861444412,4.406205967441071,5.560681631015528,2.0,-1.5834458419931365,0.03375219723882905,5.624480511144251,5.9558996121953784,0.0,-1.5919396696849208,0.0060260416666666665,-1.5278693198633129,,
burgers,16.0,9,Bayesian stacking,48,16,8,2.0,False,0.02062154235318303,0.06844754364932645,0.9072916666666667,0.1927511102876603,0.9427083333333334,0.30798748133840687,0.5932852623793405,-0.6136959508224198,0.0,-1.5355073348314312,,,,,,,,,,,,,
burgers,16.0,9,PVI,48,16,8,2.0,False,1.6799318329431117,0.07119306994224775,0.8890625,0.23638774009396363,0.9713541666666666,0.38891961364783184,0.3722556280923929,-1.721206875462587,0.0,-1.8628972876449683,,,,,,,,,,,,1.0,True
burgers,16.0,9,PVI (no KL),48,16,8,2.0,False,0.03823016723617911,0.06847855028033542,0.8442708333333333,0.2140910828188853,0.9140625,0.35223578508034936,0.4231479919985057,100.10073541790466,0.0,-1.356430633775074,,,,,,,,,,,,0.0,True
burgers,16.0,10,Bayesian ridge,48,16,8,2.0,False,0.000814417377114296,0.06595659920349134,0.6229166666666667,0.07499271045148544,0.8260416666666667,0.12338260843646953,0.7368513414871837,6.304993842818025,0.0,-0.9035672762353397,,,,,,,,,,,,,
burgers,16.0,10,POPS hypercube,48,16,8,2.0,False,0.17607345897704363,0.06595659920349134,0.8041666666666667,0.14054061720662325,0.91875,0.18580565274133687,0.39332674655685484,,,,,,,,,,,,,,,,
burgers,16.0,10,POPS ellipse,48,16,8,2.0,False,0.007183415815234184,0.06595659920349133,0.9,0.15960736093004557,0.9588541666666667,0.22100924931271312,0.3094124293208538,inf,0.022916666666666665,-1.850733892626582,,,,,,,,,,,,,
burgers,16.0,10,Ellipse+EB,48,16,8,2.0,False,0.007214833982288837,0.06595659920349134,0.9619791666666667,0.2086951988587647,0.9880208333333333,0.32252845480165154,0.31132183919459716,inf,0.005208333333333333,-1.8693046102047863,,,,,,,,,,,,,
burgers,16.0,10,Ellipse+PAC,48,16,8,2.0,False,0.18515445804223418,0.06653945892895836,0.975,0.2712534691273587,0.9984375,0.8316218536207828,0.3607124940445773,-1.8142268634744048,0.0,-1.8074273993171035,4.0444669174734145,5.560681631015528,0.5078125,-1.2360136929453847,0.040093848092963055,0.22914805197419097,5.240386762325837,0.0,-1.321644641761929,0.009604166666666667,-1.799234785820105,,
burgers,16.0,10,Bayesian stacking,48,16,8,2.0,False,0.01703383307904005,0.07382704418762069,0.8947916666666667,0.24227210088221363,0.94375,0.33732922993543685,0.6200011295154727,-0.12907419067843123,0.0,-1.0436875194377706,,,,,,,,,,,,,
burgers,16.0,10,PVI,48,16,8,2.0,False,2.3845158331096172,0.06656702215971988,0.9369791666666667,0.17739183045921988,0.9723958333333333,0.2918559234038857,0.3631830501288695,-1.6355239945777842,0.0,-1.8572798370389292,,,,,,,,,,,,1.0,True
burgers,16.0,10,PVI (no KL),48,16,8,2.0,False,0.07576899975538254,0.06633285901279261,0.9083333333333333,0.18046956106144751,0.9567708333333333,0.2969195946258141,0.3881570641914519,-1.1967502209262013,0.0,-1.7455580339351369,,,,,,,,,,,,0.0,True
burgers,16.0,11,Bayesian ridge,48,16,8,2.0,False,0.0008778329938650131,0.0681592283463767,0.7369791666666666,0.10326076101798991,0.8708333333333333,0.1698909396237477,0.6830701505815344,8.188557217594619,0.0,-1.2517252400233467,,,,,,,,,,,,,
burgers,16.0,11,POPS hypercube,48,16,8,2.0,False,0.1837886250577867,0.0681592283463767,0.7411458333333333,0.11221927810185035,0.9182291666666667,0.15964769114303431,0.586556197179834,,,,,,,,,,,,,,,,
burgers,16.0,11,POPS ellipse,48,16,8,2.0,False,0.00661854213103652,0.0681592283463766,0.8244791666666667,0.13375127003787934,0.9197916666666667,0.18520616852157393,0.40051727772343715,inf,0.0484375,-1.549783015840776,,,,,,,,,,,,,
burgers,16.0,11,Ellipse+EB,48,16,8,2.0,False,0.006591042038053274,0.06815922834637658,0.9515625,0.17851440550922684,0.975,0.2771601563988721,0.35879289488910143,inf,0.015104166666666667,-1.822758606160863,,,,,,,,,,,,,
burgers,16.0,11,Ellipse+PAC,48,16,8,2.0,False,0.29716662503778934,0.0812723604477382,0.96875,0.3299993459974869,0.9927083333333333,0.8345858748288646,0.4874860655254633,inf,0.003125,-1.6553801711967755,4.274481235636882,5.560681631015528,2.125,-1.495426706948224,0.04271761644677839,2.0680550728120006,5.727190326138327,0.0,-1.5874962052351158,0.012192708333333333,-1.6502641020706414,,
burgers,16.0,11,Bayesian stacking,48,16,8,2.0,False,0.014202875085175037,0.07206685503108105,0.9213541666666667,0.24465198299363025,0.9494791666666667,0.3802286604063777,0.6246207067886925,-0.3235267569334908,0.0,-1.3781085308524497,,,,,,,,,,,,,
burgers,16.0,11,PVI,48,16,8,2.0,False,2.434851416386664,0.06900826722937813,0.8479166666666667,0.11335843765090957,0.940625,0.18650425676639984,0.45792495803362704,0.6146118252959984,0.0,-1.8518898776146386,,,,,,,,,,,,0.1,True
burgers,16.0,11,PVI (no KL),48,16,8,2.0,False,0.03504237486049533,0.06865843182667261,0.834375,0.11321042781487538,0.9286458333333333,0.18626074190296568,0.47645662478230316,0.7659150726492773,0.0,-1.8023568937423733,,,,,,,,,,,,0.0,True
burgers,16.0,12,Bayesian ridge,48,16,8,2.0,False,0.0007708752527832985,0.06729600045295103,0.7744791666666667,0.11817171159037008,0.9109375,0.19442335037155914,0.6170095517575862,3.348135573014972,0.0,-1.538228553209358,,,,,,,,,,,,,
burgers,16.0,12,POPS hypercube,48,16,8,2.0,False,0.17421266715973616,0.06729600045295103,0.7130208333333333,0.13838668155720862,0.8875,0.18558696459289484,0.4919644655396959,,,,,,,,,,,,,,,,
burgers,16.0,12,POPS ellipse,48,16,8,2.0,False,0.008791707921773195,0.06729600045295103,0.9125,0.20303608333903594,0.9765625,0.28114525608766344,0.3053248035730112,inf,0.013020833333333334,-1.844027345761074,,,,,,,,,,,,,
burgers,16.0,12,Ellipse+EB,48,16,8,2.0,False,0.008818584028631449,0.06729600045295106,0.9802083333333333,0.2422501513733414,0.9895833333333334,0.3658128223499293,0.318476291576433,inf,0.0046875,-1.8533836391351106,,,,,,,,,,,,,
burgers,16.0,12,Ellipse+PAC,48,16,8,2.0,False,0.3217580420896411,0.07490471201148972,0.990625,0.45308244174264684,0.9989583333333333,0.960063590652679,0.492098181600572,-1.4999895341055027,0.0,-1.4919839245044955,4.5316763363278305,5.560681631015528,5.0,-1.3052806436486362,0.04358821935977614,2.9337164967705847,5.793368760616691,0.0,-1.3877363781862595,0.008166666666666668,-1.4830896046606385,,
burgers,16.0,12,Bayesian stacking,48,16,8,2.0,False,0.021160957869142294,0.07033275756894132,0.8651041666666667,0.2126024220947483,0.940625,0.3203650897340426,0.615545590838749,-0.43887959344118793,0.0,-1.2139147558368586,,,,,,,,,,,,,
burgers,16.0,12,PVI,48,16,8,2.0,False,2.1390093327499926,0.0872489693575044,0.7713541666666667,0.18314311492946195,0.8885416666666667,0.30131828948622236,0.43856380645179666,19.525419549484685,0.0,-0.932515611583786,,,,,,,,,,,,0.01,True
burgers,16.0,12,PVI (no KL),48,16,8,2.0,False,0.03449333319440484,0.07874783342218133,0.8041666666666667,0.17563240244802766,0.8979166666666667,0.2889612044896051,0.3869682857959332,23.484139827997122,0.0,-1.1230885154993553,,,,,,,,,,,,0.0,True
burgers,16.0,13,Bayesian ridge,48,16,8,2.0,False,0.0008026668801903725,0.0660527991360991,0.6442708333333333,0.06561552837294467,0.81875,0.10795469314085485,0.7611488099806443,13.300880208427207,0.0,-0.9762158543058507,,,,,,,,,,,,,
burgers,16.0,13,POPS hypercube,48,16,8,2.0,False,0.19036691635847092,0.0660527991360991,0.6692708333333334,0.12727423280478126,0.865625,0.16622583913509326,0.4956145242711904,,,,,,,,,,,,,,,,
burgers,16.0,13,POPS ellipse,48,16,8,2.0,False,0.00824975036084652,0.0660527991360991,0.9286458333333333,0.16510194731390654,0.9770833333333333,0.22861763532263665,0.32433863545790337,inf,0.015625,-1.9401207844619712,,,,,,,,,,,,,
burgers,16.0,13,Ellipse+EB,48,16,8,2.0,False,0.00888020871207118,0.06605279913609909,0.9708333333333333,0.21163568108990044,0.9833333333333333,0.32445161625446384,0.3476624235093462,inf,0.009375,-1.8622590904505547,,,,,,,,,,,,,
burgers,16.0,13,Ellipse+PAC,48,16,8,2.0,False,0.2180338753387332,0.07738006390148928,0.9822916666666667,0.6416916879219019,0.9916666666666667,1.0424926475962064,0.7290012148975448,inf,0.0010416666666666667,-1.4149753042910658,4.677950797783555,5.560681631015528,1.25,-0.9918168983490161,0.03253604147792058,3.8913157331018517,5.63723165465465,0.0,-1.004353241947957,0.004614583333333333,-1.409050943674637,,
burgers,16.0,13,Bayesian stacking,48,16,8,2.0,False,0.015260833781212568,0.07676203024693129,0.8276041666666667,0.1865508122517257,0.9260416666666667,0.2551079627750764,0.695317070252264,0.7153960583252702,0.0,-0.8068511976428664,,,,,,,,,,,,,
burgers,16.0,13,PVI,48,16,8,2.0,False,2.220562333241105,0.07237310008986655,0.7973958333333333,0.16189075633744085,0.9375,0.26635260518538456,0.4475439454228839,-1.245364008377067,0.0,-1.476764565909435,,,,,,,,,,,,1.0,True
burgers,16.0,13,PVI (no KL),48,16,8,2.0,False,0.10639712493866682,0.0698062810159676,0.8598958333333333,0.16031442552668074,0.9536458333333333,0.263759129019242,0.40326712464015996,-1.1575981078242052,0.0,-1.7014816072624563,,,,,,,,,,,,0.0,True
burgers,16.0,14,Bayesian ridge,48,16,8,2.0,False,0.0012639169581234455,0.06673783092037977,0.7041666666666667,0.0702409243190191,0.8510416666666667,0.11556467834398104,0.7641076128234253,19.437556593776527,0.0,-1.2877379991581814,,,,,,,,,,,,,
burgers,16.0,14,POPS hypercube,48,16,8,2.0,False,0.17337804101407528,0.06673783092037977,0.6755208333333333,0.08457835829106228,0.8244791666666667,0.11751481542616714,0.6009214294965801,,,,,,,,,,,,,,,,
burgers,16.0,14,POPS ellipse,48,16,8,2.0,False,0.006859957706183195,0.06673783092037985,0.728125,0.09710311844179617,0.8541666666666666,0.1344592579420624,0.46461705521606667,inf,0.0953125,-1.2760572877042804,,,,,,,,,,,,,
burgers,16.0,14,Ellipse+EB,48,16,8,2.0,False,0.0078535838983953,0.06673783092037981,0.9296875,0.13651261676482843,0.9661458333333334,0.21220840098656935,0.3860861672855614,inf,0.019270833333333334,-1.958503590069676,,,,,,,,,,,,,
burgers,16.0,14,Ellipse+PAC,48,16,8,2.0,False,0.21823304193094373,0.07034861645661541,0.9723958333333333,0.9244848329436308,0.9859375,1.4954551552253033,1.0552628592571542,inf,0.0078125,-1.4193089239080203,4.243110851357443,5.560681631015528,3.0,-1.5042662282435084,0.03225634817716468,4.429943651791246,5.715120731423786,0.0,-1.5123873284431186,0.004078125,-1.4181134225581895,,
burgers,16.0,14,Bayesian stacking,48,16,8,2.0,False,0.015286624897271395,0.06991273806770955,0.821875,0.17273632190997198,0.9171875,0.2479367020302093,0.6969894853701641,0.15947807856304627,0.0,-1.305219349439532,,,,,,,,,,,,,
burgers,16.0,14,PVI,48,16,8,2.0,False,1.7432116670534015,0.06735162638784374,0.8036458333333333,0.11404865981112987,0.9479166666666666,0.18763985261319524,0.43914370907083267,-0.9729300889502961,0.0,-1.6315600734176607,,,,,,,,,,,,1.0,True
burgers,16.0,14,PVI (no KL),48,16,8,2.0,False,0.03206058405339718,0.06755536631318836,0.7140625,0.10789671370442289,0.8369791666666667,0.17751829342382397,0.5360846663679943,6.926205241989527,0.0,-0.8861572598279872,,,,,,,,,,,,0.0,True
burgers,16.0,15,Bayesian ridge,48,16,8,2.0,False,0.0008475417271256447,0.0750128647103578,0.5166666666666667,0.0555294142303234,0.740625,0.09136039931666184,0.9925852276006578,25.982349484691408,0.0,-0.32776601904077346,,,,,,,,,,,,,
burgers,16.0,15,POPS hypercube,48,16,8,2.0,False,0.20056716725230217,0.0750128647103578,0.6755208333333333,0.08696975176167755,0.8213541666666667,0.11890331421281065,0.8084965837120509,,,,,,,,,,,,,,,,
burgers,16.0,15,POPS ellipse,48,16,8,2.0,False,0.007113082800060511,0.0750128647103578,0.825,0.10687275576118929,0.9020833333333333,0.14798733206993978,0.6032134972451338,inf,0.08020833333333334,-1.4715240328743786,,,,,,,,,,,,,
burgers,16.0,15,Ellipse+EB,48,16,8,2.0,False,0.007367957849055529,0.07501286471035781,0.9041666666666667,0.14460594110415553,0.9442708333333333,0.22848637975757333,0.5551400311280622,inf,0.0375,-1.6747255991081758,,,,,,,,,,,,,
burgers,16.0,15,Ellipse+PAC,48,16,8,2.0,False,0.32046274980530143,0.0736799581940085,0.959375,0.30190820543885405,0.9859375,0.6184725881457015,0.5011578839675591,inf,0.0020833333333333333,-1.4634333603248149,4.683951540655752,5.560681631015528,5.0,-1.4573059987723047,0.03704199087737461,4.292734363898063,6.104215548550682,0.0,-1.5049037863476027,0.007182291666666667,-1.4611314396639925,,
burgers,16.0,15,Bayesian stacking,48,16,8,2.0,False,0.017122291028499603,0.08053163814008758,0.7713541666666667,0.15344994744725948,0.8932291666666666,0.2604105850622392,0.8186604896494684,1.4424397109413873,0.0,-0.688216156265503,,,,,,,,,,,,,
burgers,16.0,15,PVI,48,16,8,2.0,False,2.324603000190109,0.07179859576934718,0.8114583333333333,0.11331754833958693,0.9270833333333334,0.1864369831626351,0.5172208637249122,-0.2516440586454866,0.0,-1.6489698830108104,,,,,,,,,,,,1.0,True
burgers,16.0,15,PVI (no KL),48,16,8,2.0,False,0.22182429069653153,0.07110368341368462,0.7348958333333333,0.10858240535850984,0.8671875,0.17864643540395816,0.6101097189465052,137.43953334250475,0.0,-1.1909899788964418,,,,,,,,,,,,0.0,True
burgers,16.0,16,Bayesian ridge,48,16,8,2.0,False,0.0008478336967527866,0.06485422263198631,0.6317708333333333,0.08071213766440585,0.8505208333333333,0.13279256100444836,0.7028855005638943,6.597691369401677,0.0,-1.0124202625139853,,,,,,,,,,,,,
burgers,16.0,16,POPS hypercube,48,16,8,2.0,False,0.19755404209718108,0.06485422263198631,0.603125,0.09576526877459944,0.7796875,0.12999428030688043,0.6160550517738462,,,,,,,,,,,,,,,,
burgers,16.0,16,POPS ellipse,48,16,8,2.0,False,0.007772292010486126,0.06485422263198597,0.8572916666666667,0.13688516932178268,0.9255208333333333,0.1895456972508328,0.4038379144580845,inf,0.05416666666666667,-1.5587890107473352,,,,,,,,,,,,,
burgers,16.0,16,Ellipse+EB,48,16,8,2.0,False,0.009524125140160322,0.06485422263198598,0.90625,0.1572151684295217,0.9713541666666666,0.23740622585784305,0.36425538742836383,inf,0.0140625,-1.7988143275727617,,,,,,,,,,,,,
burgers,16.0,16,Ellipse+PAC,48,16,8,2.0,False,0.2351859170012176,0.0730024538818947,0.9526041666666667,0.34458777754932673,0.978125,0.5637491976994642,0.5219352083015214,inf,0.015104166666666667,-1.4003644665488078,4.381005478017123,5.560681631015528,1.5,-1.2178326740093437,0.03673942998540114,2.054526436369519,5.562098722041065,0.0,-1.2601180757937693,0.009947916666666667,-1.4046740585805888,,
burgers,16.0,16,Bayesian stacking,48,16,8,2.0,False,0.012981708161532879,0.07056955866054265,0.9177083333333333,0.2329583972516002,0.9473958333333333,0.3421930507937058,0.5892142908687532,-0.2928300468737158,0.0,-1.2814191601706493,,,,,,,,,,,,,
burgers,16.0,16,PVI,48,16,8,2.0,False,1.9700392079539597,0.07464148823161097,0.8010416666666667,0.1282219841011062,0.9041666666666667,0.21095867534389992,0.5529075503252463,-0.415313781567997,0.0,-1.3834565950364288,,,,,,,,,,,,1.0,True
burgers,16.0,16,PVI (no KL),48,16,8,2.0,False,0.08623704174533486,0.07534034411645497,0.7260416666666667,0.13061008252059084,0.81875,0.21488772138617676,0.7266142610375584,37.8724814793293,0.0,-0.6994964163579792,,,,,,,,,,,,0.0,True
burgers,16.0,17,Bayesian ridge,48,16,8,2.0,False,0.0013136658817529678,0.06518517937176074,0.7,0.07148008101620412,0.8635416666666667,0.11760341497104454,0.7122844531825041,12.692629445633322,0.0,-1.3828569363090684,,,,,,,,,,,,,
burgers,16.0,17,POPS hypercube,48,16,8,2.0,False,0.19038858311250806,0.06518517937176074,0.6296875,0.16340224729039193,0.8604166666666667,0.20242975019377046,0.5733411014707294,,,,,,,,,,,,,,,,
burgers,16.0,17,POPS ellipse,48,16,8,2.0,False,0.008320624940097332,0.06518517937176074,0.9296875,0.22620137794795914,0.9765625,0.3132223754748445,0.31271875888986866,inf,0.011979166666666667,-1.911435079834113,,,,,,,,,,,,,
burgers,16.0,17,Ellipse+EB,48,16,8,2.0,False,0.007912292145192623,0.06518517937176074,0.9869791666666666,0.25809173181963047,0.9927083333333333,0.3821003531436134,0.3182611123767399,inf,0.003125,-1.9320842685910478,,,,,,,,,,,,,
burgers,16.0,17,Ellipse+PAC,48,16,8,2.0,False,0.2595666670240462,0.06645740027489888,0.9786458333333333,0.31626253192192616,0.996875,0.6187926394602158,0.37435972614343715,inf,0.0010416666666666667,-1.7399714749999344,3.932161978000395,5.560681631015528,2.5,-1.6391371853512888,0.034250330258662094,1.125924178807785,5.5370488330930225,0.0,-1.6709444347677818,0.009520833333333333,-1.7322800894888648,,
burgers,16.0,17,Bayesian stacking,48,16,8,2.0,False,0.01432562479749322,0.0696951753504305,0.8239583333333333,0.16765059270316257,0.903125,0.24716764043808545,0.6573686740878688,0.21365782223831553,0.0,-1.2203568633040163,,,,,,,,,,,,,
burgers,16.0,17,PVI,48,16,8,2.0,False,1.600324499886483,0.07373662061625427,0.871875,0.1938772345768608,0.971875,0.31897872172546,0.361069164111193,-1.6429715538350336,0.0,-1.7655174080849696,,,,,,,,,,,,1.0,True
burgers,16.0,17,PVI (no KL),48,16,8,2.0,False,0.022271542344242334,0.07444375948216415,0.8223958333333333,0.20131699032065922,0.9,0.3312190643437454,0.3994449958049779,65.76305364315776,0.0,-1.1150964634562313,,,,,,,,,,,,0.0,True
burgers,16.0,18,Bayesian ridge,48,16,8,2.0,False,0.0007772920653223991,0.0796511742055358,0.6348958333333333,0.10293205037255501,0.8411458333333334,0.16935012470173164,0.8570063283949053,2.537515215308612,0.0,-0.7022243450799034,,,,,,,,,,,,,
burgers,16.0,18,POPS hypercube,48,16,8,2.0,False,0.2369622504338622,0.0796511742055358,0.7052083333333333,0.13208817762449782,0.853125,0.1723764604756009,0.5077091310463554,,,,,,,,,,,,,,,,
burgers,16.0,18,POPS ellipse,48,16,8,2.0,False,0.008643082808703184,0.07965117420553566,0.9260416666666667,0.20329241397583386,0.9625,0.2815001986246771,0.2843678256076189,inf,0.0296875,-1.5891036508936192,,,,,,,,,,,,,
burgers,16.0,18,Ellipse+EB,48,16,8,2.0,False,0.009240500163286924,0.07965117420553573,0.984375,0.2626702311125218,0.9953125,0.4079226715155328,0.30423675239818354,inf,0.0026041666666666665,-1.7012766280868719,,,,,,,,,,,,,
burgers,16.0,18,Ellipse+PAC,48,16,8,2.0,False,0.1842582910321653,0.07494157103550408,0.9802083333333333,0.28500549343579523,0.9953125,0.49327029892324237,0.3395808971856901,inf,0.0010416666666666667,-1.6970819844659022,4.014982207901212,5.560681631015528,0.625,-1.4211346034098198,0.040549992781914804,0.6467092484471485,5.395566818529117,0.0,-1.5275640566695414,0.016729166666666666,-1.690361505697362,,
burgers,16.0,18,Bayesian stacking,48,16,8,2.0,False,0.015501416753977537,0.07243676023099424,0.9614583333333333,0.29962700014517113,0.9713541666666666,0.41174356064852147,0.4648645346888427,-0.46036378492354463,0.0,-0.9243018797062282,,,,,,,,,,,,,
burgers,16.0,18,PVI,48,16,8,2.0,False,2.2925557917915285,0.07325365377203831,0.9338541666666667,0.25019733843790487,0.9822916666666667,0.41164001213559814,0.3423427371812699,-1.890238241659061,0.0,-1.981642023695027,,,,,,,,,,,,1.0,True
burgers,16.0,18,PVI (no KL),48,16,8,2.0,False,0.1494373339228332,0.07387203162838941,0.909375,0.24338332534452267,0.9786458333333333,0.4004291797184175,0.3472470307822842,1.5878177531857753,0.0,-1.9645219587910323,,,,,,,,,,,,0.0,True
burgers,16.0,19,Bayesian ridge,48,16,8,2.0,False,0.0009886249899864197,0.06757664143614325,0.6770833333333334,0.06971536521234377,0.8447916666666667,0.11469999625583212,0.7858648408253998,11.712947942302437,0.0,-1.1668127470223035,,,,,,,,,,,,,
burgers,16.0,19,POPS hypercube,48,16,8,2.0,False,0.19213024992495775,0.06757664143614325,0.5692708333333333,0.0820410537166596,0.746875,0.11064362435569709,0.7604043400267998,,,,,,,,,,,,,,,,
burgers,16.0,19,POPS ellipse,48,16,8,2.0,False,0.008371624629944563,0.06757664143614327,0.7786458333333334,0.1071510679644748,0.8744791666666667,0.1483727126110644,0.46023234691584375,inf,0.0890625,-1.3930094749166257,,,,,,,,,,,,,
burgers,16.0,19,Ellipse+EB,48,16,8,2.0,False,0.008367708884179592,0.06757664143614324,0.9072916666666667,0.14405210340178887,0.9697916666666667,0.2234239586944621,0.3678515998627812,inf,0.015104166666666667,-1.9257943690486476,,,,,,,,,,,,,
burgers,16.0,19,Ellipse+PAC,48,16,8,2.0,False,0.2797998753376305,0.06882907296328089,0.9427083333333334,0.209329816165818,0.9895833333333334,0.5102567456970971,0.37126889279213593,inf,0.0046875,-1.8367354445404735,4.266462108212398,5.560681631015528,1.5,-1.876863428902583,0.03573376722705226,4.241320346198461,6.107591769887929,0.0,-1.94243764287742,0.012302083333333333,-1.832746684872997,,
burgers,16.0,19,Bayesian stacking,48,16,8,2.0,False,0.02365987515076995,0.07090707022678182,0.8911458333333333,0.21886542636644066,0.93125,0.3146434664446873,0.6712866801305305,0.36763582230264846,0.0,-1.207293243852998,,,,,,,,,,,,,
burgers,16.0,19,PVI,48,16,8,2.0,False,1.6666407091543078,0.06878590414465921,0.7947916666666667,0.10640949418653343,0.8880208333333334,0.17507142862416405,0.6238913705691338,4.203707267964103,0.0,-1.382230241794265,,,,,,,,,,,,0.01,True
burgers,16.0,19,PVI (no KL),48,16,8,2.0,False,0.021946582943201065,0.06879789792957006,0.7942708333333334,0.10631222633898524,0.8885416666666667,0.17491139759347793,0.6246230127434357,4.358435898899643,0.0,-1.3804961774759303,,,,,,,,,,,,0.0,True
burgers,16.0,20,Bayesian ridge,48,16,8,2.0,False,0.0007882080972194672,0.07217684642281355,0.4640625,0.04139819164204577,0.6567708333333333,0.06811084488875525,1.020873584866341,27.837503073809213,0.0,0.03823477881442185,,,,,,,,,,,,,
burgers,16.0,20,POPS hypercube,48,16,8,2.0,False,0.18581262463703752,0.07217684642281355,0.565625,0.051060979504948256,0.6916666666666667,0.07041893224901465,0.9147007531125037,,,,,,,,,,,,,,,,
burgers,16.0,20,POPS ellipse,48,16,8,2.0,False,0.012410625349730253,0.07217684642281352,0.6989583333333333,0.08535376336067288,0.8083333333333333,0.11818985701182778,0.7481938265292603,inf,0.15572916666666667,-0.8577509983154424,,,,,,,,,,,,,
burgers,16.0,20,Ellipse+EB,48,16,8,2.0,False,0.012087292037904263,0.07217684642281354,0.8182291666666667,0.1045585395780967,0.9166666666666666,0.15961670372504594,0.6598855598711542,inf,0.058333333333333334,-1.5667640591631613,,,,,,,,,,,,,
burgers,16.0,20,Ellipse+PAC,48,16,8,2.0,False,0.21479854173958302,0.07019422374501634,0.8734375,0.158782243816534,0.9244791666666666,0.2629843751811355,0.6474034435693581,inf,0.041666666666666664,-1.417857716089862,3.8896409424292244,5.560681631015528,2.25,-2.05608353957173,0.0326441856674091,3.1349813119963,5.913080296333545,0.0,-2.073688222809373,0.007307291666666667,-1.4487660417800883,,
burgers,16.0,20,Bayesian stacking,48,16,8,2.0,False,0.01745254173874855,0.08263010512980662,0.80625,0.1816878315938363,0.9,0.2620841447966071,0.8828481576382536,1.800220124949349,0.0,-0.6839783442813797,,,,,,,,,,,,,
burgers,16.0,20,PVI,48,16,8,2.0,False,1.423023208975792,0.07102365087914747,0.7578125,0.11861546808863722,0.9197916666666667,0.1951534457893298,0.4584566838202811,-1.0758038485817776,0.0,-1.5886782059234696,,,,,,,,,,,,1.0,True
burgers,16.0,20,PVI (no KL),48,16,8,2.0,False,0.04262420814484358,0.08366477098973456,0.7057291666666666,0.11479837599019539,0.8171875,0.1888733316700693,0.687050201198373,378.7749598136333,0.0,-0.7394264599743549,,,,,,,,,,,,0.0,True
burgers,16.0,21,Bayesian ridge,48,16,8,2.0,False,0.0008139582350850105,0.06880970352232177,0.6109375,0.09673565401797742,0.8484375,0.1591554332373045,0.7271591769948181,5.484185699072481,0.0,-0.765056760512035,,,,,,,,,,,,,
burgers,16.0,21,POPS hypercube,48,16,8,2.0,False,0.1782636670395732,0.06880970352232177,0.5515625,0.14751402702576735,0.7713541666666667,0.19681342647469133,0.7580264067480876,,,,,,,,,,,,,,,,
burgers,16.0,21,POPS ellipse,48,16,8,2.0,False,0.005124667193740606,0.0688097035223218,0.8546875,0.1777777685514764,0.9270833333333334,0.24616991937653634,0.3801182580821229,inf,0.0515625,-1.353356103649053,,,,,,,,,,,,,
burgers,16.0,21,Ellipse+EB,48,16,8,2.0,False,0.005514875054359436,0.0688097035223218,0.9557291666666666,0.2139816123702296,0.9822916666666667,0.32367344299596135,0.33607079922625366,inf,0.00625,-1.7059232871788703,,,,,,,,,,,,,
burgers,16.0,21,Ellipse+PAC,48,16,8,2.0,False,0.2557614999823272,0.0724379518530936,0.9635416666666666,0.34706659504387927,0.9911458333333333,0.5325055720373274,0.4295195427956645,inf,0.0026041666666666665,-1.3937904891018258,4.4471229370063945,5.560681631015528,3.0,-1.3785510924823456,0.03585332986441305,4.753442010828467,5.789820699624327,0.0,-1.4268414564302878,0.010395833333333333,-1.38807782910159,,
burgers,16.0,21,Bayesian stacking,48,16,8,2.0,False,0.01462483312934637,0.070626092320954,0.8760416666666667,0.21178368306597034,0.9385416666666667,0.2978917519357198,0.6020368430123746,0.3653729213501798,0.0,-0.6631815761193038,,,,,,,,,,,,,
burgers,16.0,21,PVI,48,16,8,2.0,False,2.496888208668679,0.0783032542103793,0.9098958333333333,0.18516172258306948,0.9786458333333333,0.30463942665025434,0.3978703091749299,-1.6729871680405133,0.0,-1.8065416220358124,,,,,,,,,,,,1.0,True
burgers,16.0,21,PVI (no KL),48,16,8,2.0,False,0.030262917280197144,0.07330397859921042,0.8979166666666667,0.19017371249281237,0.9661458333333334,0.3128854599620039,0.4052470411295873,1.6732218523688849,0.0,-1.7019321481916057,,,,,,,,,,,,0.0,True
burgers,16.0,22,Bayesian ridge,48,16,8,2.0,False,0.0007866253145039082,0.06585505840135523,0.803125,0.12546852853576246,0.9213541666666667,0.2064285213086513,0.5489251162817602,1.6997508533677121,0.0,-1.5448813556739045,,,,,,,,,,,,,
burgers,16.0,22,POPS hypercube,48,16,8,2.0,False,0.1625773748382926,0.06585505840135523,0.6625,0.14614789458261185,0.9010416666666666,0.19827248755034432,0.4969982061745262,,,,,,,,,,,,,,,,
burgers,16.0,22,POPS ellipse,48,16,8,2.0,False,0.006381541024893522,0.06585505840135523,0.96875,0.20557928834445274,0.9885416666666667,0.28466684698309747,0.28815336507050365,inf,0.008854166666666666,-1.9082222026707791,,,,,,,,,,,,,
burgers,16.0,22,Ellipse+EB,48,16,8,2.0,False,0.0059240409173071384,0.06585505840135522,0.9838541666666667,0.2989138950641941,0.9911458333333333,0.47278876510089135,0.36999568124400933,inf,0.0026041666666666665,-1.658949128237083,,,,,,,,,,,,,
burgers,16.0,22,Ellipse+PAC,48,16,8,2.0,False,0.16446862509474158,0.07304168263164611,0.9692708333333333,0.2697195889321255,0.9942708333333333,0.44251148315622674,0.3373561790938394,inf,0.0015625,-1.59545017866074,3.892967191184402,5.560681631015528,0.625,-1.439730895852871,0.03383938241698937,0.2429580633714433,5.298858704620284,0.0,-1.4602500462145946,0.006364583333333333,-1.588327277553439,,
burgers,16.0,22,Bayesian stacking,48,16,8,2.0,False,0.012875374872237444,0.07346063786121518,0.9197916666666667,0.27634104798040554,0.9552083333333333,0.3988637916954036,0.6026550264226678,-0.6763076800100704,0.0,-1.3808775757405456,,,,,,,,,,,,,
burgers,16.0,22,PVI,48,16,8,2.0,False,1.6607400830835104,0.06792508660093631,0.95625,0.2181374042972564,0.9875,0.35889304143991124,0.3249762222815575,-1.931219453444533,0.0,-1.9930047936356776,,,,,,,,,,,,1.0,True
burgers,16.0,22,PVI (no KL),48,16,8,2.0,False,0.02586362510919571,0.06876872874933103,0.8390625,0.1729358917172768,0.9098958333333333,0.2845247395900972,0.3834993325780546,829.1445029719017,0.0,-1.3122785673727952,,,,,,,,,,,,0.0,True
burgers,16.0,23,Bayesian ridge,48,16,8,2.0,False,0.0008012079633772373,0.06607285695440712,0.8317708333333333,0.11944110410282623,0.9291666666666667,0.19651183281703474,0.546769688034861,1.6574840259679817,0.0,-1.657693198370716,,,,,,,,,,,,,
burgers,16.0,23,POPS hypercube,48,16,8,2.0,False,0.18374908389523625,0.06607285695440712,0.6703125,0.2637437533758088,0.946875,0.3301849706419802,0.5772941157045677,,,,,,,,,,,,,,,,
burgers,16.0,23,POPS ellipse,48,16,8,2.0,False,0.007303583901375532,0.06607285695440711,0.93125,0.27868507234747375,0.9713541666666666,0.3858968551028766,0.3710862134033847,inf,0.016666666666666666,-1.5871501887178288,,,,,,,,,,,,,
burgers,16.0,23,Ellipse+EB,48,16,8,2.0,False,0.008280208334326744,0.06607285695440708,0.9822916666666667,0.31606101055019215,0.9947916666666666,0.46572140724111216,0.36440829581262396,inf,0.0020833333333333333,-1.6565932052547367,,,,,,,,,,,,,
burgers,16.0,23,Ellipse+PAC,48,16,8,2.0,False,0.1814234578050673,0.07302586554329436,0.9916666666666667,0.649244643827285,0.9984375,1.1824721798970732,0.671323067009494,-1.3313304522522456,0.0,-1.3246809318259565,4.215725539836926,5.560681631015528,1.00390625,-1.1996622054715234,0.035244843438946884,0.9486262405196123,5.380142901869503,0.0,-1.2193119316913212,0.005015625,-1.3162123047284628,,
burgers,16.0,23,Bayesian stacking,48,16,8,2.0,False,0.014638082589954138,0.06868997798768771,0.9223958333333333,0.24179734407443598,0.9552083333333333,0.3581665634127899,0.547558357900653,-0.6362971779202524,0.0,-1.343680467406302,,,,,,,,,,,,,
burgers,16.0,23,PVI,48,16,8,2.0,False,2.1981270839460194,0.08070768999839863,0.9192708333333334,0.33753439163908844,0.9796875,0.5553322906549606,0.4371947093591016,-1.6872879740270128,0.0,-1.7366302245107519,,,,,,,,,,,,1.0,True
burgers,16.0,23,PVI (no KL),48,16,8,2.0,False,0.08989445772022009,0.08186196139702735,0.74375,0.31982101311557176,0.84375,0.5261891534980777,0.5661955818374264,3.8203834363137856,0.0,-0.5619491423377598,,,,,,,,,,,,0.0,True
burgers,16.0,24,Bayesian ridge,48,16,8,2.0,False,0.0009469580836594105,0.08286120929715333,0.653125,0.06711799300964806,0.8432291666666667,0.11042664014535655,0.9252848862188399,7.458672543699293,0.0,-1.2288783806423575,,,,,,,,,,,,,
burgers,16.0,24,POPS hypercube,48,16,8,2.0,False,0.17479966674000025,0.08286120929715333,0.709375,0.10855768119988829,0.8859375,0.1440067222227905,0.492581608534177,,,,,,,,,,,,,,,,
burgers,16.0,24,POPS ellipse,48,16,8,2.0,False,0.008775874972343445,0.08286120929715325,0.9364583333333333,0.22063735432208245,0.9744791666666667,0.30551783930841936,0.35327906401817366,inf,0.016666666666666666,-1.898823930358963,,,,,,,,,,,,,
burgers,16.0,24,Ellipse+EB,48,16,8,2.0,False,0.008820041082799435,0.08286120929715322,0.975,0.26352669946445945,0.9880208333333333,0.40075920599495657,0.365085522199279,inf,0.003125,-1.8838017644609522,,,,,,,,,,,,,
burgers,16.0,24,Ellipse+PAC,48,16,8,2.0,False,0.22252729162573814,0.0785288294001994,0.98125,0.3065081976047343,0.9947916666666666,0.513727331943599,0.3782477583620169,inf,0.0010416666666666667,-1.7276451282936691,4.246112417255631,5.560681631015528,4.0,-1.5466063179239546,0.035291946212414035,2.36412620525005,5.757426788967171,0.0,-1.5806956362302085,0.006302083333333333,-1.7202058856732279,,
burgers,16.0,24,Bayesian stacking,48,16,8,2.0,False,0.012220959179103374,0.10192349370720077,0.8635416666666667,0.2195537938063026,0.9151041666666667,0.3015618418700221,0.9263262548561164,0.3899602767552062,0.0,-1.1086836768290693,,,,,,,,,,,,,
burgers,16.0,24,PVI,48,16,8,2.0,False,1.9639321668073535,0.08035899859718862,0.9166666666666666,0.21541098536846975,0.9796875,0.3544073697379679,0.3531499825537442,-1.958805466193136,0.0,-1.9947947387927782,,,,,,,,,,,,1.0,True
burgers,16.0,24,PVI (no KL),48,16,8,2.0,False,0.06526179192587733,0.0728371393601158,0.8880208333333334,0.16879884349919577,0.95625,0.27771821403179636,0.416246457054971,-1.3169329418693,0.0,-1.7591701448080566,,,,,,,,,,,,0.0,True
burgers,16.0,25,Bayesian ridge,48,16,8,2.0,False,0.0008701668120920658,0.070438441132415,0.6895833333333333,0.09645196118954011,0.8807291666666667,0.15868868438989542,0.7093057258893817,6.104951288632646,0.0,-1.1199813394706541,,,,,,,,,,,,,
burgers,16.0,25,POPS hypercube,48,16,8,2.0,False,0.17307770811021328,0.070438441132415,0.6755208333333333,0.1409812702902739,0.8609375,0.18453351554150543,0.6466908946179418,,,,,,,,,,,,,,,,
burgers,16.0,25,POPS ellipse,48,16,8,2.0,False,0.007653082720935345,0.07043844113241499,0.8869791666666667,0.17681442593295998,0.9364583333333333,0.24483597319943892,0.3834527990352752,inf,0.03697916666666667,-1.5658182599220416,,,,,,,,,,,,,
burgers,16.0,25,Ellipse+EB,48,16,8,2.0,False,0.008022124879062176,0.070438441132415,0.9552083333333333,0.22252742429521088,0.9875,0.34283164477203604,0.341752614022918,inf,0.00625,-1.756397064108857,,,,,,,,,,,,,
burgers,16.0,25,Ellipse+PAC,48,16,8,2.0,False,0.18437908310443163,0.07945420436634391,0.9953125,0.3983978810245617,0.9994791666666667,0.8956236177916236,0.4149211558817093,-1.6755869298022692,0.0,-1.6663019880495795,4.092417342830338,5.560681631015528,1.5,-1.2434771263990363,0.04279005100669005,0.457253098684457,5.2931044182226845,0.0,-1.3334240886469897,0.009875,-1.6569010921925473,,
burgers,16.0,25,Bayesian stacking,48,16,8,2.0,False,0.013967500068247318,0.07753539936483779,0.9260416666666667,0.29607544790338036,0.95625,0.42080875470837426,0.5945653189252998,-0.4024173635426473,0.0,-1.1303214662821828,,,,,,,,,,,,,
burgers,16.0,25,PVI,48,16,8,2.0,False,1.7765339170582592,0.0748750873351788,0.9197916666666667,0.20546155815990644,0.9682291666666667,0.3380379616441575,0.4243856041745772,-1.1455109560047723,0.0,-1.8991935760221874,,,,,,,,,,,,1.0,True
burgers,16.0,25,PVI (no KL),48,16,8,2.0,False,0.0900096669793129,0.07260558133268058,0.8208333333333333,0.1807298462285888,0.9192708333333334,0.2973478317526743,0.43434241443155996,2.4340251998567335,0.0,-1.3642558885971334,,,,,,,,,,,,0.0,True
burgers,16.0,26,Bayesian ridge,48,16,8,2.0,False,0.0008042501285672188,0.06587583489210538,0.6848958333333334,0.11224515818978592,0.8807291666666667,0.18467262109134258,0.6095195105676363,2.2869382933010995,0.0,-1.1448389600326285,,,,,,,,,,,,,
burgers,16.0,26,POPS hypercube,48,16,8,2.0,False,0.18428504094481468,0.06587583489210538,0.6723958333333333,0.19613284679108858,0.8963541666666667,0.26293696825285,0.5675392339015654,,,,,,,,,,,,,,,,
burgers,16.0,26,POPS ellipse,48,16,8,2.0,False,0.006803667172789574,0.06587583489210538,0.8833333333333333,0.2105786034625506,0.9546875,0.2915894279648905,0.3250946061580268,inf,0.030729166666666665,-1.5661210083054475,,,,,,,,,,,,,
burgers,16.0,26,Ellipse+EB,48,16,8,2.0,False,0.00686237495392561,0.06587583489210536,0.9864583333333333,0.2600206307779705,0.9953125,0.3923379525187111,0.3101855992489328,inf,0.003125,-1.76863176933391,,,,,,,,,,,,,
burgers,16.0,26,Ellipse+PAC,48,16,8,2.0,False,0.13689170824363828,0.07047372854976412,0.9598958333333333,0.36356247691950627,0.9869791666666666,0.5653453385038232,0.42128400017473633,inf,0.0005208333333333333,-1.4620980616366677,3.9228873702521945,5.560681631015528,0.15625,-1.3051509132537618,0.033020510630177816,8.943795698297227e-05,5.1950177728757785,0.0,-1.3124658844916068,0.00047395833333333334,-1.4564050948080847,,
burgers,16.0,26,Bayesian stacking,48,16,8,2.0,False,0.013495207764208317,0.06886539686132892,0.878125,0.20312525730234246,0.9583333333333334,0.28824852512008026,0.5155208741585529,-0.596439566554766,0.0,-1.2582372819246466,,,,,,,,,,,,,
burgers,16.0,26,PVI,48,16,8,2.0,False,1.9019315424375236,0.07038594240337359,0.8770833333333333,0.22111698227258045,0.953125,0.36379522593787217,0.36848875117796126,-1.3861185999615744,0.0,-1.7768299999914987,,,,,,,,,,,,1.0,True
burgers,16.0,26,PVI (no KL),48,16,8,2.0,False,0.051793542224913836,0.07546339895348853,0.8244791666666667,0.2062765792747552,0.9151041666666667,0.3393788843881873,0.44666586929611246,42.49435401258379,0.0,-1.2105884101587112,,,,,,,,,,,,0.0,True
burgers,16.0,27,Bayesian ridge,48,16,8,2.0,False,0.0007686251774430275,0.07156694315664387,0.6260416666666667,0.06062270849975712,0.7963541666666667,0.0997401995494298,0.8713416012119352,8.738006942227294,0.0,-0.9366843261073143,,,,,,,,,,,,,
burgers,16.0,27,POPS hypercube,48,16,8,2.0,False,0.17405287502333522,0.07156694315664387,0.6953125,0.0767678611412088,0.8026041666666667,0.10617918371978208,0.7445503795353988,,,,,,,,,,,,,,,,
burgers,16.0,27,POPS ellipse,48,16,8,2.0,False,0.007827541790902615,0.07156694315664387,0.7979166666666667,0.10853811762294564,0.8786458333333333,0.15029336841285076,0.49255622647128366,inf,0.08229166666666667,-1.4382303361665876,,,,,,,,,,,,,
burgers,16.0,27,Ellipse+EB,48,16,8,2.0,False,0.007764417212456465,0.07156694315664389,0.9036458333333334,0.14552851890436178,0.9640625,0.2286415120067118,0.41711727512439406,inf,0.015104166666666667,-1.8929890362766233,,,,,,,,,,,,,
burgers,16.0,27,Ellipse+PAC,48,16,8,2.0,False,0.34309395775198936,0.0700612262267209,0.9614583333333333,0.27582660347482807,0.9942708333333333,0.6859918142485029,0.4313088875061097,-1.654073947140597,0.0,-1.652642336108291,4.565482592734027,5.560681631015528,1.5,-1.3103527451906194,0.04157294813034647,3.074179710166507,5.8342623897943,0.0,-1.421483469271172,0.014229166666666666,-1.6464904032624104,,
burgers,16.0,27,Bayesian stacking,48,16,8,2.0,False,0.01360829221084714,0.08322308544300826,0.8104166666666667,0.20063979283368674,0.9239583333333333,0.30457281744299614,0.7772964110889705,0.35148129364214653,0.0,-0.9973495404594036,,,,,,,,,,,,,
burgers,16.0,27,PVI,48,16,8,2.0,False,1.6888121669180691,0.07301704379969136,0.8578125,0.13272291078212983,0.9645833333333333,0.21836387607531313,0.4440796138429655,-1.2379315340536092,0.0,-1.822572395797566,,,,,,,,,,,,1.0,True
burgers,16.0,27,PVI (no KL),48,16,8,2.0,False,0.060111124999821186,0.07331496387585885,0.8354166666666667,0.12945960301068418,0.9369791666666667,0.2129948819084408,0.45782480504642725,-0.5839129690532662,0.0,-1.6309105503182513,,,,,,,,,,,,0.0,True
burgers,16.0,28,Bayesian ridge,48,16,8,2.0,False,0.0008323336951434612,0.12967576892063487,0.4234375,0.11053535184422766,0.6739583333333333,0.18185954278591607,1.7675921314484617,2.662915241583826,0.0,0.582305315738128,,,,,,,,,,,,,
burgers,16.0,28,POPS hypercube,48,16,8,2.0,False,0.16453566728159785,0.12967576892063487,0.42135416666666664,0.16949079151881433,0.6140625,0.21769264148929812,1.950362066400469,,,,,,,,,,,,,,,,
burgers,16.0,28,POPS ellipse,48,16,8,2.0,False,0.006252000108361244,0.12967576892063482,0.91875,0.2996191803535325,0.9786458333333333,0.41488443730767305,0.38264658951292696,inf,0.009895833333333333,-1.3965107292682253,,,,,,,,,,,,,
burgers,16.0,28,Ellipse+EB,48,16,8,2.0,False,0.0075594582594931126,0.12967576892063482,0.9739583333333334,0.33270280433990534,0.9973958333333334,0.49162137507715864,0.3695429419708522,inf,0.0010416666666666667,-1.490944078157218,,,,,,,,,,,,,
burgers,16.0,28,Ellipse+PAC,48,16,8,2.0,False,0.20076904073357582,0.11192126757692132,0.9911458333333333,0.5307094279535758,0.9994791666666667,0.8178572375433497,0.5413991253202765,-1.344137804169372,0.0,-1.335383882877341,4.559549368917168,5.560681631015528,2.0,-1.2414489745750286,0.03309424990526931,4.275441127629959,5.767904093586928,0.0,-1.2583442613795874,0.006098958333333333,-1.326327436525079,,
burgers,16.0,28,Bayesian stacking,48,16,8,2.0,False,0.014655082952231169,0.09815464513125874,0.9046875,0.2910550666456531,0.9755208333333333,0.40920761264384137,0.42292665954528275,-0.30328566356241127,0.0,-0.556446281145623,,,,,,,,,,,,,
burgers,16.0,28,PVI,48,16,8,2.0,False,2.32820100011304,0.11592056055358643,0.9114583333333334,0.2917667724994756,0.9921875,0.48003259555958905,0.3533658539374329,-1.4512032304456681,0.0,-1.4567353056308152,,,,,,,,,,,,1.0,True
burgers,16.0,28,PVI (no KL),48,16,8,2.0,False,0.13067183271050453,0.12331722346599337,0.8145833333333333,0.3804818499936546,0.8973958333333333,0.6259920841949077,0.5289614160184358,7.263400208202512,0.0,-0.689510190237075,,,,,,,,,,,,0.0,True
burgers,16.0,29,Bayesian ridge,48,16,8,2.0,False,0.0007928330451250076,0.06928504676083398,0.5526041666666667,0.04868888418387109,0.7442708333333333,0.08010593958133416,0.864976223709365,15.377940901550664,0.0,-0.6437250709581128,,,,,,,,,,,,,
burgers,16.0,29,POPS hypercube,48,16,8,2.0,False,0.17014375003054738,0.06928504676083398,0.7473958333333334,0.17161894661511995,0.9078125,0.20863735666510858,0.39947694843064785,,,,,,,,,,,,,,,,
burgers,16.0,29,POPS ellipse,48,16,8,2.0,False,0.006378707941621542,0.06928504676083411,0.9427083333333334,0.2103646203325297,0.9791666666666666,0.2912931242690213,0.3055861348197906,inf,0.011979166666666667,-1.9914856451400316,,,,,,,,,,,,,
burgers,16.0,29,Ellipse+EB,48,16,8,2.0,False,0.0075195422396063805,0.06928504676083405,0.9828125,0.24464921329826264,0.9916666666666667,0.3653749322035311,0.31997188966701773,inf,0.003125,-1.9541185033379642,,,,,,,,,,,,,
burgers,16.0,29,Ellipse+PAC,48,16,8,2.0,False,0.202332166954875,0.07893599178994158,0.9630208333333333,0.2723354842745923,0.9921875,0.5415083300960913,0.4422017804128581,inf,0.0010416666666666667,-1.7298064742169714,4.140887579693011,5.560681631015528,1.5,-1.519754857396412,0.037577283677962425,1.7426303296542822,5.62306515341146,0.0,-1.5507902083940048,0.007625000000000001,-1.7235144276791183,,
burgers,16.0,29,Bayesian stacking,48,16,8,2.0,False,0.01509883301332593,0.08906883576637993,0.8604166666666667,0.19830848161351583,0.90625,0.2715919895677447,0.8080282914065224,0.9519140226898536,0.0,-1.0879121226637485,,,,,,,,,,,,,
burgers,16.0,29,PVI,48,16,8,2.0,False,1.8350710002705455,0.06711445919863221,0.8328125,0.18211191179482925,0.9041666666666667,0.2996216908193271,0.41348383166867486,7.269244479352301,0.0,-1.302558898302363,,,,,,,,,,,,0.1,True
burgers,16.0,29,PVI (no KL),48,16,8,2.0,False,0.08271287474781275,0.06713258891775221,0.83125,0.1820492345513795,0.8994791666666667,0.2995185703728213,0.41558754725594793,129.6476514074226,0.0,-1.272264073660662,,,,,,,,,,,,0.0,True
burgers,24.0,0,Bayesian ridge,72,24,8,3.0,False,0.0011222497560083866,0.06421320216116556,0.6255208333333333,0.07061145057492216,0.8270833333333333,0.1161742908739495,0.7312275440451679,11.324527837346372,0.0,-0.9257443888703937,,,,,,,,,,,,,
burgers,24.0,0,POPS hypercube,72,24,8,3.0,False,0.17650124989449978,0.06421320216116556,0.8,0.17931001676013275,0.9619791666666667,0.23865579274199114,0.3926462819099805,,,,,,,,,,,,,,,,
burgers,24.0,0,POPS ellipse,72,24,8,3.0,False,0.006125916726887226,0.06421320216116555,0.9265625,0.17610831594600693,0.9661458333333334,0.24385821855679993,0.29677121208068513,inf,0.020833333333333332,-1.888420426107128,,,,,,,,,,,,,
burgers,24.0,0,Ellipse+EB,72,24,8,3.0,False,0.005337332841008902,0.06421320216116555,0.9765625,0.2049198028941995,0.9880208333333333,0.30537903457986854,0.29030833072569945,inf,0.0046875,-1.9393397687311429,,,,,,,,,,,,,
burgers,24.0,0,Ellipse+PAC,72,24,8,3.0,False,0.13205208303406835,0.06493826624815051,0.9708333333333333,0.23042773275286385,0.9932291666666667,0.33883421778471895,0.3047692580414001,inf,0.004166666666666667,-1.7736605680261717,2.770528562391647,5.560681631015528,1.6875,-1.774855208293678,0.03287893028728292,0.011364898238485696,4.512504840398042,0.0,-1.782392283856514,0.0,-1.7676626376733564,,
burgers,24.0,0,Bayesian stacking,72,24,8,3.0,False,0.021571249701082706,0.06775793993270292,0.9104166666666667,0.22347054728859017,0.9442708333333333,0.30919050306862206,0.6089970716771925,0.3137353360915857,0.0,-1.2577736756673517,,,,,,,,,,,,,
burgers,24.0,0,PVI,72,24,8,3.0,False,1.839674792252481,0.07431491065322161,0.7635416666666667,0.1918681076371541,0.8796875,0.31567318281362977,0.5169534573643741,24.949837441914585,0.0,-1.2151431990164911,,,,,,,,,,,,0.0,True
burgers,24.0,0,PVI (no KL),72,24,8,3.0,False,0.08059662487357855,0.07431491065322161,0.7635416666666667,0.1918681076371541,0.8796875,0.31567318281362977,0.5169534573643741,24.949837441914585,0.0,-1.2151431990164911,,,,,,,,,,,,0.0,True
burgers,24.0,1,Bayesian ridge,72,24,8,3.0,False,0.0009058327414095402,0.07015109053499292,0.7682291666666666,0.12240264975982772,0.9098958333333333,0.20138434943851266,0.6137576105487607,2.064733428834375,0.0,-1.3461542455056181,,,,,,,,,,,,,
burgers,24.0,1,POPS hypercube,72,24,8,3.0,False,0.16803212510421872,0.07015109053499292,0.7723958333333333,0.3041880842732461,0.9880208333333333,0.39911061472086096,0.477749705897945,,,,,,,,,,,,,,,,
burgers,24.0,1,POPS ellipse,72,24,8,3.0,False,0.005977541673928499,0.07015109053499291,0.9421875,0.2989088446378804,0.9890625,0.4139008312737065,0.34409776701356637,inf,0.0046875,-1.6508908270961389,,,,,,,,,,,,,
burgers,24.0,1,Ellipse+EB,72,24,8,3.0,False,0.005994166247546673,0.07015109053499298,0.99375,0.3408224749843454,0.996875,0.5044720863412494,0.36666760685142435,inf,0.0015625,-1.6457475979776879,,,,,,,,,,,,,
burgers,24.0,1,Ellipse+PAC,72,24,8,3.0,False,0.16639762511476874,0.08704727425409804,0.9921875,0.34936766528565805,0.9984375,0.5626760077677472,0.3765190084707622,-1.6686220009031396,0.0,-1.6670762517501378,3.3088291905612772,5.560681631015528,2.25,-1.2658643380299184,0.03701835186682835,0.2055449832835718,4.537675176724367,0.0,-1.298168632475134,0.005673611111111111,-1.658580360942978,,
burgers,24.0,1,Bayesian stacking,72,24,8,3.0,False,0.02141995821148157,0.07169798597658625,0.9364583333333333,0.28685877724333825,0.9666666666666667,0.39959384359147404,0.5126498031549908,-0.4613447009930944,0.0,-1.1494549483551384,,,,,,,,,,,,,
burgers,24.0,1,PVI,72,24,8,3.0,False,1.6859418330714107,0.07888551187247196,0.9302083333333333,0.36193472178247016,0.9864583333333333,0.595477210896896,0.4097205406066889,-1.460886810347838,0.0,-1.4627464809861508,,,,,,,,,,,,1.0,True
burgers,24.0,1,PVI (no KL),72,24,8,3.0,False,0.06617004191502929,0.07924029655504351,0.8984375,0.3638503161641338,0.9520833333333333,0.5986288643055138,0.44238644323228266,0.45691346510056746,0.0,-1.1858919609662557,,,,,,,,,,,,0.0,True
burgers,24.0,2,Bayesian ridge,72,24,8,3.0,False,0.0007596658542752266,0.06691612645778217,0.6838541666666667,0.10150064135408374,0.890625,0.16699508275998548,0.6377212644487855,2.6183080430721173,0.0,-1.204190391556643,,,,,,,,,,,,,
burgers,24.0,2,POPS hypercube,72,24,8,3.0,False,0.17125704232603312,0.06691612645778217,0.8520833333333333,0.22720467188362412,0.96875,0.29326455304774407,0.36736872130041787,,,,,,,,,,,,,,,,
burgers,24.0,2,POPS ellipse,72,24,8,3.0,False,0.0068095833994448185,0.06691612645778212,0.9203125,0.21759302971600672,0.9557291666666666,0.3013023451612044,0.32986097015672133,inf,0.033854166666666664,-1.6283373056827322,,,,,,,,,,,,,
burgers,24.0,2,Ellipse+EB,72,24,8,3.0,False,0.005965166259557009,0.06691612645778214,0.9864583333333333,0.26821768119266814,0.9953125,0.4056363110617063,0.31272845500787766,inf,0.003125,-1.7896156191452386,,,,,,,,,,,,,
burgers,24.0,2,Ellipse+PAC,72,24,8,3.0,False,0.18936575017869473,0.06769789966097556,0.9755208333333333,0.28042481633721006,0.996875,0.49202276107594894,0.32845185873300503,inf,0.0010416666666666667,-1.7233279705687015,3.0394512936898446,5.560681631015528,0.84375,-1.7088194008832973,0.03341837147488078,0.7472092586405277,4.7148523230982615,0.0,-1.7326330593577894,0.005118055555555555,-1.7155608387134433,,
burgers,24.0,2,Bayesian stacking,72,24,8,3.0,False,0.02090012514963746,0.06836338044073523,0.8947916666666667,0.24666283325751687,0.9473958333333333,0.34875519112978853,0.5296498933260116,-0.3027959702032169,0.0,-1.1181494521418252,,,,,,,,,,,,,
burgers,24.0,2,PVI,72,24,8,3.0,False,1.4501848327927291,0.07729689991548959,0.821875,0.20990090161244718,0.9119791666666667,0.3453418418696119,0.4707362405086378,3.4698857283057487,0.0,-1.1640637941453045,,,,,,,,,,,,0.1,True
burgers,24.0,2,PVI (no KL),72,24,8,3.0,False,0.03171650040894747,0.07730008456649089,0.8213541666666667,0.20986821211932463,0.9104166666666667,0.3452880591098525,0.47174165600274276,4.017862258632984,0.0,-1.1411302450913217,,,,,,,,,,,,0.0,True
burgers,24.0,3,Bayesian ridge,72,24,8,3.0,False,0.0007826671935617924,0.06703899933557682,0.7317708333333334,0.09396056097956161,0.8645833333333334,0.1545896799037837,0.6798778602695129,3.8610775991087807,0.0,-1.2791184176745454,,,,,,,,,,,,,
burgers,24.0,3,POPS hypercube,72,24,8,3.0,False,0.1743553327396512,0.06703899933557682,0.7588541666666667,0.21007074479826537,0.9432291666666667,0.2666257503315707,0.4447431811823893,,,,,,,,,,,,,,,,
burgers,24.0,3,POPS ellipse,72,24,8,3.0,False,0.008201084099709988,0.0670389993355768,0.9369791666666667,0.22201441001502883,0.9703125,0.3074246564074958,0.29974697819025947,inf,0.0171875,-1.8019252934325478,,,,,,,,,,,,,
burgers,24.0,3,Ellipse+EB,72,24,8,3.0,False,0.00738120824098587,0.0670389993355768,0.9833333333333333,0.2618484558721633,0.9932291666666667,0.39269575309441684,0.31968915327270403,inf,0.003125,-1.8383362733498407,,,,,,,,,,,,,
burgers,24.0,3,Ellipse+PAC,72,24,8,3.0,False,0.25250441720709205,0.06573612606888732,0.99375,0.4871574157269439,1.0,1.131759996018457,0.5105078123785941,-1.5783266138410146,0.0,-1.5690338848301029,3.836833937605898,5.560681631015528,1.5,-0.9404834645735569,0.041801751238013565,1.3896825366394925,4.735515650941442,0.0,-1.0304380205327965,0.014020833333333333,-1.5596426280729394,,
burgers,24.0,3,Bayesian stacking,72,24,8,3.0,False,0.018481249921023846,0.06944469334779182,0.9166666666666666,0.22468890260606436,0.9411458333333333,0.3275072071309066,0.6158082668229686,-0.06641943693292944,0.0,-1.2980576254266274,,,,,,,,,,,,,
burgers,24.0,3,PVI,72,24,8,3.0,False,2.1266815830022097,0.0725394200740045,0.9151041666666667,0.2020307277502273,0.9666666666666667,0.3323933489544586,0.4033809130768498,-1.6955799244536853,0.0,-1.8570603374673325,,,,,,,,,,,,1.0,True
burgers,24.0,3,PVI (no KL),72,24,8,3.0,False,0.08559858286753297,0.07242878630703245,0.8979166666666667,0.19650945816593754,0.9578125,0.3233094174751275,0.41589974465960433,-1.3583382877147356,0.0,-1.7995776396417862,,,,,,,,,,,,0.0,True
burgers,24.0,4,Bayesian ridge,72,24,8,3.0,False,0.0010737921111285686,0.0658976732481149,0.6239583333333333,0.059028329083053034,0.8161458333333333,0.09711702870941022,0.7983457822213383,13.43425577323385,0.0,-0.9854993846620665,,,,,,,,,,,,,
burgers,24.0,4,POPS hypercube,72,24,8,3.0,False,0.16597345797345042,0.0658976732481149,0.6322916666666667,0.15389581987008405,0.8802083333333334,0.2006553490021258,0.5562852659144687,,,,,,,,,,,,,,,,
burgers,24.0,4,POPS ellipse,72,24,8,3.0,False,0.006131417118012905,0.06589767324811481,0.8703125,0.15780017388035195,0.9463541666666667,0.21850682679978473,0.32414841550682777,inf,0.028645833333333332,-1.8037512077571924,,,,,,,,,,,,,
burgers,24.0,4,Ellipse+EB,72,24,8,3.0,False,0.005945750046521425,0.06589767324811485,0.9692708333333333,0.20286632044773115,0.9859375,0.3076614818368479,0.30424503912111456,inf,0.0067708333333333336,-1.950642787834298,,,,,,,,,,,,,
burgers,24.0,4,Ellipse+PAC,72,24,8,3.0,False,0.23664216697216034,0.06889220636966345,0.9583333333333334,0.2434514652678511,0.9890625,0.3706422042992108,0.34704859440389385,inf,0.003125,-1.7862416125691285,3.6096076578430933,5.560681631015528,4.5,-1.884032216033225,0.03207483760344469,5.657001042132516,5.461565036272873,0.0,-1.894575205106849,0.004270833333333333,-1.7805120106236565,,
burgers,24.0,4,Bayesian stacking,72,24,8,3.0,False,0.021862667053937912,0.06958915643153396,0.878125,0.19168955684043798,0.9364583333333333,0.2773923716316204,0.638745072906332,0.6901766153715617,0.0,-1.122369294445307,,,,,,,,,,,,,
burgers,24.0,4,PVI,72,24,8,3.0,False,1.4567296248860657,0.07081309202708798,0.8109375,0.14071903976771902,0.915625,0.23151959808745054,0.42005165136710215,1.2857040547090315,0.0,-1.6146839324685398,,,,,,,,,,,,0.0,True
burgers,24.0,4,PVI (no KL),72,24,8,3.0,False,0.0625380827113986,0.07081309202708798,0.8109375,0.14071903976771902,0.915625,0.23151959808745054,0.42005165136710215,1.2857040547090315,0.0,-1.6146839324685398,,,,,,,,,,,,0.0,True
burgers,24.0,5,Bayesian ridge,72,24,8,3.0,False,0.0007326249033212662,0.06614455886220333,0.5161458333333333,0.06552628272926433,0.7765625,0.10780786073217699,0.8263926850983493,8.234791930431223,0.0,-0.41803161461008825,,,,,,,,,,,,,
burgers,24.0,5,POPS hypercube,72,24,8,3.0,False,0.17116662533953786,0.06614455886220333,0.7416666666666667,0.1200495428976589,0.8984375,0.16657403246289232,0.5028546903993731,,,,,,,,,,,,,,,,
burgers,24.0,5,POPS ellipse,72,24,8,3.0,False,0.006481499876827002,0.06614455886220334,0.9244791666666666,0.16491579773958148,0.9697916666666667,0.22835987291467671,0.3027866084891501,inf,0.020833333333333332,-1.8538620579320821,,,,,,,,,,,,,
burgers,24.0,5,Ellipse+EB,72,24,8,3.0,False,0.006306125316768885,0.06614455886220333,0.9723958333333333,0.20144321004844254,0.9880208333333333,0.3073704154060707,0.2996513777693304,inf,0.005729166666666666,-1.8869197799958692,,,,,,,,,,,,,
burgers,24.0,5,Ellipse+PAC,72,24,8,3.0,False,0.28288300009444356,0.06591472687895841,0.9885416666666667,0.30518052322129574,0.9989583333333333,0.7810216783742697,0.3432054220233839,-1.7324513914845354,0.0,-1.7236154645128348,3.1170532912416893,5.560681631015528,1.125,-1.6132240831355393,0.03775885233969057,0.6480235900663827,4.692518522037538,0.0,-1.697985000370937,0.013013888888888889,-1.7145004785074716,,
burgers,24.0,5,Bayesian stacking,72,24,8,3.0,False,0.018525790888816118,0.07767651966713135,0.8442708333333333,0.22671109469809322,0.9130208333333333,0.30214270330839915,0.6358506120640499,0.563578862916592,0.0,-0.7766638962830358,,,,,,,,,,,,,
burgers,24.0,5,PVI,72,24,8,3.0,False,1.4789887499064207,0.07604705145721131,0.878125,0.16841034945589353,0.9578125,0.2770790397955795,0.3650373255220141,-1.2414625941104727,0.0,-1.6458654993496864,,,,,,,,,,,,1.0,True
burgers,24.0,5,PVI (no KL),72,24,8,3.0,False,0.05379712488502264,0.0741070590182221,0.8817708333333333,0.17171007450965464,0.9557291666666666,0.28250794990971123,0.3472265690543181,-1.1533101201809564,0.0,-1.6392479845446577,,,,,,,,,,,,0.0,True
burgers,24.0,6,Bayesian ridge,72,24,8,3.0,False,0.0008505834266543388,0.06691949704648745,0.7046875,0.10673487001896899,0.8807291666666667,0.17560675690722508,0.6248940843486087,2.6336706617782033,0.0,-1.2502024362583362,,,,,,,,,,,,,
burgers,24.0,6,POPS hypercube,72,24,8,3.0,False,0.18012629123404622,0.06691949704648745,0.7338541666666667,0.27530374609477043,0.9744791666666667,0.3469667198176957,0.4989570905488961,,,,,,,,,,,,,,,,
burgers,24.0,6,POPS ellipse,72,24,8,3.0,False,0.005987832788378,0.06691949704648742,0.9463541666666667,0.2758050083433518,0.9802083333333333,0.38190881357512685,0.33775350503516866,inf,0.010416666666666666,-1.7502782601786635,,,,,,,,,,,,,
burgers,24.0,6,Ellipse+EB,72,24,8,3.0,False,0.00654270825907588,0.06691949704648736,0.9895833333333334,0.3050007370994958,0.996875,0.44390378920843315,0.33705342191364096,inf,0.0015625,-1.7873576782246274,,,,,,,,,,,,,
burgers,24.0,6,Ellipse+PAC,72,24,8,3.0,False,0.1884600417688489,0.06695429536178218,0.9890625,0.38947985120457784,0.9989583333333333,0.7311864546582569,0.41306658813192204,-1.6243172137611281,0.0,-1.6154044864762633,3.038970736325489,5.560681631015528,3.1875,-1.6078717452890117,0.03399627331716436,0.36644760520898656,4.612846208297336,0.0,-1.6402305332795262,0.005989583333333334,-1.606253187425448,,
burgers,24.0,6,Bayesian stacking,72,24,8,3.0,False,0.01818362483754754,0.07141646576692562,0.8671875,0.23154734127241436,0.9364583333333333,0.3274043853881483,0.5971567948246403,-0.13298074725973308,0.0,-1.051582512329682,,,,,,,,,,,,,
burgers,24.0,6,PVI,72,24,8,3.0,False,1.9027806660160422,0.07770915286925947,0.8791666666666667,0.29530929324972477,0.9557291666666666,0.4858609680503904,0.4114517215242551,-1.3699423375639133,0.0,-1.4647691265774507,,,,,,,,,,,,1.0,True
burgers,24.0,6,PVI (no KL),72,24,8,3.0,False,0.0769535000436008,0.07291135173190401,0.8619791666666666,0.2859335084845798,0.9427083333333334,0.47043535170050715,0.4146825085371942,-0.235396816880393,0.0,-1.3423303534676703,,,,,,,,,,,,0.0,True
burgers,24.0,7,Bayesian ridge,72,24,8,3.0,False,0.000842417124658823,0.08134045774102969,0.5697916666666667,0.07373524828519633,0.7630208333333334,0.12131375452849813,1.0729506756285911,6.133607614149702,0.0,-0.46774043389029973,,,,,,,,,,,,,
burgers,24.0,7,POPS hypercube,72,24,8,3.0,False,0.16557562490925193,0.08134045774102969,0.7421875,0.12495844326043977,0.8640625,0.16578740022497834,0.6413143651397781,,,,,,,,,,,,,,,,
burgers,24.0,7,POPS ellipse,72,24,8,3.0,False,0.005027541890740395,0.0813404577410297,0.8989583333333333,0.1828494559214397,0.9734375,0.2531927146401936,0.28453255202316424,inf,0.0067708333333333336,-1.936969854570209,,,,,,,,,,,,,
burgers,24.0,7,Ellipse+EB,72,24,8,3.0,False,0.005588999949395657,0.08134045774102969,0.9645833333333333,0.21259955768923355,0.9932291666666667,0.31714030558110917,0.2733146833617373,inf,0.003125,-1.966183533607476,,,,,,,,,,,,,
burgers,24.0,7,Ellipse+PAC,72,24,8,3.0,False,0.2261830000206828,0.09681934161937886,0.9588541666666667,0.287887791697237,0.9932291666666667,0.4640752762048091,0.3701263765230144,inf,0.0026041666666666665,-1.5400512735852805,2.9890598088779057,5.560681631015528,0.755859375,-1.9252107531280893,0.03140709976021877,1.79974155134772,4.882863462245776,0.0,-1.9344330400791343,0.004572916666666667,-1.5341255172687036,,
burgers,24.0,7,Bayesian stacking,72,24,8,3.0,False,0.03391024982556701,0.07921667128403846,0.828125,0.16246645784978256,0.9302083333333333,0.2615883126928649,0.5551502325820611,0.19126146901389562,0.0,-0.8085802887503815,,,,,,,,,,,,,
burgers,24.0,7,PVI,72,24,8,3.0,False,2.37188454112038,0.09602812990768352,0.8817708333333333,0.20408503582129597,0.9677083333333333,0.33577322263570825,0.4008826848023903,-1.4508513382598727,0.0,-1.714846091890213,,,,,,,,,,,,1.0,True
burgers,24.0,7,PVI (no KL),72,24,8,3.0,False,0.12625479185953736,0.085616132352315,0.8505208333333333,0.1876470659408901,0.9484375,0.3087284660315757,0.4368715026597953,-0.31794691510102346,0.0,-1.6519422804473547,,,,,,,,,,,,0.0,True
burgers,24.0,8,Bayesian ridge,72,24,8,3.0,False,0.0007923338562250137,0.06826479362640112,0.4125,0.04465436521012532,0.5989583333333334,0.07346810142652828,1.1055810706619331,16.798221642564975,0.0,0.7099524825821698,,,,,,,,,,,,,
burgers,24.0,8,POPS hypercube,72,24,8,3.0,False,0.15759379183873534,0.06826479362640112,0.7072916666666667,0.10664391363348825,0.8880208333333334,0.14278576449527083,0.497179502257965,,,,,,,,,,,,,,,,
burgers,24.0,8,POPS ellipse,72,24,8,3.0,False,0.005058832932263613,0.06826479362640106,0.8302083333333333,0.13239428299911635,0.9625,0.18332714060571523,0.3346259756269182,inf,0.019791666666666666,-1.849186512807026,,,,,,,,,,,,,
burgers,24.0,8,Ellipse+EB,72,24,8,3.0,False,0.0062040830962359905,0.06826479362640105,0.9265625,0.15781087210283098,0.9802083333333333,0.24083824418842864,0.3114088003326723,inf,0.008854166666666666,-1.9160477151665056,,,,,,,,,,,,,
burgers,24.0,8,Ellipse+PAC,72,24,8,3.0,False,0.24386979220435023,0.06803761459678184,0.9598958333333333,0.1882411040091575,0.9947916666666666,0.37598615131296587,0.28578501616875085,inf,0.0010416666666666667,-1.8543527763400556,2.466417226708436,5.560681631015528,1.125,-2.2514572219969233,0.033163414945567404,0.7210507406024738,4.6847110337597915,0.0,-2.2783628946057046,0.008902777777777777,-1.8476506495051093,,
burgers,24.0,8,Bayesian stacking,72,24,8,3.0,False,0.018266709055751562,0.06754742745052583,0.8739583333333333,0.2037549292357676,0.9177083333333333,0.2692374305748348,0.5692922119233577,1.5451093422424043,0.0,-0.44768688170495424,,,,,,,,,,,,,
burgers,24.0,8,PVI,72,24,8,3.0,False,1.3825896251946688,0.07232194310936031,0.8015625,0.12122198507679452,0.9625,0.19944184746192795,0.40941421803815703,-1.1176625536486546,0.0,-1.671927477801018,,,,,,,,,,,,1.0,True
burgers,24.0,8,PVI (no KL),72,24,8,3.0,False,0.1373728751204908,0.07100770407934406,0.7890625,0.12025060825679933,0.9541666666666667,0.19784367871853706,0.4199003775776972,-0.9967641524367808,0.0,-1.585776639184822,,,,,,,,,,,,0.0,True
burgers,24.0,9,Bayesian ridge,72,24,8,3.0,False,0.0007757921703159809,0.06586646391172395,0.48854166666666665,0.046706549586531636,0.70625,0.07684448107501937,0.8893594279548473,20.743680868014437,0.0,-0.2939478262838743,,,,,,,,,,,,,
burgers,24.0,9,POPS hypercube,72,24,8,3.0,False,0.18759895814582705,0.06586646391172395,0.5713541666666667,0.20689770942924965,0.8651041666666667,0.2529731504362517,0.61383547414297,,,,,,,,,,,,,,,,
burgers,24.0,9,POPS ellipse,72,24,8,3.0,False,0.0061587500385940075,0.06586646391172395,0.921875,0.23715401305411218,0.9604166666666667,0.328388553580301,0.3382748158441158,inf,0.026041666666666668,-1.7334838122825436,,,,,,,,,,,,,
burgers,24.0,9,Ellipse+EB,72,24,8,3.0,False,0.006722917314618826,0.06586646391172393,0.971875,0.26161325858594053,0.99375,0.3816879293231662,0.3209264882851316,inf,0.003125,-1.8797438228018495,,,,,,,,,,,,,
burgers,24.0,9,Ellipse+PAC,72,24,8,3.0,False,0.23532104212790728,0.0672776572508075,0.9869791666666666,0.3698666545519496,0.9958333333333333,0.5932912576849944,0.4216540872778393,inf,0.0015625,-1.6888378254683853,3.125555020290661,5.560681631015528,1.125,-1.8828821887823528,0.032306368105997546,2.1476642952307343,4.976130840967016,0.0,-1.8889035420611857,0.004729166666666666,-1.6815420677504027,,
burgers,24.0,9,Bayesian stacking,72,24,8,3.0,False,0.016396458260715008,0.07923062489150862,0.8921875,0.2133304099679337,0.9296875,0.28028095816070026,0.6942251726572647,1.4511493199358516,0.0,-0.8474491763212567,,,,,,,,,,,,,
burgers,24.0,9,PVI,72,24,8,3.0,False,2.1525205420330167,0.0741607262928491,0.8270833333333333,0.1966279671191775,0.9208333333333333,0.32350439567615247,0.39295698714984784,-1.087198866403686,0.0,-1.6279832250753785,,,,,,,,,,,,1.0,True
burgers,24.0,9,PVI (no KL),72,24,8,3.0,False,0.022581249941140413,0.08157856262455418,0.8140625,0.1889669917578052,0.9005208333333333,0.31090008897003424,0.4880522738418917,-0.2183985218053809,0.0,-1.426646715312135,,,,,,,,,,,,0.0,True
burgers,24.0,10,Bayesian ridge,72,24,8,3.0,False,0.0008185836486518383,0.06562876290883768,0.6536458333333334,0.08041124644145521,0.8640625,0.13229751630317294,0.6858781302525434,6.455699239832675,0.0,-1.1694956010099375,,,,,,,,,,,,,
burgers,24.0,10,POPS hypercube,72,24,8,3.0,False,0.17070691706612706,0.06562876290883768,0.7333333333333333,0.20399562354542572,0.9307291666666667,0.257854612590989,0.43150750001777155,,,,,,,,,,,,,,,,
burgers,24.0,10,POPS ellipse,72,24,8,3.0,False,0.00698916707187891,0.06562876290883765,0.9578125,0.23155669841573753,0.9864583333333333,0.32063791915350637,0.31157894992253793,inf,0.008333333333333333,-1.8958595204608006,,,,,,,,,,,,,
burgers,24.0,10,Ellipse+EB,72,24,8,3.0,False,0.006781917065382004,0.06562876290883764,0.984375,0.27038702202151427,0.9932291666666667,0.4047329927026893,0.3388853345386106,inf,0.005729166666666666,-1.807526167127053,,,,,,,,,,,,,
burgers,24.0,10,Ellipse+PAC,72,24,8,3.0,False,0.28211591579020023,0.06599109090269269,0.9890625,0.3783791939882627,0.9994791666666667,1.030876197526895,0.42533017174358695,-1.6477433322501,0.0,-1.6390532512147338,3.524134564861112,5.560681631015528,2.25,-1.4590645202109407,0.037180897368150334,1.7409601966836155,4.946018187703903,0.0,-1.5024579912349991,0.007763888888888889,-1.6300380827727503,,
burgers,24.0,10,Bayesian stacking,72,24,8,3.0,False,0.02276520896703005,0.08386793130312167,0.8828125,0.22588490104533854,0.9302083333333333,0.3029716910237473,0.6396536760786838,0.3388466976643953,0.0,-1.0890598025731975,,,,,,,,,,,,,
burgers,24.0,10,PVI,72,24,8,3.0,False,2.155348917003721,0.07240552530884346,0.921875,0.3363521059534193,0.9708333333333333,0.553387121705382,0.40337073872473,-0.9547663255122885,0.0,-1.4832567222552129,,,,,,,,,,,,1.0,True
burgers,24.0,10,PVI (no KL),72,24,8,3.0,False,0.1244684592820704,0.07626983649588287,0.9010416666666666,0.3037768422826811,0.9604166666666667,0.4997922992485837,0.4757782608212196,0.9855231455118341,0.0,-1.357207967956452,,,,,,,,,,,,0.0,True
burgers,24.0,11,Bayesian ridge,72,24,8,3.0,False,0.0007891249842941761,0.06984317967896883,0.7380208333333333,0.0848475028082999,0.8776041666666666,0.13959631746583115,0.7195604335280898,9.461793027947754,0.0,-1.4357536859069149,,,,,,,,,,,,,
burgers,24.0,11,POPS hypercube,72,24,8,3.0,False,0.17227345798164606,0.06984317967896883,0.7651041666666667,0.3658393327749711,0.9739583333333334,0.44940281365289864,0.5422446936332542,,,,,,,,,,,,,,,,
burgers,24.0,11,POPS ellipse,72,24,8,3.0,False,0.0064066252671182156,0.06984317967896883,0.9614583333333333,0.5102149896579579,0.9854166666666667,0.7064976903027774,0.5871003700748274,inf,0.0109375,-1.386029012386531,,,,,,,,,,,,,
burgers,24.0,11,Ellipse+EB,72,24,8,3.0,False,0.007199583109468222,0.06984317967896882,0.9838541666666667,0.5773494855010579,0.99375,0.8473015806647461,0.6289641974560389,inf,0.004166666666666667,-1.2997858750996774,,,,,,,,,,,,,
burgers,24.0,11,Ellipse+PAC,72,24,8,3.0,False,0.21781762456521392,0.07339918553218415,0.9984375,1.6839977499190613,1.0,2.7251699097354125,1.685892972221157,-0.8933942125654658,0.0,-0.8847963507105123,3.978931183480396,5.560681631015528,1.125,-0.7708234203038924,0.033492582202611275,2.0467240606503196,4.716262021581677,0.0,-0.7793727414507798,0.004628472222222222,-0.8761201589005286,,
burgers,24.0,11,Bayesian stacking,72,24,8,3.0,False,0.021542958449572325,0.07268381003476027,0.8442708333333333,0.16339820190010002,0.9119791666666667,0.25433994579953917,0.7408760170217825,0.7051011844706557,0.0,-1.3026211801192564,,,,,,,,,,,,,
burgers,24.0,11,PVI,72,24,8,3.0,False,2.420534667093307,0.06875925763507122,0.8604166666666667,0.30647861419427436,0.91875,0.5042374201656149,0.42933332235828237,18.33855209939934,0.0,-1.2123511390853694,,,,,,,,,,,,0.01,True
burgers,24.0,11,PVI (no KL),72,24,8,3.0,False,0.179194790776819,0.07012904554310957,0.81875,0.27971177326118807,0.8765625,0.4601989711744326,0.4659987039794095,44.67173603558886,0.0,-0.8760874892397105,,,,,,,,,,,,0.0,True
burgers,24.0,12,Bayesian ridge,72,24,8,3.0,False,0.0007812501862645149,0.07865410353269854,0.3932291666666667,0.028953539001087377,0.553125,0.04763613881821566,1.292461628812277,63.23852598614677,0.0,0.7915065900393609,,,,,,,,,,,,,
burgers,24.0,12,POPS hypercube,72,24,8,3.0,False,0.17265245877206326,0.07865410353269854,0.7473958333333334,0.09510937564472291,0.8453125,0.1206524778327776,0.5846261918388248,,,,,,,,,,,,,,,,
burgers,24.0,12,POPS ellipse,72,24,8,3.0,False,0.007289874833077192,0.07865410353269846,0.8078125,0.12661162063102613,0.8953125,0.17531985408989695,0.5244387613822055,inf,0.06354166666666666,-1.56968965513751,,,,,,,,,,,,,
burgers,24.0,12,Ellipse+EB,72,24,8,3.0,False,0.0073331668972969055,0.07865410353269843,0.8848958333333333,0.1466042236497776,0.9578125,0.2172509568062916,0.4656864429781354,inf,0.021875,-1.8838924903239664,,,,,,,,,,,,,
burgers,24.0,12,Ellipse+PAC,72,24,8,3.0,False,0.27526037488132715,0.07259663605178851,0.9598958333333333,0.20168787552401152,0.9984375,0.6177792120459384,0.35258650739441844,-1.9084893696019456,0.0,-1.901150665684496,3.0272923073906686,5.560681631015528,1.5,-1.8895168113255982,0.03764636082883782,1.3056057879030156,4.879162757887429,0.0,-1.973396676970581,0.009756944444444443,-1.8931832300179476,,
burgers,24.0,12,Bayesian stacking,72,24,8,3.0,False,0.019907042384147644,0.1061447367592283,0.7151041666666667,0.17838321181074754,0.8411458333333334,0.23336437751295538,1.0585894347826514,4.034135128565321,0.0,-0.3256826521490114,,,,,,,,,,,,,
burgers,24.0,12,PVI,72,24,8,3.0,False,2.1441901670768857,0.09212339343022363,1.0,4.3954011955721395,1.0,7.231583728198549,4.3954011955721395,0.7980355878341623,0.0,0.8027406461008673,,,,,,,,,,,,10.0,True
burgers,24.0,12,PVI (no KL),72,24,8,3.0,False,0.0485746250487864,0.08406482031139303,0.8130208333333333,0.13578016211326432,0.9203125,0.2233938535439268,0.5354065068872323,5.523323454958084,0.0,-1.5072416541280753,,,,,,,,,,,,0.0,True
burgers,24.0,13,Bayesian ridge,72,24,8,3.0,False,0.0007905829697847366,0.06423076057621094,0.646875,0.0702270088645769,0.8494791666666667,0.11554178378454563,0.7083804026611455,8.608530280412875,0.0,-1.1444823230089909,,,,,,,,,,,,,
burgers,24.0,13,POPS hypercube,72,24,8,3.0,False,0.17136775003746152,0.06423076057621094,0.65,0.1451924257634199,0.8958333333333334,0.1949702943242137,0.5047518457230242,,,,,,,,,,,,,,,,
burgers,24.0,13,POPS ellipse,72,24,8,3.0,False,0.005936292000114918,0.06423076057621094,0.8739583333333333,0.15589728803263844,0.9265625,0.2158718895996434,0.4609585687465246,inf,0.052083333333333336,-1.5788792364679343,,,,,,,,,,,,,
burgers,24.0,13,Ellipse+EB,72,24,8,3.0,False,0.0059090000577270985,0.06423076057621097,0.9317708333333333,0.20255996907321924,0.9708333333333333,0.3160914717897241,0.413185138120692,inf,0.011979166666666667,-1.719212621314005,,,,,,,,,,,,,
burgers,24.0,13,Ellipse+PAC,72,24,8,3.0,False,0.2512722075916827,0.0698239125432838,0.9838541666666667,0.36607378408957003,0.9973958333333334,0.9439731289377794,0.43561811018506996,-1.719070444186712,0.0,-1.7139956554752056,3.1828049302820127,5.560681631015528,0.75,-1.510797403584414,0.0371918502935486,0.5814952752798042,4.656410483572879,0.0,-1.5733773653486702,0.01032986111111111,-1.7059674405777527,,
burgers,24.0,13,Bayesian stacking,72,24,8,3.0,False,0.022942041978240013,0.08228077430853357,0.8630208333333333,0.2295861100776934,0.9161458333333333,0.30524815127534655,0.6639367276051138,0.8083971449410082,0.0,-0.9303431707230718,,,,,,,,,,,,,
burgers,24.0,13,PVI,72,24,8,3.0,False,1.7661019591614604,0.08016162950711438,0.8546875,0.23193712507235353,0.9385416666666667,0.3815971887453737,0.41988493517354086,-0.8577913653581893,0.0,-1.3083067431443922,,,,,,,,,,,,1.0,True
burgers,24.0,13,PVI (no KL),72,24,8,3.0,False,0.03976058308035135,0.07058784732886468,0.8567708333333334,0.21555453388472176,0.9291666666666667,0.35464354456437075,0.42959826996250017,1.5486260241560776,0.0,-1.2968402563769534,,,,,,,,,,,,0.0,True
burgers,24.0,14,Bayesian ridge,72,24,8,3.0,False,0.0007342919707298279,0.06623238061752455,0.5822916666666667,0.0599725353789675,0.7677083333333333,0.09867049483952733,0.8318037314642285,17.626646908593294,0.0,-0.62123209928471,,,,,,,,,,,,,
burgers,24.0,14,POPS hypercube,72,24,8,3.0,False,0.16568983299657702,0.06623238061752455,0.625,0.12351974459963448,0.825,0.16566355236021174,0.5664344691389177,,,,,,,,,,,,,,,,
burgers,24.0,14,POPS ellipse,72,24,8,3.0,False,0.007124749943614006,0.06623238061752461,0.9130208333333333,0.1552238555794435,0.9703125,0.21493938372976273,0.3217729707978997,inf,0.018229166666666668,-1.92960620298522,,,,,,,,,,,,,
burgers,24.0,14,Ellipse+EB,72,24,8,3.0,False,0.008134416304528713,0.06623238061752464,0.9635416666666666,0.19555713684416892,0.9838541666666667,0.29864500034753283,0.3309910527277848,inf,0.010416666666666666,-1.8966646762962003,,,,,,,,,,,,,
burgers,24.0,14,Ellipse+PAC,72,24,8,3.0,False,0.23981616692617536,0.069313184262807,0.9796875,0.40476119493383567,0.99375,0.6738145136494452,0.48105003746922603,inf,0.0015625,-1.542038140552694,3.599557911689212,5.560681631015528,1.875,-1.41933718170311,0.032663496996822874,2.7427052396723672,4.986231596395498,0.0,-1.4489891274178257,0.007399305555555556,-1.5357328955606466,,
burgers,24.0,14,Bayesian stacking,72,24,8,3.0,False,0.01881262520328164,0.07512803422701182,0.8536458333333333,0.21216445434866044,0.9088541666666666,0.28750668189758904,0.7121476897251964,1.4392772500264592,0.0,-0.8764644468803527,,,,,,,,,,,,,
burgers,24.0,14,PVI,72,24,8,3.0,False,1.8315156670287251,0.07061416006194891,0.8869791666666667,0.16451091728777792,0.9682291666666667,0.2706634547416904,0.3509547487702092,-1.4665129613763503,0.0,-1.732190990089459,,,,,,,,,,,,1.0,True
burgers,24.0,14,PVI (no KL),72,24,8,3.0,False,0.04642854165285826,0.07006284037743138,0.8734375,0.1649622976768893,0.9661458333333334,0.2714060934524444,0.34720554848559954,-1.446476480019345,0.0,-1.719631046472998,,,,,,,,,,,,0.0,True
burgers,24.0,15,Bayesian ridge,72,24,8,3.0,False,0.0007599168457090855,0.0642514559967117,0.5859375,0.07148562171923313,0.8052083333333333,0.11761253087561946,0.7166354495609292,5.140504841524321,0.0,-0.8411974468080317,,,,,,,,,,,,,
burgers,24.0,15,POPS hypercube,72,24,8,3.0,False,0.18091495800763369,0.0642514559967117,0.6057291666666667,0.21858317751246797,0.921875,0.2781611044684832,0.5632974059512076,,,,,,,,,,,,,,,,
burgers,24.0,15,POPS ellipse,72,24,8,3.0,False,0.006014415994286537,0.06425145599671168,0.9515625,0.23578278667914135,0.9854166666666667,0.32648980837203384,0.30062821609317264,inf,0.0067708333333333336,-1.8517091262942378,,,,,,,,,,,,,
burgers,24.0,15,Ellipse+EB,72,24,8,3.0,False,0.006490333937108517,0.0642514559967117,0.9885416666666667,0.27933467077315954,0.9947916666666666,0.41875326047784495,0.32435270170252595,inf,0.0026041666666666665,-1.7958165982351126,,,,,,,,,,,,,
burgers,24.0,15,Ellipse+PAC,72,24,8,3.0,False,0.15792841697111726,0.06632165047717146,0.9885416666666667,0.3568521489815083,0.9989583333333333,0.6378860515781746,0.38003571552589493,-1.6557477811038246,0.0,-1.648412671305734,3.0469808281034765,5.560681631015528,0.5625,-1.5299296266729006,0.032374436116690095,0.13611004468607507,4.544536018659686,0.0,-1.5543414487991603,0.0055000000000000005,-1.6394294559937015,,
burgers,24.0,15,Bayesian stacking,72,24,8,3.0,False,0.02240250026807189,0.06845424300666206,0.8942708333333333,0.18982896592775292,0.9380208333333333,0.28271593768832637,0.5704639647062796,0.32842086243018914,0.0,-1.0459506385293467,,,,,,,,,,,,,
burgers,24.0,15,PVI,72,24,8,3.0,False,1.7443363750353456,0.07050217853911483,0.94375,0.21835982059517436,0.9859375,0.3592589743796689,0.3215749766980608,-2.0972205118253204,0.0,-2.1390189705963762,,,,,,,,,,,,1.0,True
burgers,24.0,15,PVI (no KL),72,24,8,3.0,False,0.017250457778573036,0.07283356350689675,0.8979166666666667,0.22719466080842465,0.9526041666666667,0.3737945955629494,0.3390357333839073,8.116722283711628,0.0,-1.8616711661706982,,,,,,,,,,,,0.0,True
burgers,24.0,16,Bayesian ridge,72,24,8,3.0,False,0.0007351669482886791,0.06467171218853944,0.75625,0.0955296853539668,0.8932291666666666,0.15717129959868192,0.6419866398848293,7.195903634363183,0.0,-1.4576866666502493,,,,,,,,,,,,,
burgers,24.0,16,POPS hypercube,72,24,8,3.0,False,0.17397166695445776,0.06467171218853944,0.7260416666666667,0.18419959658294882,0.9229166666666667,0.2413337167692227,0.45947290895523357,,,,,,,,,,,,,,,,
burgers,24.0,16,POPS ellipse,72,24,8,3.0,False,0.006673499941825867,0.06467171218853943,0.9135416666666667,0.19245330247151907,0.9645833333333333,0.26649121731688297,0.30675805028406894,inf,0.019270833333333334,-1.770805416722452,,,,,,,,,,,,,
burgers,24.0,16,Ellipse+EB,72,24,8,3.0,False,0.006518334150314331,0.06467171218853945,0.9770833333333333,0.24575956228121448,0.9911458333333333,0.37481475281746185,0.3248996770007162,inf,0.004166666666666667,-1.803589511049026,,,,,,,,,,,,,
burgers,24.0,16,Ellipse+PAC,72,24,8,3.0,False,0.2645115000195801,0.06597943074856356,0.9854166666666667,0.5182250605729676,0.9958333333333333,1.0496925531207375,0.5626957632072062,-1.4969271707409306,0.0,-1.4943368794149274,3.6445452017587345,5.560681631015528,0.7734375,-1.1432473684048374,0.034438292976799095,1.3646565886426847,4.753354277186773,0.0,-1.1568383460818636,0.0037326388888888886,-1.4867723816401461,,
burgers,24.0,16,Bayesian stacking,72,24,8,3.0,False,0.02388362493366003,0.07109132592934117,0.8421875,0.1924014930828343,0.9078125,0.29348382775325005,0.6732198263227654,0.4254216141407604,0.0,-1.1032275485978302,,,,,,,,,,,,,
burgers,24.0,16,PVI,72,24,8,3.0,False,1.359706582967192,0.070461812664815,0.8604166666666667,0.1855126436364501,0.9489583333333333,0.30521678349814935,0.3678494554296157,-1.452307743780381,0.0,-1.5648839560387318,,,,,,,,,,,,1.0,True
burgers,24.0,16,PVI (no KL),72,24,8,3.0,False,0.048062041867524385,0.07362067498296222,0.8151041666666666,0.19049485462488508,0.9088541666666666,0.31341382270146795,0.4805097383142742,4.929306443231777,0.0,-1.192245921657029,,,,,,,,,,,,0.0,True
burgers,24.0,17,Bayesian ridge,72,24,8,3.0,False,0.0007376661524176598,0.0665428318127203,0.6010416666666667,0.07925891552531962,0.809375,0.1304016307783155,0.7630444202728024,11.850683298527445,0.0,-0.6951455729279771,,,,,,,,,,,,,
burgers,24.0,17,POPS hypercube,72,24,8,3.0,False,0.17180604115128517,0.0665428318127203,0.6739583333333333,0.1410456775824399,0.8885416666666667,0.1956459345688412,0.5062991476612736,,,,,,,,,,,,,,,,
burgers,24.0,17,POPS ellipse,72,24,8,3.0,False,0.005283332895487547,0.0665428318127203,0.8901041666666667,0.14820404237313245,0.9614583333333333,0.20521900718821803,0.34390986670756174,inf,0.022916666666666665,-1.7690960139071714,,,,,,,,,,,,,
burgers,24.0,17,Ellipse+EB,72,24,8,3.0,False,0.005646041128784418,0.06654283181272025,0.9614583333333333,0.20198319377094695,0.9786458333333333,0.3130068190832229,0.35654042972155736,inf,0.011979166666666667,-1.767976599744625,,,,,,,,,,,,,
burgers,24.0,17,Ellipse+PAC,72,24,8,3.0,False,0.14487633295357227,0.06930075357583852,0.9390625,0.18663877457647887,0.9755208333333333,0.2821438883107788,0.3742046802435921,inf,0.009895833333333333,-1.6641323741019354,2.9012942231493715,5.560681631015528,0.9375,-1.64727116636101,0.0334349751139926,0.003452465857100426,4.515130414396389,0.0,-1.658321286718318,0.00040625000000000004,-1.6670390357193503,,
burgers,24.0,17,Bayesian stacking,72,24,8,3.0,False,0.01768225012347102,0.07795677712176877,0.9057291666666667,0.22912909893462163,0.9432291666666667,0.32156542383933817,0.6437113793992424,0.5884136124039407,0.0,-1.1147132032674194,,,,,,,,,,,,,
burgers,24.0,17,PVI,72,24,8,3.0,False,1.397095417138189,0.06888589176614587,0.8536458333333333,0.13968808471772257,0.9411458333333333,0.2298234075846202,0.4220887462630356,-1.4145766100385975,0.0,-1.7279559009115577,,,,,,,,,,,,1.0,True
burgers,24.0,17,PVI (no KL),72,24,8,3.0,False,0.031885584350675344,0.06913606869716524,0.8541666666666666,0.14964580685216405,0.9442708333333333,0.24620646299942314,0.4269551052694031,-1.0070748044774132,0.0,-1.6357304001944035,,,,,,,,,,,,0.0,True
burgers,24.0,18,Bayesian ridge,72,24,8,3.0,False,0.0007690000347793102,0.07126644892645981,0.5098958333333333,0.04937496792283088,0.7755208333333333,0.08123472664355759,0.9003864838748499,23.190781522804528,0.0,-0.5938487511104917,,,,,,,,,,,,,
burgers,24.0,18,POPS hypercube,72,24,8,3.0,False,0.17477291589602828,0.07126644892645981,0.5432291666666667,0.09102543813923127,0.784375,0.1227550706102454,0.6007028410889182,,,,,,,,,,,,,,,,
burgers,24.0,18,POPS ellipse,72,24,8,3.0,False,0.007542000152170658,0.07126644892645971,0.8921875,0.12839227723992983,0.9416666666666667,0.17778553974577352,0.4369214302142306,inf,0.03958333333333333,-1.8204236177987057,,,,,,,,,,,,,
burgers,24.0,18,Ellipse+EB,72,24,8,3.0,False,0.00875379191711545,0.07126644892645975,0.9416666666666667,0.1658208951205096,0.9661458333333334,0.25611550455131343,0.42747910245199866,inf,0.018229166666666668,-1.87605359235852,,,,,,,,,,,,,
burgers,24.0,18,Ellipse+PAC,72,24,8,3.0,False,0.2447252501733601,0.0664778784764627,0.9822916666666667,0.3180003091841172,0.9989583333333333,0.8077535064050124,0.3937802518745625,-1.730974693881093,0.0,-1.7230737453887335,3.3867451102648967,5.560681631015528,1.5,-1.5748940308330492,0.04052691045134786,1.586116934296113,4.921112230646598,0.0,-1.6660859664568752,0.01221875,-1.7145543720476661,,
burgers,24.0,18,Bayesian stacking,72,24,8,3.0,False,0.019074125215411186,0.08877932140469239,0.8322916666666667,0.19017342388555403,0.89375,0.24732336650470185,0.8509446906649328,2.3904334473393467,0.0,-0.6346136769191772,,,,,,,,,,,,,
burgers,24.0,18,PVI,72,24,8,3.0,False,1.4941792502067983,0.06929995644258682,0.8828125,0.1469696657063551,0.9541666666666667,0.24180351139084408,0.4003205651672207,-1.4741033544454651,0.0,-1.8960076394705523,,,,,,,,,,,,1.0,True
burgers,24.0,18,PVI (no KL),72,24,8,3.0,False,0.06649508373811841,0.06998953001979136,0.8598958333333333,0.14124647300418763,0.9302083333333333,0.23238736360892323,0.42166691526888656,-0.45391244461505836,0.0,-1.7320931176325878,,,,,,,,,,,,0.0,True
burgers,24.0,19,Bayesian ridge,72,24,8,3.0,False,0.0007096249610185623,0.06499567615446272,0.3411458333333333,0.032046412470661804,0.4869791666666667,0.052724724014598406,1.1320394111463712,43.03418421325926,0.0,1.39260390954981,,,,,,,,,,,,,
burgers,24.0,19,POPS hypercube,72,24,8,3.0,False,0.1606615842320025,0.06499567615446272,0.6973958333333333,0.07851489397769959,0.83125,0.10866365696409265,0.636213652435192,,,,,,,,,,,,,,,,
burgers,24.0,19,POPS ellipse,72,24,8,3.0,False,0.005927290767431259,0.06499567615446272,0.7692708333333333,0.11311527548867142,0.8895833333333333,0.1566313857699149,0.4288937012348646,inf,0.0703125,-1.3664759499538723,,,,,,,,,,,,,
burgers,24.0,19,Ellipse+EB,72,24,8,3.0,False,0.005797333084046841,0.06499567615446275,0.8505208333333333,0.12891898982493416,0.9666666666666667,0.19364149218345486,0.3743370093979875,inf,0.017708333333333333,-1.8008142726388767,,,,,,,,,,,,,
burgers,24.0,19,Ellipse+PAC,72,24,8,3.0,False,0.1928256251849234,0.06511163831237175,0.8880208333333334,0.1368888290254903,0.9734375,0.31936082676398103,0.379137364001314,inf,0.0067708333333333336,-1.6462206321482944,2.4430448568654897,5.560681631015528,0.75,-2.1639214211351656,0.03346848017956836,0.29927476386214047,4.573497797821087,0.0,-2.1991242299874276,0.0050798611111111105,-1.649314998739231,,
burgers,24.0,19,Bayesian stacking,72,24,8,3.0,False,0.01965508423745632,0.08286732298830429,0.8630208333333333,0.19805657131235127,0.9088541666666666,0.25648423870936454,0.6807390150864606,2.62645571795869,0.0,0.0051115671526394514,,,,,,,,,,,,,
burgers,24.0,19,PVI,72,24,8,3.0,False,1.3795086252503097,0.07138540231071579,0.7760416666666666,0.09898725642599863,0.9135416666666667,0.1628599076667654,0.516210668313892,-0.5146679277273666,0.0,-1.5784851037218475,,,,,,,,,,,,1.0,True
burgers,24.0,19,PVI (no KL),72,24,8,3.0,False,0.0363732916302979,0.07200788075430102,0.7307291666666667,0.10461448937096184,0.828125,0.1721181765684923,0.6259236747016836,42.4706799813925,0.0,-0.8883589050207626,,,,,,,,,,,,0.0,True
burgers,24.0,20,Bayesian ridge,72,24,8,3.0,False,0.0008235420100390911,0.0664834411101146,0.65625,0.0576375942928424,0.8130208333333333,0.09482890650357874,0.7962366459569907,12.83622555615507,0.0,-1.172724920585266,,,,,,,,,,,,,
burgers,24.0,20,POPS hypercube,72,24,8,3.0,False,0.17792491614818573,0.0664834411101146,0.8661458333333333,0.1300645520735436,0.9458333333333333,0.1649642832399314,0.3170578097276197,,,,,,,,,,,,,,,,
burgers,24.0,20,POPS ellipse,72,24,8,3.0,False,0.005585874896496534,0.06648344111011457,0.8739583333333333,0.13096694135357373,0.9526041666666667,0.18135069225298286,0.34425439022981674,inf,0.0296875,-2.0183236680556313,,,,,,,,,,,,,
burgers,24.0,20,Ellipse+EB,72,24,8,3.0,False,0.006298082880675793,0.06648344111011459,0.946875,0.15761771584571457,0.9765625,0.2375983464552852,0.3339199889187958,inf,0.013541666666666667,-2.0737722739779048,,,,,,,,,,,,,
burgers,24.0,20,Ellipse+PAC,72,24,8,3.0,False,0.1896996251307428,0.06746546005908005,0.965625,0.21273848576966572,0.9885416666666667,0.3617637917368232,0.32286372608388914,inf,0.003125,-1.940391459121595,2.55813992049017,5.560681631015528,1.875,-2.098014819641216,0.03309235265472155,0.4477346923973893,4.623062387476664,0.0,-2.116156337780443,0.005208333333333333,-1.9359162028839458,,
burgers,24.0,20,Bayesian stacking,72,24,8,3.0,False,0.021273542195558548,0.0710993530937454,0.8760416666666667,0.19089835511093362,0.9234375,0.2678156710260069,0.6650830919677222,0.9086302796215129,0.0,-1.3046796206408422,,,,,,,,,,,,,
burgers,24.0,20,PVI,72,24,8,3.0,False,1.4979570829309523,0.07483964527922488,0.8734375,0.13203969365540738,0.9692708333333333,0.21723980533942447,0.40357596502939036,-1.7778878331788621,0.0,-2.0475451989506466,,,,,,,,,,,,1.0,True
burgers,24.0,20,PVI (no KL),72,24,8,3.0,False,0.07163220783695579,0.07526594828256673,0.8244791666666667,0.13170070541008136,0.9359375,0.21668208107948214,0.469582130701954,0.9809165045637388,0.0,-1.708975261044303,,,,,,,,,,,,0.0,True
burgers,24.0,21,Bayesian ridge,72,24,8,3.0,False,0.0010206247679889202,0.06591804264099634,0.5322916666666667,0.057860388574428344,0.7505208333333333,0.0951954613252582,0.8538934490681939,13.530441182324848,0.0,-0.423970380819308,,,,,,,,,,,,,
burgers,24.0,21,POPS hypercube,72,24,8,3.0,False,0.16980666713789105,0.06591804264099634,0.6395833333333333,0.15896217780651295,0.9046875,0.20387428160915322,0.49253428494629686,,,,,,,,,,,,,,,,
burgers,24.0,21,POPS ellipse,72,24,8,3.0,False,0.00580945797264576,0.06591804264099635,0.9109375,0.17794084974294425,0.965625,0.2463957388593805,0.3020725524832828,inf,0.020833333333333332,-1.833134204349641,,,,,,,,,,,,,
burgers,24.0,21,Ellipse+EB,72,24,8,3.0,False,0.006200292147696018,0.06591804264099636,0.98125,0.22021877687350766,0.9885416666666667,0.33488275286187746,0.3021845539134177,inf,0.005729166666666666,-1.9016266944406555,,,,,,,,,,,,,
burgers,24.0,21,Ellipse+PAC,72,24,8,3.0,False,0.2831499995663762,0.06878713020812345,0.98125,0.27419816107169837,0.9989583333333333,0.7461449225700032,0.34689650600077115,-1.744185767873266,0.0,-1.7360456702604878,3.082937352854093,5.560681631015528,1.6875,-1.763363323011638,0.03721858241807231,1.0916595846790988,4.809082093447659,0.0,-1.8064190715742852,0.008152777777777778,-1.727365488099152,,
burgers,24.0,21,Bayesian stacking,72,24,8,3.0,False,0.020345916971564293,0.07479944877497674,0.8984375,0.20830297950507265,0.93125,0.27843278761998097,0.6251558744224136,1.0819745997468415,0.0,-0.9432072834820658,,,,,,,,,,,,,
burgers,24.0,21,PVI,72,24,8,3.0,False,2.109279750380665,0.08201865674416528,0.7791666666666667,0.1860155780073798,0.875,0.30604424198290175,0.46119799434887393,151.85108291552697,0.0,-1.094891608337381,,,,,,,,,,,,0.0,True
burgers,24.0,21,PVI (no KL),72,24,8,3.0,False,0.04503470892086625,0.08201865674416528,0.7791666666666667,0.1860155780073798,0.875,0.30604424198290175,0.46119799434887393,151.85108291552697,0.0,-1.094891608337381,,,,,,,,,,,,0.0,True
burgers,24.0,22,Bayesian ridge,72,24,8,3.0,False,0.0008723330684006214,0.0679865336129831,0.4671875,0.062086996654101126,0.6989583333333333,0.1021493362628236,0.8996592252905451,15.229764422340367,0.0,0.09636536973539869,,,,,,,,,,,,,
burgers,24.0,22,POPS hypercube,72,24,8,3.0,False,0.15382629120722413,0.0679865336129831,0.6958333333333333,0.13278511797146778,0.8911458333333333,0.18298492794314763,0.5120080083183611,,,,,,,,,,,,,,,,
burgers,24.0,22,POPS ellipse,72,24,8,3.0,False,0.004972541239112616,0.0679865336129831,0.8817708333333333,0.17748579797548228,0.9489583333333333,0.24576562600656987,0.3809526206344544,inf,0.036458333333333336,-1.5798921397821704,,,,,,,,,,,,,
burgers,24.0,22,Ellipse+EB,72,24,8,3.0,False,0.005602917168289423,0.06798653361298308,0.9671875,0.219944593614778,0.984375,0.3386912003626796,0.3429160520563599,inf,0.0067708333333333336,-1.7540075384105818,,,,,,,,,,,,,
burgers,24.0,22,Ellipse+PAC,72,24,8,3.0,False,0.26670512510463595,0.07028385590694727,0.9640625,0.29542924893235856,0.990625,0.6374249968712535,0.4078488156068367,inf,0.0015625,-1.5302042017723552,3.22499528953712,5.560681631015528,1.875,-1.7581028623413404,0.03462967623767104,1.8635947144546168,4.948468475640789,0.0,-1.793000556303001,0.0042743055555555555,-1.5242953869393,,
burgers,24.0,22,Bayesian stacking,72,24,8,3.0,False,0.021019000094383955,0.07637385453543812,0.8734375,0.20671448014733038,0.9328125,0.2997971868131847,0.6872175151949759,1.1825267839943943,0.0,-0.9062277236711964,,,,,,,,,,,,,
burgers,24.0,22,PVI,72,24,8,3.0,False,1.9201862500049174,0.06928724500390195,0.8151041666666666,0.1705120918333621,0.9192708333333334,0.28053695530806533,0.38606959722790724,-1.212408831295483,0.0,-1.5413172520929554,,,,,,,,,,,,1.0,True
burgers,24.0,22,PVI (no KL),72,24,8,3.0,False,0.05070270877331495,0.07003867870981949,0.7744791666666667,0.1705309214935691,0.8729166666666667,0.28056793502033756,0.4184260590415045,52.05405735562159,0.0,-1.0914696296072761,,,,,,,,,,,,0.0,True
burgers,24.0,23,Bayesian ridge,72,24,8,3.0,False,0.0007373327389359474,0.06747671457007731,0.5328125,0.05299950150848195,0.75,0.08719803168308575,0.9066165429360928,28.341172084468187,0.0,-0.5146144449592548,,,,,,,,,,,,,
burgers,24.0,23,POPS hypercube,72,24,8,3.0,False,0.16992329061031342,0.06747671457007731,0.7536458333333333,0.10832726618461944,0.8864583333333333,0.1500991858695783,0.5618144483921926,,,,,,,,,,,,,,,,
burgers,24.0,23,POPS ellipse,72,24,8,3.0,False,0.006289415992796421,0.0674767145700773,0.8817708333333333,0.14646645186796015,0.9666666666666667,0.20281295541890557,0.3124189053084244,inf,0.0203125,-1.9893311646008394,,,,,,,,,,,,,
burgers,24.0,23,Ellipse+EB,72,24,8,3.0,False,0.005878291092813015,0.06747671457007733,0.96875,0.17598176811664507,0.9822916666666667,0.26503609799744743,0.3125468653394894,inf,0.0109375,-2.0134396983233125,,,,,,,,,,,,,
burgers,24.0,23,Ellipse+PAC,72,24,8,3.0,False,0.31847349973395467,0.06830816144917254,0.9901041666666667,0.5232080734062543,0.9958333333333333,0.9630010987183977,0.5692303375371466,inf,0.0010416666666666667,-1.622011625219823,3.7023054043755512,5.560681631015528,1.5,-1.3849665018523332,0.03343247245031589,2.4787923515085275,5.0538394337775685,0.0,-1.4103645035627705,0.007020833333333334,-1.613855145541024,,
burgers,24.0,23,Bayesian stacking,72,24,8,3.0,False,0.018951999954879284,0.07621782935560574,0.9015625,0.22348577489800991,0.9307291666666667,0.3047394452105652,0.6827315420824009,1.1963766255803097,0.0,-1.141558047881197,,,,,,,,,,,,,
burgers,24.0,23,PVI,72,24,8,3.0,False,1.9090895410627127,0.07198500402493582,0.8723958333333334,0.15207168051607958,0.9604166666666667,0.25019765919154996,0.36918341279435485,-1.6806490046661295,0.0,-1.8982986153096368,,,,,,,,,,,,0.1,True
burgers,24.0,23,PVI (no KL),72,24,8,3.0,False,0.050818500109016895,0.07192289663367037,0.86875,0.15141196817971697,0.9578125,0.24911225997890524,0.3725401087613553,-1.4904855554171565,0.0,-1.8641762754504494,,,,,,,,,,,,0.0,True
burgers,24.0,24,Bayesian ridge,72,24,8,3.0,False,0.0007389998063445091,0.07088310772874358,0.6359375,0.06832937903459788,0.7869791666666667,0.11241968675858025,0.8784076206816315,10.341091311689656,0.0,-0.8710663211192683,,,,,,,,,,,,,
burgers,24.0,24,POPS hypercube,72,24,8,3.0,False,0.17804933292791247,0.07088310772874358,0.7598958333333333,0.21445581510122455,0.91875,0.2609483637836895,0.5025937327019167,,,,,,,,,,,,,,,,
burgers,24.0,24,POPS ellipse,72,24,8,3.0,False,0.008053333964198828,0.07088310772874362,0.8869791666666667,0.24126455466585864,0.94375,0.3340804446722095,0.4113159327538006,inf,0.04010416666666667,-1.6057682875076271,,,,,,,,,,,,,
burgers,24.0,24,Ellipse+EB,72,24,8,3.0,False,0.008643416687846184,0.07088310772874364,0.9369791666666667,0.2541922001546708,0.9739583333333334,0.3629145113177626,0.3868581711751505,inf,0.009375,-1.795824460623885,,,,,,,,,,,,,
burgers,24.0,24,Ellipse+PAC,72,24,8,3.0,False,0.22011704184114933,0.0719393634528873,0.9604166666666667,0.3521124810193351,0.99375,0.7458494760187995,0.46772362480069407,inf,0.0005208333333333333,-1.6722700725742905,3.321616219260975,5.560681631015528,4.5,-1.8376380437693558,0.03567339379895195,2.772663855315093,5.123580869231379,0.0,-1.8544811501739118,0.0036666666666666666,-1.6654860845070407,,
burgers,24.0,24,Bayesian stacking,72,24,8,3.0,False,0.017455666791647673,0.07154265673034374,0.8708333333333333,0.16794353046517868,0.925,0.2413910904501019,0.6524711393057985,0.4919124766551473,0.0,-1.1260131466241314,,,,,,,,,,,,,
burgers,24.0,24,PVI,72,24,8,3.0,False,1.8027115827426314,0.07357668948265647,0.8494791666666667,0.18681965942381673,0.9713541666666666,0.30736716606389575,0.37087106345459475,-1.7180435836070644,0.0,-1.8074103264205956,,,,,,,,,,,,1.0,True
burgers,24.0,24,PVI (no KL),72,24,8,3.0,False,0.07287904201075435,0.07328846406258996,0.8588541666666667,0.18463314458117594,0.9739583333333334,0.303769777690467,0.35977774307628063,-1.7454822187707422,0.0,-1.8287558542317608,,,,,,,,,,,,0.0,True
burgers,24.0,25,Bayesian ridge,72,24,8,3.0,False,0.0008786250837147236,0.06676615499732072,0.46822916666666664,0.054694219422583706,0.7057291666666666,0.08998628557532452,0.8874923563541728,14.423454527030215,0.0,-0.11755924210407068,,,,,,,,,,,,,
burgers,24.0,25,POPS hypercube,72,24,8,3.0,False,0.16607466712594032,0.06676615499732072,0.734375,0.11106023063798101,0.9005208333333333,0.15245261258431544,0.5014584799327395,,,,,,,,,,,,,,,,
burgers,24.0,25,POPS ellipse,72,24,8,3.0,False,0.007522291969507933,0.06676615499732073,0.8453125,0.12980107835901267,0.9432291666666667,0.1797363149227146,0.36687209621984657,inf,0.034375,-1.6619368764459557,,,,,,,,,,,,,
burgers,24.0,25,Ellipse+EB,72,24,8,3.0,False,0.007414207793772221,0.06676615499732075,0.9541666666666667,0.17325454506784826,0.9770833333333333,0.2721901797433588,0.3408277400399828,inf,0.0109375,-1.8578388453393828,,,,,,,,,,,,,
burgers,24.0,25,Ellipse+PAC,72,24,8,3.0,False,0.16254391660913825,0.06861145107643572,0.95,0.20557015240944806,0.9880208333333333,0.3617639511007642,0.3356767718750478,inf,0.0026041666666666665,-1.8488296115240288,3.0578440839690484,5.560681631015528,3.0,-1.6146635677020602,0.040296737435274364,0.4208721664980256,4.632210914235834,0.0,-1.6660015578079612,0.003142361111111111,-1.8440997936366168,,
burgers,24.0,25,Bayesian stacking,72,24,8,3.0,False,0.017547249794006348,0.0832516078248064,0.8760416666666667,0.22866826958834555,0.9322916666666666,0.30147141689278406,0.689359327306796,1.2430005915947624,0.0,-0.8353171833089271,,,,,,,,,,,,,
burgers,24.0,25,PVI,72,24,8,3.0,False,1.8974987920373678,0.06818715681475793,0.91875,0.14235195949768129,0.9838541666666667,0.23420617781549566,0.31806970852673006,-1.9907908691533822,0.0,-2.169028211810588,,,,,,,,,,,,1.0,True
burgers,24.0,25,PVI (no KL),72,24,8,3.0,False,0.06727208429947495,0.0670425689287597,0.884375,0.14126225652541072,0.9463541666666667,0.23241333162644248,0.4147450010559678,-0.48479955860520985,0.0,-1.8761111573584894,,,,,,,,,,,,0.0,True
burgers,24.0,26,Bayesian ridge,72,24,8,3.0,False,0.00127083295956254,0.06971992428319732,0.6109375,0.0797018286220274,0.8583333333333333,0.13113033858009354,0.7501924836355556,8.754180211755477,0.0,-0.9819504430795012,,,,,,,,,,,,,
burgers,24.0,26,POPS hypercube,72,24,8,3.0,False,0.20641495939344168,0.06971992428319732,0.6869791666666667,0.192920846531804,0.925,0.2589441932439004,0.5211099646127546,,,,,,,,,,,,,,,,
burgers,24.0,26,POPS ellipse,72,24,8,3.0,False,0.006796542089432478,0.06971992428319732,0.9057291666666667,0.1787702830371924,0.9567708333333333,0.24754426000933602,0.3467427584779971,inf,0.03177083333333333,-1.694095922613432,,,,,,,,,,,,,
burgers,24.0,26,Ellipse+EB,72,24,8,3.0,False,0.0066948747262358665,0.06971992428319733,0.9755208333333333,0.23834145540150703,0.9864583333333333,0.36779137900439884,0.33819209971531033,inf,0.00625,-1.7821701958392437,,,,,,,,,,,,,
burgers,24.0,26,Ellipse+PAC,72,24,8,3.0,False,0.25673870788887143,0.06978995619347172,0.9864583333333333,0.4532132080585913,0.9994791666666667,1.0788338345117765,0.48823694963339354,-1.561667050324012,0.0,-1.5526505819229643,3.334355804775588,5.560681631015528,0.75,-1.3872558469777378,0.03607574154889112,0.7034050198099691,4.685535910204434,0.0,-1.4479389997720515,0.015347222222222222,-1.5434742443474117,,
burgers,24.0,26,Bayesian stacking,72,24,8,3.0,False,0.017022833228111267,0.08656270016166141,0.9,0.23142809423613483,0.9390625,0.30988235430934785,0.6928286806174364,0.5043783814499277,0.0,-1.161732067509513,,,,,,,,,,,,,
burgers,24.0,26,PVI,72,24,8,3.0,False,1.642429833766073,0.07753152660330975,0.8739583333333333,0.20356123677916513,0.9697916666666667,0.334911436313737,0.3575692579237189,-1.8914161917676489,0.0,-1.9440722147321483,,,,,,,,,,,,1.0,True
burgers,24.0,26,PVI (no KL),72,24,8,3.0,False,0.03225429216399789,0.0761945727570146,0.825,0.20807992815273815,0.9114583333333334,0.34234586460729083,0.3788502485676974,2832.280038479576,0.0,-1.497131585191662,,,,,,,,,,,,0.0,True
burgers,24.0,27,Bayesian ridge,72,24,8,3.0,False,0.0008209170773625374,0.06946616361792625,0.6130208333333333,0.0955565807061474,0.8140625,0.1572155494822624,0.7758637254517046,5.335076324359378,0.0,-0.6609571044268985,,,,,,,,,,,,,
burgers,24.0,27,POPS hypercube,72,24,8,3.0,False,0.16721670795232058,0.06946616361792625,0.8494791666666667,0.2442209296775871,0.9807291666666667,0.3259376189760756,0.3771000413773595,,,,,,,,,,,,,,,,
burgers,24.0,27,POPS ellipse,72,24,8,3.0,False,0.005788417067378759,0.06946616361792625,0.9854166666666667,0.27261681352321204,0.9927083333333333,0.37749410149821594,0.3281952661111596,inf,0.005729166666666666,-1.7392461817665408,,,,,,,,,,,,,
burgers,24.0,27,Ellipse+EB,72,24,8,3.0,False,0.0060468330048024654,0.06946616361792629,0.9880208333333333,0.3258286194517576,0.99375,0.49721777134015155,0.37887472607418243,inf,0.0026041666666666665,-1.5917427431608204,,,,,,,,,,,,,
burgers,24.0,27,Ellipse+PAC,72,24,8,3.0,False,0.24969112500548363,0.07123236329053136,0.9947916666666666,0.6248291921905686,0.9984375,1.2201535198056623,0.653543173082052,inf,0.0005208333333333333,-1.4299709116192587,3.6981146117013846,5.560681631015528,2.25,-1.2324181473735591,0.03369140385934552,2.3743546784633556,4.896841355215598,0.0,-1.2549115982683188,0.005388888888888889,-1.4212584252376752,,
burgers,24.0,27,Bayesian stacking,72,24,8,3.0,False,0.02118925005197525,0.07531622652836051,0.9083333333333333,0.24496941197019265,0.9458333333333333,0.34088245769082876,0.5676861493596754,0.24828800704160886,0.0,-0.880990067440002,,,,,,,,,,,,,
burgers,24.0,27,PVI,72,24,8,3.0,False,2.119231208227575,0.07147703478697476,0.9192708333333334,0.2349780264398752,0.9739583333333334,0.3866002662506945,0.37422477947118366,-1.397321672987124,0.0,-1.761123626855303,,,,,,,,,,,,1.0,True
burgers,24.0,27,PVI (no KL),72,24,8,3.0,False,0.17538499971851707,0.07448230610213913,0.95625,0.26118350344173746,0.984375,0.4297151248595638,0.3756964700706508,-1.6626762270697821,0.0,-1.7507792635239219,,,,,,,,,,,,0.0,True
burgers,24.0,28,Bayesian ridge,72,24,8,3.0,False,0.0007309997454285622,0.0674685809707837,0.74375,0.09557726408929956,0.9130208333333333,0.15724957905325987,0.5985664841441518,2.123629288445061,0.0,-1.4860577009658138,,,,,,,,,,,,,
burgers,24.0,28,POPS hypercube,72,24,8,3.0,False,0.16374399978667498,0.0674685809707837,0.7453125,0.2926902854429689,0.9614583333333333,0.3663910381888313,0.5014434029314309,,,,,,,,,,,,,,,,
burgers,24.0,28,POPS ellipse,72,24,8,3.0,False,0.0059179156087338924,0.06746858097078362,0.9755208333333333,0.37229320744223693,0.9973958333333334,0.5155165890944945,0.4051186218614388,inf,0.0015625,-1.641934227852217,,,,,,,,,,,,,
burgers,24.0,28,Ellipse+EB,72,24,8,3.0,False,0.006011125165969133,0.06746858097078362,0.9958333333333333,0.4535350660989163,0.9984375,0.684470698872133,0.4750400552466197,inf,0.0010416666666666667,-1.466744924019411,,,,,,,,,,,,,
burgers,24.0,28,Ellipse+PAC,72,24,8,3.0,False,0.1781880841590464,0.08254548127482228,0.9947916666666666,0.5013003957250926,0.9984375,1.2233357431468954,0.5287273419040127,-1.525234150102776,0.0,-1.5171122360984546,3.3459212686081856,5.560681631015528,3.75,-1.3839966937866075,0.035511263611497326,0.8012724731522423,4.694406698783296,0.0,-1.409151744542644,0.004868055555555555,-1.50828264126181,,
burgers,24.0,28,Bayesian stacking,72,24,8,3.0,False,0.031949250027537346,0.07241834105233347,0.9010416666666666,0.19660475657640084,0.9421875,0.29534865899394563,0.590746336449042,-0.19375044352843127,0.0,-1.265090175570801,,,,,,,,,,,,,
burgers,24.0,28,PVI,72,24,8,3.0,False,1.9832351668737829,0.08015727445500341,0.9140625,0.35127427163240316,0.9645833333333333,0.5779379842346842,0.4112278448636523,3.4041899136601987,0.0,-1.6164579811129762,,,,,,,,,,,,0.01,True
burgers,24.0,28,PVI (no KL),72,24,8,3.0,False,0.11739833420142531,0.07321457930047993,0.8984375,0.3143281344238699,0.9713541666666666,0.5171519324571644,0.3827137081355122,10.066716585650028,0.0,-1.7599474887678723,,,,,,,,,,,,0.0,True
burgers,24.0,29,Bayesian ridge,72,24,8,3.0,False,0.0007482501678168774,0.06686654508067635,0.5630208333333333,0.04860540707067976,0.7703125,0.07996859791294687,0.8481116505649466,21.284457411640236,0.0,-0.7871504060654577,,,,,,,,,,,,,
burgers,24.0,29,POPS hypercube,72,24,8,3.0,False,0.18747366731986403,0.06686654508067635,0.771875,0.1379913761927432,0.9307291666666667,0.184851619278724,0.3874161742957944,,,,,,,,,,,,,,,,
burgers,24.0,29,POPS ellipse,72,24,8,3.0,False,0.006284500006586313,0.06686654508067634,0.9213541666666667,0.1713215293643036,0.9723958333333333,0.23722992708654558,0.30961698314752334,inf,0.015625,-2.033402082501454,,,,,,,,,,,,,
burgers,24.0,29,Ellipse+EB,72,24,8,3.0,False,0.006553458981215954,0.06686654508067634,0.9651041666666667,0.20091071980473824,0.9864583333333333,0.3029771222014534,0.31014013630786547,inf,0.005208333333333333,-2.010673283619289,,,,,,,,,,,,,
burgers,24.0,29,Ellipse+PAC,72,24,8,3.0,False,0.20278816623613238,0.06881116155010691,0.9776041666666667,0.2971454456723272,0.9953125,0.6402887842951839,0.3551310057279091,inf,0.0010416666666666667,-1.8181739528053966,3.1006895884861643,5.560681631015528,1.125,-1.7240199330490782,0.03436532512630863,1.1180175356491513,4.790344196408934,0.0,-1.738857889578428,0.0041041666666666666,-1.8105089799989111,,
burgers,24.0,29,Bayesian stacking,72,24,8,3.0,False,0.018224500119686127,0.07877371197688236,0.8640625,0.19666116843108142,0.9119791666666667,0.26415931745007976,0.7707554095848538,1.8475071872710058,0.0,-1.1281749967871306,,,,,,,,,,,,,
burgers,24.0,29,PVI,72,24,8,3.0,False,1.3841874580830336,0.07052218538833926,0.8729166666666667,0.1563603504696332,0.9520833333333333,0.2572536421318502,0.34713637999969194,-1.7609998042287691,0.0,-1.9449891855650132,,,,,,,,,,,,1.0,True
burgers,24.0,29,PVI (no KL),72,24,8,3.0,False,0.04829679196700454,0.0700009223075686,0.8640625,0.2013081549879742,0.9557291666666666,0.33120452791231725,0.31911863555663295,-1.1615000894529979,0.0,-1.8820245267911238,,,,,,,,,,,,0.0,True
burgers,40.0,0,Bayesian ridge,120,40,8,5.0,False,0.000806707888841629,0.06542989170192062,0.47291666666666665,0.05219064970655809,0.6723958333333333,0.08586725907120014,0.9348486997420802,25.760341587622875,0.0,0.16534767143210344,,,,,,,,,,,,,
burgers,40.0,0,POPS hypercube,120,40,8,5.0,False,0.17408366687595844,0.06542989170192062,0.8645833333333334,0.1446072760655773,0.9588541666666667,0.20001059922855077,0.36569565805971127,,,,,,,,,,,,,,,,
burgers,40.0,0,POPS ellipse,120,40,8,5.0,False,0.004657958168536425,0.06542989170192058,0.9197916666666667,0.14851537950201177,0.9713541666666666,0.20565011753761447,0.3122805275578848,inf,0.019270833333333334,-1.8737980483716383,,,,,,,,,,,,,
burgers,40.0,0,Ellipse+EB,120,40,8,5.0,False,0.005137333180755377,0.06542989170192055,0.9692708333333333,0.18075471699342913,0.9828125,0.2773681010130535,0.31944561858656784,inf,0.011458333333333333,-1.874681118016449,,,,,,,,,,,,,
burgers,40.0,0,Ellipse+PAC,120,40,8,5.0,False,0.236799290869385,0.0657601487484479,0.9796875,0.2386625175064161,0.9958333333333333,0.49111959340601835,0.3173036487262095,inf,0.0010416666666666667,-1.7907744926448126,1.9351265915746532,5.560681631015528,1.5625,-1.8485814670434135,0.03505977783663776,0.8038173230435312,3.748648280781429,0.0,-1.8684857173184497,0.0051958333333333336,-1.7834970541725417,,
burgers,40.0,0,Bayesian stacking,120,40,8,5.0,False,0.028175583574920893,0.07410811891111484,0.8854166666666666,0.21566067766749566,0.9302083333333333,0.27987888128556226,0.6733545533739164,2.402243550797577,0.0,-0.9324625359613119,,,,,,,,,,,,,
burgers,40.0,0,PVI,120,40,8,5.0,False,1.0846102498471737,0.06962646895524385,0.8859375,0.15302362577552245,0.9583333333333334,0.25176385793929057,0.3545465066328281,-1.6792275707879918,0.0,-1.962136657725859,,,,,,,,,,,,1.0,True
burgers,40.0,0,PVI (no KL),120,40,8,5.0,False,0.02998537477105856,0.06919037598194108,0.859375,0.15671792900924053,0.9375,0.2578419522845576,0.3645757436023732,0.6254488865059543,0.0,-1.81084724126247,,,,,,,,,,,,0.0,True
burgers,40.0,1,Bayesian ridge,120,40,8,5.0,False,0.0008268342353403568,0.06550827053467105,0.565625,0.06465058453450331,0.784375,0.10636710833341392,0.8095398501019506,9.673733847619205,0.0,-0.6819392134668129,,,,,,,,,,,,,
burgers,40.0,1,POPS hypercube,120,40,8,5.0,False,0.16782091604545712,0.06550827053467105,0.6052083333333333,0.34367250375383485,0.915625,0.4206545289783301,0.8141815611953805,,,,,,,,,,,,,,,,
burgers,40.0,1,POPS ellipse,120,40,8,5.0,False,0.005706708878278732,0.06550827053467104,0.9708333333333333,0.38936148958489475,0.9833333333333333,0.5391511395401956,0.42042772938570344,inf,0.0078125,-1.6156955604199639,,,,,,,,,,,,,
burgers,40.0,1,Ellipse+EB,120,40,8,5.0,False,0.00585375027731061,0.06550827053467102,0.996875,0.4200436801402824,0.9984375,0.602791029739277,0.43192142532539396,inf,0.0005208333333333333,-1.6246616528108206,,,,,,,,,,,,,
burgers,40.0,1,Ellipse+PAC,120,40,8,5.0,False,0.1935018333606422,0.06507906569253756,0.9953125,0.43469970172042166,0.9994791666666667,0.8999069177963598,0.4498219445931738,-1.67285856014596,0.0,-1.6635728389783402,2.3174167954318885,5.560681631015528,3.125,-1.562865768969135,0.03689949465404317,1.0703722018153314,3.8433830697469804,0.0,-1.5942797120474186,0.004604166666666667,-1.6541650892683315,,
burgers,40.0,1,Bayesian stacking,120,40,8,5.0,False,0.02925783395767212,0.07428167626280467,0.8536458333333333,0.2262631726178429,0.9260416666666667,0.294345743557528,0.6301151484236904,1.6155063541138337,0.0,-0.7432799646887266,,,,,,,,,,,,,
burgers,40.0,1,PVI,120,40,8,5.0,False,1.9154435829259455,0.07677582472990799,0.9328125,0.2789642068419018,0.9864583333333333,0.4589690290342466,0.3680613118410175,-1.7860480114734918,0.0,-1.8033336879565323,,,,,,,,,,,,1.0,True
burgers,40.0,1,PVI (no KL),120,40,8,5.0,False,0.041728375013917685,0.07977884111220972,0.9052083333333333,0.28121877291728914,0.9744791666666667,0.4626783794710949,0.3713373062080504,-1.3967802980774786,0.0,-1.6827200851777817,,,,,,,,,,,,0.0,True
burgers,40.0,2,Bayesian ridge,120,40,8,5.0,False,0.0008171671070158482,0.06556497451355478,0.36666666666666664,0.0313174676059285,0.5541666666666667,0.051525419198494356,1.0459153288063001,37.898797156785946,0.0,0.9309814518560913,,,,,,,,,,,,,
burgers,40.0,2,POPS hypercube,120,40,8,5.0,False,0.1705050407908857,0.06556497451355478,0.6848958333333334,0.09043291795699678,0.8614583333333333,0.12398376792833538,0.5387767988908383,,,,,,,,,,,,,,,,
burgers,40.0,2,POPS ellipse,120,40,8,5.0,False,0.00726774986833334,0.06556497451355477,0.8713541666666667,0.11005424501681035,0.915625,0.1523927589123111,0.4844554167731561,inf,0.06875,-1.7615434229759634,,,,,,,,,,,,,
burgers,40.0,2,Ellipse+EB,120,40,8,5.0,False,0.0069526247680187225,0.06556497451355478,0.8984375,0.12908875703756043,0.9453125,0.19521012016332165,0.44038511635757893,inf,0.021875,-1.8690025449890235,,,,,,,,,,,,,
burgers,40.0,2,Ellipse+PAC,120,40,8,5.0,False,0.26971891708672047,0.06634887123193037,0.9416666666666667,0.1819622087680699,0.9802083333333333,0.3500193430205348,0.41008337825631075,inf,0.0026041666666666665,-1.7938076321235645,1.8936971008539074,5.560681631015528,1.875,-2.1043956848688294,0.03292732400216544,2.096789861939893,3.9651654617205714,0.0,-2.1308579332495956,0.006110416666666667,-1.7932165051038689,,
burgers,40.0,2,Bayesian stacking,120,40,8,5.0,False,0.028799499850720167,0.08819037439071735,0.8401041666666667,0.18347128337338628,0.8911458333333333,0.2258076257532214,0.7335697074220924,5.743210216253334,0.0,0.1970392946946725,,,,,,,,,,,,,
burgers,40.0,2,PVI,120,40,8,5.0,False,1.6871899999678135,0.07028253037525167,0.9020833333333333,0.12988299758291066,0.975,0.2136914766361769,0.3725881329201813,-1.783608715115967,0.0,-2.0935552230673102,,,,,,,,,,,,1.0,True
burgers,40.0,2,PVI (no KL),120,40,8,5.0,False,0.02546829218044877,0.06934789350200214,0.8416666666666667,0.12415705158771649,0.9322916666666666,0.2042707989676394,0.506296176814556,-0.32650486398729517,0.0,-1.691006188712461,,,,,,,,,,,,0.0,True
burgers,40.0,3,Bayesian ridge,120,40,8,5.0,False,0.0007842499762773514,0.07089842338876148,0.475,0.0466074702448915,0.71875,0.07668146966310839,0.9441314373301027,25.82491337141455,0.0,-0.2901238460712554,,,,,,,,,,,,,
burgers,40.0,3,POPS hypercube,120,40,8,5.0,False,0.16764170909300447,0.07089842338876148,0.8161458333333333,0.13932193590955155,0.9473958333333333,0.18895424423463458,0.41789446067247915,,,,,,,,,,,,,,,,
burgers,40.0,3,POPS ellipse,120,40,8,5.0,False,0.005024291109293699,0.07089842338876146,0.9098958333333333,0.14908444056075035,0.9484375,0.20643809972510288,0.4906035794288282,inf,0.043229166666666666,-1.8064653681682363,,,,,,,,,,,,,
burgers,40.0,3,Ellipse+EB,120,40,8,5.0,False,0.004741624929010868,0.07089842338876147,0.9416666666666667,0.18585480837260768,0.9619791666666667,0.2846337936437081,0.47023491529609607,inf,0.022395833333333334,-1.7875436402278566,,,,,,,,,,,,,
burgers,40.0,3,Ellipse+PAC,120,40,8,5.0,False,0.20504549983888865,0.07084879765982259,0.9661458333333334,0.21332932457029327,0.9875,0.4233641146695728,0.3736126666189923,inf,0.0020833333333333333,-1.8489397026938008,1.8527389903963756,5.560681631015528,3.125,-1.818015533908135,0.03416286555606981,0.34604493740032183,3.636591658748441,0.0,-1.8492782784471549,0.005433333333333333,-1.8460214940247144,,
burgers,40.0,3,Bayesian stacking,120,40,8,5.0,False,0.029859458561986685,0.08381901746714841,0.8411458333333334,0.19546940905176452,0.9026041666666667,0.2519616938052144,0.8185878974768706,3.466356162948202,0.0,-0.7066908344117706,,,,,,,,,,,,,
burgers,40.0,3,PVI,120,40,8,5.0,False,1.7618060843087733,0.07059155093168812,0.9208333333333333,0.1640477053561036,0.9614583333333333,0.26990135005118393,0.42983694280051155,-0.7004800257131092,0.0,-1.8978069459198816,,,,,,,,,,,,1.0,True
burgers,40.0,3,PVI (no KL),120,40,8,5.0,False,0.048385375179350376,0.07417971206106283,0.9125,0.16972422321860758,0.9583333333333334,0.2792407055231408,0.485825147019691,-0.45281656088816347,0.0,-1.8408808006475899,,,,,,,,,,,,0.0,True
burgers,40.0,4,Bayesian ridge,120,40,8,5.0,False,0.0007873326539993286,0.06997773963374788,0.3567708333333333,0.02583116783597194,0.5619791666666667,0.04249902220328832,1.0905559052379383,96.07988576212388,0.0,0.8239048888442999,,,,,,,,,,,,,
burgers,40.0,4,POPS hypercube,120,40,8,5.0,False,0.17073454102501273,0.06997773963374788,0.684375,0.13111718942140768,0.9046875,0.1720606611698257,0.4322361434912408,,,,,,,,,,,,,,,,
burgers,40.0,4,POPS ellipse,120,40,8,5.0,False,0.006966541055589914,0.06997773963374794,0.8807291666666667,0.1528079070696627,0.9380208333333333,0.2115940056506224,0.40023123888405787,inf,0.036458333333333336,-1.851388516656172,,,,,,,,,,,,,
burgers,40.0,4,Ellipse+EB,120,40,8,5.0,False,0.008398082572966814,0.06997773963374797,0.9395833333333333,0.16928776370892712,0.9744791666666667,0.24715616875890115,0.3778458531542402,inf,0.0140625,-2.0118418282569928,,,,,,,,,,,,,
burgers,40.0,4,Ellipse+PAC,120,40,8,5.0,False,0.16628891602158546,0.0699711766390304,0.8838541666666667,0.1295981599555445,0.9453125,0.1969611314734804,0.4926146316891139,inf,0.021354166666666667,-1.7871514640975206,1.1780347825272872,5.560681631015528,0.634765625,-2.277850358961243,0.03096179575005692,8.601924056650765e-05,3.424923345738473,0.0,-2.2809321266784663,0.0030125,-1.8030051644437715,,
burgers,40.0,4,Bayesian stacking,120,40,8,5.0,False,0.028840333223342896,0.08577723089549497,0.80625,0.17736317382965192,0.8708333333333333,0.22008544416720183,0.9149564182053601,6.541092144841806,0.0,-0.24035141915856875,,,,,,,,,,,,,
burgers,40.0,4,PVI,120,40,8,5.0,False,1.9540144577622414,0.06950832392208073,0.8515625,0.13221882400868556,0.9614583333333333,0.2175345215872377,0.37697815047269756,-1.6318273047498273,0.0,-2.041188690529079,,,,,,,,,,,,1.0,True
burgers,40.0,4,PVI (no KL),120,40,8,5.0,False,0.07413487508893013,0.0689458466618595,0.8223958333333333,0.137629571715432,0.9380208333333333,0.2264366156925295,0.38367504365082944,-0.8665642162492714,0.0,-1.8561059075234216,,,,,,,,,,,,0.0,True
burgers,40.0,5,Bayesian ridge,120,40,8,5.0,False,0.0008413749746978283,0.0661005540700372,0.47291666666666665,0.05896263763901348,0.6822916666666666,0.09700894911515683,0.9310680955453943,12.240861615344391,0.0,0.14851948891495648,,,,,,,,,,,,,
burgers,40.0,5,POPS hypercube,120,40,8,5.0,False,0.17838191706687212,0.0661005540700372,0.8473958333333333,0.17037247943285705,0.9744791666666667,0.2268243258153468,0.30419931821070884,,,,,,,,,,,,,,,,
burgers,40.0,5,POPS ellipse,120,40,8,5.0,False,0.005965209100395441,0.06610055407003723,0.95,0.16467413847356926,0.9833333333333333,0.22802524591088685,0.2731463860518953,inf,0.013020833333333334,-1.9478470704729929,,,,,,,,,,,,,
burgers,40.0,5,Ellipse+EB,120,40,8,5.0,False,0.005387875251471996,0.06610055407003727,0.9765625,0.19917381846072146,0.9854166666666667,0.3030481710009095,0.29417020617375333,inf,0.0067708333333333336,-1.8802911836752934,,,,,,,,,,,,,
burgers,40.0,5,Ellipse+PAC,120,40,8,5.0,False,0.15494987508282065,0.0655426128044847,0.9723958333333333,0.19062701805286464,0.9880208333333333,0.2900759781629011,0.2833214574622588,inf,0.004166666666666667,-1.8389950529507577,1.5729367426071983,5.560681631015528,1.259765625,-1.976734313333522,0.031857618929022884,0.0006046396654480467,3.5178134370116974,0.0,-1.9848757902726986,8.125e-05,-1.834852995474583,,
burgers,40.0,5,Bayesian stacking,120,40,8,5.0,False,0.026564832776784897,0.07145082556105013,0.8848958333333333,0.22007177965235122,0.928125,0.2824459958607681,0.5921788321057555,1.7974828279459587,0.0,-0.5870131270152771,,,,,,,,,,,,,
burgers,40.0,5,PVI,120,40,8,5.0,False,1.1151863331906497,0.07331839989435368,0.9375,0.1833896491759241,0.9880208333333333,0.30172390275468913,0.30006910039394513,-1.8871592410393832,0.0,-2.0090011916423225,,,,,,,,,,,,1.0,True
burgers,40.0,5,PVI (no KL),120,40,8,5.0,False,0.015602541621774435,0.07670156681209234,0.8572916666666667,0.19593856793166087,0.9416666666666667,0.3223701538345429,0.32227383445118835,3.042517567160134,0.0,-1.5458224734559118,,,,,,,,,,,,0.0,True
burgers,40.0,6,Bayesian ridge,120,40,8,5.0,False,0.0007184171117842197,0.06682327864527159,0.5307291666666667,0.057681328073173686,0.7505208333333333,0.0949008600022798,0.8569153875646854,14.906529511624894,0.0,-0.40226182856642995,,,,,,,,,,,,,
burgers,40.0,6,POPS hypercube,120,40,8,5.0,False,0.18736599991098046,0.06682327864527159,0.7380208333333333,0.24957477892239519,0.9583333333333334,0.3145274004688903,0.470435805630319,,,,,,,,,,,,,,,,
burgers,40.0,6,POPS ellipse,120,40,8,5.0,False,0.005829750094562769,0.06682327864527159,0.9729166666666667,0.27590488947325514,0.99375,0.38204711956184223,0.32711233974438003,inf,0.003125,-1.7900514968186911,,,,,,,,,,,,,
burgers,40.0,6,Ellipse+EB,120,40,8,5.0,False,0.004913500044494867,0.06682327864527159,0.9895833333333334,0.31039507409007483,0.9953125,0.4570453188430504,0.35475683847169753,inf,0.0026041666666666665,-1.7104705499606099,,,,,,,,,,,,,
burgers,40.0,6,Ellipse+PAC,120,40,8,5.0,False,0.32529537519440055,0.06680636984437027,0.9953125,0.5065215232879241,0.9994791666666667,1.2782503958110865,0.5336189966621311,-1.5935106076486254,0.0,-1.5844432839609222,2.4984977891762123,5.560681631015528,3.75,-1.5605242814373381,0.03713748645707294,1.9025562848160824,4.021884584156478,0.0,-1.602097878010858,0.003727083333333333,-1.5752028985797553,,
burgers,40.0,6,Bayesian stacking,120,40,8,5.0,False,0.033441000152379274,0.07811054267550392,0.8911458333333333,0.20372235887139822,0.9302083333333333,0.26327730147742945,0.6573440870103285,1.8029513974628182,0.0,-0.7972139045766179,,,,,,,,,,,,,
burgers,40.0,6,PVI,120,40,8,5.0,False,1.8268711250275373,0.07550707405399143,0.9234375,0.21011265915708108,0.9807291666666667,0.3456902383744954,0.36320457720734717,-1.8182752735203649,0.0,-1.890725236707347,,,,,,,,,,,,1.0,True
burgers,40.0,6,PVI (no KL),120,40,8,5.0,False,0.06950099999085069,0.0754173514758443,0.9177083333333333,0.20410696017191998,0.9708333333333333,0.3358092939225303,0.36323905790947075,-1.6387469421755634,0.0,-1.843507288767023,,,,,,,,,,,,0.0,True
burgers,40.0,7,Bayesian ridge,120,40,8,5.0,False,0.0007915417663753033,0.06534951460519826,0.5020833333333333,0.05814769082214998,0.7260416666666667,0.09566814861073092,0.8761062502900284,15.198460866204107,0.0,-0.16308767207514469,,,,,,,,,,,,,
burgers,40.0,7,POPS hypercube,120,40,8,5.0,False,0.17164841573685408,0.06534951460519826,0.7072916666666667,0.1805035804771276,0.9453125,0.24217878276399565,0.4286921554589209,,,,,,,,,,,,,,,,
burgers,40.0,7,POPS ellipse,120,40,8,5.0,False,0.004980625119060278,0.06534951460519826,0.9270833333333334,0.17765861509922462,0.98125,0.24600492689196843,0.2863293402636732,inf,0.0125,-1.8919629653289107,,,,,,,,,,,,,
burgers,40.0,7,Ellipse+EB,120,40,8,5.0,False,0.005523959174752235,0.06534951460519828,0.9776041666666667,0.21074107570014783,0.9890625,0.3177860652316929,0.29317662791254545,inf,0.005729166666666666,-1.8828728961477614,,,,,,,,,,,,,
burgers,40.0,7,Ellipse+PAC,120,40,8,5.0,False,0.141353125218302,0.06657316459256613,0.9677083333333333,0.24481903016233766,0.9932291666666667,0.37703499512882555,0.32644242130240797,inf,0.0026041666666666665,-1.7968465094660795,1.841611168624075,5.560681631015528,1.40625,-1.7528730245037503,0.03145424138737596,0.002035960204086211,3.5630299517404493,0.0,-1.7585295803619356,0.0022125,-1.7904890690485908,,
burgers,40.0,7,Bayesian stacking,120,40,8,5.0,False,0.02926916629076004,0.0818514356782228,0.9,0.22255606438953654,0.9322916666666666,0.2861812700556572,0.6428755041621277,1.6855324647533272,0.0,-0.9236545559555975,,,,,,,,,,,,,
burgers,40.0,7,PVI,120,40,8,5.0,False,1.631735207978636,0.0760132931949675,0.9161458333333333,0.1944084111589105,0.9796875,0.3198526460287568,0.3515189113691426,-2.001971464700132,0.0,-2.0772882221551607,,,,,,,,,,,,1.0,True
burgers,40.0,7,PVI (no KL),120,40,8,5.0,False,0.052788250148296356,0.07573817882573343,0.8989583333333333,0.19557655112524183,0.9677083333333333,0.3217745415729656,0.35860791205075343,-1.159137758655146,0.0,-1.9712148748334835,,,,,,,,,,,,0.0,True
burgers,40.0,8,Bayesian ridge,120,40,8,5.0,False,0.0007500420324504375,0.06563751413779143,0.403125,0.04476545902439809,0.5604166666666667,0.07365087978596627,1.0267389367009696,24.49293514541119,0.0,0.9361768480907653,,,,,,,,,,,,,
burgers,40.0,8,POPS hypercube,120,40,8,5.0,False,0.16165549959987402,0.06563751413779143,0.7192708333333333,0.12682825829630442,0.9229166666666667,0.1772178183802039,0.4681409465459248,,,,,,,,,,,,,,,,
burgers,40.0,8,POPS ellipse,120,40,8,5.0,False,0.00551016628742218,0.06563751413779144,0.9416666666666667,0.15670526532861492,0.978125,0.21699070050288086,0.3143304855672867,inf,0.016666666666666666,-1.963174348364735,,,,,,,,,,,,,
burgers,40.0,8,Ellipse+EB,120,40,8,5.0,False,0.004626750014722347,0.06563751413779144,0.9609375,0.18045079722110793,0.9817708333333334,0.27178382396917594,0.3227885505033923,inf,0.0109375,-1.8979361001426902,,,,,,,,,,,,,
burgers,40.0,8,Ellipse+PAC,120,40,8,5.0,False,0.2913777497597039,0.06522372081414193,0.984375,0.2968669631863899,0.9989583333333333,0.7818805387281283,0.356182051861344,-1.7549796594061178,0.0,-1.746489005003743,2.016152039497192,5.560681631015528,1.875,-1.8178917100851146,0.03779087726309071,0.9761344664386362,3.796252872319216,0.0,-1.8825804301790257,0.005754166666666667,-1.7375838949954294,,
burgers,40.0,8,Bayesian stacking,120,40,8,5.0,False,0.029217250179499388,0.08054858901634517,0.896875,0.2233898298635923,0.9322916666666666,0.27661797914648195,0.6524281592389947,2.93218419648038,0.0,-0.4270325733266862,,,,,,,,,,,,,
burgers,40.0,8,PVI,120,40,8,5.0,False,1.8689640420489013,0.07123970268752347,0.8828125,0.13779345279365468,0.9526041666666667,0.22670624289739727,0.3946189399219575,-1.634076213880488,0.0,-2.038023968342046,,,,,,,,,,,,1.0,True
burgers,40.0,8,PVI (no KL),120,40,8,5.0,False,0.047714333049952984,0.07064300476433175,0.8317708333333333,0.14140220582997015,0.9052083333333333,0.2326435848089379,0.4117164408853062,3393.2925740627916,0.0,-1.5902157087122117,,,,,,,,,,,,0.0,True
burgers,40.0,9,Bayesian ridge,120,40,8,5.0,False,0.0008634580299258232,0.06399132886518183,0.4953125,0.05234256525682757,0.6604166666666667,0.08611719985533058,0.8984610019158775,18.874746775854366,0.0,0.09068008695391504,,,,,,,,,,,,,
burgers,40.0,9,POPS hypercube,120,40,8,5.0,False,0.17652979213744402,0.06399132886518183,0.6625,0.29849528424144756,0.9223958333333333,0.3811240350520186,0.7318632448356326,,,,,,,,,,,,,,,,
burgers,40.0,9,POPS ellipse,120,40,8,5.0,False,0.005906709004193544,0.06399132886518183,0.9635416666666666,0.2943788004525859,0.9822916666666667,0.40762805250641526,0.3429059045612596,inf,0.005729166666666666,-1.7994192615359665,,,,,,,,,,,,,
burgers,40.0,9,Ellipse+EB,120,40,8,5.0,False,0.006262416020035744,0.06399132886518187,0.9932291666666667,0.3260028271367207,0.996875,0.47398450370200196,0.3540831775500768,inf,0.0015625,-1.7759599284934093,,,,,,,,,,,,,
burgers,40.0,9,Ellipse+PAC,120,40,8,5.0,False,0.2076845420524478,0.06461226379753632,0.9947916666666666,0.4452013286987759,0.9984375,0.8240889222931626,0.466424991530686,inf,0.0005208333333333333,-1.622385269316309,2.261677534737508,5.560681631015528,0.9375,-1.558423603803254,0.03395311638296486,0.9091230892113961,3.7861480221577977,0.0,-1.5711314925840223,0.0039020833333333334,-1.6135362427853175,,
burgers,40.0,9,Bayesian stacking,120,40,8,5.0,False,0.03037683293223381,0.07449275492476097,0.8994791666666667,0.21506692904463834,0.9395833333333333,0.2751527703728789,0.626021577354762,2.097115976217846,0.0,-0.684727293396509,,,,,,,,,,,,,
burgers,40.0,9,PVI,120,40,8,5.0,False,1.1051454995758832,0.0724628933297035,0.9078125,0.1939437903487457,0.971875,0.31908822336491566,0.31869101765171964,-1.9013238100190823,0.0,-1.9811167504414848,,,,,,,,,,,,1.0,True
burgers,40.0,9,PVI (no KL),120,40,8,5.0,False,0.044422625098377466,0.07191959961704023,0.8770833333333333,0.18980971683451697,0.9583333333333334,0.31228659197190656,0.3341676674591965,-1.0255481943548725,0.0,-1.8600393270203956,,,,,,,,,,,,0.0,True
burgers,40.0,10,Bayesian ridge,120,40,8,5.0,False,0.0007481249049305916,0.06586546125205636,0.5208333333333334,0.06268025925243674,0.7260416666666667,0.10312540828942145,0.8904732734287432,14.483568100797786,0.0,-0.2493067621503608,,,,,,,,,,,,,
burgers,40.0,10,POPS hypercube,120,40,8,5.0,False,0.17146262479946017,0.06586546125205636,0.7505208333333333,0.22296241561099775,0.9463541666666667,0.2949850719832592,0.4981431907484547,,,,,,,,,,,,,,,,
burgers,40.0,10,POPS ellipse,120,40,8,5.0,False,0.005771417170763016,0.06586546125205642,0.9375,0.20031677467587702,0.978125,0.2773798134239149,0.2890415204591449,inf,0.0109375,-1.8751842825205807,,,,,,,,,,,,,
burgers,40.0,10,Ellipse+EB,120,40,8,5.0,False,0.006671249866485596,0.06586546125205646,0.9817708333333334,0.24406464410730766,0.9932291666666667,0.36747575741985,0.2994271554801281,inf,0.003125,-1.8330191581041764,,,,,,,,,,,,,
burgers,40.0,10,Ellipse+PAC,120,40,8,5.0,False,0.24937391700223088,0.06570116102296161,0.9953125,0.3553396381436997,0.9989583333333333,0.7157973660552069,0.37628272939483637,-1.7036191580924163,0.0,-1.694668033502804,2.374608278748147,5.560681631015528,1.25,-1.43519052670516,0.03495715070478268,0.7594528323830206,3.774841654748524,0.0,-1.4805930811691779,0.007635416666666667,-1.6854684678821366,,
burgers,40.0,10,Bayesian stacking,120,40,8,5.0,False,0.026395208202302456,0.07494974082569243,0.8765625,0.24102286719033172,0.925,0.312193714762138,0.6095079705158655,1.3750617249290074,0.0,-0.8143126849231042,,,,,,,,,,,,,
burgers,40.0,10,PVI,120,40,8,5.0,False,1.5685311672277749,0.07064917739836477,0.9416666666666667,0.21583642196750782,0.9864583333333333,0.3551073241335036,0.3241623176733949,-1.8870298323282586,0.0,-1.964938445051563,,,,,,,,,,,,1.0,True
burgers,40.0,10,PVI (no KL),120,40,8,5.0,False,0.02452112501487136,0.0705020575136982,0.9072916666666667,0.2136974193233857,0.9744791666666667,0.351588105744204,0.3482053287572491,-1.5571951624083231,0.0,-1.8299364032183543,,,,,,,,,,,,0.0,True
burgers,40.0,11,Bayesian ridge,120,40,8,5.0,False,0.0007141251116991043,0.06555479787752956,0.6125,0.0638745450883407,0.7869791666666667,0.10509032062243931,0.7805745029071739,13.587231598763148,0.0,-0.8345730393394791,,,,,,,,,,,,,
burgers,40.0,11,POPS hypercube,120,40,8,5.0,False,0.16471408307552338,0.06555479787752956,0.9072916666666667,0.25927036596435266,0.9864583333333333,0.3415822990607283,0.331521174544748,,,,,,,,,,,,,,,,
burgers,40.0,11,POPS ellipse,120,40,8,5.0,False,0.0069387080147862434,0.06555479787752955,0.9614583333333333,0.23428357092816493,0.984375,0.3244138355237244,0.3063206372273262,inf,0.0109375,-1.931143858944888,,,,,,,,,,,,,
burgers,40.0,11,Ellipse+EB,120,40,8,5.0,False,0.0055628749541938305,0.06555479787752956,0.9859375,0.2716976225778629,0.9942708333333333,0.4034431963723909,0.32598665024641066,inf,0.003125,-1.875366024867815,,,,,,,,,,,,,
burgers,40.0,11,Ellipse+PAC,120,40,8,5.0,False,0.24766991706565022,0.07085989143731851,0.98125,0.5823720852850639,0.9953125,0.9486346122986482,0.6370207874813338,inf,0.0015625,-1.5292290604306011,2.8362312249921504,5.560681631015528,3.75,-1.4719677661572954,0.031667058811601666,4.447677495313275,4.276531932337845,0.0,-1.4825923780922445,0.005029166666666667,-1.5224012371468971,,
burgers,40.0,11,Bayesian stacking,120,40,8,5.0,False,0.030855000019073486,0.06681981342973255,0.859375,0.1584426680231706,0.9260416666666667,0.25732755174288346,0.6625395321545976,1.9335879847108237,0.0,-0.9982735989561848,,,,,,,,,,,,,
burgers,40.0,11,PVI,120,40,8,5.0,False,1.4543915423564613,0.06857436926952652,0.9177083333333333,0.20256612613947308,0.9755208333333333,0.3332742192339848,0.3179652906936044,-1.9085743072521901,0.0,-1.9829346942672597,,,,,,,,,,,,1.0,True
burgers,40.0,11,PVI (no KL),120,40,8,5.0,False,0.04412766732275486,0.06937000089388036,0.865625,0.1985503003371481,0.9380208333333333,0.3266671362317259,0.3366372598223035,-0.8297235765907587,0.0,-1.6753253598530256,,,,,,,,,,,,0.0,True
burgers,40.0,12,Bayesian ridge,120,40,8,5.0,False,0.0007159588858485222,0.06501830398149246,0.4708333333333333,0.0410284733046278,0.6927083333333334,0.06750256159584861,0.9137566410162103,28.35168711248372,0.0,-0.11458323443394385,,,,,,,,,,,,,
burgers,40.0,12,POPS hypercube,120,40,8,5.0,False,0.18299320805817842,0.06501830398149246,0.7291666666666666,0.21052582791465735,0.9380208333333333,0.2571505099423848,0.4119921723888176,,,,,,,,,,,,,,,,
burgers,40.0,12,POPS ellipse,120,40,8,5.0,False,0.00559862470254302,0.06501830398149246,0.946875,0.2260589323409776,0.9828125,0.3130251302069355,0.3105868654661687,inf,0.010416666666666666,-1.9720726472926324,,,,,,,,,,,,,
burgers,40.0,12,Ellipse+EB,120,40,8,5.0,False,0.006408958230167627,0.0650183039814924,0.9786458333333333,0.2468526858996371,0.9895833333333334,0.35647519746735856,0.3174206881400886,inf,0.0046875,-1.9596819291771626,,,,,,,,,,,,,
burgers,40.0,12,Ellipse+PAC,120,40,8,5.0,False,0.18917025020346045,0.0646727936795042,0.9864583333333333,0.2894375520564878,0.9953125,0.6183908825955539,0.3512172302911201,inf,0.0010416666666666667,-1.8116118193156903,1.8302710812283292,5.560681631015528,2.8125,-1.904534115425588,0.03503979310116065,0.6610508095112914,3.6997654035527567,0.0,-1.9159501109971133,0.0036041666666666665,-1.8045919990762378,,
burgers,40.0,12,Bayesian stacking,120,40,8,5.0,False,0.02775974990800023,0.07186840419466071,0.8651041666666667,0.19653191116488908,0.9145833333333333,0.250528827686748,0.7079688951738905,3.315310967732203,0.0,-0.7461204019366928,,,,,,,,,,,,,
burgers,40.0,12,PVI,120,40,8,5.0,False,1.3522317502647638,0.07089171406163573,0.8963541666666667,0.1706694340313895,0.9744791666666667,0.2807958243460407,0.3193528015139356,-1.9831666520466,0.0,-2.098032313457387,,,,,,,,,,,,1.0,True
burgers,40.0,12,PVI (no KL),120,40,8,5.0,False,0.04511449998244643,0.0691082513107263,0.8697916666666666,0.16885706222812752,0.9598958333333333,0.27781399905666376,0.32104003168499434,0.1365340000703318,0.0,-1.894622580479749,,,,,,,,,,,,0.0,True
burgers,40.0,13,Bayesian ridge,120,40,8,5.0,False,0.0007411660626530647,0.0667029911219498,0.590625,0.06170502621935827,0.8078125,0.10152089506766672,0.7768455529744988,13.529068161560557,0.0,-0.8401149048811599,,,,,,,,,,,,,
burgers,40.0,13,POPS hypercube,120,40,8,5.0,False,0.17875212477520108,0.0667029911219498,0.6369791666666667,0.37636618924881127,0.9661458333333334,0.4720916765818463,0.7116471705265404,,,,,,,,,,,,,,,,
burgers,40.0,13,POPS ellipse,120,40,8,5.0,False,0.006596833001822233,0.06670299112194981,0.9911458333333333,0.4096671988203583,0.9979166666666667,0.5672685742796808,0.4298241979834273,inf,0.0010416666666666667,-1.6438589833686175,,,,,,,,,,,,,
burgers,40.0,13,Ellipse+EB,120,40,8,5.0,False,0.007356083020567894,0.06670299112194981,0.9942708333333333,0.427681012955542,0.9979166666666667,0.6063034688170935,0.44742240647278,inf,0.0010416666666666667,-1.575306241199884,,,,,,,,,,,,,
burgers,40.0,13,Ellipse+PAC,120,40,8,5.0,False,0.18828391609713435,0.06750708574516016,0.99375,0.4559524169624107,0.9989583333333333,0.8163350993889857,0.47890454364357243,-1.536873985114767,0.0,-1.529305774380735,2.3364805567757663,5.560681631015528,3.125,-1.5084662303589966,0.036383687718503054,0.948880835004106,3.8085630994162596,0.0,-1.5220517560898674,0.00319375,-1.5204299109807138,,
burgers,40.0,13,Bayesian stacking,120,40,8,5.0,False,0.028757791966199875,0.0749248808819698,0.8822916666666667,0.19967646021489288,0.9291666666666667,0.2618341331172514,0.6991248634224767,1.7175475946711078,0.0,-1.053449907812015,,,,,,,,,,,,,
burgers,40.0,13,PVI,120,40,8,5.0,False,1.6402167920023203,0.06933163262806367,0.9578125,0.2503695321218785,0.9921875,0.41192331574947,0.32196862237570845,-2.0285751291278653,0.0,-2.041538581524794,,,,,,,,,,,,1.0,True
burgers,40.0,13,PVI (no KL),120,40,8,5.0,False,0.04114308301359415,0.06907327520240414,0.946875,0.2505204272757359,0.984375,0.4121715777148166,0.32236372299546734,-1.8362138585007197,0.0,-1.9747824750338239,,,,,,,,,,,,0.0,True
burgers,40.0,14,Bayesian ridge,120,40,8,5.0,False,0.0007360419258475304,0.06679298532462294,0.4390625,0.031081238107515174,0.6171875,0.051136759933768455,1.0098099617667216,50.416527770687544,0.0,0.2861807945124841,,,,,,,,,,,,,
burgers,40.0,14,POPS hypercube,120,40,8,5.0,False,0.16555283265188336,0.06679298532462294,0.8151041666666666,0.11871944194227661,0.8885416666666667,0.15854080657379446,0.4574936175045575,,,,,,,,,,,,,,,,
burgers,40.0,14,POPS ellipse,120,40,8,5.0,False,0.007103917188942432,0.06679298532462297,0.8385416666666666,0.12242227271942294,0.9302083333333333,0.16951883945211335,0.4536503432018685,inf,0.04479166666666667,-1.8336572755542604,,,,,,,,,,,,,
burgers,40.0,14,Ellipse+EB,120,40,8,5.0,False,0.007443040609359741,0.06679298532462292,0.9130208333333333,0.1397688720270022,0.9583333333333334,0.2076594122837158,0.42745855863223525,inf,0.025520833333333333,-1.9548538333887004,,,,,,,,,,,,,
burgers,40.0,14,Ellipse+PAC,120,40,8,5.0,False,0.18724387465044856,0.06765960662395096,0.9359375,0.19294065913074662,0.99375,0.5229014940821584,0.3605022123714781,-1.9180010620132322,0.0,-1.9178778383238482,1.5851344162262362,5.560681631015528,1.328125,-1.9679022010521796,0.03411948315894397,0.09864102136165745,3.518917134119472,0.0,-2.0179747031075532,0.006825,-1.911751178255426,,
burgers,40.0,14,Bayesian stacking,120,40,8,5.0,False,0.02729650028049946,0.08944297619039414,0.7880208333333333,0.18661497411737749,0.8541666666666666,0.2345213317279123,0.8418353870859228,4.963092366902538,0.0,-0.3637125026621327,,,,,,,,,,,,,
burgers,40.0,14,PVI,120,40,8,5.0,False,1.3085712078027427,0.06911780424052473,0.8,0.12530714664928694,0.9020833333333333,0.20616300592738465,0.5380493209596895,3.5207560799814432,0.0,-1.4356179603271717,,,,,,,,,,,,0.0,True
burgers,40.0,14,PVI (no KL),120,40,8,5.0,False,0.04467466659843922,0.06911780424052473,0.8,0.12530714664928694,0.9020833333333333,0.20616300592738465,0.5380493209596895,3.5207560799814432,0.0,-1.4356179603271717,,,,,,,,,,,,0.0,True
burgers,40.0,15,Bayesian ridge,120,40,8,5.0,False,0.0008387924171984196,0.07647509143918459,0.4390625,0.0665061597435426,0.6640625,0.10942001451673457,1.1460740781812595,10.119758881471531,0.0,0.5166184200874621,,,,,,,,,,,,,
burgers,40.0,15,POPS hypercube,120,40,8,5.0,False,0.18719820817932487,0.07647509143918459,0.6453125,0.3065189415980799,0.9145833333333333,0.3970373521959948,0.9333598421112718,,,,,,,,,,,,,,,,
burgers,40.0,15,POPS ellipse,120,40,8,5.0,False,0.00446716696023941,0.07647509143918473,0.9864583333333333,0.3140238664382712,0.9984375,0.4348306906610425,0.33146915790264597,inf,0.0015625,-1.7467100056332039,,,,,,,,,,,,,
burgers,40.0,15,Ellipse+EB,120,40,8,5.0,False,0.004605667199939489,0.07647509143918477,0.996875,0.35098780958010184,0.9984375,0.5162593613774471,0.3667299444703254,inf,0.0005208333333333333,-1.6413866071341,,,,,,,,,,,,,
burgers,40.0,15,Ellipse+PAC,120,40,8,5.0,False,0.19370087515562773,0.07603314885113173,0.996875,0.4357794718254771,1.0,0.9558130249580721,0.44723119714775267,-1.5319731354025288,0.0,-1.522638224398465,2.167872772341006,5.560681631015528,3.75,-1.578665757429452,0.03545533758706845,0.5113610439733376,3.7110831921833896,0.0,-1.595620266397615,0.0027,-1.513204417758782,,
burgers,40.0,15,Bayesian stacking,120,40,8,5.0,False,0.026137041859328747,0.06940687320943985,0.9015625,0.2531641402492966,0.9375,0.32338539745642747,0.505727408410902,1.0546264508841536,0.0,-0.5896592262125896,,,,,,,,,,,,,
burgers,40.0,15,PVI,120,40,8,5.0,False,1.6345987091772258,0.07401840364918927,0.9385416666666667,0.27505115450948153,0.9895833333333334,0.4525310352503739,0.333429844609712,-1.8548312108589058,0.0,-1.863911977349687,,,,,,,,,,,,1.0,True
burgers,40.0,15,PVI (no KL),120,40,8,5.0,False,0.09224370867013931,0.07376368054639919,0.909375,0.2731214372175935,0.9708333333333333,0.4493561459633393,0.3451741176442353,-1.6294612976394425,0.0,-1.7406422130689985,,,,,,,,,,,,0.0,True
burgers,40.0,16,Bayesian ridge,120,40,8,5.0,False,0.0008323751389980316,0.07330955098054875,0.6473958333333333,0.09346815027399533,0.8338541666666667,0.15377953559897004,0.8194808583444664,5.1901553146686155,0.0,-0.8003742839957659,,,,,,,,,,,,,
burgers,40.0,16,POPS hypercube,120,40,8,5.0,False,0.16320008412003517,0.07330955098054875,0.7359375,0.371157209462523,0.9505208333333334,0.46075570866877885,0.7368004269654734,,,,,,,,,,,,,,,,
burgers,40.0,16,POPS ellipse,120,40,8,5.0,False,0.005870959255844355,0.07330955098054875,0.9859375,0.4143371703653796,0.9973958333333334,0.5737351112831294,0.428459674398229,inf,0.0015625,-1.706817628580899,,,,,,,,,,,,,
burgers,40.0,16,Ellipse+EB,120,40,8,5.0,False,0.005878124851733446,0.07330955098054878,0.9979166666666667,0.45235382982732747,0.9989583333333333,0.6525045021476856,0.46195885675369974,inf,0.0005208333333333333,-1.575752488277366,,,,,,,,,,,,,
burgers,40.0,16,Ellipse+PAC,120,40,8,5.0,False,0.21952216606587172,0.0730579170167012,0.9958333333333333,0.48975675744820546,0.9994791666666667,1.0566472224371806,0.500370217188747,-1.5235763907311801,0.0,-1.5143140596362035,2.6827204799642947,5.560681631015528,2.5,-1.1999484911125196,0.03886867682463163,1.064863131646423,3.8438002942521825,0.0,-1.2266200747087088,0.0035208333333333333,-1.5049447036492873,,
burgers,40.0,16,Bayesian stacking,120,40,8,5.0,False,0.029832791071385145,0.0713262868767795,0.8791666666666667,0.2416827944037445,0.9338541666666667,0.3311544007735607,0.5653213060290042,0.6986634578603922,0.0,-0.9545739231863608,,,,,,,,,,,,,
burgers,40.0,16,PVI,120,40,8,5.0,False,1.2685622498393059,0.07972640982960383,0.8869791666666667,0.3044129121295846,0.9765625,0.5008388003869778,0.37325714788477005,-1.5430368317631562,0.0,-1.5640973042525947,,,,,,,,,,,,1.0,True
burgers,40.0,16,PVI (no KL),120,40,8,5.0,False,0.13639395916834474,0.08399986842703407,0.878125,0.29462307766016177,0.9604166666666667,0.48473196405946484,0.40069722688643367,-1.1220780343879053,0.0,-1.4087777729793123,,,,,,,,,,,,0.0,True
burgers,40.0,17,Bayesian ridge,120,40,8,5.0,False,0.00070229172706604,0.06668784461851233,0.4822916666666667,0.06518319184377173,0.6901041666666666,0.10724338655691378,0.9322083477592178,13.836139347654322,0.0,0.12694797155863355,,,,,,,,,,,,,
burgers,40.0,17,POPS hypercube,120,40,8,5.0,False,0.1774212080053985,0.06668784461851233,0.8322916666666667,0.24270547316357613,0.9692708333333333,0.3192379952879939,0.4099377908290079,,,,,,,,,,,,,,,,
burgers,40.0,17,POPS ellipse,120,40,8,5.0,False,0.005573625210672617,0.06668784461851238,0.95625,0.2198064130245521,0.9921875,0.3043672300174693,0.280223558452512,inf,0.0036458333333333334,-1.8729077741680775,,,,,,,,,,,,,
burgers,40.0,17,Ellipse+EB,120,40,8,5.0,False,0.0059984163381159306,0.0666878446185124,0.9859375,0.26422613520453364,0.9947916666666666,0.3948486822491064,0.30876714348500134,inf,0.0026041666666666665,-1.777393953292766,,,,,,,,,,,,,
burgers,40.0,17,Ellipse+PAC,120,40,8,5.0,False,0.20178870810195804,0.06676942777773018,0.9932291666666667,0.33666689151645657,0.9973958333333334,0.6828374939259142,0.3654204247333214,inf,0.0005208333333333333,-1.6582950392005646,2.2317191957659763,5.560681631015528,0.78125,-1.6344368929849007,0.033752477263113576,1.1525690607208807,3.8324036114877638,0.0,-1.6427119196902744,0.0031791666666666665,-1.6499485266077154,,
burgers,40.0,17,Bayesian stacking,120,40,8,5.0,False,0.027174167335033417,0.07218620412474527,0.8895833333333333,0.23718873330643012,0.9385416666666667,0.3071828812225453,0.592199880751497,1.6582792857501143,0.0,-0.6827902608009909,,,,,,,,,,,,,
burgers,40.0,17,PVI,120,40,8,5.0,False,1.2882822500541806,0.06748175191394597,0.9197916666666667,0.19820517863886863,0.9885416666666667,0.3260993208386645,0.28484159539855425,-2.002155313246924,0.0,-2.0450579323921785,,,,,,,,,,,,1.0,True
burgers,40.0,17,PVI (no KL),120,40,8,5.0,False,0.06331295892596245,0.06801349400123859,0.9,0.20898768688718258,0.975,0.34383936497302575,0.30103739304831945,-1.706945102597667,0.0,-1.9307088855600099,,,,,,,,,,,,0.0,True
burgers,40.0,18,Bayesian ridge,120,40,8,5.0,False,0.0009015416726469994,0.06609155546436761,0.5036458333333333,0.053798179753947475,0.7427083333333333,0.08851206613568431,0.8877114938004496,21.624095489627827,0.0,-0.377053147257745,,,,,,,,,,,,,
burgers,40.0,18,POPS hypercube,120,40,8,5.0,False,0.17381520802155137,0.06609155546436761,0.8729166666666667,0.23326467848728719,0.9645833333333333,0.30382717223220346,0.37115402948335435,,,,,,,,,,,,,,,,
burgers,40.0,18,POPS ellipse,120,40,8,5.0,False,0.00431833416223526,0.06609155546436765,0.9260416666666667,0.21269191711316798,0.9770833333333333,0.29451574577857814,0.3157501531339959,inf,0.010416666666666666,-1.8200074695494393,,,,,,,,,,,,,
burgers,40.0,18,Ellipse+EB,120,40,8,5.0,False,0.005429666023701429,0.06609155546436764,0.9817708333333334,0.258924091248892,0.9932291666666667,0.3866461117608736,0.320270448739452,inf,0.003125,-1.8135518361563308,,,,,,,,,,,,,
burgers,40.0,18,Ellipse+PAC,120,40,8,5.0,False,0.30222612526267767,0.06639280060731821,0.9942708333333333,0.4654417387490131,0.9994791666666667,1.0361974992685232,0.49427766043989685,-1.5951793851039595,0.0,-1.5862304188495349,2.5548942707594215,5.560681631015528,0.9375,-1.3928791343348443,0.03865517482376163,1.3250016582609183,3.9091182302705043,0.0,-1.441374877821932,0.008970833333333334,-1.5770628174639003,,
burgers,40.0,18,Bayesian stacking,120,40,8,5.0,False,0.02832400007173419,0.07693069160491998,0.8791666666666667,0.2166225286320353,0.9291666666666667,0.2789403222214609,0.6479520987087979,2.179669014934057,0.0,-0.837147327496956,,,,,,,,,,,,,
burgers,40.0,18,PVI,120,40,8,5.0,False,1.3601404172368348,0.06941349115877214,0.9854166666666667,0.3496463796255922,0.9932291666666667,0.5752596764252452,0.4269497509318572,-1.6090115933784743,0.0,-1.637956859747386,,,,,,,,,,,,10.0,True
burgers,40.0,18,PVI (no KL),120,40,8,5.0,False,0.027482917066663504,0.06959844935490443,0.915625,0.217110155009128,0.9671875,0.35720294788387447,0.37564551502696086,-1.6449209725571245,0.0,-1.9474537534112464,,,,,,,,,,,,0.0,True
burgers,40.0,19,Bayesian ridge,120,40,8,5.0,False,0.0006956253200769424,0.06839620668887197,0.4427083333333333,0.03584928389340525,0.6213541666666667,0.05898144140568585,1.0170488865390024,42.66948824862123,0.0,0.275548567316771,,,,,,,,,,,,,
burgers,40.0,19,POPS hypercube,120,40,8,5.0,False,0.16641091741621494,0.06839620668887197,0.79375,0.1091823193788166,0.9109375,0.15174391693846961,0.4996581415536705,,,,,,,,,,,,,,,,
burgers,40.0,19,POPS ellipse,120,40,8,5.0,False,0.007997999899089336,0.06839620668887189,0.8807291666666667,0.12268543880122913,0.9182291666666667,0.1698832470699428,0.5428817244587857,inf,0.0640625,-1.6848890289496192,,,,,,,,,,,,,
burgers,40.0,19,Ellipse+EB,120,40,8,5.0,False,0.008231333922594786,0.06839620668887189,0.9088541666666666,0.14869254950295474,0.9520833333333333,0.22857810926203764,0.5052139493645533,inf,0.03177083333333333,-1.781761776844173,,,,,,,,,,,,,
burgers,40.0,19,Ellipse+PAC,120,40,8,5.0,False,0.26341845793649554,0.06909947949796401,0.9515625,0.20692832445677892,0.9859375,0.39885046055560747,0.4030104567407168,inf,0.003125,-1.7970330451024148,2.1162452276191916,5.560681631015528,3.75,-1.8572044559330658,0.03436441649776982,1.6944091276882662,3.939085267054488,0.0,-1.8844862822336386,0.004170833333333334,-1.793994260629367,,
burgers,40.0,19,Bayesian stacking,120,40,8,5.0,False,0.02615666575729847,0.09069485392094606,0.8140625,0.19023966956038596,0.8770833333333333,0.23746896708168994,0.8406512685159158,4.403277144347623,0.0,-0.3642788776712524,,,,,,,,,,,,,
burgers,40.0,19,PVI,120,40,8,5.0,False,1.6283277501352131,0.07390491433197298,0.95,0.2333827924800806,0.9765625,0.38397568946395155,0.4655572183798248,-1.5243403538151663,0.0,-1.7104520668692103,,,,,,,,,,,,10.0,True
burgers,40.0,19,PVI (no KL),120,40,8,5.0,False,0.15876008290797472,0.07170524494461293,0.8203125,0.13291437708259793,0.9177083333333333,0.21867888818031916,0.5101679161887895,-0.2809641793184696,0.0,-1.4960333170709201,,,,,,,,,,,,0.0,True
burgers,40.0,20,Bayesian ridge,120,40,8,5.0,False,0.000771957915276289,0.0646037055871927,0.47604166666666664,0.04718196036148171,0.6796875,0.07762665605094705,0.9183301471188806,29.861446175830057,0.0,0.01877166477333901,,,,,,,,,,,,,
burgers,40.0,20,POPS hypercube,120,40,8,5.0,False,0.16683691693469882,0.0646037055871927,0.775,0.13933470177884472,0.9463541666666667,0.1877496730344975,0.35995217379017846,,,,,,,,,,,,,,,,
burgers,40.0,20,POPS ellipse,120,40,8,5.0,False,0.006144208833575249,0.06460370558719271,0.9166666666666666,0.13657906121098465,0.965625,0.1891218275534593,0.31921504695557096,inf,0.019270833333333334,-1.9709119004529148,,,,,,,,,,,,,
burgers,40.0,20,Ellipse+EB,120,40,8,5.0,False,0.006258625071495771,0.06460370558719275,0.9536458333333333,0.16710494049442998,0.9760416666666667,0.2546895765919763,0.33047975771536464,inf,0.013020833333333334,-1.9495198936793614,,,,,,,,,,,,,
burgers,40.0,20,Ellipse+PAC,120,40,8,5.0,False,0.30885254219174385,0.0650415482698674,0.9760416666666667,0.26005340719760656,0.9973958333333334,0.8198954414743973,0.3569557456397168,-1.8235614723914417,0.0,-1.815667235437942,2.113952161737286,5.560681631015528,2.5,-1.7989530775541827,0.03655486267386779,1.3513226762977892,3.8763503766176006,0.0,-1.8352121272434778,0.006606249999999999,-1.807345275867005,,
burgers,40.0,20,Bayesian stacking,120,40,8,5.0,False,0.026576208882033825,0.07697113157951231,0.8776041666666666,0.21681585469978643,0.9255208333333333,0.28182645807134776,0.6910898736507669,2.2724018574252365,0.0,-0.9581217633231207,,,,,,,,,,,,,
burgers,40.0,20,PVI,120,40,8,5.0,False,2.000552542041987,0.08121699991088581,0.9083333333333333,0.17823905001460108,0.9640625,0.2932498209978251,0.45027272826370784,-1.6824980254657262,0.0,-1.9190321729325504,,,,,,,,,,,,1.0,True
burgers,40.0,20,PVI (no KL),120,40,8,5.0,False,0.06836808426305652,0.09250443754415597,0.8864583333333333,0.21787961866999056,0.95625,0.3584689167094141,0.573851982895948,-1.1253823038141237,0.0,-1.7829928508030974,,,,,,,,,,,,0.0,True
burgers,40.0,21,Bayesian ridge,120,40,8,5.0,False,0.0008037500083446503,0.0654064573782961,0.5354166666666667,0.045693689264922364,0.7234375,0.07517806112953948,0.8853506350479747,18.976802261482682,0.0,-0.43250217609086866,,,,,,,,,,,,,
burgers,40.0,21,POPS hypercube,120,40,8,5.0,False,0.17088416730985045,0.0654064573782961,0.8625,0.23774030332420704,0.9645833333333333,0.3090185749517704,0.3770833710580242,,,,,,,,,,,,,,,,
burgers,40.0,21,POPS ellipse,120,40,8,5.0,False,0.0065376656129956245,0.06540645737829608,0.9765625,0.24367031755468535,0.9916666666666667,0.3374117186622419,0.30707617858768915,inf,0.005729166666666666,-2.0038439319679995,,,,,,,,,,,,,
burgers,40.0,21,Ellipse+EB,120,40,8,5.0,False,0.006480084266513586,0.06540645737829606,0.9859375,0.2738298740280591,0.9942708333333333,0.4037423154301638,0.3315225035457654,inf,0.003125,-1.8876042922745317,,,,,,,,,,,,,
burgers,40.0,21,Ellipse+PAC,120,40,8,5.0,False,0.22745229117572308,0.06723789186211837,0.99375,0.37420418559123075,0.9984375,0.6775428596733387,0.3975910844192832,-1.751069384682097,0.0,-1.7428977626246784,2.206700446805798,5.560681631015528,1.26953125,-1.6428555907537938,0.03559246327617724,1.1696883879669089,3.8139635742834144,0.0,-1.689863037387075,0.0066479166666666666,-1.7340033442698042,,
burgers,40.0,21,Bayesian stacking,120,40,8,5.0,False,0.03162524988874793,0.08777519318700373,0.8578125,0.20346079945406323,0.90625,0.25675506188110114,0.6773572158567109,2.6002787566744385,0.0,-0.8188370162158338,,,,,,,,,,,,,
burgers,40.0,21,PVI,120,40,8,5.0,False,1.6761199170723557,0.07309624298267563,0.9255208333333333,0.1988791183539428,0.975,0.3272081278076909,0.3336975546395423,-1.9131819129650591,0.0,-1.9718365664066055,,,,,,,,,,,,1.0,True
burgers,40.0,21,PVI (no KL),120,40,8,5.0,False,0.07374266674742103,0.07463337953550307,0.9442708333333333,0.1968609534013215,0.9807291666666667,0.32388771900248353,0.32116549717069465,-1.8740166391947342,0.0,-1.9407760136497887,,,,,,,,,,,,0.0,True
burgers,40.0,22,Bayesian ridge,120,40,8,5.0,False,0.0007366659119725227,0.06577761770743011,0.4421875,0.0557944747011622,0.6348958333333333,0.09179649306615563,0.9841171938826434,15.65388044523002,0.0,0.4705544413527537,,,,,,,,,,,,,
burgers,40.0,22,POPS hypercube,120,40,8,5.0,False,0.1626365832053125,0.06577761770743011,0.6546875,0.22073613588308588,0.8697916666666666,0.29265800559641275,0.7193425312878418,,,,,,,,,,,,,,,,
burgers,40.0,22,POPS ellipse,120,40,8,5.0,False,0.006532083731144667,0.06577761770743011,0.9458333333333333,0.22602030974788803,0.990625,0.31297164927563326,0.29212851972716636,inf,0.0036458333333333334,-1.8458615430253493,,,,,,,,,,,,,
burgers,40.0,22,Ellipse+EB,120,40,8,5.0,False,0.0062034581787884235,0.06577761770743008,0.9817708333333334,0.25510470584672507,0.9958333333333333,0.37831470570429365,0.30495322684280307,inf,0.003125,-1.8021065277097421,,,,,,,,,,,,,
burgers,40.0,22,Ellipse+PAC,120,40,8,5.0,False,0.18004062492400408,0.06592745693003196,0.9869791666666666,0.28278358636388196,0.996875,0.4646195752264685,0.3194234360986269,inf,0.0010416666666666667,-1.7296363322206036,1.8827135571650797,5.560681631015528,1.875,-1.7894609540697537,0.03174469073384571,0.33928493243833796,3.6404298205009873,0.0,-1.812977597366539,0.005689583333333333,-1.721358896812098,,
burgers,40.0,22,Bayesian stacking,120,40,8,5.0,False,0.02915216702967882,0.07515219203991495,0.8734375,0.2303286134891121,0.9151041666666667,0.29071027188951726,0.6082491116567934,2.555871494303616,0.0,-0.20606074642342284,,,,,,,,,,,,,
burgers,40.0,22,PVI,120,40,8,5.0,False,1.6457294160500169,0.07043678046300124,0.9385416666666667,0.26011121977668317,0.9932291666666667,0.4279509379835099,0.3271726189221809,-1.8584950128170765,0.0,-1.8630790862517927,,,,,,,,,,,,1.0,True
burgers,40.0,22,PVI (no KL),120,40,8,5.0,False,0.08305766573175788,0.06902057664612327,0.9255208333333333,0.23178015814540628,0.9739583333333334,0.38133893712640426,0.32680493655851645,-1.322587346000416,0.0,-1.7301710025648944,,,,,,,,,,,,0.0,True
burgers,40.0,23,Bayesian ridge,120,40,8,5.0,False,0.0007911669090390205,0.06891375157388983,0.5614583333333333,0.05249733254413128,0.728125,0.08637183249219897,0.8856341354430612,19.365875886588988,0.0,-0.49082393312205447,,,,,,,,,,,,,
burgers,40.0,23,POPS hypercube,120,40,8,5.0,False,0.17564375000074506,0.06891375157388983,0.6869791666666667,0.19085918148002398,0.9546875,0.25320678572882044,0.457220406285831,,,,,,,,,,,,,,,,
burgers,40.0,23,POPS ellipse,120,40,8,5.0,False,0.005878583062440157,0.06891375157388988,0.9635416666666666,0.21761905198664053,0.9828125,0.30133837835205907,0.32336083883210215,inf,0.009895833333333333,-1.9510456283863482,,,,,,,,,,,,,
burgers,40.0,23,Ellipse+EB,120,40,8,5.0,False,0.006978541612625122,0.06891375157388983,0.9776041666666667,0.254413107328766,0.9875,0.37977428769268895,0.34879015136867164,inf,0.005729166666666666,-1.837330715917616,,,,,,,,,,,,,
burgers,40.0,23,Ellipse+PAC,120,40,8,5.0,False,0.275540332775563,0.07408855205861693,0.9869791666666666,0.4785956858380382,0.996875,1.0123532223102747,0.5382746691740967,inf,0.0005208333333333333,-1.5790865465975341,2.5680702358181304,5.560681631015528,1.5625,-1.4203046679850884,0.03660536273128103,1.5468334849829377,3.951769541071938,0.0,-1.4536732722328898,0.006558333333333333,-1.5713543439260276,,
burgers,40.0,23,Bayesian stacking,120,40,8,5.0,False,0.03421291569247842,0.08167400712612233,0.8635416666666667,0.19726761943798643,0.9104166666666667,0.2565190824972284,0.7856527648961957,2.758200959752033,0.0,-0.9660941418526857,,,,,,,,,,,,,
burgers,40.0,23,PVI,120,40,8,5.0,False,2.0525508746504784,0.07272131385745788,0.9447916666666667,0.17913884144890585,0.9838541666666667,0.294730213072534,0.3336889608705594,-2.0915847264446583,0.0,-2.217286929677633,,,,,,,,,,,,1.0,True
burgers,40.0,23,PVI (no KL),120,40,8,5.0,False,0.04221520805731416,0.07325134104450694,0.8916666666666667,0.1774344614363948,0.9635416666666666,0.29192606250317105,0.35092808909338147,-1.4068345470498438,0.0,-1.9292952168094974,,,,,,,,,,,,0.0,True
burgers,40.0,24,Bayesian ridge,120,40,8,5.0,False,0.0007999581284821033,0.06747698605414898,0.5270833333333333,0.03916549838405396,0.6880208333333333,0.06443748095309966,0.9525110085997498,29.77797781814718,0.0,-0.3227029321106126,,,,,,,,,,,,,
burgers,40.0,24,POPS hypercube,120,40,8,5.0,False,0.17728687496855855,0.06747698605414898,0.8171875,0.14225658819438067,0.9213541666666667,0.18709172765915005,0.4294273113930408,,,,,,,,,,,,,,,,
burgers,40.0,24,POPS ellipse,120,40,8,5.0,False,0.0061108749359846115,0.06747698605414894,0.9208333333333333,0.15502266117615507,0.975,0.21466078865884883,0.3174894080649976,inf,0.01875,-2.121619179000405,,,,,,,,,,,,,
burgers,40.0,24,Ellipse+EB,120,40,8,5.0,False,0.006514458917081356,0.06747698605414892,0.9645833333333333,0.18148754765848316,0.9807291666666667,0.2727064459577164,0.3235561171267023,inf,0.010416666666666666,-2.0699727861737105,,,,,,,,,,,,,
burgers,40.0,24,Ellipse+PAC,120,40,8,5.0,False,0.20952041679993272,0.06841361578749708,0.9703125,0.2292730775830797,0.99375,0.7573553457956448,0.34402354780959293,inf,0.0005208333333333333,-1.8888603128384536,1.6478606097649897,5.560681631015528,0.703125,-2.0515458038249434,0.034147673466167816,0.6693694869564418,3.6652587401237655,0.0,-2.0632778747127714,0.00299375,-1.8827446807939217,,
burgers,40.0,24,Bayesian stacking,120,40,8,5.0,False,0.030153249856084585,0.0744951954840285,0.8432291666666667,0.18398589448877084,0.9052083333333333,0.24146630469910874,0.7595780228946473,2.9453139921867466,0.0,-0.8867201406340965,,,,,,,,,,,,,
burgers,40.0,24,PVI,120,40,8,5.0,False,1.7057463750243187,0.07194016977723142,0.8640625,0.1558506953995243,0.9463541666666667,0.25641512634045754,0.3828592915785053,-1.5459052098216242,0.0,-1.8416699607197984,,,,,,,,,,,,0.1,True
burgers,40.0,24,PVI (no KL),120,40,8,5.0,False,0.06438566697761416,0.07133319372280246,0.8619791666666666,0.1553943389858011,0.959375,0.2556643007687067,0.3664260749636058,-1.7090827232810717,0.0,-1.9181721712673037,,,,,,,,,,,,0.0,True
burgers,40.0,25,Bayesian ridge,120,40,8,5.0,False,0.0007284590974450111,0.0663139508558539,0.5239583333333333,0.0539076125627807,0.734375,0.08869211170706165,0.9054904417665225,18.5422506123894,0.0,-0.388626162620234,,,,,,,,,,,,,
burgers,40.0,25,POPS hypercube,120,40,8,5.0,False,0.1583893341012299,0.0663139508558539,0.8151041666666666,0.23860644132672332,0.959375,0.30607280781085144,0.41857775847807444,,,,,,,,,,,,,,,,
burgers,40.0,25,POPS ellipse,120,40,8,5.0,False,0.005045667290687561,0.0663139508558539,0.9546875,0.2381823346382442,0.99375,0.32981247651240614,0.2870434530050862,inf,0.003125,-1.9764858164097838,,,,,,,,,,,,,
burgers,40.0,25,Ellipse+EB,120,40,8,5.0,False,0.00624258304014802,0.0663139508558539,0.9901041666666667,0.2672590722156662,0.996875,0.3916631653897938,0.303168332429535,inf,0.0020833333333333333,-1.9146569515701526,,,,,,,,,,,,,
burgers,40.0,25,Ellipse+PAC,120,40,8,5.0,False,0.20721883280202746,0.06626624979103933,0.9953125,0.3746580106168931,0.9989583333333333,0.7398746195328523,0.3994736760110028,-1.7439593267089744,0.0,-1.7386839533107568,1.9374912650339517,5.560681631015528,3.75,-1.8516313702708405,0.0343611886798678,0.8638425984786305,3.7547614466249244,0.0,-1.8635088353896943,0.0025270833333333334,-1.7298132974995724,,
burgers,40.0,25,Bayesian stacking,120,40,8,5.0,False,0.027379583101719618,0.07294880535621495,0.8859375,0.22298269512433228,0.93125,0.28452653241185527,0.6113087907052491,2.3354734180708516,0.0,-0.6788825897411048,,,,,,,,,,,,,
burgers,40.0,25,PVI,120,40,8,5.0,False,1.3891971660777926,0.07023645714011845,0.8557291666666667,0.17041928157389746,0.9526041666666667,0.2803842581747909,0.3494054849124474,-1.6952734734117079,0.0,-1.8488472423933462,,,,,,,,,,,,1.0,True
burgers,40.0,25,PVI (no KL),120,40,8,5.0,False,0.05557791609317064,0.07037045226274467,0.8432291666666667,0.16901142416404624,0.9338541666666667,0.278067964784563,0.3626482911771304,-1.33156865911008,0.0,-1.6997374301340997,,,,,,,,,,,,0.0,True
burgers,40.0,26,Bayesian ridge,120,40,8,5.0,False,0.0007883748039603233,0.06520509133924508,0.4786458333333333,0.046318518020248986,0.6723958333333333,0.07620606773437055,0.9326810163840811,26.51135919376276,0.0,0.019912681376623425,,,,,,,,,,,,,
burgers,40.0,26,POPS hypercube,120,40,8,5.0,False,0.1797094172798097,0.06520509133924508,0.6838541666666667,0.18011440092778142,0.940625,0.2352442731004102,0.4422491443391358,,,,,,,,,,,,,,,,
burgers,40.0,26,POPS ellipse,120,40,8,5.0,False,0.006069583352655172,0.06520509133924507,0.9625,0.19324900592280367,0.9869791666666666,0.2675930325553482,0.2823927207209593,inf,0.0067708333333333336,-2.0378144526802293,,,,,,,,,,,,,
burgers,40.0,26,Ellipse+EB,120,40,8,5.0,False,0.005858500022441149,0.0652050913392451,0.9828125,0.218362514618399,0.9911458333333333,0.32240365482804884,0.29793246356451647,inf,0.005729166666666666,-1.962496221011493,,,,,,,,,,,,,
burgers,40.0,26,Ellipse+PAC,120,40,8,5.0,False,0.22869212506338954,0.06484233171224485,0.9864583333333333,0.29035115825748814,0.9953125,0.5514087819713118,0.35711589528593585,inf,0.0015625,-1.813500459675798,2.085529540643224,5.560681631015528,3.75,-1.743546910200428,0.03386398339527679,0.9658052188410331,3.7952124674483754,0.0,-1.7592462475821886,0.0030208333333333333,-1.8069094321601185,,
burgers,40.0,26,Bayesian stacking,120,40,8,5.0,False,0.029595541767776012,0.0781426782103807,0.8973958333333333,0.2207673710080033,0.9322916666666666,0.28037348861192013,0.6538145602176088,2.164023757188784,0.0,-0.9090375657922344,,,,,,,,,,,,,
burgers,40.0,26,PVI,120,40,8,5.0,False,1.4462580000981688,0.07225580095973105,0.9166666666666666,0.1543429358249142,0.9760416666666667,0.25393446777923906,0.36486858695388685,-1.8484006051343325,0.0,-2.139735435119637,,,,,,,,,,,,1.0,True
burgers,40.0,26,PVI (no KL),120,40,8,5.0,False,0.03342912485823035,0.07131335786425862,0.903125,0.1520177522106203,0.9619791666666667,0.25010893303461995,0.37129672386020746,-1.4992471886715195,0.0,-2.0709692842399408,,,,,,,,,,,,0.0,True
burgers,40.0,27,Bayesian ridge,120,40,8,5.0,False,0.0007191658951342106,0.06562535657703572,0.6145833333333334,0.08542771600084623,0.8234375,0.140550919809374,0.7314381743958973,7.468090835140896,0.0,-0.7748227211231958,,,,,,,,,,,,,
burgers,40.0,27,POPS hypercube,120,40,8,5.0,False,0.1639250828884542,0.06562535657703572,0.8557291666666667,0.32948776746025055,0.9869791666666666,0.4435221304158116,0.4487775443003296,,,,,,,,,,,,,,,,
burgers,40.0,27,POPS ellipse,120,40,8,5.0,False,0.003834084141999483,0.06562535657703573,0.9708333333333333,0.3006886517863763,0.9921875,0.41636534067677133,0.34246883145474527,inf,0.004166666666666667,-1.7589537401944944,,,,,,,,,,,,,
burgers,40.0,27,Ellipse+EB,120,40,8,5.0,False,0.004435916896909475,0.06562535657703573,0.99375,0.3506306269950056,0.9973958333333334,0.519521511019335,0.37469236270072215,inf,0.0015625,-1.6453285819358479,,,,,,,,,,,,,
burgers,40.0,27,Ellipse+PAC,120,40,8,5.0,False,0.22657454200088978,0.0650655810042959,0.9947916666666666,0.401359694588909,0.9984375,0.7764568126891679,0.42025432415047276,-1.6010790918735973,0.0,-1.5927906277932682,2.4254182366794796,5.560681631015528,1.26953125,-1.3908541382927968,0.03374905117598706,0.8177402424722432,3.7825233237962896,0.0,-1.4045135817342707,0.0037604166666666667,-1.583815767154399,,
burgers,40.0,27,Bayesian stacking,120,40,8,5.0,False,0.025085417088121176,0.07072112368712401,0.9171875,0.24168369528782357,0.9489583333333333,0.32013632839715433,0.5760320050329419,0.6573090046298603,0.0,-1.2007303770337818,,,,,,,,,,,,,
burgers,40.0,27,PVI,120,40,8,5.0,False,1.4930821657180786,0.06956033922070168,0.9494791666666667,0.2556839302747826,0.9921875,0.4206668896572227,0.31724795768238084,-2.0725995528356416,0.0,-2.0788629122176405,,,,,,,,,,,,1.0,True
burgers,40.0,27,PVI (no KL),120,40,8,5.0,False,0.019283915869891644,0.07283190026249677,0.9010416666666666,0.27849925219685984,0.9697916666666667,0.45820405712478274,0.3715754361482185,-0.7823817820384472,0.0,-1.8372695484818464,,,,,,,,,,,,0.0,True
burgers,40.0,28,Bayesian ridge,120,40,8,5.0,False,0.0007534581236541271,0.07106122716342637,0.5473958333333333,0.08752160832074071,0.790625,0.14399591992549604,0.8610942934436783,6.025253982838918,0.0,-0.3209462969543346,,,,,,,,,,,,,
burgers,40.0,28,POPS hypercube,120,40,8,5.0,False,0.15437562530860305,0.07106122716342637,0.8125,0.31263599767760925,0.9776041666666667,0.4225862876624356,0.533050337980237,,,,,,,,,,,,,,,,
burgers,40.0,28,POPS ellipse,120,40,8,5.0,False,0.0056043341755867004,0.07106122716342647,0.9833333333333333,0.2765318842927851,0.996875,0.3829153229678743,0.3051161663720638,inf,0.0020833333333333333,-1.7827802494076137,,,,,,,,,,,,,
burgers,40.0,28,Ellipse+EB,120,40,8,5.0,False,0.00675674993544817,0.07106122716342647,0.9932291666666667,0.30961042858495313,0.996875,0.453907679380777,0.33387070119766155,inf,0.0015625,-1.695856484404817,,,,,,,,,,,,,
burgers,40.0,28,Ellipse+PAC,120,40,8,5.0,False,0.23571687517687678,0.0712859070612816,0.9953125,0.3366388627653175,0.9994791666666667,0.670379804655236,0.35640550810545457,-1.6399490219066237,0.0,-1.6308854250286644,2.213815414613478,5.560681631015528,3.125,-1.5278509105759752,0.033709235901235736,0.47935447875428094,3.7079570892882177,0.0,-1.5488642827707877,0.0026854166666666667,-1.6216282839204013,,
burgers,40.0,28,Bayesian stacking,120,40,8,5.0,False,0.029557458125054836,0.07020835234381821,0.91875,0.25452461275884486,0.9588541666666667,0.33721269398749837,0.4987447177344951,0.2866374123642497,0.0,-0.9356745831693052,,,,,,,,,,,,,
burgers,40.0,28,PVI,120,40,8,5.0,False,1.6108687496744096,0.0997535789525092,0.9416666666666667,0.28137724413246823,0.99375,0.46293910603735955,0.3235792558962395,-1.7737297562513883,0.0,-1.7738970097691018,,,,,,,,,,,,1.0,True
burgers,40.0,28,PVI (no KL),120,40,8,5.0,False,0.04924233304336667,0.09907969642540897,0.9041666666666667,0.2874983408005955,0.9770833333333333,0.4730099098376023,0.34090051553109324,-1.4707444875278723,0.0,-1.642991165766142,,,,,,,,,,,,0.0,True
burgers,40.0,29,Bayesian ridge,120,40,8,5.0,False,0.0007892502471804619,0.06595410617221324,0.5677083333333334,0.05012022026110203,0.75,0.08246086151567639,0.8409952802470416,21.199262691616823,0.0,-0.6455712922728288,,,,,,,,,,,,,
burgers,40.0,29,POPS hypercube,120,40,8,5.0,False,0.1674689999781549,0.06595410617221324,0.7041666666666667,0.3612387693015167,0.925,0.44719428175815884,0.7320837082492646,,,,,,,,,,,,,,,,
burgers,40.0,29,POPS ellipse,120,40,8,5.0,False,0.004679916892200708,0.0659541061722132,0.99375,0.3988693827850513,0.9984375,0.5523167750501584,0.41615026677114353,inf,0.0010416666666666667,-1.7083338692606878,,,,,,,,,,,,,
burgers,40.0,29,Ellipse+EB,120,40,8,5.0,False,0.005659457761794329,0.0659541061722132,0.996875,0.4324551426574209,0.9984375,0.6242847347625592,0.44785241487805244,inf,0.0005208333333333333,-1.5800904261541362,,,,,,,,,,,,,
burgers,40.0,29,Ellipse+PAC,120,40,8,5.0,False,0.24276312487199903,0.06620111377085021,0.9979166666666667,0.5984087258238046,1.0,1.2048991490538326,0.6080938885427762,-1.46559208198796,0.0,-1.4563337211412881,2.603624940095958,5.560681631015528,0.9375,-1.3075646133251908,0.03611531199358457,1.2540681024313938,3.8750742414275643,0.0,-1.3326967574660613,0.004454166666666666,-1.4469766271215818,,
burgers,40.0,29,Bayesian stacking,120,40,8,5.0,False,0.02698875032365322,0.07757465184955203,0.8697916666666666,0.19657082186606936,0.9166666666666666,0.25478736711402206,0.7297499462348573,2.69561260413134,0.0,-0.8748824167460144,,,,,,,,,,,,,
burgers,40.0,29,PVI,120,40,8,5.0,False,1.9566257083788514,0.07383803721803206,0.9307291666666667,0.22775032860414546,0.9848958333333333,0.3747088143136442,0.35508039530420615,-1.7121108131362248,0.0,-1.8072971994097733,,,,,,,,,,,,1.0,True
burgers,40.0,29,PVI (no KL),120,40,8,5.0,False,0.04554616613313556,0.0771331436452021,0.9151041666666667,0.20977625457207302,0.9739583333333334,0.34513676491102957,0.34881878104177333,-1.4426897040879907,0.0,-1.7506112998995547,,,,,,,,,,,,0.0,True
burgers,80.0,0,Bayesian ridge,240,80,8,10.0,False,0.0007380000315606594,0.06525013654645721,0.4083333333333333,0.04826919726377403,0.6026041666666667,0.07941544491036555,1.0395336763476795,25.37600403158546,0.0,0.7988865097593398,,,,,,,,,,,,,
burgers,80.0,0,POPS hypercube,240,80,8,10.0,False,0.16936470801010728,0.06525013654645721,0.9166666666666666,0.33755960090840337,0.9921875,0.4481189679354136,0.37794787635657445,,,,,,,,,,,,,,,,
burgers,80.0,0,POPS ellipse,240,80,8,10.0,False,0.005949290934950113,0.06525013654645721,0.98125,0.26494673369727884,0.996875,0.36687329695248405,0.3041493920299556,inf,0.003125,-1.8518636888798738,,,,,,,,,,,,,
burgers,80.0,0,Ellipse+EB,240,80,8,10.0,False,0.0059965830296278,0.0652501365464572,0.9901041666666667,0.2942631398580301,0.996875,0.43011063856456033,0.33042760066720117,inf,0.0020833333333333333,-1.748316123826803,,,,,,,,,,,,,
burgers,80.0,0,Ellipse+PAC,240,80,8,10.0,False,0.2604656657204032,0.0651947246997892,0.9817708333333334,0.28927549533786645,0.996875,0.44841116894682503,0.32583325994489504,inf,0.0010416666666666667,-1.7243193056080222,0.9434037637223232,5.560681631015528,0.703125,-1.6749701394366334,0.03194600168508935,0.35269364950495335,2.586427901473867,0.0,-1.678270639967817,0.0031572916666666668,-1.716107951018334,,
burgers,80.0,0,Bayesian stacking,240,80,8,10.0,False,0.051701124757528305,0.07326023554000387,0.8848958333333333,0.21771966390044922,0.9229166666666667,0.2647708491848462,0.6281710774320055,4.6483009669863575,0.0,-0.3913039529728036,,,,,,,,,,,,,
burgers,80.0,0,PVI,240,80,8,10.0,False,1.2949647079221904,0.06677676005524165,0.9104166666666667,0.19715733059661197,0.9744791666666667,0.3243753369484928,0.29279416947969106,-1.7249770538919436,0.0,-1.9625173382543997,,,,,,,,,,,,0.1,True
burgers,80.0,0,PVI (no KL),240,80,8,10.0,False,0.04168879194185138,0.06799512346832122,0.9359375,0.19768605651277393,0.9828125,0.3252452292659098,0.2831584877944943,-1.9920924729804743,0.0,-2.1071654310537307,,,,,,,,,,,,0.0,True
burgers,80.0,1,Bayesian ridge,240,80,8,10.0,False,0.0006940001621842384,0.06499473424981804,0.38177083333333334,0.036625720000974006,0.5734375,0.06025888172834318,1.0740595607263068,44.57354714538769,0.0,0.830278747529546,,,,,,,,,,,,,
burgers,80.0,1,POPS hypercube,240,80,8,10.0,False,0.16052599996328354,0.06499473424981804,0.7828125,0.29985707668994155,0.9838541666666667,0.3909429872598248,0.5207192781546828,,,,,,,,,,,,,,,,
burgers,80.0,1,POPS ellipse,240,80,8,10.0,False,0.0065296669490635395,0.06499473424981804,0.9796875,0.276115712683109,0.9916666666666667,0.3823390476977126,0.31874169129313157,inf,0.005208333333333333,-1.8849467501017765,,,,,,,,,,,,,
burgers,80.0,1,Ellipse+EB,240,80,8,10.0,False,0.007332833018153906,0.06499473424981804,0.9932291666666667,0.2981541826652624,0.996875,0.42889369531557736,0.3317957706461964,inf,0.0020833333333333333,-1.8259036919490395,,,,,,,,,,,,,
burgers,80.0,1,Ellipse+PAC,240,80,8,10.0,False,0.2836766657419503,0.06463569485677939,0.9932291666666667,0.33721090392337133,0.9973958333333334,0.6843916069751113,0.3702990723562032,inf,0.0005208333333333333,-1.7129008027489954,0.8746003565426994,5.560681631015528,2.8125,-1.8070147596995727,0.035849904198039545,0.8815419388612948,2.6457652120442328,0.0,-1.8187882521992766,0.0020375,-1.704530647865196,,
burgers,80.0,1,Bayesian stacking,240,80,8,10.0,False,0.04994266713038087,0.07213978858778214,0.8598958333333333,0.21402902959864303,0.8953125,0.2567389171697175,0.6634412503683779,6.464419024077007,0.0,-0.12191239602923258,,,,,,,,,,,,,
burgers,80.0,1,PVI,240,80,8,10.0,False,1.5174627089872956,0.07137606648903676,0.921875,0.18768265207981263,0.9864583333333333,0.30878701453073015,0.3062706139186945,-1.9212328317935154,0.0,-2.0293056655033785,,,,,,,,,,,,1.0,True
burgers,80.0,1,PVI (no KL),240,80,8,10.0,False,0.01995712472125888,0.07038404476104725,0.909375,0.1819322333580477,0.978125,0.2993260728309063,0.3105890119063338,-1.8581681996867032,0.0,-1.9797712507507081,,,,,,,,,,,,0.0,True
burgers,80.0,2,Bayesian ridge,240,80,8,10.0,False,0.0007477081380784512,0.0656273399783316,0.29270833333333335,0.021358799194123642,0.4578125,0.03514080691011401,1.1699040213331249,114.17211712202653,0.0,1.6627130122465725,,,,,,,,,,,,,
burgers,80.0,2,POPS hypercube,240,80,8,10.0,False,0.17990645905956626,0.0656273399783316,0.7729166666666667,0.14415746636054003,0.9322916666666666,0.19293577713407123,0.43800579545726903,,,,,,,,,,,,,,,,
burgers,80.0,2,POPS ellipse,240,80,8,10.0,False,0.006254249718040228,0.06562733997833159,0.9125,0.14102003138197441,0.9625,0.1952712650104246,0.3547310592251332,inf,0.022916666666666665,-2.0422500863747906,,,,,,,,,,,,,
burgers,80.0,2,Ellipse+EB,240,80,8,10.0,False,0.006433000322431326,0.06562733997833162,0.9255208333333333,0.1495113117958877,0.9697916666666667,0.21537541689475598,0.35129457932449903,inf,0.0140625,-2.031053705430108,,,,,,,,,,,,,
burgers,80.0,2,Ellipse+PAC,240,80,8,10.0,False,0.24641958298161626,0.06548504512394668,0.9348958333333334,0.19344186675390138,0.9854166666666667,0.3471332631920477,0.3785818720862378,inf,0.0046875,-1.8096762896101495,0.2513347969913351,5.560681631015528,5.625,-2.2453700113973767,0.03296868244162515,0.6918257308343488,2.463736125947087,0.0,-2.2570390182451954,0.00211875,-1.8084547783309772,,
burgers,80.0,2,Bayesian stacking,240,80,8,10.0,False,0.05197354173287749,0.08426233824991906,0.83125,0.18928893085329643,0.8828125,0.22265639159386819,0.7493889050619822,10.8079305818511,0.0,0.39667945264614535,,,,,,,,,,,,,
burgers,80.0,2,PVI,240,80,8,10.0,False,2.1296481252647936,0.06906332918272656,0.8645833333333334,0.12843768604670547,0.9442708333333333,0.21131356141926153,0.43959881560115804,-1.0442227525648755,0.0,-1.8105677175533728,,,,,,,,,,,,1.0,True
burgers,80.0,2,PVI (no KL),240,80,8,10.0,False,0.07620150037109852,0.06898772394945767,0.8557291666666667,0.12816244968162283,0.9416666666666667,0.21086072566421254,0.4395805079503511,-0.8902113716127077,0.0,-1.7744960536247,,,,,,,,,,,,0.0,True
burgers,80.0,3,Bayesian ridge,240,80,8,10.0,False,0.0007959157228469849,0.06604342711615377,0.4192708333333333,0.03721199485817814,0.6015625,0.0612234570944964,1.0193970802863104,46.0504395684715,0.0,0.5726196460493799,,,,,,,,,,,,,
burgers,80.0,3,POPS hypercube,240,80,8,10.0,False,0.17240387527272105,0.06604342711615377,0.8666666666666667,0.19768935584967656,0.9786458333333333,0.2666934559984515,0.3422400531010971,,,,,,,,,,,,,,,,
burgers,80.0,3,POPS ellipse,240,80,8,10.0,False,0.00518862484022975,0.06604342711615377,0.9546875,0.170564894501726,0.9828125,0.2361822103521313,0.30652682346374616,inf,0.0125,-2.049077330709414,,,,,,,,,,,,,
burgers,80.0,3,Ellipse+EB,240,80,8,10.0,False,0.005293875001370907,0.0660434271161538,0.965625,0.18934676262642192,0.984375,0.2787214948582383,0.3182539460167895,inf,0.010416666666666666,-1.9810815252341585,,,,,,,,,,,,,
burgers,80.0,3,Ellipse+PAC,240,80,8,10.0,False,0.39969112537801266,0.06599358899634278,0.984375,0.2865356892044673,0.9953125,0.6247801993505019,0.36634944658512103,inf,0.0005208333333333333,-1.7784569258724967,1.2264678508246303,5.560681631015528,5.0,-1.6546916676115577,0.036849235437838884,1.834067144210342,2.8443102829983493,0.0,-1.7071655836752209,0.005022916666666667,-1.7710616349336197,,
burgers,80.0,3,Bayesian stacking,240,80,8,10.0,False,0.05437720799818635,0.08349106986171825,0.8744791666666667,0.20015452844927442,0.9067708333333333,0.23906977587860218,0.7532514168412481,6.853468410467812,0.0,-0.5943067546570014,,,,,,,,,,,,,
burgers,80.0,3,PVI,240,80,8,10.0,False,1.420593624934554,0.07084488507697358,0.9072916666666667,0.1657689449760084,0.978125,0.2727332390810576,0.3348001335025093,-1.9583072377483552,0.0,-2.0651950639249317,,,,,,,,,,,,1.0,True
burgers,80.0,3,PVI (no KL),240,80,8,10.0,False,0.011731416918337345,0.07087690298156356,0.8984375,0.16483950396969876,0.975,0.2712040657113274,0.3311626434899579,-1.92566163393033,0.0,-2.0548201152591705,,,,,,,,,,,,0.0,True
burgers,80.0,4,Bayesian ridge,240,80,8,10.0,False,0.0009339591488242149,0.06833396337545185,0.3072916666666667,0.02482636055544751,0.49583333333333335,0.04084585161509812,1.1362137560960193,87.51543350270708,0.0,1.3846394195815046,,,,,,,,,,,,,
burgers,80.0,4,POPS hypercube,240,80,8,10.0,False,0.18881995789706707,0.06833396337545185,0.8255208333333334,0.1282922802826038,0.9369791666666667,0.17751674732732411,0.4130517684743718,,,,,,,,,,,,,,,,
burgers,80.0,4,POPS ellipse,240,80,8,10.0,False,0.00544129079207778,0.06833396337545197,0.9078125,0.12933969767372874,0.9604166666666667,0.17909743838025566,0.3641848372178403,inf,0.026041666666666668,-2.0278288870755437,,,,,,,,,,,,,
burgers,80.0,4,Ellipse+EB,240,80,8,10.0,False,0.0053986250422894955,0.068333963375452,0.9395833333333333,0.14658128875409646,0.9744791666666667,0.21996078896882718,0.35852958025512055,inf,0.015104166666666667,-2.0363129636464943,,,,,,,,,,,,,
burgers,80.0,4,Ellipse+PAC,240,80,8,10.0,False,0.30358425015583634,0.06831433778655868,0.9578125,0.18198527391928748,0.984375,0.2904970568832169,0.3491885306322685,inf,0.0046875,-1.8972026279829264,0.5353292414642006,5.560681631015528,3.75,-2.07762316996588,0.03126602344791318,0.9689764974718311,2.5816863879821677,0.0,-2.088480157894174,0.003577083333333333,-1.8958858017599292,,
burgers,80.0,4,Bayesian stacking,240,80,8,10.0,False,0.052110041957348585,0.09432112579023946,0.7994791666666666,0.1741300256731171,0.8604166666666667,0.20559850769661842,0.8742306003797637,11.614677348153554,0.0,0.4099550962440089,,,,,,,,,,,,,
burgers,80.0,4,PVI,240,80,8,10.0,False,1.5420264997519553,0.07238666870340492,0.8989583333333333,0.1303874731551695,0.9640625,0.21452147079991696,0.4112402317046639,-1.576108777616802,0.0,-2.0067698733158017,,,,,,,,,,,,0.01,True
burgers,80.0,4,PVI (no KL),240,80,8,10.0,False,0.03200195822864771,0.07238075341385483,0.8984375,0.13033697000528394,0.9640625,0.2144383799190883,0.4112637147232485,-1.56097359818099,0.0,-2.0067346392516137,,,,,,,,,,,,0.0,True
burgers,80.0,5,Bayesian ridge,240,80,8,10.0,False,0.001048749778419733,0.06580124493691522,0.42552083333333335,0.04643058492372936,0.6546875,0.0763904470798771,0.9900134059321787,19.826712014580337,0.0,0.3406182411521305,,,,,,,,,,,,,
burgers,80.0,5,POPS hypercube,240,80,8,10.0,False,0.19026533281430602,0.06580124493691522,0.7276041666666667,0.44371008987664545,0.9671875,0.5486626634614512,0.7877232982881819,,,,,,,,,,,,,,,,
burgers,80.0,5,POPS ellipse,240,80,8,10.0,False,0.006241875234991312,0.06580124493691522,0.9911458333333333,0.45905558624601484,0.9989583333333333,0.6356569641766472,0.4697946485399443,inf,0.0005208333333333333,-1.6345028741841119,,,,,,,,,,,,,
burgers,80.0,5,Ellipse+EB,240,80,8,10.0,False,0.0059871249832212925,0.06580124493691522,0.9979166666666667,0.4749770463908497,0.9994791666666667,0.6719758277670013,0.4822874655690048,-1.581533033265934,0.0,-1.5732219082018646,,,,,,,,,,,,,
burgers,80.0,5,Ellipse+PAC,240,80,8,10.0,False,0.3434869162738323,0.06583990677079385,0.9973958333333334,0.5130973077635849,0.9994791666666667,0.9769118426542277,0.5217309189053488,-1.517124669279808,0.0,-1.5078077219270178,1.5116505778488563,5.560681631015528,2.8125,-1.4185746299312643,0.03692952515957767,1.8741037449260074,2.893295682620543,0.0,-1.4583247699212873,0.004930208333333333,-1.4983891250744832,,
burgers,80.0,5,Bayesian stacking,240,80,8,10.0,False,0.0574299581348896,0.07148821995006262,0.8828125,0.20946384028502502,0.9239583333333333,0.2549048440478663,0.6071015925289596,3.8775683112151116,0.0,-0.6078521761508882,,,,,,,,,,,,,
burgers,80.0,5,PVI,240,80,8,10.0,False,1.3919774577952921,0.06716255248871819,0.921875,0.22537634419849767,0.9770833333333333,0.3708029895129015,0.31070510578944244,-1.8981652850835422,0.0,-2.0041649228357428,,,,,,,,,,,,1.0,True
burgers,80.0,5,PVI (no KL),240,80,8,10.0,False,0.024092708248645067,0.06791998899384355,0.9104166666666667,0.23208923308156676,0.9546875,0.38184744617476685,0.3471944078270325,0.8773020079019317,0.0,-1.7510051042421855,,,,,,,,,,,,0.0,True
burgers,80.0,6,Bayesian ridge,240,80,8,10.0,False,0.0008319173939526081,0.06445618276903808,0.35572916666666665,0.030544301246588055,0.5411458333333333,0.05025335846623868,1.0591312231583982,51.79596939867152,0.0,1.0454086500262822,,,,,,,,,,,,,
burgers,80.0,6,POPS hypercube,240,80,8,10.0,False,0.17016437510028481,0.06445618276903808,0.7677083333333333,0.20895950131915283,0.9651041666666667,0.26689297840835213,0.4048586648677714,,,,,,,,,,,,,,,,
burgers,80.0,6,POPS ellipse,240,80,8,10.0,False,0.0056487503461539745,0.06445618276903808,0.953125,0.20455265301246967,0.9864583333333333,0.28324525901423847,0.27404291711340106,inf,0.005729166666666666,-2.0499982215382677,,,,,,,,,,,,,
burgers,80.0,6,Ellipse+EB,240,80,8,10.0,False,0.006286959163844585,0.06445618276903811,0.9828125,0.22252545450009376,0.9916666666666667,0.32295272657110813,0.28362854976814283,inf,0.003125,-2.012568561517102,,,,,,,,,,,,,
burgers,80.0,6,Ellipse+PAC,240,80,8,10.0,False,0.24074529204517603,0.064490353860873,0.9854166666666667,0.24919425346080207,0.9953125,0.4523233979591035,0.3066124155519765,inf,0.0015625,-1.8560782892609353,0.7737368554768576,5.560681631015528,5.625,-1.8722169262178046,0.034367173453952585,0.8116160548846142,2.6115866082407093,0.0,-1.8852597346034068,0.00225625,-1.8490405218311032,,
burgers,80.0,6,Bayesian stacking,240,80,8,10.0,False,0.05050658294931054,0.08284116968956204,0.8536458333333333,0.19343002584853505,0.9,0.23105410255300718,0.7090683126573349,7.4894167699917364,0.0,-0.18640936479435866,,,,,,,,,,,,,
burgers,80.0,6,PVI,240,80,8,10.0,False,1.8485986669547856,0.0738859607463414,0.9208333333333333,0.16037379250525605,0.98125,0.263856803214874,0.3414391463672002,-1.8859132085178731,0.0,-2.0279788387920763,,,,,,,,,,,,1.0,True
burgers,80.0,6,PVI (no KL),240,80,8,10.0,False,0.028337666764855385,0.07427139925813318,0.9104166666666667,0.16069662960025688,0.9802083333333333,0.26438795461134235,0.3421607895741444,-1.6653555360871215,0.0,-2.0066592782104187,,,,,,,,,,,,0.0,True
burgers,80.0,7,Bayesian ridge,240,80,8,10.0,False,0.0007269582711160183,0.06467180833981843,0.3697916666666667,0.03439350619666339,0.5328125,0.05658630661930091,1.0813472081514055,51.485094517276394,0.0,1.0931888710041022,,,,,,,,,,,,,
burgers,80.0,7,POPS hypercube,240,80,8,10.0,False,0.16724116681143641,0.06467180833981843,0.7427083333333333,0.1645484389495323,0.9635416666666666,0.22106090784972637,0.3570780574162535,,,,,,,,,,,,,,,,
burgers,80.0,7,POPS ellipse,240,80,8,10.0,False,0.006996917072683573,0.06467180833981845,0.9265625,0.15758329688075895,0.9760416666666667,0.21820651594573676,0.2810864254030857,inf,0.013020833333333334,-2.001696517979135,,,,,,,,,,,,,
burgers,80.0,7,Ellipse+EB,240,80,8,10.0,False,0.005978916771709919,0.06467180833981843,0.9651041666666667,0.1817427981467719,0.9838541666666667,0.27021539491577,0.28402993666491555,inf,0.009375,-2.003104055647778,,,,,,,,,,,,,
burgers,80.0,7,Ellipse+PAC,240,80,8,10.0,False,0.2591835418716073,0.06466126569226827,0.9692708333333333,0.2137522863647659,0.9916666666666667,0.41219564938340947,0.302327967848381,inf,0.003125,-1.861775799170669,0.5518508011710963,5.560681631015528,2.5390625,-2.048228924787563,0.03318067654582369,0.843093569871843,2.566899049412835,0.0,-2.056178842597679,0.001384375,-1.8565015330483632,,
burgers,80.0,7,Bayesian stacking,240,80,8,10.0,False,0.054377667140215635,0.07819027312274439,0.8484375,0.20361740747711563,0.896875,0.24485522902113602,0.7049489038182798,7.145528098147542,0.0,-0.05530681228855857,,,,,,,,,,,,,
burgers,80.0,7,PVI,240,80,8,10.0,False,2.046334957703948,0.06889718375004572,0.8463541666666666,0.14628521375561793,0.9682291666666667,0.24067740904672344,0.35870444390184786,-1.738107047292996,0.0,-1.9260103291298334,,,,,,,,,,,,1.0,True
burgers,80.0,7,PVI (no KL),240,80,8,10.0,False,0.1756960842758417,0.06878447016094161,0.8427083333333333,0.14429181908351885,0.9463541666666667,0.23739775382681969,0.3557924281324612,-1.357470725200982,0.0,-1.785245685295684,,,,,,,,,,,,0.0,True
burgers,80.0,8,Bayesian ridge,240,80,8,10.0,False,0.0008013341575860977,0.06513684998797489,0.4427083333333333,0.041343463536347484,0.6479166666666667,0.06802080285140004,0.9933675528908517,41.41059269167078,0.0,0.33900072186464847,,,,,,,,,,,,,
burgers,80.0,8,POPS hypercube,240,80,8,10.0,False,0.17221662495285273,0.06513684998797489,0.796875,0.27238890132652666,0.9708333333333333,0.3626530629757435,0.4703353829484176,,,,,,,,,,,,,,,,
burgers,80.0,8,POPS ellipse,240,80,8,10.0,False,0.006511875428259373,0.06513684998797489,0.9734375,0.2595211104674731,0.9942708333333333,0.3593604046266813,0.30865293860270027,inf,0.0036458333333333334,-1.8926100419568752,,,,,,,,,,,,,
burgers,80.0,8,Ellipse+EB,240,80,8,10.0,False,0.007227042224258184,0.0651368499879749,0.9864583333333333,0.2822482746115226,0.9958333333333333,0.40878575941768563,0.3261198251617865,inf,0.0026041666666666665,-1.824417242908908,,,,,,,,,,,,,
burgers,80.0,8,Ellipse+PAC,240,80,8,10.0,False,0.23910966701805592,0.06561220582507314,0.9859375,0.2929118861026634,0.9963541666666667,0.45720961349323,0.335289156167274,inf,0.0015625,-1.7277604812930438,0.8851227377850557,5.560681631015528,5.0,-1.769364355870664,0.03238416984206647,0.7022749825702279,2.622102923813653,0.0,-1.7761479917256557,0.001375,-1.7197180401400918,,
burgers,80.0,8,Bayesian stacking,240,80,8,10.0,False,0.054647292010486126,0.07739169332813385,0.859375,0.2122043533311206,0.9005208333333333,0.2563549700254745,0.7130701011869495,5.583109479271581,0.0,-0.6773616647406607,,,,,,,,,,,,,
burgers,80.0,8,PVI,240,80,8,10.0,False,1.7733723749406636,0.06690178577879216,0.9260416666666667,0.18825378638445978,0.9807291666666667,0.3097266797308631,0.29926711734774497,-1.9574116594374682,0.0,-2.041995752346932,,,,,,,,,,,,1.0,True
burgers,80.0,8,PVI (no KL),240,80,8,10.0,False,0.10397841688245535,0.06678935204750194,0.9229166666666667,0.1926459369582054,0.9723958333333333,0.31695291533658965,0.3030196128332141,-1.3710700222325443,0.0,-1.9819840159585993,,,,,,,,,,,,0.0,True
burgers,80.0,9,Bayesian ridge,240,80,8,10.0,False,0.0009363749995827675,0.06436184546798851,0.4088541666666667,0.03845697442928675,0.5692708333333333,0.06327177387100323,1.0336793357118883,36.00728698960024,0.0,0.8285024704301631,,,,,,,,,,,,,
burgers,80.0,9,POPS hypercube,240,80,8,10.0,False,0.17803308321163058,0.06436184546798851,0.8708333333333333,0.22318792702312962,0.9833333333333333,0.30256993692413714,0.3477107099530429,,,,,,,,,,,,,,,,
burgers,80.0,9,POPS ellipse,240,80,8,10.0,False,0.005442999769002199,0.0643618454679885,0.9572916666666667,0.19383382397802285,0.9885416666666667,0.268402833548331,0.2832456844778418,inf,0.009895833333333333,-2.026691854480185,,,,,,,,,,,,,
burgers,80.0,9,Ellipse+EB,240,80,8,10.0,False,0.005135708022862673,0.06436184546798857,0.9796875,0.21486131245097176,0.9895833333333334,0.31484048595664066,0.29645591414042466,inf,0.005208333333333333,-1.965445988372348,,,,,,,,,,,,,
burgers,80.0,9,Ellipse+PAC,240,80,8,10.0,False,0.19250087486580014,0.0646132125792343,0.971875,0.21245888878052724,0.9901041666666667,0.3196434980989048,0.29956719790021,inf,0.0046875,-1.8525864262161347,0.4366127856502875,5.560681631015528,0.17578125,-2.0206284130667327,0.030917461639313807,9.493513659108036e-06,2.4263237370777064,0.0,-2.0247004307255096,0.00135,-1.8471407719696389,,
burgers,80.0,9,Bayesian stacking,240,80,8,10.0,False,0.057601625099778175,0.07942747632931735,0.8651041666666667,0.20654456122841297,0.9119791666666667,0.2492622849710579,0.6742182324665715,5.668659470345253,0.0,-0.45856060410933497,,,,,,,,,,,,,
burgers,80.0,9,PVI,240,80,8,10.0,False,1.9313045828603208,0.0682066385238225,0.9333333333333333,0.177823970012821,0.9802083333333333,0.2925669059115305,0.3203121495008496,-1.8498183308503322,0.0,-1.9938067336907708,,,,,,,,,,,,1.0,True
burgers,80.0,9,PVI (no KL),240,80,8,10.0,False,0.07737600011751056,0.06669764012065044,0.9046875,0.18349974696316115,0.9760416666666667,0.3019050423893365,0.3099701423897318,-1.5832603419389855,0.0,-1.8664177447764403,,,,,,,,,,,,0.0,True
burgers,80.0,10,Bayesian ridge,240,80,8,10.0,False,0.0009064166806638241,0.06432372019369348,0.4635416666666667,0.052073844105001696,0.6541666666666667,0.08567508332887461,0.9560976525132409,24.084243374805215,0.0,0.2637057800529582,,,,,,,,,,,,,
burgers,80.0,10,POPS hypercube,240,80,8,10.0,False,0.17509654071182013,0.06432372019369348,0.6411458333333333,0.5364501404358213,0.9802083333333333,0.6457805554221916,0.9383445125902957,,,,,,,,,,,,,,,,
burgers,80.0,10,POPS ellipse,240,80,8,10.0,False,0.0071721249260008335,0.06432372019369348,0.9911458333333333,0.5855255163418726,0.996875,0.8107806185510057,0.5917225653668204,-1.4068396631431237,0.0,-1.397840177614943,,,,,,,,,,,,,
burgers,80.0,10,Ellipse+EB,240,80,8,10.0,False,0.006640708073973656,0.06432372019369346,0.9989583333333333,0.607544192772148,1.0,0.8573834362506673,0.6091110222390007,-1.3449081074529772,0.0,-1.3357244793087424,,,,,,,,,,,,,
burgers,80.0,10,Ellipse+PAC,240,80,8,10.0,False,0.25081908283755183,0.06487888609024989,0.9989583333333333,0.5975806190904687,1.0,1.090016476582998,0.5996331328987659,-1.422506799082641,0.0,-1.4131743777638506,1.5823335704448929,5.560681631015528,3.125,-1.263768844523711,0.03777053447944157,1.2827010670268957,2.8083318804891624,0.0,-1.2837931814713657,0.0026406249999999997,-1.4037533385233247,,
burgers,80.0,10,Bayesian stacking,240,80,8,10.0,False,0.05641358392313123,0.07381929344647643,0.8729166666666667,0.21578703249971126,0.915625,0.2637413058573856,0.6280749794630559,4.301909205723166,0.0,-0.4995562756479047,,,,,,,,,,,,,
burgers,80.0,10,PVI,240,80,8,10.0,False,1.171039457898587,0.06672856431732521,0.940625,0.25684999286672183,0.984375,0.4225853673776236,0.32008854188986846,-1.4097113051658885,0.0,-1.9187346578407498,,,,,,,,,,,,0.0,True
burgers,80.0,10,PVI (no KL),240,80,8,10.0,False,0.042951374780386686,0.06672856431732521,0.940625,0.25684999286672183,0.984375,0.4225853673776236,0.32008854188986846,-1.4097113051658885,0.0,-1.9187346578407498,,,,,,,,,,,,0.0,True
burgers,80.0,11,Bayesian ridge,240,80,8,10.0,False,0.0008222907781600952,0.06565984612706476,0.375,0.03016798253146052,0.5630208333333333,0.04963421582695598,1.061653988152948,53.22345488004319,0.0,0.8086189873154049,,,,,,,,,,,,,
burgers,80.0,11,POPS hypercube,240,80,8,10.0,False,0.1789690419100225,0.06565984612706476,0.8380208333333333,0.17535697149714766,0.9567708333333333,0.23015324687826003,0.3524149590690489,,,,,,,,,,,,,,,,
burgers,80.0,11,POPS ellipse,240,80,8,10.0,False,0.0071833329275250435,0.06565984612706476,0.9354166666666667,0.18362958362290246,0.9802083333333333,0.2542729620464766,0.28895973056482566,inf,0.0109375,-2.0452252942373286,,,,,,,,,,,,,
burgers,80.0,11,Ellipse+EB,240,80,8,10.0,False,0.006849416997283697,0.06565984612706477,0.971875,0.19711099905308324,0.9880208333333333,0.2855519003801852,0.2876133569537089,inf,0.005729166666666666,-2.0578044553082284,,,,,,,,,,,,,
burgers,80.0,11,Ellipse+PAC,240,80,8,10.0,False,0.3253816249780357,0.06670557838031857,0.9890625,0.37087336953216293,0.9973958333333334,0.7410159010128863,0.4201809427991375,-1.7520195170316561,0.0,-1.747811091716057,1.0288705753678316,5.560681631015528,3.125,-1.8260883587019179,0.03549396970394171,1.9315357960422848,2.8194649643658076,0.0,-1.8529008475731858,0.00450625,-1.7394946290687718,,
burgers,80.0,11,Bayesian stacking,240,80,8,10.0,False,0.05750420829281211,0.07927096308715267,0.8307291666666666,0.18814694103857774,0.9005208333333333,0.22685927887623553,0.7353529398579951,7.926512234770283,0.0,-0.3662984728310701,,,,,,,,,,,,,
burgers,80.0,11,PVI,240,80,8,10.0,False,1.5881647081114352,0.06983181539758873,0.9072916666666667,0.15702330411487794,0.9755208333333333,0.2583443741447394,0.31311124664063933,-2.0247942275929978,0.0,-2.1258387056452817,,,,,,,,,,,,1.0,True
burgers,80.0,11,PVI (no KL),240,80,8,10.0,False,0.037323791068047285,0.06987687359934662,0.9020833333333333,0.15596116015837555,0.9703125,0.2565968697393202,0.3149917080819602,-1.9391011950803034,0.0,-2.0907440291009447,,,,,,,,,,,,0.0,True
burgers,80.0,12,Bayesian ridge,240,80,8,10.0,False,0.000717666931450367,0.06441902099391358,0.39739583333333334,0.035417887395059404,0.5994791666666667,0.05827168141813743,0.9999463749977668,38.92106890552453,0.0,0.5780557085926464,,,,,,,,,,,,,
burgers,80.0,12,POPS hypercube,240,80,8,10.0,False,0.17364566680043936,0.06441902099391358,0.8369791666666667,0.29597122576108237,0.9828125,0.38658402730245267,0.43498569754362715,,,,,,,,,,,,,,,,
burgers,80.0,12,POPS ellipse,240,80,8,10.0,False,0.006477499846369028,0.06441902099391357,0.9791666666666666,0.2747273810990218,0.9953125,0.38041661680600236,0.321802854944054,inf,0.003125,-1.9620817925396707,,,,,,,,,,,,,
burgers,80.0,12,Ellipse+EB,240,80,8,10.0,False,0.0074944160878658295,0.06441902099391357,0.9901041666666667,0.2922420881913602,0.9953125,0.41873227874238983,0.3360497370164482,inf,0.0026041666666666665,-1.8901174502819984,,,,,,,,,,,,,
burgers,80.0,12,Ellipse+PAC,240,80,8,10.0,False,0.2578370003029704,0.06434934178728445,0.9921875,0.3420140487304967,0.9973958333333334,0.556864521618441,0.3744377619388555,inf,0.0005208333333333333,-1.7567979490111612,0.9722853545964472,5.560681631015528,1.875,-1.6973583151541296,0.03262822114166332,0.660463445127476,2.6370154486089135,0.0,-1.711682352390661,0.00485,-1.7482392182143143,,
burgers,80.0,12,Bayesian stacking,240,80,8,10.0,False,0.07341049984097481,0.0781562130645771,0.8692708333333333,0.1938802206459385,0.9151041666666667,0.23329354775280634,0.6840177530055788,6.619320729264394,0.0,-0.3538120418010672,,,,,,,,,,,,,
burgers,80.0,12,PVI,240,80,8,10.0,False,1.9847202501259744,0.07043352431583275,0.9333333333333333,0.20565850178260378,0.9859375,0.33836198537575796,0.31222625382541225,-2.005026913450722,0.0,-2.1061365653428883,,,,,,,,,,,,1.0,True
burgers,80.0,12,PVI (no KL),240,80,8,10.0,False,0.05374091677367687,0.0700386313926361,0.9322916666666666,0.2015633290199464,0.9822916666666667,0.33162435588600214,0.31067059763602184,-1.690238233406615,0.0,-2.1066188840119824,,,,,,,,,,,,0.0,True
burgers,80.0,13,Bayesian ridge,240,80,8,10.0,False,0.0009772502817213535,0.06460616473708344,0.38333333333333336,0.035124498819942056,0.5375,0.05778898053340468,1.0819207557934232,41.744083319774816,0.0,1.1033056029944572,,,,,,,,,,,,,
burgers,80.0,13,POPS hypercube,240,80,8,10.0,False,0.1705051250755787,0.06460616473708344,0.7479166666666667,0.29964741710464343,0.9640625,0.37819451273225024,0.521086939923246,,,,,,,,,,,,,,,,
burgers,80.0,13,POPS ellipse,240,80,8,10.0,False,0.00668408302590251,0.06460616473708347,0.9739583333333334,0.2896348681094017,0.9942708333333333,0.4010591015517223,0.3287967329546781,inf,0.0026041666666666665,-1.8428600629547411,,,,,,,,,,,,,
burgers,80.0,13,Ellipse+EB,240,80,8,10.0,False,0.006720417179167271,0.06460616473708347,0.9916666666666667,0.3092447467127672,0.996875,0.4434871161776374,0.3387074477615143,inf,0.0015625,-1.7938965090345662,,,,,,,,,,,,,
burgers,80.0,13,Ellipse+PAC,240,80,8,10.0,False,0.2530154581181705,0.06447852493222246,0.9828125,0.2978127178545565,0.9973958333333334,0.48076578513658735,0.3331095946098152,-1.743480708448636,0.0,-1.7432671206708146,0.8520854300708098,5.560681631015528,6.25,-1.8250270213429884,0.03307488642866407,0.888355495117896,2.644037564985134,0.0,-1.8327178845824852,0.001665625,-1.7348513468738807,,
burgers,80.0,13,Bayesian stacking,240,80,8,10.0,False,0.05254629114642739,0.07593858644508739,0.8765625,0.20125885577182606,0.9114583333333334,0.24233835926669425,0.6576426532616857,6.26085623382491,0.0,-0.36052387108903244,,,,,,,,,,,,,
burgers,80.0,13,PVI,240,80,8,10.0,False,1.4268366252072155,0.06940097096279747,0.9510416666666667,0.19897319299578783,0.9875,0.327362905180434,0.29416433455638497,-2.1658720528684685,0.0,-2.2131076767809836,,,,,,,,,,,,1.0,True
burgers,80.0,13,PVI (no KL),240,80,8,10.0,False,0.047955541871488094,0.06879151998142491,0.9322916666666666,0.1955435577092023,0.9859375,0.3217202587805758,0.28996080293080134,-2.0681116397603745,0.0,-2.15811276081295,,,,,,,,,,,,0.0,True
burgers,80.0,14,Bayesian ridge,240,80,8,10.0,False,0.0008129999041557312,0.06520406806759176,0.39947916666666666,0.032281815715368596,0.5708333333333333,0.05311202387603123,1.0290855400309853,53.04580555100924,0.0,0.6873520681885442,,,,,,,,,,,,,
burgers,80.0,14,POPS hypercube,240,80,8,10.0,False,0.16341966716572642,0.06520406806759176,0.8375,0.31258642110814905,0.9869791666666666,0.41512024881136733,0.43266786272293023,,,,,,,,,,,,,,,,
burgers,80.0,14,POPS ellipse,240,80,8,10.0,False,0.005540499929338694,0.06520406806759171,0.9729166666666667,0.27851501773831766,0.9916666666666667,0.385661379487637,0.3303114638023231,inf,0.003125,-1.9192955785041808,,,,,,,,,,,,,
burgers,80.0,14,Ellipse+EB,240,80,8,10.0,False,0.005267665721476078,0.06520406806759174,0.9885416666666667,0.3013173790894006,0.9942708333333333,0.4333831938335724,0.34347351322696984,inf,0.0026041666666666665,-1.8399665651335657,,,,,,,,,,,,,
burgers,80.0,14,Ellipse+PAC,240,80,8,10.0,False,0.2607335839420557,0.06503267833086107,0.9921875,0.37155308304359597,0.9979166666666667,0.7093933080402697,0.40933052353103844,-1.7542345410024847,0.0,-1.7482604888461475,1.0842923228466015,5.560681631015528,3.75,-1.7102527013208118,0.03652374688841516,1.4490153796407943,2.7580212772789983,0.0,-1.726592471473865,0.0018385416666666667,-1.7396757805195553,,
burgers,80.0,14,Bayesian stacking,240,80,8,10.0,False,0.07274083374068141,0.0845257350271422,0.8666666666666667,0.19774769459274708,0.9078125,0.23682545261221033,0.7203242821623975,7.132866237554854,0.0,-0.5196079903548125,,,,,,,,,,,,,
burgers,80.0,14,PVI,240,80,8,10.0,False,1.5031127501279116,0.07144219470768637,0.9447916666666667,0.18727907894608123,0.9895833333333334,0.3081230312497566,0.3099848496891991,-2.1269507991338434,0.0,-2.191459836458289,,,,,,,,,,,,1.0,True
burgers,80.0,14,PVI (no KL),240,80,8,10.0,False,0.04244170803576708,0.07134119691197746,0.9375,0.18705696362517746,0.9838541666666667,0.30775759349584936,0.3121723411679786,-2.0316077316644305,0.0,-2.1635276475897425,,,,,,,,,,,,0.0,True
burgers,80.0,15,Bayesian ridge,240,80,8,10.0,False,0.0009234999306499958,0.06743831681990922,0.3567708333333333,0.042785732326617455,0.5375,0.07039371195601414,1.1545496739073644,26.90847202066411,0.0,1.303488786950574,,,,,,,,,,,,,
burgers,80.0,15,POPS hypercube,240,80,8,10.0,False,0.18511083303019404,0.06743831681990922,0.7869791666666667,0.32950506798949253,0.9885416666666667,0.42665911652426075,0.4687496584400103,,,,,,,,,,,,,,,,
burgers,80.0,15,POPS ellipse,240,80,8,10.0,False,0.0065422081388533115,0.06743831681990936,0.9828125,0.3057594707705004,0.9973958333333334,0.4233869334814611,0.33373807495084395,inf,0.0015625,-1.8033871766788476,,,,,,,,,,,,,
burgers,80.0,15,Ellipse+EB,240,80,8,10.0,False,0.006585082970559597,0.06743831681990937,0.9953125,0.32940883166157975,0.9973958333333334,0.4766165855999003,0.35317982539527365,inf,0.0015625,-1.7269057510284431,,,,,,,,,,,,,
burgers,80.0,15,Ellipse+PAC,240,80,8,10.0,False,0.2569688749499619,0.06895413891631347,0.9947916666666666,0.39523727068077397,0.9984375,0.6206919521727978,0.4125119157443968,-1.5903033256669086,0.0,-1.58865502004467,1.2433058024542598,5.560681631015528,1.875,-1.4885554628234718,0.03252463626013368,0.8007734299098896,2.6993366290175977,0.0,-1.49645655247311,0.0019,-1.5800224086620014,,
burgers,80.0,15,Bayesian stacking,240,80,8,10.0,False,0.062349708285182714,0.07671164976419563,0.8760416666666667,0.21842252801002818,0.9130208333333333,0.2627982879249398,0.575648984933968,4.620280806207488,0.0,-0.11904798644828876,,,,,,,,,,,,,
burgers,80.0,15,PVI,240,80,8,10.0,False,1.439411458093673,0.07520113436708772,0.9671875,0.23675317193350862,0.9947916666666666,0.3895208445314385,0.2928098586047658,-2.0381714420495367,0.0,-2.0634864013390395,,,,,,,,,,,,0.1,True
burgers,80.0,15,PVI (no KL),240,80,8,10.0,False,0.026573415845632553,0.07573438438273121,0.9692708333333333,0.2382688016711781,0.9953125,0.3920144515677986,0.2927452406246966,-2.038485842977601,0.0,-2.0624684613592708,,,,,,,,,,,,0.0,True
burgers,80.0,16,Bayesian ridge,240,80,8,10.0,False,0.0007434170693159103,0.06460187722799639,0.40989583333333335,0.04473532438303193,0.6260416666666667,0.07360130042507013,0.9785829362779105,27.28896339623064,0.0,0.4941706426033349,,,,,,,,,,,,,
burgers,80.0,16,POPS hypercube,240,80,8,10.0,False,0.16652608290314674,0.06460187722799639,0.7229166666666667,0.2530637692120797,0.959375,0.32338316084066876,0.4744017405106314,,,,,,,,,,,,,,,,
burgers,80.0,16,POPS ellipse,240,80,8,10.0,False,0.0057275001890957355,0.06460187722799643,0.9708333333333333,0.2489199947056072,0.9958333333333333,0.3446809774200999,0.2924545453202668,inf,0.003125,-1.9398231769847845,,,,,,,,,,,,,
burgers,80.0,16,Ellipse+EB,240,80,8,10.0,False,0.0064743333496153355,0.06460187722799646,0.990625,0.2675598404602936,0.996875,0.3859722439100241,0.3038312080118088,inf,0.0026041666666666665,-1.891580212449892,,,,,,,,,,,,,
burgers,80.0,16,Ellipse+PAC,240,80,8,10.0,False,0.25016387505456805,0.06457305101869129,0.9880208333333333,0.284779807001062,0.9953125,0.5117427984495777,0.32809185792642376,inf,0.0005208333333333333,-1.7882031148162436,1.0347716329273802,5.560681631015528,5.625,-1.7381768414006893,0.03498222661813403,1.3269185167216941,2.7379662477099354,0.0,-1.7504274885246827,0.002302083333333333,-1.780119997323315,,
burgers,80.0,16,Bayesian stacking,240,80,8,10.0,False,0.05536633310839534,0.07677367879896378,0.8885416666666667,0.20567575327442203,0.928125,0.24933136994995977,0.6199008391863317,4.675259249416493,0.0,-0.45350987289499844,,,,,,,,,,,,,
burgers,80.0,16,PVI,240,80,8,10.0,False,1.2968730409629643,0.06987836532164309,0.9395833333333333,0.17875091634232684,0.9828125,0.2940919748859214,0.32058463097518364,-2.1229527988551258,0.0,-2.2099492992618583,,,,,,,,,,,,1.0,True
burgers,80.0,16,PVI (no KL),240,80,8,10.0,False,0.02766945818439126,0.06987619774478461,0.934375,0.18110894034701003,0.9765625,0.29797154065574166,0.3210994636757166,-2.0270192828170166,0.0,-2.1713873800445844,,,,,,,,,,,,0.0,True
burgers,80.0,17,Bayesian ridge,240,80,8,10.0,False,0.0007952498272061348,0.064586318890296,0.39791666666666664,0.037309973244898195,0.5994791666666667,0.061384657147823436,1.028135029198727,37.7245875279071,0.0,0.6447530125845966,,,,,,,,,,,,,
burgers,80.0,17,POPS hypercube,240,80,8,10.0,False,0.16709854174405336,0.064586318890296,0.8994791666666667,0.2405875762861823,0.9755208333333333,0.3196745751020448,0.3642591757772456,,,,,,,,,,,,,,,,
burgers,80.0,17,POPS ellipse,240,80,8,10.0,False,0.005216833204030991,0.064586318890296,0.9640625,0.21592598740599592,0.9875,0.2989939818917341,0.27867567357543543,inf,0.004166666666666667,-2.0125837251371292,,,,,,,,,,,,,
burgers,80.0,17,Ellipse+EB,240,80,8,10.0,False,0.00622054236009717,0.06458631889029595,0.9854166666666667,0.23944709812659334,0.9942708333333333,0.3496255758288333,0.29255360962988963,inf,0.003125,-1.9605809511324594,,,,,,,,,,,,,
burgers,80.0,17,Ellipse+PAC,240,80,8,10.0,False,0.2428900832310319,0.0644374026378736,0.9901041666666667,0.29475495478822383,0.9973958333333334,0.6690463028439078,0.33049671092978083,-1.7765505578604357,0.0,-1.7715867250050363,0.7676162739288825,5.560681631015528,5.625,-1.8853751744984697,0.03463216575999957,0.842221667801723,2.6183592826673525,0.0,-1.898393715185505,0.0018166666666666667,-1.7632493483373919,,
burgers,80.0,17,Bayesian stacking,240,80,8,10.0,False,0.061122165992856026,0.07810132188441665,0.8625,0.20435662149787243,0.9067708333333333,0.24277019571787778,0.6716950516414794,6.918896058343914,0.0,-0.24378832102455192,,,,,,,,,,,,,
burgers,80.0,17,PVI,240,80,8,10.0,False,1.7284110416658223,0.06982384915905283,0.9203125,0.17509893132062262,0.9848958333333333,0.28808350505950703,0.2965509586532408,-2.033424196419191,0.0,-2.0980329338123567,,,,,,,,,,,,1.0,True
burgers,80.0,17,PVI (no KL),240,80,8,10.0,False,0.0836085001938045,0.0699372563853688,0.8802083333333334,0.1735503278433294,0.9692708333333333,0.2855356476036036,0.3135147660329231,-1.8488500731027508,0.0,-1.9610761067427447,,,,,,,,,,,,0.0,True
burgers,80.0,18,Bayesian ridge,240,80,8,10.0,False,0.0008386252447962761,0.06640465430622845,0.3885416666666667,0.034272177081862525,0.5552083333333333,0.05638668851544396,1.0467006722290022,64.024537516662,0.0,0.8938267989381607,,,,,,,,,,,,,
burgers,80.0,18,POPS hypercube,240,80,8,10.0,False,0.1791160423308611,0.06640465430622845,0.7828125,0.25140537660349194,0.9864583333333333,0.3357865795222594,0.43142897517176415,,,,,,,,,,,,,,,,
burgers,80.0,18,POPS ellipse,240,80,8,10.0,False,0.006035083904862404,0.06640465430622844,0.9697916666666667,0.21632037431922221,0.9880208333333333,0.2995400917648815,0.30422313866882333,inf,0.00625,-1.9539664204972114,,,,,,,,,,,,,
burgers,80.0,18,Ellipse+EB,240,80,8,10.0,False,0.005438750144094229,0.06640465430622843,0.9828125,0.24199648568599427,0.9901041666666667,0.352821174894877,0.3208574516640352,inf,0.0046875,-1.8820110232802352,,,,,,,,,,,,,
burgers,80.0,18,Ellipse+PAC,240,80,8,10.0,False,0.33122466690838337,0.06601628046799742,0.9802083333333333,0.2938333376975804,0.996875,0.46743829154727534,0.34589676339759307,inf,0.0015625,-1.7626712960525603,1.1008219455225654,5.560681631015528,2.5,-1.7029111002183048,0.032597489166568086,1.462489364035763,2.7711355565743023,0.0,-1.7079920604416445,0.0030447916666666666,-1.755246011198855,,
burgers,80.0,18,Bayesian stacking,240,80,8,10.0,False,0.05312170833349228,0.08812847003546363,0.8557291666666667,0.19580297392585289,0.8994791666666667,0.23537751854066435,0.7749824105441095,8.12735174663807,0.0,-0.27363760213162697,,,,,,,,,,,,,
burgers,80.0,18,PVI,240,80,8,10.0,False,1.5436044582165778,0.07110393080968731,0.8994791666666667,0.19084032141150786,0.9557291666666666,0.31398220585504466,0.33166321914367086,-1.6586329317537567,0.0,-1.9302891282212578,,,,,,,,,,,,1.0,True
burgers,80.0,18,PVI (no KL),240,80,8,10.0,False,0.0679354160092771,0.07119000564050952,0.8875,0.1917021888147271,0.9484375,0.3154002029869706,0.33272501830879764,-1.4058440598626822,0.0,-1.8425470309894814,,,,,,,,,,,,0.0,True
burgers,80.0,19,Bayesian ridge,240,80,8,10.0,False,0.0007467498071491718,0.06611790338267651,0.321875,0.03179714786358463,0.5322916666666667,0.05231461858932551,1.0838798089601132,72.06061519606816,0.0,1.1425922901948051,,,,,,,,,,,,,
burgers,80.0,19,POPS hypercube,240,80,8,10.0,False,0.16907570930197835,0.06611790338267651,0.7026041666666667,0.1879951184082407,0.9473958333333333,0.25699816643396917,0.4382440054749904,,,,,,,,,,,,,,,,
burgers,80.0,19,POPS ellipse,240,80,8,10.0,False,0.0056101251393556595,0.0661179033826765,0.9484375,0.17448062248772767,0.9828125,0.24160434187323532,0.30795977031364585,inf,0.013020833333333334,-1.961618605513104,,,,,,,,,,,,,
burgers,80.0,19,Ellipse+EB,240,80,8,10.0,False,0.005664084106683731,0.0661179033826765,0.9671875,0.19525963599592058,0.9838541666666667,0.28616217209143807,0.3186796760089648,inf,0.009375,-1.9138926195529786,,,,,,,,,,,,,
burgers,80.0,19,Ellipse+PAC,240,80,8,10.0,False,0.23902066703885794,0.06570602077556235,0.9661458333333334,0.18550961810967168,0.984375,0.3088208059958783,0.3243866970569908,inf,0.0036458333333333334,-1.8440742918071065,0.6817128213933612,5.560681631015528,1.5625,-1.8743477381830767,0.031693127992026546,0.2893484324414117,2.5243674315844116,0.0,-1.8964232866936928,0.0030572916666666665,-1.8417246695023033,,
burgers,80.0,19,Bayesian stacking,240,80,8,10.0,False,0.05368024995550513,0.08427910177996893,0.8322916666666667,0.20113144772426098,0.8807291666666667,0.23807914774409825,0.7739548447939733,8.998272427785661,0.0,0.12496617026147448,,,,,,,,,,,,,
burgers,80.0,19,PVI,240,80,8,10.0,False,1.2008433751761913,0.07226949583117714,0.9229166666666667,0.1514735483246458,0.9776041666666667,0.24921357541161154,0.3523734158257676,-1.90244886571796,0.0,-2.074671046233697,,,,,,,,,,,,1.0,True
burgers,80.0,19,PVI (no KL),240,80,8,10.0,False,0.025255249813199043,0.07299229264668775,0.9145833333333333,0.15442589661069214,0.9739583333333334,0.2540709599540864,0.3570500850462935,-1.8459896745521864,0.0,-2.0453601622893327,,,,,,,,,,,,0.0,True
burgers,80.0,20,Bayesian ridge,240,80,8,10.0,False,0.000727958045899868,0.06581081829945062,0.36822916666666666,0.03775307395911307,0.5375,0.06211367362943547,1.112536139565255,34.766385462833156,0.0,1.034727572744461,,,,,,,,,,,,,
burgers,80.0,20,POPS hypercube,240,80,8,10.0,False,0.1644793334417045,0.06581081829945062,0.8328125,0.28814869250399916,0.9791666666666666,0.3703538988465894,0.44639596557144495,,,,,,,,,,,,,,,,
burgers,80.0,20,POPS ellipse,240,80,8,10.0,False,0.006016124971210957,0.06581081829945065,0.9838541666666667,0.2721465791495034,0.99375,0.3768429652014386,0.3145290632718162,inf,0.003125,-1.9309352403773141,,,,,,,,,,,,,
burgers,80.0,20,Ellipse+EB,240,80,8,10.0,False,0.005631208419799805,0.06581081829945064,0.9901041666666667,0.29231927143745823,0.9953125,0.419484326689206,0.33106000680823094,inf,0.0015625,-1.8621203065324845,,,,,,,,,,,,,
burgers,80.0,20,Ellipse+PAC,240,80,8,10.0,False,0.43812408298254013,0.06550978459682101,0.996875,0.408678340885096,0.9989583333333333,0.7112475635117383,0.42212252418513097,-1.6787719362156113,0.0,-1.670198221976094,1.0181045745684192,5.560681631015528,1.875,-1.7861762222553552,0.03305352352539845,1.693856183086317,2.771227273298376,0.0,-1.7958798432345715,0.00234375,-1.6611147036837741,,
burgers,80.0,20,Bayesian stacking,240,80,8,10.0,False,0.05946020781993866,0.07256192535009368,0.846875,0.20014984453586532,0.8942708333333333,0.24164049349763145,0.6376709298367612,6.455269348947044,0.0,0.030078803024016568,,,,,,,,,,,,,
burgers,80.0,20,PVI,240,80,8,10.0,False,1.8438599579967558,0.0668594447610045,0.940625,0.20687665603270916,0.9833333333333333,0.3403661674882742,0.2968553326647579,-1.879824731084095,0.0,-1.9426944535531385,,,,,,,,,,,,1.0,True
burgers,80.0,20,PVI (no KL),240,80,8,10.0,False,0.03423925023525953,0.06709831583197917,0.9333333333333333,0.21058433170978802,0.9828125,0.3464662629978289,0.29976805650645777,-1.7857151967065323,0.0,-1.8944324568824138,,,,,,,,,,,,0.0,True
burgers,80.0,21,Bayesian ridge,240,80,8,10.0,False,0.0008325828239321709,0.06525638981558336,0.4276041666666667,0.05129484908110151,0.6291666666666667,0.0843934329200657,1.0198289280598065,24.259883742235896,0.0,0.6312804694258153,,,,,,,,,,,,,
burgers,80.0,21,POPS hypercube,240,80,8,10.0,False,0.16789854178205132,0.06525638981558336,0.9458333333333333,0.38733890390566733,0.9963541666666667,0.5165801703632223,0.41686279062825743,,,,,,,,,,,,,,,,
burgers,80.0,21,POPS ellipse,240,80,8,10.0,False,0.005188332870602608,0.06525638981558335,0.9895833333333334,0.298855983012463,0.996875,0.41382763347078005,0.3269238302499969,inf,0.0015625,-1.778231044816093,,,,,,,,,,,,,
burgers,80.0,21,Ellipse+EB,240,80,8,10.0,False,0.005675374995917082,0.06525638981558332,0.9932291666666667,0.32754893665860935,0.996875,0.47596269166092714,0.35457568937205386,inf,0.0015625,-1.69016194959679,,,,,,,,,,,,,
burgers,80.0,21,Ellipse+PAC,240,80,8,10.0,False,0.37275004107505083,0.065130835201824,0.9953125,0.3707037615656501,0.9984375,0.5912441888428366,0.39318135402942905,inf,0.0005208333333333333,-1.6138613311433787,1.2053822284464717,5.560681631015528,2.5,-1.50725107150625,0.032388192232416,0.7055103093194595,2.6802451077203058,0.0,-1.512646454108666,0.001809375,-1.605279683536303,,
burgers,80.0,21,Bayesian stacking,240,80,8,10.0,False,0.060383624862879515,0.07605536945452278,0.8838541666666667,0.22289818405924997,0.9223958333333333,0.27319216898363774,0.5990831848845943,3.9489471193995187,0.0,-0.4200462531064113,,,,,,,,,,,,,
burgers,80.0,21,PVI,240,80,8,10.0,False,1.6744099156931043,0.06932056112769473,0.9526041666666667,0.2409066582214556,0.9822916666666667,0.3963544150108458,0.32436598001785744,-1.739886301855527,0.0,-1.8378395056193209,,,,,,,,,,,,1.0,True
burgers,80.0,21,PVI (no KL),240,80,8,10.0,False,0.038742583245038986,0.06783413438094818,0.95625,0.2410806192018395,0.9838541666666667,0.3966406262892048,0.3197846194315938,-1.5982271379401474,0.0,-1.823858518549628,,,,,,,,,,,,0.0,True
burgers,80.0,22,Bayesian ridge,240,80,8,10.0,False,0.0007920842617750168,0.06488273423149325,0.42239583333333336,0.044044878949678415,0.6192708333333333,0.07246533723561699,1.0073522783010762,23.053920289946486,0.0,0.5749916548727321,,,,,,,,,,,,,
burgers,80.0,22,POPS hypercube,240,80,8,10.0,False,0.16653370764106512,0.06488273423149325,0.7828125,0.293878264436402,0.9744791666666667,0.38033549284626034,0.4709488400720935,,,,,,,,,,,,,,,,
burgers,80.0,22,POPS ellipse,240,80,8,10.0,False,0.006565417163074017,0.0648827342314932,0.9734375,0.260333956154085,0.9953125,0.360485956819001,0.30440406223330285,inf,0.003125,-1.8656727040085421,,,,,,,,,,,,,
burgers,80.0,22,Ellipse+EB,240,80,8,10.0,False,0.0065115829929709435,0.06488273423149322,0.9875,0.28120465034279885,0.996875,0.40762664786146885,0.3181743490963406,inf,0.0020833333333333333,-1.811547888613306,,,,,,,,,,,,,
burgers,80.0,22,Ellipse+PAC,240,80,8,10.0,False,0.2610452496446669,0.06568341414429647,0.9932291666666667,0.3086177805851341,0.996875,0.4944933983530376,0.3388765861770639,inf,0.0010416666666666667,-1.7223785911887413,0.8711119207637792,5.560681631015528,2.5390625,-1.765337791206787,0.03208976620350347,0.5976966635896918,2.6043599457670625,0.0,-1.7736553462520583,0.002691666666666667,-1.714119645906149,,
burgers,80.0,22,Bayesian stacking,240,80,8,10.0,False,0.059308333322405815,0.07561330259661862,0.871875,0.21142982308685418,0.909375,0.25538653796235083,0.6211878976357288,4.688045896911864,0.0,-0.39762488121017675,,,,,,,,,,,,,
burgers,80.0,22,PVI,240,80,8,10.0,False,1.667825167067349,0.06914809165562875,0.9286458333333333,0.2406880719174405,0.9791666666666666,0.3959947834120476,0.3147358908020245,-1.6367682092434757,0.0,-1.725961649480103,,,,,,,,,,,,1.0,True
burgers,80.0,22,PVI (no KL),240,80,8,10.0,False,0.04707929212599993,0.06894549109444116,0.9088541666666666,0.24341778584022708,0.9703125,0.4004858762402851,0.32395895339157643,-0.9834900633775147,0.0,-1.6325566953748303,,,,,,,,,,,,0.0,True
burgers,80.0,23,Bayesian ridge,240,80,8,10.0,False,0.0007709171622991562,0.06467804084455313,0.428125,0.038811647274316324,0.5796875,0.06385530339671151,0.9926437141354943,43.46187743554971,0.0,0.6401883007796904,,,,,,,,,,,,,
burgers,80.0,23,POPS hypercube,240,80,8,10.0,False,0.16989529179409146,0.06467804084455313,0.8161458333333333,0.1965116097954465,0.9765625,0.2696639942287126,0.35480157049392175,,,,,,,,,,,,,,,,
burgers,80.0,23,POPS ellipse,240,80,8,10.0,False,0.006943000014871359,0.06467804084455307,0.9328125,0.18142271481616595,0.975,0.2512170978590958,0.30977849900746113,inf,0.0140625,-1.9518785402119931,,,,,,,,,,,,,
burgers,80.0,23,Ellipse+EB,240,80,8,10.0,False,0.00751175032928586,0.06467804084455309,0.9697916666666667,0.20734088360376066,0.9875,0.30762512274480636,0.30978033423882995,inf,0.008333333333333333,-1.937854950457059,,,,,,,,,,,,,
burgers,80.0,23,Ellipse+PAC,240,80,8,10.0,False,0.19194204220548272,0.06464795295067738,0.9479166666666666,0.1997198757934574,0.9822916666666667,0.30272029935447986,0.32098893487239494,inf,0.0046875,-1.8300914490215179,0.6919837483908446,5.560681631015528,3.75,-1.8270510048610835,0.03154433445948415,0.013091420256268207,2.487490418792444,0.0,-1.8350228103514143,0.0004541666666666667,-1.8269196025174343,,
burgers,80.0,23,Bayesian stacking,240,80,8,10.0,False,0.06983629241585732,0.07953266871336731,0.8505208333333333,0.21023685845426873,0.8901041666666667,0.25139886764103103,0.7470236546274969,7.078013313668811,0.0,-0.3470102111917246,,,,,,,,,,,,,
burgers,80.0,23,PVI,240,80,8,10.0,False,2.132402874995023,0.06847625594177954,0.9328125,0.17290397381545838,0.9869791666666666,0.2844722262996925,0.31481433174008516,-2.013706480649345,0.0,-2.1138970923674907,,,,,,,,,,,,1.0,True
burgers,80.0,23,PVI (no KL),240,80,8,10.0,False,0.08024287456646562,0.06828951550666122,0.9328125,0.17255343429131323,0.9864583333333333,0.28389549716710444,0.31412358060698364,-2.0012873288935955,0.0,-2.10657877270601,,,,,,,,,,,,0.0,True
burgers,80.0,24,Bayesian ridge,240,80,8,10.0,False,0.0007862080819904804,0.0650548854291227,0.4005208333333333,0.03478377933970909,0.6020833333333333,0.05722840793957295,1.0164048875922107,43.48057745397183,0.0,0.5724162762504466,,,,,,,,,,,,,
burgers,80.0,24,POPS hypercube,240,80,8,10.0,False,0.17115591699257493,0.0650548854291227,0.9510416666666667,0.23419060231031003,0.9848958333333333,0.3174395592457973,0.3085005437924504,,,,,,,,,,,,,,,,
burgers,80.0,24,POPS ellipse,240,80,8,10.0,False,0.006817999761551619,0.06505488542912272,0.9583333333333334,0.19254780969896884,0.9885416666666667,0.26662208202933474,0.28858620071104907,inf,0.009375,-2.050797863545748,,,,,,,,,,,,,
burgers,80.0,24,Ellipse+EB,240,80,8,10.0,False,0.005832333117723465,0.06505488542912274,0.9822916666666667,0.21595841195734627,0.9885416666666667,0.31826434986595853,0.30231697604029717,inf,0.005208333333333333,-1.981734817210756,,,,,,,,,,,,,
burgers,80.0,24,Ellipse+PAC,240,80,8,10.0,False,0.2287387908436358,0.06461641620720664,0.9708333333333333,0.2237960363046606,0.9947916666666666,0.3694671420321646,0.30829238581368,inf,0.0015625,-1.9013614155979401,0.6642559941633059,5.560681631015528,1.40625,-1.8489956935079095,0.03212310275348135,0.015197587940284378,2.481128584917734,0.0,-1.8747213798595102,0.00375,-1.8950203007334394,,
burgers,80.0,24,Bayesian stacking,240,80,8,10.0,False,0.0753199583850801,0.08183756355067245,0.8598958333333333,0.2016450041303678,0.9119791666666667,0.2419100570658374,0.6941244117134774,6.147927795360215,0.0,-0.4405321145978751,,,,,,,,,,,,,
burgers,80.0,24,PVI,240,80,8,10.0,False,1.881831666920334,0.0708283830157763,0.9145833333333333,0.1948274044312163,0.9666666666666667,0.3205419994678203,0.34254741896884544,-1.7905457967379295,0.0,-1.9244605814183624,,,,,,,,,,,,1.0,True
burgers,80.0,24,PVI (no KL),240,80,8,10.0,False,0.03138587484136224,0.07022035542393852,0.9119791666666667,0.18645578366625443,0.9692708333333333,0.306768495341841,0.30582201456752034,-1.8937788720924256,0.0,-1.9687645085095649,,,,,,,,,,,,0.0,True
burgers,80.0,25,Bayesian ridge,240,80,8,10.0,False,0.000802875030785799,0.06525945449364993,0.4088541666666667,0.03625736177137177,0.6083333333333333,0.059652836168264826,1.0168184911245735,42.20724873576224,0.0,0.48216822135673804,,,,,,,,,,,,,
burgers,80.0,25,POPS hypercube,240,80,8,10.0,False,0.16855170903727412,0.06525945449364993,0.9088541666666666,0.3731263556795239,0.9916666666666667,0.48281835536564516,0.43664575878133116,,,,,,,,,,,,,,,,
burgers,80.0,25,POPS ellipse,240,80,8,10.0,False,0.008092875126749277,0.0652594544936499,0.9796875,0.33189525650556656,0.99375,0.4595773093629128,0.359861721158376,inf,0.0026041666666666665,-1.8112708643815099,,,,,,,,,,,,,
burgers,80.0,25,Ellipse+EB,240,80,8,10.0,False,0.007797124795615673,0.06525945449364992,0.9953125,0.35202209586541294,0.9973958333333334,0.5018421003189643,0.3739593126101317,inf,0.0015625,-1.7624622253913111,,,,,,,,,,,,,
burgers,80.0,25,Ellipse+PAC,240,80,8,10.0,False,0.27835229225456715,0.0653093964136137,0.996875,0.4329984029569687,0.9984375,0.7710351124946546,0.44995502979643665,-1.6405935289901141,0.0,-1.634052336573678,1.1217154766153647,5.560681631015528,5.625,-1.6443025289280455,0.034528704787665516,1.216392329895085,2.7314893007557446,0.0,-1.6515560899154176,0.0017322916666666667,-1.6253182837714877,,
burgers,80.0,25,Bayesian stacking,240,80,8,10.0,False,0.06775287492200732,0.07269548211766136,0.8567708333333334,0.1926457136955682,0.909375,0.23487561008587746,0.676887770485498,6.59295337202497,0.0,-0.3968337717859293,,,,,,,,,,,,,
burgers,80.0,25,PVI,240,80,8,10.0,False,1.6271888753399253,0.0705738702546182,0.9541666666666667,0.21175611477980089,0.9916666666666667,0.34839415239973825,0.288944357493836,-2.048909063415847,0.0,-2.098658341929585,,,,,,,,,,,,1.0,True
burgers,80.0,25,PVI (no KL),240,80,8,10.0,False,0.041564750019460917,0.07156128030026447,0.94375,0.2127617224377349,0.9895833333333334,0.35004863981795015,0.2888254965795451,-2.052969495105828,0.0,-2.0977769690869574,,,,,,,,,,,,0.0,True
burgers,80.0,26,Bayesian ridge,240,80,8,10.0,False,0.0008005420677363873,0.06508970074311875,0.41875,0.03347065072338466,0.5770833333333333,0.05506796817257064,1.0227851218565147,57.491144058405595,0.0,0.6544177446967526,,,,,,,,,,,,,
burgers,80.0,26,POPS hypercube,240,80,8,10.0,False,0.1850027092732489,0.06508970074311875,0.9109375,0.2742400496313111,0.9901041666666667,0.36710334028202707,0.3348625437503221,,,,,,,,,,,,,,,,
burgers,80.0,26,POPS ellipse,240,80,8,10.0,False,0.006808666978031397,0.06508970074311876,0.9546875,0.22466954310296092,0.9817708333333334,0.3111012347756226,0.31086872910202035,inf,0.011979166666666667,-1.8907036888489472,,,,,,,,,,,,,
burgers,80.0,26,Ellipse+EB,240,80,8,10.0,False,0.0063462089747190475,0.06508970074311879,0.9828125,0.25055030180327426,0.9901041666666667,0.3659664282905747,0.32138105308522996,inf,0.003125,-1.8703499689916696,,,,,,,,,,,,,
burgers,80.0,26,Ellipse+PAC,240,80,8,10.0,False,0.27812516689300537,0.0647991349104145,0.9755208333333333,0.26571964729228836,0.9953125,0.41673424153288136,0.32983421789222145,inf,0.0015625,-1.7968341378479598,0.8374315934732119,5.560681631015528,1.40625,-1.8146804586582714,0.03262047705787402,0.7479319344863998,2.6194915750736096,0.0,-1.8219019632596587,0.0028291666666666665,-1.789739939178591,,
burgers,80.0,26,Bayesian stacking,240,80,8,10.0,False,0.06785729108378291,0.08221035078867636,0.8604166666666667,0.19899916155084701,0.9083333333333333,0.23984980346101228,0.7434697668804274,7.3895811812450445,0.0,-0.358227570300563,,,,,,,,,,,,,
burgers,80.0,26,PVI,240,80,8,10.0,False,1.7482290831394494,0.06984697463609017,0.9276041666666667,0.1803669805705533,0.9739583333333334,0.2967508229083362,0.3360828999733408,-1.6337799193043974,0.0,-2.0740837088135105,,,,,,,,,,,,0.01,True
burgers,80.0,26,PVI (no KL),240,80,8,10.0,False,0.03695491701364517,0.06982554891321072,0.9265625,0.18058428750775182,0.975,0.29710834961435156,0.3356885208693358,-1.5503880719880732,0.0,-2.074146700945738,,,,,,,,,,,,0.0,True
burgers,80.0,27,Bayesian ridge,240,80,8,10.0,False,0.0008988748304545879,0.06456973746466244,0.43697916666666664,0.040450177789633134,0.6130208333333333,0.06655111433307347,0.9794746157209837,47.09400909372838,0.0,0.4575277457088161,,,,,,,,,,,,,
burgers,80.0,27,POPS hypercube,240,80,8,10.0,False,0.1781252915970981,0.06456973746466244,0.896875,0.4131697882467599,0.9947916666666666,0.5383673417098562,0.4871607342418004,,,,,,,,,,,,,,,,
burgers,80.0,27,POPS ellipse,240,80,8,10.0,False,0.006643374916166067,0.06456973746466244,0.9890625,0.3706200521467185,0.9979166666666667,0.5131997611381185,0.3949749760727315,inf,0.0010416666666666667,-1.722346016867031,,,,,,,,,,,,,
burgers,80.0,27,Ellipse+EB,240,80,8,10.0,False,0.0070015001110732555,0.06456973746466242,0.9953125,0.3906363826015399,0.9979166666666667,0.5566830723523827,0.4138978784875244,inf,0.0010416666666666667,-1.6520393746226794,,,,,,,,,,,,,
burgers,80.0,27,Ellipse+PAC,240,80,8,10.0,False,0.2880940423347056,0.0649982991195384,0.9953125,0.47082010030304605,0.9989583333333333,0.872401878082427,0.49139675221294465,-1.5958647787508726,0.0,-1.5870677423029715,1.4119758585612283,5.560681631015528,3.125,-1.4243111413316707,0.036373767894551066,1.361670468506114,2.799913231998348,0.0,-1.4383706035004455,0.0018541666666666667,-1.5779289586484595,,
burgers,80.0,27,Bayesian stacking,240,80,8,10.0,False,0.06541041610762477,0.0781372131716467,0.8786458333333333,0.20357832664011874,0.9177083333333333,0.24937269620632266,0.687868332027865,6.183360978811412,0.0,-0.4913883731850213,,,,,,,,,,,,,
burgers,80.0,27,PVI,240,80,8,10.0,False,1.7284593749791384,0.06800787885534729,0.9442708333333333,0.204294476887229,0.9807291666666667,0.3361178079277046,0.3109474534088105,-2.0770164564843707,0.0,-2.131237737640847,,,,,,,,,,,,1.0,True
burgers,80.0,27,PVI (no KL),240,80,8,10.0,False,0.024060958996415138,0.06802076059145017,0.9333333333333333,0.20325104917387132,0.9703125,0.33440109663384815,0.31702956710192487,-0.781170232701464,0.0,-2.0447992301436266,,,,,,,,,,,,0.0,True
burgers,80.0,28,Bayesian ridge,240,80,8,10.0,False,0.0009241658262908459,0.0646195623625112,0.43125,0.04264340108562286,0.5807291666666666,0.07015953986555111,1.008677136211366,31.595176841500532,0.0,0.6859369349953608,,,,,,,,,,,,,
burgers,80.0,28,POPS hypercube,240,80,8,10.0,False,0.17106241593137383,0.0646195623625112,0.8864583333333333,0.29925543807309846,0.9911458333333333,0.4027521651983262,0.37568414689120855,,,,,,,,,,,,,,,,
burgers,80.0,28,POPS ellipse,240,80,8,10.0,False,0.005023790989071131,0.06461956236251122,0.9802083333333333,0.24174697322079072,0.9947916666666666,0.334748452476228,0.29469172007547273,inf,0.003125,-1.9252590149409157,,,,,,,,,,,,,
burgers,80.0,28,Ellipse+EB,240,80,8,10.0,False,0.004935000091791153,0.06461956236251125,0.9864583333333333,0.2691371970842036,0.9953125,0.39399324594317076,0.3183241400565201,inf,0.003125,-1.8314728191315022,,,,,,,,,,,,,
burgers,80.0,28,Ellipse+PAC,240,80,8,10.0,False,0.2595566250383854,0.06441199551481809,0.9921875,0.3263398875532126,0.996875,0.6569159434716604,0.3611350594836331,inf,0.0005208333333333333,-1.7042873173185384,0.9564569054926133,5.560681631015528,1.875,-1.7018296185146322,0.03454363881278197,0.6042456564747698,2.6237428851944635,0.0,-1.716723840695424,0.0024739583333333332,-1.6959777396463849,,
burgers,80.0,28,Bayesian stacking,240,80,8,10.0,False,0.06749645806849003,0.07826059129727285,0.8510416666666667,0.20657469444924742,0.9109375,0.24775544068796046,0.7049470078006803,5.81012255908354,0.0,-0.42383565776256493,,,,,,,,,,,,,
burgers,80.0,28,PVI,240,80,8,10.0,False,1.788652750197798,0.07153151500810606,0.9572916666666667,0.22469086518818598,0.9953125,0.3696751973873533,0.2850812996041661,-2.0130347054109565,0.0,-2.025918575680942,,,,,,,,,,,,1.0,True
burgers,80.0,28,PVI (no KL),240,80,8,10.0,False,0.034570000134408474,0.07587967053646147,0.9494791666666667,0.23303740231337208,0.990625,0.3834074323701588,0.2905564708541994,-1.80880100637641,0.0,-1.9538664281097389,,,,,,,,,,,,0.0,True
burgers,80.0,29,Bayesian ridge,240,80,8,10.0,False,0.0009350841864943504,0.06465832288678493,0.4109375,0.03637249427290126,0.5875,0.05984225922377253,1.022174486644422,36.77149002118652,0.0,0.6348299574484632,,,,,,,,,,,,,
burgers,80.0,29,POPS hypercube,240,80,8,10.0,False,0.1822209577076137,0.06465832288678493,0.8567708333333334,0.2742948874433275,0.9802083333333333,0.3522861514754561,0.3931006220154341,,,,,,,,,,,,,,,,
burgers,80.0,29,POPS ellipse,240,80,8,10.0,False,0.006568084005266428,0.0646583228867849,0.9739583333333334,0.24404524605096514,0.99375,0.33793088435125457,0.2993743237688942,inf,0.0046875,-1.9941917296469933,,,,,,,,,,,,,
burgers,80.0,29,Ellipse+EB,240,80,8,10.0,False,0.0062773749232292175,0.0646583228867849,0.9880208333333333,0.26584008540321213,0.99375,0.38393638182034245,0.31713271205907106,inf,0.003125,-1.912962088594866,,,,,,,,,,,,,
burgers,80.0,29,Ellipse+PAC,240,80,8,10.0,False,0.2309337081387639,0.06465020288638515,0.9744791666666667,0.269013781586476,0.9958333333333333,0.4026513057215485,0.3166316213007991,inf,0.0015625,-1.7960602703756998,0.7741594285273501,5.560681631015528,1.875,-1.80709920475655,0.031620257926902595,0.32609698670520315,2.5496383753569973,0.0,-1.810888602244653,0.0016697916666666666,-1.7885932477935846,,
burgers,80.0,29,Bayesian stacking,240,80,8,10.0,False,0.0654639583081007,0.07731030241985334,0.8598958333333333,0.19462269978196106,0.9067708333333333,0.23570940363398757,0.6861300674071532,6.472959393404886,0.0,-0.39889234167495907,,,,,,,,,,,,,
burgers,80.0,29,PVI,240,80,8,10.0,False,1.8181925001554191,0.06788703637531596,0.978125,0.22890733118417367,0.9927083333333333,0.37661238594656926,0.31087031671291016,-1.9553817791284205,0.0,-1.9985812384007398,,,,,,,,,,,,10.0,True
burgers,80.0,29,PVI (no KL),240,80,8,10.0,False,0.06775574991479516,0.07141831117267537,0.9302083333333333,0.22416056147279104,0.9802083333333333,0.3688027091778318,0.314374218816015,-1.9432992253847299,0.0,-1.9978982731097186,,,,,,,,,,,,0.0,True
ace,1.5,0,Bayesian ridge,52,52,35,1.4857142857142858,False,0.0011156252585351467,0.46809448024627354,0.85,0.3675700328556541,0.9266666666666666,0.6047487704308077,2.319654554181174,-0.6585179892178671,0.0,-0.8676465501299956,,,,,,,,,,,,,
ace,1.5,0,POPS hypercube,52,52,35,1.4857142857142858,False,0.0351172499358654,0.46809448024627354,0.37,0.12108283292688858,0.5333333333333333,0.16593200403011035,4.0947708752225305,,,,,,,,,,,,,,,,
ace,1.5,0,POPS ellipse,52,52,35,1.4857142857142858,False,0.2322823340073228,0.4691406287711909,0.7766666666666666,0.39315815275976607,0.9366666666666666,0.6174610615554823,1.3545641169285534,inf,0.01,-0.943554259930585,,,,,,,,,,,,,
ace,1.5,0,Ellipse+EB,52,52,35,1.4857142857142858,False,0.2423314587213099,0.46914062877119084,0.9766666666666667,0.7826783169158401,1.0,1.2888848327323517,0.8341748650889521,-1.0234238691862343,0.0,-1.018337362478991,,,,,,,,,,,,,
ace,1.5,0,Ellipse+PAC,52,52,35,1.4857142857142858,False,0.27835162496194243,0.3628156394401617,0.98,1.1115484529309176,1.0,1.9009514924481727,1.2706911250348916,-1.1777956249747406,0.0,-1.176853697420342,3.114700143446013,4.605170185988092,1.650390625,-0.7864326823205953,0.0405628378132966,5.541641944862794,3.8605699879533115,0.0,-0.877980415439245,0.0002884615384615385,-1.1751219476982162,,
ace,1.5,0,Bayesian stacking,52,52,35,1.4857142857142858,False,0.032849833369255066,0.09044744920434021,0.98,0.26553162495361,1.0,0.42938976232678366,0.278193285611382,-2.250140017586291,0.0,-2.241558798877007,,,,,,,,,,,,,
ace,1.5,0,PVI,52,52,35,1.4857142857142858,False,12.405465291813016,0.08659358128348565,0.9933333333333333,0.24144655524514705,1.0,0.3972426867197771,0.24322408078601002,-2.5034334473529314,0.0,-2.4945257187109826,,,,,,,,,,,,1.0,True
ace,1.5,0,PVI (no KL),52,52,35,1.4857142857142858,False,0.6451991251669824,0.11121272958047779,0.58,0.09571672652463367,0.7433333333333333,0.1574790312086338,0.8365929451183208,24.14315261100782,0.0,-0.5724953045277927,,,,,,,,,,,,0.0,True
ace,1.5,1,Bayesian ridge,52,52,35,1.4857142857142858,False,0.0011127921752631664,0.19556777049976773,0.8466666666666667,0.3392065696092532,0.97,0.5580834604484886,0.9545454899551746,-0.7654272420453229,0.0,-0.9246010443003437,,,,,,,,,,,,,
ace,1.5,1,POPS hypercube,52,52,35,1.4857142857142858,False,0.029781333170831203,0.19556777049976773,0.39,0.12151391920228886,0.6366666666666667,0.17909703900803725,2.605731572336585,,,,,,,,,,,,,,,,
ace,1.5,1,POPS ellipse,52,52,35,1.4857142857142858,False,0.2148159579373896,0.1955645319819551,0.9033333333333333,0.45639277648874477,0.9633333333333334,0.7167720325239886,1.0507571212507594,inf,0.013333333333333334,-1.0335622481825377,,,,,,,,,,,,,
ace,1.5,1,Ellipse+EB,52,52,35,1.4857142857142858,False,0.21582883363589644,0.19556453198195572,0.99,0.7769719966232457,1.0,1.2744548115353727,0.9234166106731058,-1.0024584511370105,0.0,-0.9995445505074337,,,,,,,,,,,,,
ace,1.5,1,Ellipse+PAC,52,52,35,1.4857142857142858,False,0.3146341252140701,0.3066759275417146,0.9566666666666667,0.7390352934479677,0.99,1.5389297728920568,1.0336920401178138,-1.1062032237984063,0.0,-1.1146989819873951,3.4557926647359416,4.605170185988092,1.625,-0.49445812170966474,0.045001612356079225,5.708744092292762,3.905249174089527,0.0,-0.6700190339689771,0.002346153846153846,-1.1162160087025361,,
ace,1.5,1,Bayesian stacking,52,52,35,1.4857142857142858,False,0.03977179201319814,0.12165841898782198,0.86,0.21625818936481125,0.9733333333333334,0.33980555954039815,0.5642884610809761,-1.5271686008650693,0.0,-1.551456704311989,,,,,,,,,,,,,
ace,1.5,1,PVI,52,52,35,1.4857142857142858,False,12.013233041856438,0.10068552765553197,0.9766666666666667,0.1980075081019783,1.0,0.3257741011432336,0.22910751681999766,-2.5509887141359044,0.0,-2.5423769952518636,,,,,,,,,,,,1.0,True
ace,1.5,1,PVI (no KL),52,52,35,1.4857142857142858,False,0.5531485830433667,0.08718779695262913,0.74,0.16915482288899833,0.8766666666666667,0.27830389316512877,0.6158498646017628,10.749271705625668,0.0,-1.4666034783951454,,,,,,,,,,,,0.0,True
ace,1.5,2,Bayesian ridge,52,52,35,1.4857142857142858,False,0.0011791670694947243,0.37365685371073126,0.7533333333333333,0.2637002891083046,0.9066666666666666,0.4338558950563879,2.7493454743327623,-0.05685531222570224,0.0,-0.7566514166830381,,,,,,,,,,,,,
ace,1.5,2,POPS hypercube,52,52,35,1.4857142857142858,False,0.028397209011018276,0.37365685371073126,0.31666666666666665,0.09421943785606397,0.47,0.13821409703956264,4.928786217584223,,,,,,,,,,,,,,,,
ace,1.5,2,POPS ellipse,52,52,35,1.4857142857142858,False,0.22369283298030496,0.37392739645432416,0.84,0.45386604459328905,0.9833333333333333,0.7128037603478107,0.9376898728962771,inf,0.0033333333333333335,-1.1336287511062393,,,,,,,,,,,,,
ace,1.5,2,Ellipse+EB,52,52,35,1.4857142857142858,False,0.23328979220241308,0.37392739645432393,1.0,1.2363734357442715,1.0,2.052268158350639,1.2363734357442715,-0.6066247008915019,0.0,-0.6013875314718626,,,,,,,,,,,,,
ace,1.5,2,Ellipse+PAC,52,52,35,1.4857142857142858,False,0.2888774583116174,0.35530993961688606,0.9733333333333334,1.0435023328281408,1.0,3.569266912256929,1.1270374007811774,-1.0912237971525394,0.0,-1.0889370556224254,3.206826231542877,4.605170185988092,1.650390625,-0.6490695630375733,0.046164939433790395,5.045714634773632,3.80973085514666,0.0,-0.8688802953922052,0.0025048076923076925,-1.0860667007543718,,
ace,1.5,2,Bayesian stacking,52,52,35,1.4857142857142858,False,0.03519241604954004,0.06724825073097296,0.8733333333333333,0.13007031711879505,0.9566666666666667,0.21288376555503344,0.3545751742631217,-2.2468419286356087,0.0,-2.4046797047410178,,,,,,,,,,,,,
ace,1.5,2,PVI,52,52,35,1.4857142857142858,False,10.90886745788157,0.06802059234356933,0.8833333333333333,0.1101401335658169,0.97,0.18120930542553101,0.30271979214029526,-2.529872917915553,0.0,-2.68367866803827,,,,,,,,,,,,1.0,True
ace,1.5,2,PVI (no KL),52,52,35,1.4857142857142858,False,0.3204782078973949,0.07517157162670943,0.3233333333333333,0.03428253552075714,0.47,0.056403730854658746,0.7993808346071956,111.45712152075862,0.0,1.02867323046228,,,,,,,,,,,,0.0,True
ace,1.5,3,Bayesian ridge,52,52,35,1.4857142857142858,False,0.0013346248306334019,0.23446370339149875,0.86,0.29548074735414037,0.9466666666666667,0.4861430548625962,1.1493342383499539,-0.9488006690489657,0.0,-1.0773852091520109,,,,,,,,,,,,,
ace,1.5,3,POPS hypercube,52,52,35,1.4857142857142858,False,0.032227166928350925,0.23446370339149875,0.37666666666666665,0.09167157904605398,0.5733333333333334,0.13626340706406298,2.8241118920491277,,,,,,,,,,,,,,,,
ace,1.5,3,POPS ellipse,52,52,35,1.4857142857142858,False,0.22909400006756186,0.23442433279385572,0.8333333333333334,0.40835257888061943,0.9233333333333333,0.6413241467196887,1.1321993484206434,inf,0.013333333333333334,-0.9515961890031656,,,,,,,,,,,,,
ace,1.5,3,Ellipse+EB,52,52,35,1.4857142857142858,False,0.23127949982881546,0.23442433279385613,1.0,1.8308323175655368,1.0,3.051422300372333,1.8308323175655368,-0.3021089696226078,0.0,-0.2980179127050857,,,,,,,,,,,,,
ace,1.5,3,Ellipse+PAC,52,52,35,1.4857142857142858,False,0.28162333369255066,0.44954966157334575,0.96,0.9325491375571708,1.0,2.1537728416078723,1.1572075235332056,-0.9871695185570792,0.0,-0.9862785312153861,2.9320978238385456,4.605170185988092,1.625,-0.7343909418785142,0.04169139053990688,3.4090351193788284,3.624797375177153,0.0,-0.9103825593359165,0.0019759615384615384,-0.984233654578217,,
ace,1.5,3,Bayesian stacking,52,52,35,1.4857142857142858,False,0.03136733314022422,0.15487054808494283,0.64,0.10177971477065074,0.92,0.22553810516461112,1.1196333254871476,-1.0012181033238339,0.0,-1.2762797419051664,,,,,,,,,,,,,
ace,1.5,3,PVI,52,52,35,1.4857142857142858,False,9.979118208400905,0.13533262973801372,0.7666666666666667,0.12329231305762593,0.93,0.20284807808162592,0.7375705997561898,-1.6828117199251664,0.0,-1.9243930602482409,,,,,,,,,,,,1.0,True
ace,1.5,3,PVI (no KL),52,52,35,1.4857142857142858,False,0.3285042089410126,0.18695004287181882,0.35,0.07484570570481133,0.5133333333333333,0.12314074720771813,1.8470564595741203,87.03729916602427,0.0,0.9343000292259649,,,,,,,,,,,,0.0,True
ace,1.5,4,Bayesian ridge,52,52,35,1.4857142857142858,False,0.0010780831798911095,0.22283361299270213,0.85,0.32029797500235513,0.94,0.5269738804583625,1.1990788503281886,-0.5578617561506358,0.0,-0.7703937168960715,,,,,,,,,,,,,
ace,1.5,4,POPS hypercube,52,52,35,1.4857142857142858,False,0.027963291853666306,0.22283361299270213,0.30333333333333334,0.08517869781028116,0.44666666666666666,0.12954414921139526,3.6935328230331828,,,,,,,,,,,,,,,,
ace,1.5,4,POPS ellipse,52,52,35,1.4857142857142858,False,0.2353135421872139,0.22283614320713355,0.8133333333333334,0.3477836273797877,0.9333333333333333,0.546199655904772,0.8963430703019954,inf,0.01,-0.7858837378953967,,,,,,,,,,,,,
ace,1.5,4,Ellipse+EB,52,52,35,1.4857142857142858,False,0.2351359580643475,0.222836143207134,0.9933333333333333,0.9223860380992956,1.0,1.524321952397578,0.934589779615438,-0.80580665460056,0.0,-0.7994871685768518,,,,,,,,,,,,,
ace,1.5,4,Ellipse+PAC,52,52,35,1.4857142857142858,False,0.28190958267077804,0.302889491868573,0.9733333333333334,0.8289809731456083,1.0,1.9010139129799446,0.9331936851442858,-0.9300600918884684,0.0,-0.9263918443446119,3.2628419487500877,4.605170185988092,1.21875,-0.431547052668518,0.044173627418886904,4.130322571197081,3.6502153739997185,0.0,-0.5878041596357021,0.007110576923076923,-0.9224518663733341,,
ace,1.5,4,Bayesian stacking,52,52,35,1.4857142857142858,False,0.03378220880404115,0.07094261974303796,0.8833333333333333,0.18485514843178527,0.9833333333333333,0.29642281153245176,0.27885705122764354,-1.5667004797456607,0.0,-1.5664233957453986,,,,,,,,,,,,,
ace,1.5,4,PVI,52,52,35,1.4857142857142858,False,13.214016958139837,0.08320165547011503,0.88,0.15016371472094542,0.9766666666666667,0.24705855680154484,0.29485280167202593,-2.0608532415979526,0.0,-2.143045228074455,,,,,,,,,,,,1.0,True
ace,1.5,4,PVI (no KL),52,52,35,1.4857142857142858,False,0.7534199170768261,0.10221913858542608,0.6933333333333334,0.15823547503210686,0.7966666666666666,0.2603387121108979,0.5693522390455269,9.990069840521892,0.0,-0.876018660862686,,,,,,,,,,,,0.0,False
ace,1.5,5,Bayesian ridge,52,52,35,1.4857142857142858,False,0.001367167104035616,0.35581701626029566,0.76,0.4174546852127439,0.9366666666666666,0.6868220611774593,1.963335218785877,-0.07521828091398466,0.0,-0.2705430901160399,,,,,,,,,,,,,
ace,1.5,5,POPS hypercube,52,52,35,1.4857142857142858,False,0.03154258290305734,0.35581701626029566,0.36,0.16751299061898622,0.62,0.2483244333576539,4.509916992311603,,,,,,,,,,,,,,,,
ace,1.5,5,POPS ellipse,52,52,35,1.4857142857142858,False,0.18207145808264613,0.3558272736665062,0.8633333333333333,0.507789632970409,0.95,0.7974916038746424,1.7575960923118354,inf,0.01,-0.5743995946836973,,,,,,,,,,,,,
ace,1.5,5,Ellipse+EB,52,52,35,1.4857142857142858,False,0.19180516619235277,0.35582727366650646,0.9966666666666667,0.9808462900895769,1.0,1.6130200131970904,1.0324071163810133,-0.5982457245305668,0.0,-0.5937230402412507,,,,,,,,,,,,,
ace,1.5,5,Ellipse+PAC,52,52,35,1.4857142857142858,False,0.3025702922604978,0.33697620417710783,0.9866666666666667,1.6367260451066348,0.9966666666666667,3.794772379045976,1.6621543119014826,-0.7905404418823173,0.0,-0.7922105945824139,3.420286758963985,4.605170185988092,4.0625,-0.4768924136731858,0.04151010975581647,6.692571805543285,3.855669062881354,0.0,-0.5805319283726418,3.365384615384615e-05,-0.7901845576031402,,
ace,1.5,5,Bayesian stacking,52,52,35,1.4857142857142858,False,0.04056762484833598,0.058181659777918976,0.7666666666666667,0.07822803354083624,0.9866666666666667,0.21739468654029187,0.36094287473803066,-2.008005724976073,0.0,-2.0512332430819407,,,,,,,,,,,,,
ace,1.5,5,PVI,52,52,35,1.4857142857142858,False,10.420903750229627,0.057488150203479534,0.83,0.0804083233091358,0.9433333333333334,0.1322927069865313,0.28804226829031043,-2.3962749836440502,0.0,-2.422045527969741,,,,,,,,,,,,1.0,True
ace,1.5,5,PVI (no KL),52,52,35,1.4857142857142858,False,0.13372183311730623,0.05761089720481672,0.42333333333333334,0.029592592369485415,0.54,0.04868754862922753,0.7128505419390982,332.4002033654084,0.0,0.47243290385331277,,,,,,,,,,,,0.0,True
ace,1.5,6,Bayesian ridge,52,52,35,1.4857142857142858,False,0.0016761249862611294,0.46424297585404994,0.73,0.13348272812578998,0.86,0.21961397418793846,4.0041419534556,2.8283597994767495,0.0,-1.295159205395734,,,,,,,,,,,,,
ace,1.5,6,POPS hypercube,52,52,35,1.4857142857142858,False,0.034444875083863735,0.46424297585404994,0.33666666666666667,0.03699100745870967,0.4533333333333333,0.0552988638644952,5.361894854071462,,,,,,,,,,,,,,,,
ace,1.5,6,POPS ellipse,52,52,35,1.4857142857142858,False,0.23271608306095004,0.4649032250976141,0.6966666666666667,0.10917027700488614,0.8166666666666667,0.1714536368038438,4.429517706493713,inf,0.09666666666666666,-1.1575690433807275,,,,,,,,,,,,,
ace,1.5,6,Ellipse+EB,52,52,35,1.4857142857142858,False,0.23665520921349525,0.4649032250976141,0.81,0.15332457613907338,0.87,0.24929209390611778,4.038947891920722,inf,0.05333333333333334,-1.4576838006771602,,,,,,,,,,,,,
ace,1.5,6,Ellipse+PAC,52,52,35,1.4857142857142858,False,0.22696387488394976,0.4807995195394844,0.9166666666666666,1.079375659011144,0.99,2.312138730963348,2.1029209615718107,-0.6828472899145164,0.0,-0.7167682610298047,2.596755789185326,4.605170185988092,1.828125,-0.7308983316904138,0.037808792022290885,0.19130352634944034,3.289845328853449,0.0,-0.7908668320417144,3.846153846153846e-05,-0.7266228082101349,,
ace,1.5,6,Bayesian stacking,52,52,35,1.4857142857142858,False,0.03508833283558488,0.2031185741925868,0.9733333333333334,0.2238366581281438,0.9966666666666667,0.37974339802676793,0.24070559493839938,-2.5439713306974614,0.0,-2.536962581727822,,,,,,,,,,,,,
ace,1.5,6,PVI,52,52,35,1.4857142857142858,False,12.481443291995674,0.22995254965911735,0.9466666666666667,0.20272093356781515,0.9966666666666667,0.3335289179133523,0.24820434716854398,-2.751912330389494,0.0,-2.7445621029102316,,,,,,,,,,,,1.0,True
ace,1.5,6,PVI (no KL),52,52,35,1.4857142857142858,False,0.36813783273100853,0.2873883054057515,0.4033333333333333,0.03174772816716092,0.54,0.05223331027260798,2.6761508661070477,104.64716773940607,0.0,0.40029912773613713,,,,,,,,,,,,0.0,True
ace,1.5,7,Bayesian ridge,52,52,35,1.4857142857142858,False,0.0013768747448921204,0.2968776105650326,0.7666666666666667,0.3533763026786224,0.95,0.5813963746827099,1.6600787969427577,-0.4376804828734228,0.0,-0.52348706506537,,,,,,,,,,,,,
ace,1.5,7,POPS hypercube,52,52,35,1.4857142857142858,False,0.03489945875480771,0.2968776105650326,0.24,0.10963612193164418,0.43333333333333335,0.16360973411885713,4.259848384657765,,,,,,,,,,,,,,,,
ace,1.5,7,POPS ellipse,52,52,35,1.4857142857142858,False,0.2387387091293931,0.29684416344590275,0.8166666666666667,0.43371947063612065,0.9366666666666666,0.6811632491311947,1.3620570622662544,inf,0.0033333333333333335,-0.7404341924758083,,,,,,,,,,,,,
ace,1.5,7,Ellipse+EB,52,52,35,1.4857142857142858,False,0.2320372499525547,0.2968441634459027,0.9933333333333333,0.6923893819278161,1.0,1.1343602185881607,0.7267798087235589,-0.96016207400611,0.0,-0.9544345554254416,,,,,,,,,,,,,
ace,1.5,7,Ellipse+PAC,52,52,35,1.4857142857142858,False,0.37476608296856284,0.29965141514937865,0.98,0.9302364060567633,1.0,1.8658702292620615,0.9428792062895602,-1.2547974542252114,0.0,-1.2518715971862975,3.1183527346566735,4.605170185988092,2.4375,-1.1370071424399955,0.043656336830875324,6.110102985848494,4.211703540265794,0.0,-1.2918177944915805,0.003009615384615385,-1.2482990649576828,,
ace,1.5,7,Bayesian stacking,52,52,35,1.4857142857142858,False,0.036094124894589186,0.08942630981036659,0.9233333333333333,0.17865370749032333,0.9966666666666667,0.31530005970546754,0.31139177613787433,-2.3090819281297166,0.0,-2.3036999389906314,,,,,,,,,,,,,
ace,1.5,7,PVI,52,52,35,1.4857142857142858,False,14.707343667279929,0.08902226578634195,0.32666666666666666,0.03436707021182196,0.51,0.0565428125150515,1.1905622013579753,12.570155926763315,0.0,0.7800642694989466,,,,,,,,,,,,0.1,True
ace,1.5,7,PVI (no KL),52,52,35,1.4857142857142858,False,0.5709625002928078,0.08921112730209343,0.12333333333333334,0.011590505872256397,0.17666666666666667,0.01906941140022339,1.5882282311696923,190.6399154890628,0.0,3.23556775688481,,,,,,,,,,,,0.0,True
ace,1.5,8,Bayesian ridge,52,52,35,1.4857142857142858,False,0.0013609169982373714,0.25589684796706913,0.7033333333333334,0.36278183896447214,0.9133333333333333,0.5968709400598707,1.7326045090386535,-0.08318584022744886,0.0,-0.20074907997777505,,,,,,,,,,,,,
ace,1.5,8,POPS hypercube,52,52,35,1.4857142857142858,False,0.029525582678616047,0.25589684796706913,0.33,0.12486309482651471,0.5066666666666667,0.18570038651189688,4.269114139263726,,,,,,,,,,,,,,,,
ace,1.5,8,POPS ellipse,52,52,35,1.4857142857142858,False,0.24231974966824055,0.25583363387921254,0.81,0.45345670581769204,0.9233333333333333,0.7121608873636393,1.478403101570673,inf,0.02,-0.44806634365585407,,,,,,,,,,,,,
ace,1.5,8,Ellipse+EB,52,52,35,1.4857142857142858,False,0.28393154218792915,0.2558336338792123,0.94,0.6593645674854623,0.9933333333333333,1.0730682135056442,0.9300911065199351,-0.7261218973466593,0.0,-0.7261801779026645,,,,,,,,,,,,,
ace,1.5,8,Ellipse+PAC,52,52,35,1.4857142857142858,False,0.45772312488406897,0.44162429662639,0.93,1.0938333625235233,0.9866666666666667,1.993153861074838,1.3596398224605604,-1.181021791867675,0.0,-1.2011606250471027,3.697946728640674,4.605170185988092,1.625,-0.7778382550206909,0.04197988120260499,10.645628861385973,4.43380510245876,0.0,-0.9055968597828776,0.004341346153846154,-1.2090881322009808,,
ace,1.5,8,Bayesian stacking,52,52,35,1.4857142857142858,False,0.03659254126250744,0.09477576642160628,0.7633333333333333,0.09355049103964404,0.9433333333333334,0.15882230080397397,0.41948481675240157,-1.811044011934301,0.0,-2.0319997348497187,,,,,,,,,,,,,
ace,1.5,8,PVI,52,52,35,1.4857142857142858,False,11.506963832769543,0.08916188858656138,0.7833333333333333,0.08982594634500221,0.93,0.14778715822640598,0.4458643216221992,-1.9066878670829677,0.0,-2.2089737775836276,,,,,,,,,,,,1.0,True
ace,1.5,8,PVI (no KL),52,52,35,1.4857142857142858,False,0.4007671670988202,0.09235759102490185,0.31666666666666665,0.023994714136723452,0.49333333333333335,0.03947757590108187,1.2199538917579897,13833.576932867738,0.0,0.7559736195448598,,,,,,,,,,,,0.0,True
ace,1.5,9,Bayesian ridge,52,52,35,1.4857142857142858,False,0.0013449578545987606,0.22145728439750753,0.79,0.25283767803644763,0.9333333333333333,0.4159840608419994,1.2590108251140415,-0.7211685257783448,0.0,-0.955853645406262,,,,,,,,,,,,,
ace,1.5,9,POPS hypercube,52,52,35,1.4857142857142858,False,0.029573749750852585,0.22145728439750753,0.49333333333333335,0.09366513761762685,0.64,0.1417673923628619,2.658483729888816,,,,,,,,,,,,,,,,
ace,1.5,9,POPS ellipse,52,52,35,1.4857142857142858,False,0.12028112495318055,0.2214550013808554,0.9266666666666666,0.3713026578850858,0.9733333333333334,0.5831366631641146,0.7659031716518837,inf,0.006666666666666667,-1.4308064963452558,,,,,,,,,,,,,
ace,1.5,9,Ellipse+EB,52,52,35,1.4857142857142858,False,0.1285809171386063,0.22145500138085472,1.0,1.1258650567139024,1.0,1.8699906911887316,1.1258650567139024,-0.7216310547118452,0.0,-0.7155449877973117,,,,,,,,,,,,,
ace,1.5,9,Ellipse+PAC,52,52,35,1.4857142857142858,False,0.4429354998283088,0.3982590719715898,0.9833333333333333,1.233444877375925,0.9933333333333333,2.628192085123031,1.5676380040125288,-0.9858227803471042,0.0,-0.9983724743417465,3.828414301001552,4.605170185988092,2.03125,-0.20913763706732236,0.04651151708909039,8.708665527224815,3.991040420979784,0.0,-0.4381130274602674,0.003596153846153846,-0.9974171116462488,,
ace,1.5,9,Bayesian stacking,52,52,35,1.4857142857142858,False,0.041294708382338285,0.12449961117230166,0.8933333333333333,0.14677448905915227,0.99,0.24498741620027276,0.2977481211968417,-2.0981173280037257,0.0,-2.100306425251157,,,,,,,,,,,,,
ace,1.5,9,PVI,52,52,35,1.4857142857142858,False,10.742388166021556,0.07974906427628368,0.9433333333333334,0.13830482885323098,0.9966666666666667,0.22754759016625367,0.23236832102466853,-2.7105215922922383,0.0,-2.707068661790557,,,,,,,,,,,,1.0,False
ace,1.5,9,PVI (no KL),52,52,35,1.4857142857142858,False,0.2961344579234719,0.09130268939341347,0.6233333333333333,0.0927176980743497,0.7566666666666667,0.1525448455958788,0.4817038825766245,26.113702235957074,0.0,-1.2104107737129535,,,,,,,,,,,,0.0,True
ace,1.5,10,Bayesian ridge,52,52,35,1.4857142857142858,False,0.0018986668437719345,0.27394568851276563,0.8933333333333333,0.290657609030001,0.9433333333333334,0.47820773176653064,1.54467334446854,-0.7865060137705929,0.0,-1.1426025682701568,,,,,,,,,,,,,
ace,1.5,10,POPS hypercube,52,52,35,1.4857142857142858,False,0.03941775020211935,0.27394568851276563,0.47,0.09042366688351854,0.64,0.13356010833305013,3.0545141178625066,,,,,,,,,,,,,,,,
ace,1.5,10,POPS ellipse,52,52,35,1.4857142857142858,False,0.15353808319196105,0.27395294516613206,0.85,0.29281340583069954,0.9266666666666666,0.4598680585224337,1.3794782311425868,inf,0.013333333333333334,-1.1406828974269003,,,,,,,,,,,,,
ace,1.5,10,Ellipse+EB,52,52,35,1.4857142857142858,False,0.14916987484320998,0.2739529451661322,1.0,0.9083236155956699,1.0,1.5028662232466952,0.9083236155956699,-0.848806924255418,0.0,-0.84240129330159,,,,,,,,,,,,,
ace,1.5,10,Ellipse+PAC,52,52,35,1.4857142857142858,False,0.3055850826203823,0.37317674637721504,0.97,0.8869122502265058,1.0,1.5711349599971671,1.1395936707722023,-1.0761808380523354,0.0,-1.0738235529777342,3.3053488523348022,4.605170185988092,3.65625,-0.6240630120507725,0.03879445223579854,6.415049925629208,3.8906174121497763,0.0,-0.6949823519215504,2.403846153846154e-05,-1.0709008864277505,,
ace,1.5,10,Bayesian stacking,52,52,35,1.4857142857142858,False,0.04720437526702881,0.07136166861183409,0.9133333333333333,0.21175575340329758,0.9833333333333333,0.32819793225758587,0.3486184372467486,-1.9195813637047088,0.0,-1.9699525318425322,,,,,,,,,,,,,
ace,1.5,10,PVI,52,52,35,1.4857142857142858,False,13.418262540828437,0.06470771318755722,0.9233333333333333,0.15313216369947893,0.9933333333333333,0.2519424311911628,0.21386472812176313,-2.4725343024637465,0.0,-2.4657134919115653,,,,,,,,,,,,1.0,True
ace,1.5,10,PVI (no KL),52,52,35,1.4857142857142858,False,0.539037249982357,0.06701524192051328,0.59,0.0877525773042374,0.7533333333333333,0.14437592426832047,0.580673174671639,109.84600201629357,0.0,-0.7731374023836332,,,,,,,,,,,,0.0,True
ace,1.5,11,Bayesian ridge,52,52,35,1.4857142857142858,False,0.0012696669436991215,0.3497322451481361,0.8366666666666667,0.2947224343064873,0.95,0.48489543171005833,1.5143042392330015,-0.850498758504078,0.0,-1.0890428028181232,,,,,,,,,,,,,
ace,1.5,11,POPS hypercube,52,52,35,1.4857142857142858,False,0.03263749973848462,0.3497322451481361,0.4066666666666667,0.10484906311562975,0.6033333333333334,0.15459522311308188,3.433832439510911,,,,,,,,,,,,,,,,
ace,1.5,11,POPS ellipse,52,52,35,1.4857142857142858,False,0.17331500025466084,0.34971619476643967,0.8533333333333334,0.2952052960490091,0.9533333333333334,0.463624559724188,1.4241411282765148,inf,0.006666666666666667,-1.222680530849367,,,,,,,,,,,,,
ace,1.5,11,Ellipse+EB,52,52,35,1.4857142857142858,False,0.17687595868483186,0.34971619476643934,1.0,1.6152390982453826,1.0,2.6920093957988844,1.6152390982453826,-0.43573919632274605,0.0,-0.43109382320327805,,,,,,,,,,,,,
ace,1.5,11,Ellipse+PAC,52,52,35,1.4857142857142858,False,0.4024080000817776,0.2926385668576253,0.9666666666666667,1.2315859523931674,1.0,2.7741917008178323,1.262020979087062,-0.9610472863185199,0.0,-0.9574790176859149,3.242966820553155,4.605170185988092,1.828125,-0.6890357638618168,0.04462047542139405,4.97760951768535,3.887382108993578,0.0,-0.8785529355009271,0.0045,-0.9537563656673651,,
ace,1.5,11,Bayesian stacking,52,52,35,1.4857142857142858,False,0.04094395786523819,0.16699755085727713,0.7433333333333333,0.09448927604303492,0.91,0.16041609248311786,0.970454205360954,-1.4102731522276148,0.0,-1.8732256084834285,,,,,,,,,,,,,
ace,1.5,11,PVI,52,52,35,1.4857142857142858,False,13.131287000142038,0.165565490982245,0.8166666666666667,0.11973258187324949,0.96,0.19699138992864668,0.6607936241036246,-2.170966690456046,0.0,-2.317207439976931,,,,,,,,,,,,1.0,True
ace,1.5,11,PVI (no KL),52,52,35,1.4857142857142858,False,0.39762862492352724,0.18020111612995549,0.23666666666666666,0.030483491497441947,0.37,0.050153310535941964,2.0143251591060714,655.1106422471187,0.0,2.045313355927886,,,,,,,,,,,,0.0,True
ace,1.5,12,Bayesian ridge,52,52,35,1.4857142857142858,False,0.0015258328057825565,0.23119532005585633,0.7966666666666666,0.43482869911942706,0.9933333333333333,0.715406854844903,0.9271913993950847,-0.46574948411459066,0.0,-0.48473755669053126,,,,,,,,,,,,,
ace,1.5,12,POPS hypercube,52,52,35,1.4857142857142858,False,0.03689616592600942,0.23119532005585633,0.43666666666666665,0.1860134292365739,0.63,0.27383636395466426,2.4723144570238977,,,,,,,,,,,,,,,,
ace,1.5,12,POPS ellipse,52,52,35,1.4857142857142858,False,0.26422049989923835,0.2312096161385474,0.9366666666666666,0.7603819921914811,0.9966666666666667,1.1941918761967267,0.8321112599987499,-0.6935822713420385,0.0,-0.6892501064633345,,,,,,,,,,,,,
ace,1.5,12,Ellipse+EB,52,52,35,1.4857142857142858,False,0.2657335828989744,0.2312096161385479,1.0,1.3258113201531039,1.0,2.1742531943405514,1.3258113201531039,-0.4339198893489765,0.0,-0.42865821168584384,,,,,,,,,,,,,
ace,1.5,12,Ellipse+PAC,52,52,35,1.4857142857142858,False,0.3715666667558253,0.41614251214285874,0.96,1.0445365151558625,1.0,1.9949062561055195,1.287632815674982,-1.1525632573827098,0.0,-1.1511852945258716,3.3623606698167894,4.605170185988092,1.828125,-0.4513072660978946,0.04186218966035924,5.445249393304109,3.7718057462543246,0.0,-0.5429089425167786,0.0004855769230769231,-1.1490691718281547,,
ace,1.5,12,Bayesian stacking,52,52,35,1.4857142857142858,False,0.03950720792636275,0.05254778957981768,0.85,0.08589872777419964,0.9533333333333334,0.14583176880868795,0.2436929906225586,-2.3709127230563456,0.0,-2.436472612570478,,,,,,,,,,,,,
ace,1.5,12,PVI,52,52,35,1.4857142857142858,False,14.004349708091468,0.06679239303160532,0.8933333333333333,0.11368077983015183,0.9833333333333333,0.18703459389709653,0.21843504913729642,-2.567954425389432,0.0,-2.6245787846472997,,,,,,,,,,,,1.0,True
ace,1.5,12,PVI (no KL),52,52,35,1.4857142857142858,False,0.6968799163587391,0.08825101287391433,0.41,0.06219807671690165,0.5733333333333334,0.10233209199749571,0.5674142132052766,42.40959707539332,0.0,0.507027363904692,,,,,,,,,,,,0.0,True
ace,1.5,13,Bayesian ridge,52,52,35,1.4857142857142858,False,0.0015484998002648354,0.16138339503513316,0.93,0.4445923467450804,0.9933333333333333,0.7314706069703443,0.6421608740442157,-0.9691206790178151,0.0,-0.998465530414925,,,,,,,,,,,,,
ace,1.5,13,POPS hypercube,52,52,35,1.4857142857142858,False,0.03497524978592992,0.16138339503513316,0.42333333333333334,0.1544240703033336,0.5766666666666667,0.22548393214847814,2.070142999841062,,,,,,,,,,,,,,,,
ace,1.5,13,POPS ellipse,52,52,35,1.4857142857142858,False,0.061814917251467705,0.1613717617602422,0.9366666666666666,0.4892406900420992,0.9933333333333333,0.7683601973125495,0.6359867252765167,-1.0673616726290072,0.0,-1.0662443026967985,,,,,,,,,,,,,
ace,1.5,13,Ellipse+EB,52,52,35,1.4857142857142858,False,0.07056270819157362,0.16137176176024284,1.0,2.6249091352905256,1.0,4.377016632146833,2.6249091352905256,0.1510610057703448,0.0,0.15279368314411373,,,,,,,,,,,,,
ace,1.5,13,Ellipse+PAC,52,52,35,1.4857142857142858,False,0.44490270921960473,0.346797058375551,0.9666666666666667,1.560222935225598,0.99,2.921740196577732,1.606209240058934,-0.6932631099413921,0.0,-0.693965193067476,3.8985703617944854,4.605170185988092,3.453125,-0.10791697947914117,0.04432744424013091,10.903751222987108,3.9621598970334957,0.0,-0.26858708618008775,0.0016826923076923078,-0.6930593408572582,,
ace,1.5,13,Bayesian stacking,52,52,35,1.4857142857142858,False,0.03716229135170579,0.048061767945615334,0.9033333333333333,0.15062823080559787,0.98,0.24992628143824125,0.24745997714894585,-2.4097761108892453,0.0,-2.4366051999075613,,,,,,,,,,,,,
ace,1.5,13,PVI,52,52,35,1.4857142857142858,False,10.61652654223144,0.04519077677516038,0.9166666666666666,0.09528030635874547,0.9833333333333333,0.15676100597501594,0.19112492231043451,-2.590833468740012,0.0,-2.6364125314458517,,,,,,,,,,,,1.0,True
ace,1.5,13,PVI (no KL),52,52,35,1.4857142857142858,False,0.18560495786368847,0.0529560988038492,0.45666666666666667,0.047969066159765636,0.6566666666666666,0.07892165080341135,0.5368330172288945,127.40873513161283,0.0,-0.16206475543066934,,,,,,,,,,,,0.0,True
ace,1.5,14,Bayesian ridge,52,52,35,1.4857142857142858,False,0.004825207870453596,0.20889257519651136,0.8366666666666667,0.3506068660966382,0.98,0.5768399276983641,0.8655581738455674,-0.6899867939769584,0.0,-0.7413086129267359,,,,,,,,,,,,,
ace,1.5,14,POPS hypercube,52,52,35,1.4857142857142858,False,0.03918129112571478,0.20889257519651136,0.45,0.13781220162086394,0.64,0.20394583677929193,2.4903295594328245,,,,,,,,,,,,,,,,
ace,1.5,14,POPS ellipse,52,52,35,1.4857142857142858,False,0.24999000038951635,0.20887998077496694,0.9133333333333333,0.4217619159249741,0.9766666666666667,0.6623837214176648,0.7430954586645232,inf,0.01,-0.9991984257027494,,,,,,,,,,,,,
ace,1.5,14,Ellipse+EB,52,52,35,1.4857142857142858,False,0.2178353751078248,0.20887998077496717,1.0,0.9849470686659565,1.0,1.6248908469555834,0.9849470686659565,-0.6503834163475737,0.0,-0.6440533787636071,,,,,,,,,,,,,
ace,1.5,14,Ellipse+PAC,52,52,35,1.4857142857142858,False,0.4087253329344094,0.36957457523847764,0.9533333333333334,0.9038019003782684,1.0,1.7552942706841266,1.0084141636296786,-1.4503725160768584,0.0,-1.4531436188878781,3.665827251505032,4.605170185988092,2.4375,-0.7868680433517574,0.046944090158253515,10.358924937197912,4.405751204698536,0.0,-0.9738700312631474,0.0030865384615384617,-1.4539891245325136,,
ace,1.5,14,Bayesian stacking,52,52,35,1.4857142857142858,False,0.042464624624699354,0.06749886105733902,0.9333333333333333,0.18412084995312775,0.9833333333333333,0.2941656696815305,0.305360185491379,-2.3086573034175157,0.0,-2.36361161463096,,,,,,,,,,,,,
ace,1.5,14,PVI,52,52,35,1.4857142857142858,False,14.972066832706332,0.06888482131828273,0.85,0.11044027853155,0.94,0.18170312233864536,0.3453150571804323,-2.1055047969659584,0.0,-2.3379751034149994,,,,,,,,,,,,1.0,True
ace,1.5,14,PVI (no KL),52,52,35,1.4857142857142858,False,0.7379867089912295,0.06576298528261135,0.5066666666666667,0.07016911949845585,0.68,0.11544654064758272,0.6397427405974268,19.332565255767992,0.0,-0.5740536373875096,,,,,,,,,,,,0.0,False
ace,1.5,15,Bayesian ridge,52,52,35,1.4857142857142858,False,0.0015484998002648354,0.38908392444548895,0.8466666666666667,0.4147722464223996,0.9466666666666667,0.6824087482976967,2.2749276642704332,-0.5001679810799353,0.0,-0.6560092110544414,,,,,,,,,,,,,
ace,1.5,15,POPS hypercube,52,52,35,1.4857142857142858,False,0.039350124541670084,0.38908392444548895,0.4766666666666667,0.1513588116317075,0.6733333333333333,0.22817192362546063,3.904204673005643,,,,,,,,,,,,,,,,
ace,1.5,15,POPS ellipse,52,52,35,1.4857142857142858,False,0.10672166617587209,0.389102109607464,0.85,0.4093124388600363,0.96,0.6428316219117336,1.635958979861514,inf,0.0033333333333333335,-0.8884054823471297,,,,,,,,,,,,,
ace,1.5,15,Ellipse+EB,52,52,35,1.4857142857142858,False,0.11758374981582165,0.389102109607464,0.9933333333333333,0.7587537573909313,1.0,1.2454626143535052,0.8475423916347917,-0.8411983573149278,0.0,-0.8372806421094798,,,,,,,,,,,,,
ace,1.5,15,Ellipse+PAC,52,52,35,1.4857142857142858,False,0.4286291250027716,0.5458918330650604,0.95,0.9299536245856653,0.9933333333333333,2.0561823872046725,2.031280449604084,-1.047848803159802,0.0,-1.072548019611454,3.545436881317282,4.605170185988092,8.125,-0.856352729824496,0.04103434238019502,9.784871638869777,4.360755268761583,0.0,-0.9872209824955485,0.0005336538461538461,-1.0809550079271302,,
ace,1.5,15,Bayesian stacking,52,52,35,1.4857142857142858,False,0.041519916616380215,0.07555018519794712,0.8866666666666667,0.12702248115533823,0.97,0.2279002714159095,0.3804281985681249,-2.275159178845966,0.0,-2.4905432068214504,,,,,,,,,,,,,
ace,1.5,15,PVI,52,52,35,1.4857142857142858,False,12.847330375108868,0.07193534978278047,0.9,0.12733531044329893,0.97,0.2094998654399301,0.32868774217365937,-2.288696908954499,0.0,-2.6104757150498803,,,,,,,,,,,,1.0,True
ace,1.5,15,PVI (no KL),52,52,35,1.4857142857142858,False,0.4574796659871936,0.07514984453511642,0.5333333333333333,0.04563423136658096,0.6633333333333333,0.07508023734712986,0.8243437551854433,182.99884303347417,0.0,-0.5601777538748987,,,,,,,,,,,,0.0,True
ace,1.5,16,Bayesian ridge,52,52,35,1.4857142857142858,False,0.0013775001280009747,0.2985476874832128,0.77,0.3383102261669023,0.9066666666666666,0.5566087412216948,1.9410606896610774,-0.03865708966698816,0.0,-0.34927882368683727,,,,,,,,,,,,,
ace,1.5,16,POPS hypercube,52,52,35,1.4857142857142858,False,0.03698354074731469,0.2985476874832128,0.3466666666666667,0.1258898759788383,0.5333333333333333,0.1856834523065865,4.008223505620782,,,,,,,,,,,,,,,,
ace,1.5,16,POPS ellipse,52,52,35,1.4857142857142858,False,0.22256033401936293,0.2985865502626042,0.84,0.4198847323856735,0.9433333333333334,0.6594355751493634,1.4855050073403122,inf,0.013333333333333334,-0.6262487197702974,,,,,,,,,,,,,
ace,1.5,16,Ellipse+EB,52,52,35,1.4857142857142858,False,0.21435058303177357,0.2985865502626052,0.9233333333333333,0.5382904206494371,0.98,0.8714575807784604,1.1254353835488013,-0.800440621908672,0.0,-0.8211983367002336,,,,,,,,,,,,,
ace,1.5,16,Ellipse+PAC,52,52,35,1.4857142857142858,False,0.3835359583608806,0.32389762135492167,0.99,1.5917337475521458,1.0,4.651853656783498,1.5992735517120436,-0.6732951099717355,0.0,-0.6746495226338702,3.3664443826749637,4.605170185988092,1.015625,-0.13541742285258934,0.0426122574715582,3.053383235413944,3.459249548055995,0.0,-0.3238676264635818,0.006120192307692307,-0.6722505255650725,,
ace,1.5,16,Bayesian stacking,52,52,35,1.4857142857142858,False,0.03662108303979039,0.07617767281811373,0.9233333333333333,0.21408492188572897,0.9866666666666667,0.3258753215058212,0.32018791783881645,-1.9508583753671866,0.0,-1.971655948019959,,,,,,,,,,,,,
ace,1.5,16,PVI,52,52,35,1.4857142857142858,False,13.351243583019823,0.09209861050969366,0.89,0.18364602057367216,0.9833333333333333,0.3021457007080132,0.3109116780948516,-2.2849578825535954,0.0,-2.3066386263590615,,,,,,,,,,,,1.0,True
ace,1.5,16,PVI (no KL),52,52,35,1.4857142857142858,False,0.630207291804254,0.13631390153304151,0.6566666666666666,0.15150460589376288,0.7566666666666667,0.24926467322987014,0.9686756030437284,38.670872553625124,0.0,-0.7688824235332701,,,,,,,,,,,,0.0,True
ace,1.5,17,Bayesian ridge,52,52,35,1.4857142857142858,False,0.0014685406349599361,0.3343705042845447,0.77,0.3924840280426838,0.9666666666666667,0.6457388039186357,1.4532444722037217,-0.641186864572357,0.0,-0.6751030444507925,,,,,,,,,,,,,
ace,1.5,17,POPS hypercube,52,52,35,1.4857142857142858,False,0.034581542015075684,0.3343705042845447,0.3566666666666667,0.1348961082911012,0.55,0.19832312101501215,3.6600189329671275,,,,,,,,,,,,,,,,
ace,1.5,17,POPS ellipse,52,52,35,1.4857142857142858,False,0.12549245776608586,0.3342873472314364,0.9366666666666666,0.519253305415343,0.9866666666666667,0.8154954817224929,0.8627483304397,-1.0815047347481492,0.0,-1.1050495753415965,,,,,,,,,,,,,
ace,1.5,17,Ellipse+EB,52,52,35,1.4857142857142858,False,0.13056974997743964,0.3342873472314371,1.0,2.0921406052698375,1.0,3.4859125470705763,2.0921406052698375,-0.23682870455835706,0.0,-0.23368356628736336,,,,,,,,,,,,,
ace,1.5,17,Ellipse+PAC,52,52,35,1.4857142857142858,False,0.4160558329895139,0.34091542869240393,0.9533333333333334,0.8707577176914271,1.0,1.653445568890591,1.0863712989773682,-1.5480569849691919,0.0,-1.5540263639347058,3.360292355865649,4.605170185988092,3.65625,-1.247736344418823,0.04597180741688889,10.696380582295768,4.562056892867583,0.0,-1.3918911137857188,0.0033701923076923075,-1.5566759024704602,,
ace,1.5,17,Bayesian stacking,52,52,35,1.4857142857142858,False,0.037938875146210194,0.11382680901223056,0.8833333333333333,0.19322199327918432,0.97,0.32602157914685537,0.3157817599234041,-2.095698910023539,0.0,-2.0996383469212803,,,,,,,,,,,,,
ace,1.5,17,PVI,52,52,35,1.4857142857142858,False,13.87377033289522,0.10283021279345247,0.9766666666666667,0.2141679617883869,1.0,0.3523622710779071,0.21711725647343935,-2.5659161238800348,0.0,-2.557009532897378,,,,,,,,,,,,1.0,True
ace,1.5,17,PVI (no KL),52,52,35,1.4857142857142858,False,0.5004383753985167,0.14587028928015297,0.25333333333333335,0.04317467805112608,0.37666666666666665,0.07103362932586478,1.623319218967565,48.965898288212266,0.0,1.818373714042386,,,,,,,,,,,,0.0,True
ace,1.5,18,Bayesian ridge,52,52,35,1.4857142857142858,False,0.0014044162817299366,0.27553911445760926,0.8333333333333334,0.32257395421038354,0.9766666666666667,0.5307184610948416,1.3450658046395483,-0.9527174068816598,0.0,-1.0564204896030227,,,,,,,,,,,,,
ace,1.5,18,POPS hypercube,52,52,35,1.4857142857142858,False,0.040576625149697065,0.27553911445760926,0.4266666666666667,0.10487043735942753,0.6,0.15419214311560023,2.5608236496527463,,,,,,,,,,,,,,,,
ace,1.5,18,POPS ellipse,52,52,35,1.4857142857142858,False,0.26667629089206457,0.275555388730966,0.93,0.49304462218292505,0.9766666666666667,0.7743343325588163,1.0707065973652161,-1.1449823737860763,0.0,-1.2434815777275203,,,,,,,,,,,,,
ace,1.5,18,Ellipse+EB,52,52,35,1.4857142857142858,False,0.26487470930442214,0.2755553887309658,0.9966666666666667,1.0155977698092866,1.0,1.6729450944646302,1.0266312235542698,-0.8380633113820026,0.0,-0.8322148816270535,,,,,,,,,,,,,
ace,1.5,18,Ellipse+PAC,52,52,35,1.4857142857142858,False,0.3596176658757031,0.37675551676743635,0.99,1.5646853414347295,1.0,3.3811481161249612,1.5816441006437678,-0.7439534390861807,0.0,-0.7402897222237754,3.6764694418960984,4.605170185988092,2.4375,-0.15828660130703975,0.04582865295545667,6.840343491347508,3.7889273902476814,0.0,-0.3814843661847692,0.002658653846153846,-0.7364765205141985,,
ace,1.5,18,Bayesian stacking,52,52,35,1.4857142857142858,False,0.04802870890125632,0.08810855320507577,0.93,0.17199842907452245,0.9933333333333333,0.2866039527999614,0.2641462088920463,-2.3031504958273654,0.0,-2.2987468296857787,,,,,,,,,,,,,
ace,1.5,18,PVI,52,52,35,1.4857142857142858,False,13.207688165828586,0.07357237407947471,0.8766666666666667,0.1315854749139636,0.9766666666666667,0.21649249679726532,0.2534188174132986,-2.473543372328959,0.0,-2.480915930498409,,,,,,,,,,,,1.0,True
ace,1.5,18,PVI (no KL),52,52,35,1.4857142857142858,False,0.4018073328770697,0.08261443790210331,0.34,0.025169569909787384,0.4866666666666667,0.04141052070257755,1.0415624187232648,123.73604924335172,0.0,0.9707701498323388,,,,,,,,,,,,0.0,True
ace,1.5,19,Bayesian ridge,52,52,35,1.4857142857142858,False,0.0016070827841758728,0.30796841402972847,0.7866666666666666,0.2626031438419233,0.9333333333333333,0.4320508043484396,1.9935726569456513,-0.6315702055437248,0.0,-0.9251873089950262,,,,,,,,,,,,,
ace,1.5,19,POPS hypercube,52,52,35,1.4857142857142858,False,0.03759462479501963,0.30796841402972847,0.35333333333333333,0.09177714143683872,0.5533333333333333,0.13418179048663664,3.80804025295755,,,,,,,,,,,,,,,,
ace,1.5,19,POPS ellipse,52,52,35,1.4857142857142858,False,0.20012829219922423,0.30794472922301735,0.7733333333333333,0.25076172859763335,0.88,0.3938252381402165,1.8640677583185845,inf,0.03333333333333333,-0.7770558867560686,,,,,,,,,,,,,
ace,1.5,19,Ellipse+EB,52,52,35,1.4857142857142858,False,0.21281795809045434,0.30794472922301674,0.9433333333333334,0.39871483556572607,0.9766666666666667,0.6522432825094158,0.9950541218420026,-1.2149982857807824,0.0,-1.2332671225219765,,,,,,,,,,,,,
ace,1.5,19,Ellipse+PAC,52,52,35,1.4857142857142858,False,0.40956558380275965,0.3404739155811327,0.9566666666666667,1.1038253633542168,0.9933333333333333,2.0984917871588156,1.2806347636927862,-1.3254846858706726,0.0,-1.3291103986109254,3.692054013698649,4.605170185988092,4.875,-0.7146316667824204,0.044124328074836225,10.063415409153137,4.362561352406233,0.0,-0.8533619773935148,0.00041346153846153844,-1.3287280552482745,,
ace,1.5,19,Bayesian stacking,52,52,35,1.4857142857142858,False,0.05192445823922753,0.14215649793893403,0.8833333333333333,0.1541467643773693,0.98,0.24002272648401893,0.2724860251783722,-1.9880374454300709,0.0,-2.0207976883061995,,,,,,,,,,,,,
ace,1.5,19,PVI,52,52,35,1.4857142857142858,False,10.208198790904135,0.14257438113721055,0.84,0.09918119928760498,0.9433333333333334,0.16317899436210634,0.7448508740987595,-2.1684240052220844,0.0,-2.3797085831262885,,,,,,,,,,,,1.0,True
ace,1.5,19,PVI (no KL),52,52,35,1.4857142857142858,False,0.31238258397206664,0.15202417703976676,0.52,0.059534247934646616,0.6433333333333333,0.0979493974448646,1.3696703596862334,16012.414554081624,0.0,-0.3175841349890258,,,,,,,,,,,,0.0,True
ace,1.5,20,Bayesian ridge,52,52,35,1.4857142857142858,False,0.0013326248154044151,0.34026616514057934,0.7433333333333333,0.28329171601826997,0.9233333333333333,0.4660889126469141,2.1403254581437325,-0.1940046468570392,0.0,-0.6240467871228434,,,,,,,,,,,,,
ace,1.5,20,POPS hypercube,52,52,35,1.4857142857142858,False,0.0349462921731174,0.34026616514057934,0.4,0.09855917749217603,0.5433333333333333,0.1436595049772559,4.083718122625217,,,,,,,,,,,,,,,,
ace,1.5,20,POPS ellipse,52,52,35,1.4857142857142858,False,0.2732084998860955,0.34026788088098486,0.8333333333333334,0.5073144965259097,0.9333333333333333,0.7967453946167524,1.3503909154858864,inf,0.0033333333333333335,-0.7888904734618407,,,,,,,,,,,,,
ace,1.5,20,Ellipse+EB,52,52,35,1.4857142857142858,False,0.2794913752004504,0.340267880880985,1.0,1.3162454850981797,1.0,2.1756923846174936,1.3162454850981797,-0.5453405634483944,0.0,-0.5402221753477536,,,,,,,,,,,,,
ace,1.5,20,Ellipse+PAC,52,52,35,1.4857142857142858,False,0.3397676250897348,0.39326093152561603,0.97,1.1367350095594344,1.0,2.8272037166335147,1.279408746206892,-1.1874633511282806,0.0,-1.1859931493643934,2.976700936595372,4.605170185988092,0.9140625,-0.587043218603736,0.04540877588144926,1.997549794074458,3.5183353793176586,0.0,-0.8021804078652344,0.007418269230769231,-1.1836678415906798,,
ace,1.5,20,Bayesian stacking,52,52,35,1.4857142857142858,False,0.0369463749229908,0.1070309942167391,0.9066666666666666,0.2236919748444587,0.9833333333333333,0.358610249721643,0.34869004427524386,-1.8810479773259825,0.0,-1.8780266360757567,,,,,,,,,,,,,
ace,1.5,20,PVI,52,52,35,1.4857142857142858,False,13.420686124823987,0.08797005251616664,0.9633333333333334,0.21198286778735126,0.9966666666666667,0.34876722036026336,0.24546854460979786,-2.5786220054605695,0.0,-2.5848642489215026,,,,,,,,,,,,1.0,True
ace,1.5,20,PVI (no KL),52,52,35,1.4857142857142858,False,0.6917539997957647,0.10721811360099773,0.6933333333333334,0.1072002220662944,0.8,0.1763723826473082,0.5999165888206689,42.21739507372254,0.0,-1.3212358856579043,,,,,,,,,,,,0.0,True
ace,1.5,21,Bayesian ridge,52,52,35,1.4857142857142858,False,0.0019066673703491688,0.38171936330628675,0.6933333333333334,0.36192927392060487,0.94,0.5954682477402999,1.7226285591346178,-0.22779601827191442,0.0,-0.3477960944919288,,,,,,,,,,,,,
ace,1.5,21,POPS hypercube,52,52,35,1.4857142857142858,False,0.031736250035464764,0.38171936330628675,0.3566666666666667,0.15737533206066612,0.5933333333333334,0.22933561821085727,3.5713597844078966,,,,,,,,,,,,,,,,
ace,1.5,21,POPS ellipse,52,52,35,1.4857142857142858,False,0.17758616711944342,0.3817693909130731,0.8366666666666667,0.5338362340989738,0.94,0.8383982005453797,0.9783077686973951,inf,0.006666666666666667,-0.5300581512939258,,,,,,,,,,,,,
ace,1.5,21,Ellipse+EB,52,52,35,1.4857142857142858,False,0.17800349975004792,0.3817693909130729,1.0,1.0495971806596647,1.0,1.7264807612641069,1.0495971806596647,-0.7006778059742025,0.0,-0.6949466940065402,,,,,,,,,,,,,
ace,1.5,21,Ellipse+PAC,52,52,35,1.4857142857142858,False,0.3056008331477642,0.4513267697443717,1.0,3.565800015806711,1.0,13.96475930285828,3.565800015806711,-0.7429755420135999,0.0,-0.741257870892927,3.2446191930190107,4.605170185988092,0.5078125,0.16500194193165257,0.045442473680741335,0.3937695160123502,3.0341747774066166,0.0,-0.11411361150828428,0.004860576923076923,-0.7391677346273922,,
ace,1.5,21,Bayesian stacking,52,52,35,1.4857142857142858,False,0.049818208906799555,0.08548389224155484,0.8833333333333333,0.18787146770924626,0.9766666666666667,0.31770019652250137,0.2875834974910527,-2.2167232215073005,0.0,-2.2487065006610414,,,,,,,,,,,,,
ace,1.5,21,PVI,52,52,35,1.4857142857142858,False,12.221629791427404,0.07116825411145694,0.8733333333333333,0.17029444688551346,0.9633333333333334,0.2801788724861894,0.27001824504140304,-2.3598237352670344,0.0,-2.393767075743958,,,,,,,,,,,,1.0,True
ace,1.5,21,PVI (no KL),52,52,35,1.4857142857142858,False,0.44236600026488304,0.07304167824234531,0.39,0.04492469465265211,0.55,0.07391286401152256,0.7084121355094374,34.60287644751287,0.0,0.4473694417607527,,,,,,,,,,,,0.0,True
ace,1.5,22,Bayesian ridge,52,52,35,1.4857142857142858,False,0.0012625418603420258,0.21868955255681038,0.9,0.4267416900297849,0.9733333333333334,0.7021016113096,1.041804010909423,-0.7233127574057664,0.0,-0.9137032958870712,,,,,,,,,,,,,
ace,1.5,22,POPS hypercube,52,52,35,1.4857142857142858,False,0.03269574977457523,0.21868955255681038,0.5333333333333333,0.1514395362936992,0.7266666666666667,0.21921676112829222,2.3591116101590335,,,,,,,,,,,,,,,,
ace,1.5,22,POPS ellipse,52,52,35,1.4857142857142858,False,0.20305258268490434,0.21869427899355445,0.9333333333333333,0.4789064698645823,0.9833333333333333,0.7521301420119876,0.62900215412377,-1.149890173536697,0.0,-1.1606474605042463,,,,,,,,,,,,,
ace,1.5,22,Ellipse+EB,52,52,35,1.4857142857142858,False,0.21774020791053772,0.21869427899355381,1.0,0.9407270956734891,1.0,1.5467235083728095,0.9407270956734891,-0.8396036343529419,0.0,-0.8331235850410392,,,,,,,,,,,,,
ace,1.5,22,Ellipse+PAC,52,52,35,1.4857142857142858,False,0.37598949996754527,0.36865672067707367,0.9766666666666667,0.8721045368614743,0.9966666666666667,1.773445898130936,0.9921054017166681,-1.5002220209006625,0.0,-1.496944970346615,2.972685753003747,4.605170185988092,1.625,-0.9437430070055766,0.044384014111946674,5.047287479860073,3.872044745897377,0.0,-1.1100399004249009,0.0001923076923076923,-1.4929353849033449,,
ace,1.5,22,Bayesian stacking,52,52,35,1.4857142857142858,False,0.04561962466686964,0.05753179268798061,0.9033333333333333,0.09030878682372397,0.9733333333333334,0.15055021952869038,0.2472469708640901,-2.602225776246503,0.0,-2.676445998882698,,,,,,,,,,,,,
ace,1.5,22,PVI,52,52,35,1.4857142857142858,False,13.501443124841899,0.06218586239302915,0.8966666666666666,0.08547716293062305,0.9633333333333334,0.14063227293207498,0.2505524365597253,-2.6559929193272236,0.0,-2.724812931840875,,,,,,,,,,,,1.0,True
ace,1.5,22,PVI (no KL),52,52,35,1.4857142857142858,False,0.3682893752120435,0.06393588391894837,0.18666666666666668,0.008694031871974556,0.29,0.014303954660872942,0.9462886552324905,392.4833519055033,0.0,2.2935984595466294,,,,,,,,,,,,0.0,True
ace,1.5,23,Bayesian ridge,52,52,35,1.4857142857142858,False,0.0013798750005662441,0.4361656145464975,0.8333333333333334,0.33905397954534955,0.9033333333333333,0.5578324099131422,3.0403836623091047,-0.03764109973792529,0.0,-0.8155891391425508,,,,,,,,,,,,,
ace,1.5,23,POPS hypercube,52,52,35,1.4857142857142858,False,0.03429579082876444,0.4361656145464975,0.4,0.09903578660107787,0.62,0.14752038191507477,4.985659377101526,,,,,,,,,,,,,,,,
ace,1.5,23,POPS ellipse,52,52,35,1.4857142857142858,False,0.0725116659887135,0.43612036905040985,0.8366666666666667,0.33625248924789275,0.92,0.5280898221346115,2.8039192982140806,inf,0.02666666666666667,-0.9861152170765426,,,,,,,,,,,,,
ace,1.5,23,Ellipse+EB,52,52,35,1.4857142857142858,False,0.07931712502613664,0.4361203690504101,0.9566666666666667,0.7568597010139504,0.99,1.2491947778499686,1.3977345392320972,-0.8736391104690217,0.0,-0.882447229586991,,,,,,,,,,,,,
ace,1.5,23,Ellipse+PAC,52,52,35,1.4857142857142858,False,0.36096808267757297,0.4026295644951433,0.95,1.0477164251436664,0.9966666666666667,2.6502262956394405,1.706142750497985,-0.9723104886617648,0.0,-0.9817040529408636,3.211213194699751,4.605170185988092,0.9140625,-0.5024410618352277,0.04429675423289821,4.26032707793554,3.6693575023020806,0.0,-0.7329611270441353,0.0067740384615384616,-0.9843436818983643,,
ace,1.5,23,Bayesian stacking,52,52,35,1.4857142857142858,False,0.043615458998829126,0.08417152078794082,0.8466666666666667,0.13787292201365595,0.9566666666666667,0.23470425745664278,0.33809062069005696,-2.142568759734516,0.0,-2.1580485579892486,,,,,,,,,,,,,
ace,1.5,23,PVI,52,52,35,1.4857142857142858,False,12.1297812089324,0.07653338208075497,0.9233333333333333,0.15195507248758952,0.9866666666666667,0.25000580850855525,0.249269295933952,-2.6084166117483285,0.0,-2.608592575779033,,,,,,,,,,,,1.0,True
ace,1.5,23,PVI (no KL),52,52,35,1.4857142857142858,False,0.4358779159374535,0.09623773492048822,0.48,0.07991672955448635,0.6266666666666667,0.13148390677949034,0.7601933901882041,89.8097919584983,0.0,0.036525766984585456,,,,,,,,,,,,0.0,True
ace,1.5,24,Bayesian ridge,52,52,35,1.4857142857142858,False,0.001291124615818262,0.21162039878224687,0.7566666666666667,0.2735237001863808,0.9833333333333333,0.4500179736805609,0.8745462293838652,-0.880238926001319,0.0,-0.9047218319729698,,,,,,,,,,,,,
ace,1.5,24,POPS hypercube,52,52,35,1.4857142857142858,False,0.03243791684508324,0.21162039878224687,0.4166666666666667,0.08893398534704512,0.52,0.13328234493999408,2.485080320132972,,,,,,,,,,,,,,,,
ace,1.5,24,POPS ellipse,52,52,35,1.4857142857142858,False,0.16820108285173774,0.21161967237814688,0.8566666666666667,0.40946887059558956,0.9233333333333333,0.6430773004124022,0.9600565206089209,inf,0.006666666666666667,-0.8860723760188525,,,,,,,,,,,,,
ace,1.5,24,Ellipse+EB,52,52,35,1.4857142857142858,False,0.17183783277869225,0.2116196723781472,0.9933333333333333,0.6261070730419872,1.0,1.0205886334056296,0.6886589933957847,-1.1442733443891533,0.0,-1.1376594790164316,,,,,,,,,,,,,
ace,1.5,24,Ellipse+PAC,52,52,35,1.4857142857142858,False,0.40392187470570207,0.3363155490032359,0.9633333333333334,1.0755773242709452,1.0,2.262255892283467,1.1893859462616718,-0.8952174547822135,0.0,-0.8918203783022463,3.737054918508907,4.605170185988092,1.828125,0.007683044501282694,0.04232871820625955,6.27708069715127,3.6870431558013648,0.0,-0.19931336971697158,0.010278846153846152,-0.8880633814507203,,
ace,1.5,24,Bayesian stacking,52,52,35,1.4857142857142858,False,0.04090579180046916,0.06317486095514345,0.8066666666666666,0.08851039491033993,0.9833333333333333,0.1502656416712063,0.21342301941329056,-2.4651610558986303,0.0,-2.512677816315013,,,,,,,,,,,,,
ace,1.5,24,PVI,52,52,35,1.4857142857142858,False,10.105440458282828,0.05774618308040169,0.9033333333333333,0.1047610753115016,0.9866666666666667,0.1723593487516955,0.15970849441690319,-2.643799695635158,0.0,-2.6977068459014966,,,,,,,,,,,,1.0,False
ace,1.5,24,PVI (no KL),52,52,35,1.4857142857142858,False,0.18840637477114797,0.05783819359454574,0.5866666666666667,0.05032389819117044,0.6966666666666667,0.08279596494294933,0.5633243588439055,78.60333284997196,0.0,-0.7074084037355639,,,,,,,,,,,,0.0,True
ace,1.5,25,Bayesian ridge,52,52,35,1.4857142857142858,False,0.0027699172496795654,0.4081402716829736,0.7233333333333334,0.141513339011217,0.9,0.23282642793733696,3.256968052876273,5.331819026125549,0.0,-1.364963121186114,,,,,,,,,,,,,
ace,1.5,25,POPS hypercube,52,52,35,1.4857142857142858,False,0.03569025034084916,0.4081402716829736,0.22,0.03460159819208554,0.30666666666666664,0.050293749525750366,4.899808879631194,,,,,,,,,,,,,,,,
ace,1.5,25,POPS ellipse,52,52,35,1.4857142857142858,False,0.25837187515571713,0.4077750963170937,0.4866666666666667,0.10458940157971691,0.6933333333333334,0.16425929991161942,3.7600386228766904,inf,0.12666666666666668,-0.03709030823071288,,,,,,,,,,,,,
ace,1.5,25,Ellipse+EB,52,52,35,1.4857142857142858,False,0.28985241567716,0.4077750963170946,0.8933333333333333,0.23686485741792396,0.94,0.3906130306557399,2.743726066290168,inf,0.023333333333333334,-1.6788346520515653,,,,,,,,,,,,,
ace,1.5,25,Ellipse+PAC,52,52,35,1.4857142857142858,False,0.25752962473779917,0.46391061894309865,0.9733333333333334,1.141536736258896,0.9966666666666667,3.494158425513107,1.5052047976760767,-0.711798801286765,0.0,-0.7150485061806549,2.562933937433863,4.605170185988092,1.21875,-0.8257538822333433,0.03893537099000657,0.4663143140293698,3.3497524486772,0.0,-0.9390430637395721,0.0021009615384615385,-0.7162503203458351,,
ace,1.5,25,Bayesian stacking,52,52,35,1.4857142857142858,False,0.045212124940007925,0.19834755083186398,0.9866666666666667,0.4325081095795932,1.0,0.676612356848036,0.43429780540578555,-2.1634349950538603,0.0,-2.155157366905357,,,,,,,,,,,,,
ace,1.5,25,PVI,52,52,35,1.4857142857142858,False,11.92798575013876,0.16007726594062935,0.9766666666666667,0.33256077972781556,1.0,0.547149399180988,0.34475126510975085,-2.525559215165085,0.0,-2.517083763347972,,,,,,,,,,,,1.0,True
ace,1.5,25,PVI (no KL),52,52,35,1.4857142857142858,False,0.7132952501997352,0.0952051022103481,0.5966666666666667,0.16940217368279856,0.73,0.2787108498673758,0.4115691134095506,4.99866763822068,0.0,-0.8017868668571752,,,,,,,,,,,,0.0,False
ace,1.5,26,Bayesian ridge,52,52,35,1.4857142857142858,False,0.0012192921712994576,0.3004082263457596,0.7666666666666667,0.28733695746939747,0.9366666666666666,0.47274439207938956,2.1230977799638877,-0.44437590208674776,0.0,-0.7344777014331019,,,,,,,,,,,,,
ace,1.5,26,POPS hypercube,52,52,35,1.4857142857142858,False,0.03330383310094476,0.3004082263457596,0.3433333333333333,0.10226733195830694,0.5433333333333333,0.14824480333774212,4.117468187914011,,,,,,,,,,,,,,,,
ace,1.5,26,POPS ellipse,52,52,35,1.4857142857142858,False,0.11770833283662796,0.300430293545199,0.83,0.3250211678623453,0.9066666666666666,0.5104508552793867,1.5018243914330245,inf,0.01,-0.9127535499894681,,,,,,,,,,,,,
ace,1.5,26,Ellipse+EB,52,52,35,1.4857142857142858,False,0.1211912501603365,0.3004302935451987,0.9966666666666667,1.0071060429634868,1.0,1.6725058946120521,1.0080614843132176,-0.8132961331923069,0.0,-0.8073670427838588,,,,,,,,,,,,,
ace,1.5,26,Ellipse+PAC,52,52,35,1.4857142857142858,False,0.388481792062521,0.29448125002990205,0.98,1.3083487569320673,1.0,4.6508773480749594,1.366991123459285,-1.014258123412244,0.0,-1.0111683960121018,3.3489627377144187,4.605170185988092,2.03125,-0.49057365242016204,0.04560101778468832,5.119216577702055,3.793935372349892,0.0,-0.6929897798044076,0.0009903846153846154,-1.0078381184364809,,
ace,1.5,26,Bayesian stacking,52,52,35,1.4857142857142858,False,0.040140457917004824,0.0678732426722217,0.92,0.20116612884812443,0.9866666666666667,0.2981367583396007,0.274933365022847,-1.9105614965553692,0.0,-1.9618069080026317,,,,,,,,,,,,,
ace,1.5,26,PVI,52,52,35,1.4857142857142858,False,10.023417958058417,0.0802968686879174,0.8366666666666667,0.10594581666049051,0.9366666666666666,0.17430855790923563,0.41115960213768615,-2.2070219019654305,0.0,-2.233453358414462,,,,,,,,,,,,1.0,True
ace,1.5,26,PVI (no KL),52,52,35,1.4857142857142858,False,0.6992389159277081,0.09292876787540569,0.6166666666666667,0.1019102067778474,0.7466666666666667,0.16766892492417876,0.7323931747334304,20.524836818018116,0.0,-0.720559601308749,,,,,,,,,,,,0.0,False
ace,1.5,27,Bayesian ridge,52,52,35,1.4857142857142858,False,0.0013885409571230412,0.4060047611276722,0.77,0.320911454099654,0.9133333333333333,0.5279832139094446,2.7782342798215085,0.14699485196609838,0.0,-0.5178687492267297,,,,,,,,,,,,,
ace,1.5,27,POPS hypercube,52,52,35,1.4857142857142858,False,0.03221804089844227,0.4060047611276722,0.28,0.10750408038155172,0.4,0.15681101184273852,4.920821566643293,,,,,,,,,,,,,,,,
ace,1.5,27,POPS ellipse,52,52,35,1.4857142857142858,False,0.19877495802938938,0.40610291065256837,0.8133333333333334,0.6418240424785083,0.94,1.0079947517780847,1.2539089877336398,inf,0.013333333333333334,-0.6769241017112718,,,,,,,,,,,,,
ace,1.5,27,Ellipse+EB,52,52,35,1.4857142857142858,False,0.19926945911720395,0.4061029106525685,0.95,0.7960181765198125,1.0,1.281448317468651,0.9694708978098151,-0.9389319528060281,0.0,-0.9352613349793544,,,,,,,,,,,,,
ace,1.5,27,Ellipse+PAC,52,52,35,1.4857142857142858,False,0.27113229176029563,0.4431606165386911,0.97,1.4367559004733368,1.0,3.5370538520162746,1.5242063681852338,-0.8432317356950769,0.0,-0.8433759505240145,2.7024346935016186,4.605170185988092,1.7265625,-0.6789200397972684,0.0402513132637012,0.5739788268057654,3.3411034200351857,0.0,-0.8476155349617915,0.004403846153846154,-0.8429414367923265,,
ace,1.5,27,Bayesian stacking,52,52,35,1.4857142857142858,False,0.039941833820194006,0.0960462246615673,0.76,0.11029718206393355,0.9766666666666667,0.2829097819963302,0.40109838840248246,-1.815548051117979,0.0,-1.8670407669047266,,,,,,,,,,,,,
ace,1.5,27,PVI,52,52,35,1.4857142857142858,False,9.51137875020504,0.07754114835020862,0.94,0.1646832463119832,0.9833333333333333,0.2709469810256152,0.21784762096864335,-2.562536735610077,0.0,-2.6075427310486003,,,,,,,,,,,,1.0,True
ace,1.5,27,PVI (no KL),52,52,35,1.4857142857142858,False,0.16765204211696982,0.09876884972264689,0.6466666666666666,0.13677862787492848,0.7466666666666667,0.22503659067620216,0.4124505369988673,112.57448565359567,0.0,-0.7716125158157897,,,,,,,,,,,,0.0,True
ace,1.5,28,Bayesian ridge,52,52,35,1.4857142857142858,False,0.0015401248820126057,0.18971068775371025,0.7866666666666666,0.18677119931931965,0.8933333333333333,0.3072874365266918,1.487722758041164,-0.21222106609501792,0.0,-1.0037479216015555,,,,,,,,,,,,,
ace,1.5,28,POPS hypercube,52,52,35,1.4857142857142858,False,0.03323258273303509,0.18971068775371025,0.35333333333333333,0.06151567763538774,0.49666666666666665,0.0923935270622606,2.746003509805345,,,,,,,,,,,,,,,,
ace,1.5,28,POPS ellipse,52,52,35,1.4857142857142858,False,0.25685975002124906,0.18963692564797402,0.7633333333333333,0.2326434898495547,0.88,0.3653702592662563,1.1772074924119527,inf,0.03333333333333333,-0.8052611079459433,,,,,,,,,,,,,
ace,1.5,28,Ellipse+EB,52,52,35,1.4857142857142858,False,0.26683674985542893,0.1896369256479743,0.9266666666666666,0.36531873627862665,0.9833333333333333,0.5963510700717277,0.8373438901485106,-1.2853814085431872,0.0,-1.3624495050176249,,,,,,,,,,,,,
ace,1.5,28,Ellipse+PAC,52,52,35,1.4857142857142858,False,0.39995529083535075,0.23764515795726304,0.95,0.6647556694727758,0.9933333333333333,1.2842585462967417,0.9263192839315373,-1.1232083451296544,0.0,-1.12438076476059,3.3512809922883022,4.605170185988092,3.65625,-1.1433221417036254,0.04092747932993468,8.59193999238383,4.453675654661993,0.0,-1.2467614559803568,0.002355769230769231,-1.1237663956465986,,
ace,1.5,28,Bayesian stacking,52,52,35,1.4857142857142858,False,0.040925334207713604,0.06771152610537484,0.8433333333333334,0.09261053126811374,0.98,0.1572265147004638,0.24427336568509964,-2.3379584869380072,0.0,-2.3754136103153227,,,,,,,,,,,,,
ace,1.5,28,PVI,52,52,35,1.4857142857142858,False,9.590410792268813,0.06749722090670722,0.9266666666666666,0.1025696127279988,0.9933333333333333,0.16875382005143033,0.17938362942960762,-2.656109272980619,0.0,-2.6662904607777986,,,,,,,,,,,,1.0,True
ace,1.5,28,PVI (no KL),52,52,35,1.4857142857142858,False,0.22030616691336036,0.050743708131122,0.3566666666666667,0.04237597629678801,0.49666666666666665,0.06971955619502673,0.5440461964023763,2477.472043321165,0.0,0.755326170359671,,,,,,,,,,,,0.0,True
ace,1.5,29,Bayesian ridge,52,52,35,1.4857142857142858,False,0.0013602077960968018,0.23228964889260295,0.84,0.3543289641226948,0.9666666666666667,0.5829637517413448,1.1782199090508825,-0.7029124097892935,0.0,-0.7795439351509225,,,,,,,,,,,,,
ace,1.5,29,POPS hypercube,52,52,35,1.4857142857142858,False,0.03255904186517,0.23228964889260295,0.36,0.12507319733882216,0.5533333333333333,0.18566526504177674,3.134214629615646,,,,,,,,,,,,,,,,
ace,1.5,29,POPS ellipse,52,52,35,1.4857142857142858,False,0.25684762513265014,0.23229746417517463,0.8766666666666667,0.34819505417994717,0.9366666666666666,0.5468458081643542,1.3722500856799582,inf,0.013333333333333334,-0.86283563826614,,,,,,,,,,,,,
ace,1.5,29,Ellipse+EB,52,52,35,1.4857142857142858,False,0.26634200010448694,0.2322974641751745,0.9466666666666667,0.463681837842395,0.98,0.7516622286999048,0.9257973651782644,-0.9910440595647602,0.0,-1.0054370928527487,,,,,,,,,,,,,
ace,1.5,29,Ellipse+PAC,52,52,35,1.4857142857142858,False,0.33377008279785514,0.2954938645740183,0.99,1.2183965432432529,1.0,3.2432852963013463,1.3025128506753625,-0.8925551339918595,0.0,-0.8895459781107071,3.4118872951119927,4.605170185988092,0.8125,0.015624693843558926,0.04465528771297245,2.439751994611515,3.351607313555461,0.0,-0.22701472952302243,0.006187499999999999,-0.8857505512225776,,
ace,1.5,29,Bayesian stacking,52,52,35,1.4857142857142858,False,0.03560316702350974,0.0788829728200513,0.8366666666666667,0.06644169513625563,0.93,0.1127992250343668,0.546787394466789,-1.5894064730807689,0.0,-2.382561753783723,,,,,,,,,,,,,
ace,1.5,29,PVI,52,52,35,1.4857142857142858,False,9.410332749597728,0.07373073478798305,0.8666666666666667,0.07821787832450976,0.9533333333333334,0.12868885250237336,0.488098022395591,-1.1525377747305674,0.0,-2.6481370826844124,,,,,,,,,,,,1.0,True
ace,1.5,29,PVI (no KL),52,52,35,1.4857142857142858,False,0.11849170923233032,0.07589030328123912,0.3933333333333333,0.0244505451309975,0.5433333333333333,0.040227537020517644,0.8276761887544458,103.55978354195487,0.0,0.3469700004758704,,,,,,,,,,,,0.0,True
ace,3.0,0,Bayesian ridge,105,105,35,3.0,False,0.0019536251202225685,0.2483653873042953,0.7766666666666666,0.23066270532951227,0.92,0.3795004351920213,1.5035509635392517,-0.4131156432029746,0.0,-0.7630593762709273,,,,,,,,,,,,,
ace,3.0,0,POPS hypercube,105,105,35,3.0,False,0.031681083142757416,0.2483653873042953,0.4266666666666667,0.14931716088364405,0.7766666666666666,0.22384506843631674,2.0995775188514756,,,,,,,,,,,,,,,,
ace,3.0,0,POPS ellipse,105,105,35,3.0,False,0.10183420777320862,0.2483960179080136,0.9266666666666666,0.3690492778877038,0.9666666666666667,0.5795976944424827,0.8334366190569773,-0.630988003433631,0.0,-1.1679720179812902,,,,,,,,,,,,,
ace,3.0,0,Ellipse+EB,105,105,35,3.0,False,0.10495316609740257,0.24839601790801344,0.9966666666666667,0.71505416959606,1.0,1.177898859903816,0.7245156410351526,-0.9800356201423331,0.0,-0.9731679661405296,,,,,,,,,,,,,
ace,3.0,0,Ellipse+PAC,105,105,35,3.0,False,0.5045209168456495,0.2909625519273091,1.0,1.5606644610558675,1.0,4.616748010998495,1.5606644610558675,-1.5912361467073708,0.0,-1.5852624887543876,1.5571576705180181,4.605170185988092,1.03125,-1.1182942298584448,0.04141851539506084,1.0064454294493208,2.634033384981402,0.0,-1.2269451937708347,0.0026810141509433965,-1.5791318647164276,,
ace,3.0,0,Bayesian stacking,105,105,35,3.0,False,0.08662825031206012,0.0491976745712287,0.88,0.15121127736675305,0.9633333333333334,0.22806936554852125,0.26602639006223927,-1.761836386097397,0.0,-1.8411449671512896,,,,,,,,,,,,,
ace,3.0,0,PVI,105,105,35,3.0,False,13.138980207964778,0.09448027618437489,0.8433333333333334,0.11896566634696278,0.9833333333333333,0.1957296134504529,0.23446104833481665,-2.5554394124903608,0.0,-2.6108389100777813,,,,,,,,,,,,1.0,True
ace,3.0,0,PVI (no KL),105,105,35,3.0,False,0.7231660829856992,0.06847220410104557,0.6133333333333333,0.06869438149030255,0.78,0.11302021119354777,0.469652300424249,5.418365878112601,0.0,-1.2184972484331842,,,,,,,,,,,,0.0,False
ace,3.0,1,Bayesian ridge,105,105,35,3.0,False,0.0016622920520603657,0.2001890809536765,0.77,0.2606643230776468,0.95,0.42886093747008486,1.27577693598905,-0.4000483874930678,0.0,-0.7356335630164965,,,,,,,,,,,,,
ace,3.0,1,POPS hypercube,105,105,35,3.0,False,0.03352204104885459,0.2001890809536765,0.4166666666666667,0.14760882216197532,0.65,0.22247052887083835,2.6739479044240113,,,,,,,,,,,,,,,,
ace,3.0,1,POPS ellipse,105,105,35,3.0,False,0.2662602919153869,0.20019352411713898,0.88,0.37517322776132184,0.9866666666666667,0.5892154540217615,0.7576566111752844,inf,0.0033333333333333335,-1.1604491490500703,,,,,,,,,,,,,
ace,3.0,1,Ellipse+EB,105,105,35,3.0,False,0.26949499966576695,0.20019352411713925,0.99,0.59546411734716,1.0,0.9731682877407457,0.6687707445374583,-1.1213274902586394,0.0,-1.1152417224928843,,,,,,,,,,,,,
ace,3.0,1,Ellipse+PAC,105,105,35,3.0,False,0.6266651656478643,0.2693860980286275,1.0,1.0493228730300224,1.0,3.0620855443795576,1.0493228730300224,-1.5534380956235179,0.0,-1.546523884725032,1.5044769532510434,4.605170185988092,0.41015625,-1.1411291842812763,0.03786777320682874,0.7733074628008619,2.607738364325491,0.0,-1.2445951275408056,0.0065659470246734394,-1.5395193458537202,,
ace,3.0,1,Bayesian stacking,105,105,35,3.0,False,0.08054033294320107,0.06546213970606707,0.8766666666666667,0.1322205502208959,0.9766666666666667,0.19900919978643347,0.2658336514442034,-1.9201870494707478,0.0,-1.9474338694588316,,,,,,,,,,,,,
ace,3.0,1,PVI,105,105,35,3.0,False,10.192515874747187,0.08989010197923467,0.8733333333333333,0.08637422816822576,0.9633333333333334,0.14210817970070289,0.3110347595142756,-2.7201446849750606,0.0,-2.7902051902960183,,,,,,,,,,,,1.0,True
ace,3.0,1,PVI (no KL),105,105,35,3.0,False,0.40315645886585116,0.11122909987046362,0.67,0.08937619248817712,0.78,0.14704719558636592,0.7529844003522809,24.535725426260573,0.0,-1.279159870526693,,,,,,,,,,,,0.0,True
ace,3.0,2,Bayesian ridge,105,105,35,3.0,False,0.0013773338869214058,0.5739961102836559,0.79,0.18417084080723595,0.9,0.30300916715678533,4.508639912598636,1.8449210394813504,0.0,-1.0921267638975776,,,,,,,,,,,,,
ace,3.0,2,POPS hypercube,105,105,35,3.0,False,0.034000708255916834,0.5739961102836559,0.6066666666666667,0.10550359856831372,0.79,0.1601144818700335,5.246125943543222,,,,,,,,,,,,,,,,
ace,3.0,2,POPS ellipse,105,105,35,3.0,False,0.0423334171064198,0.5736182860765825,0.8733333333333333,0.26756405136921674,0.9266666666666666,0.4202135502795276,3.4392573362263077,inf,0.023333333333333334,-1.3644944272976829,,,,,,,,,,,,,
ace,3.0,2,Ellipse+EB,105,105,35,3.0,False,0.04475095821544528,0.5736182860765826,0.9566666666666667,0.5582253238106674,0.9666666666666667,0.917962879643311,2.686932902401272,-0.8489770525699314,0.0,-1.0301869870428038,,,,,,,,,,,,,
ace,3.0,2,Ellipse+PAC,105,105,35,3.0,False,0.45791129069402814,0.5842557943035566,1.0,3.2753193945578034,1.0,6.759888837920835,3.2753193945578034,-1.2414407834040027,0.0,-1.2414785207363577,2.020028690895722,4.605170185988092,0.61328125,-1.012460039228358,0.041020077031662994,4.128268652285302,2.991468653092417,0.0,-1.144081858083716,0.010936003265602321,-1.2404685626394454,,
ace,3.0,2,Bayesian stacking,105,105,35,3.0,False,0.0754096251912415,0.0625717380567758,0.8833333333333333,0.14869284734873145,0.9766666666666667,0.2250985001027235,0.31349695395896543,-1.8505046023930882,0.0,-2.0033058458569135,,,,,,,,,,,,,
ace,3.0,2,PVI,105,105,35,3.0,False,12.310507582966238,0.11894419527758242,0.9266666666666666,0.1909251634726241,0.98,0.31412179321950484,0.27559711380328555,-2.888539931669035,0.0,-2.9286581900447417,,,,,,,,,,,,1.0,True
ace,3.0,2,PVI (no KL),105,105,35,3.0,False,0.3391582085750997,0.15039548214183826,0.69,0.08844085286654602,0.82,0.14550831745279738,0.9837843989903312,0.6658487894702286,0.0,-1.7409448563381371,,,,,,,,,,,,0.0,True
ace,3.0,3,Bayesian ridge,105,105,35,3.0,False,0.0012927916832268238,0.16539960668988568,0.7433333333333333,0.19108847198290901,0.92,0.3143904784004714,1.2121505442368663,-0.2573141966380088,0.0,-0.9297584038420441,,,,,,,,,,,,,
ace,3.0,3,POPS hypercube,105,105,35,3.0,False,0.03085820795968175,0.16539960668988568,0.6366666666666667,0.12752060859137054,0.7766666666666666,0.19159393496230923,1.6923321222811323,,,,,,,,,,,,,,,,
ace,3.0,3,POPS ellipse,105,105,35,3.0,False,0.21628329204395413,0.1654021425969601,0.9133333333333333,0.3170753872986601,0.9466666666666667,0.4979718819519841,0.9327753061237488,inf,0.03,-1.298624758003805,,,,,,,,,,,,,
ace,3.0,3,Ellipse+EB,105,105,35,3.0,False,0.21924095787107944,0.16540214259696043,0.9633333333333334,0.41627212934089836,0.97,0.6737781687036559,0.8026902258227829,-1.1822763776306657,0.0,-1.2889041724367658,,,,,,,,,,,,,
ace,3.0,3,Ellipse+PAC,105,105,35,3.0,False,0.676490334328264,0.22210288297203043,0.9833333333333333,2.372050558936562,1.0,14.09910598447031,2.389527465753147,-1.4408352015883803,0.0,-1.434997167461876,1.4132123665624525,4.605170185988092,1.01953125,-1.237918289946168,0.0375472921619209,0.7773693360017292,2.6135833643466997,0.0,-1.3367103898839403,0.0022287735849056602,-1.428973281352246,,
ace,3.0,3,Bayesian stacking,105,105,35,3.0,False,0.07443249970674515,0.0715518006046404,0.8133333333333334,0.14417867565699838,0.9266666666666666,0.22212623664340148,0.5164107290693289,-0.9054722977693227,0.0,-1.66967234392167,,,,,,,,,,,,,
ace,3.0,3,PVI,105,105,35,3.0,False,13.677620999980718,0.06605533648690318,0.8366666666666667,0.08435487848325098,0.9566666666666667,0.13878582170113798,0.4009048632775753,-1.7398107730474772,0.0,-2.554133630511072,,,,,,,,,,,,1.0,False
ace,3.0,3,PVI (no KL),105,105,35,3.0,False,0.7029856247827411,0.06463377152096327,0.68,0.0792757495188664,0.7766666666666666,0.1304293270973537,0.5385849508697289,17.517778771992962,0.0,-1.4375718551774601,,,,,,,,,,,,0.0,False
ace,3.0,4,Bayesian ridge,105,105,35,3.0,False,0.0015315827913582325,0.16151051001188008,0.7,0.20839343980954886,0.91,0.34286167322068367,1.3377841815962799,0.06148447777968206,0.0,-0.5344463390759155,,,,,,,,,,,,,
ace,3.0,4,POPS hypercube,105,105,35,3.0,False,0.03250575019046664,0.16151051001188008,0.5266666666666666,0.14615534903653465,0.7266666666666667,0.21897187954227695,2.144840871555938,,,,,,,,,,,,,,,,
ace,3.0,4,POPS ellipse,105,105,35,3.0,False,0.05557029228657484,0.16153355775184838,0.8266666666666667,0.3092542001659281,0.9333333333333333,0.48568858456719965,0.944453047103194,inf,0.0033333333333333335,-0.8574073930125974,,,,,,,,,,,,,
ace,3.0,4,Ellipse+EB,105,105,35,3.0,False,0.0563296671025455,0.16153355775184836,0.98,0.49111754278220815,1.0,0.802361773966397,0.6013458009792724,-1.0888214367953373,0.0,-1.0828641211882895,,,,,,,,,,,,,
ace,3.0,4,Ellipse+PAC,105,105,35,3.0,False,0.39926049998030066,0.3088999176557454,0.98,0.7612992647542034,0.9933333333333333,1.9394846155125511,0.875347075928821,-1.2723741620163727,0.0,-1.2787724476325995,1.8139454152071517,4.605170185988092,1.03125,-0.821401250104555,0.04069042204070304,0.9389695040481829,2.594656243271004,0.0,-1.0198720731680466,0.006165593251088534,-1.2786545085242975,,
ace,3.0,4,Bayesian stacking,105,105,35,3.0,False,0.07868037465959787,0.05268142304595224,0.88,0.15914600596019107,0.9566666666666667,0.23777748196819065,0.32782768047151895,-1.4543891700311444,0.0,-1.677120711233442,,,,,,,,,,,,,
ace,3.0,4,PVI,105,105,35,3.0,False,11.68492120783776,0.050641862921492996,0.8433333333333334,0.0890924367467485,0.9366666666666666,0.14658034323064345,0.24571818452730723,-2.413115662980116,0.0,-2.5453097947402377,,,,,,,,,,,,1.0,True
ace,3.0,4,PVI (no KL),105,105,35,3.0,False,0.7126988749951124,0.04784970961300888,0.67,0.08135437051089754,0.84,0.13384920188789773,0.3505221325387974,1.1291313242792955,0.0,-1.6569257662364023,,,,,,,,,,,,0.0,False
ace,3.0,5,Bayesian ridge,105,105,35,3.0,False,0.0012222500517964363,0.2710645521968081,0.69,0.15731083087695547,0.8733333333333333,0.2588174308150055,2.1693942434933136,0.590273911472215,0.0,-0.8159758766854156,,,,,,,,,,,,,
ace,3.0,5,POPS hypercube,105,105,35,3.0,False,0.0308141247369349,0.2710645521968081,0.5766666666666667,0.10338405142288311,0.7333333333333333,0.156683777433517,2.6220670783981355,,,,,,,,,,,,,,,,
ace,3.0,5,POPS ellipse,105,105,35,3.0,False,0.10183362476527691,0.2710629382340467,0.85,0.24688241755538348,0.95,0.38773271914388485,1.439898555482475,inf,0.016666666666666666,-1.3175563523312706,,,,,,,,,,,,,
ace,3.0,5,Ellipse+EB,105,105,35,3.0,False,0.107594458386302,0.2710629382340465,0.97,0.4048103851432412,0.9866666666666667,0.6602068289412586,0.9467648865237234,-1.2853434497391603,0.0,-1.3201714766740151,,,,,,,,,,,,,
ace,3.0,5,Ellipse+PAC,105,105,35,3.0,False,0.45077754091471434,0.35858743675610844,1.0,1.495630188487992,1.0,4.049045962206593,1.495630188487992,-1.4695502815115056,0.0,-1.4630612354069523,1.7318321403586814,4.605170185988092,0.8203125,-0.9955781282146988,0.04084041378747483,1.591405954937835,2.6865698547859056,0.0,-1.1814542050393373,0.005704780478955007,-1.4564319275279263,,
ace,3.0,5,Bayesian stacking,105,105,35,3.0,False,0.07364937523379922,0.0840115866260004,0.8866666666666667,0.15664759861666833,0.9733333333333334,0.22505173035336432,0.3257394843599156,-1.8421336472627536,0.0,-1.9424611302823898,,,,,,,,,,,,,
ace,3.0,5,PVI,105,105,35,3.0,False,11.01448554219678,0.09706757262830826,0.8533333333333334,0.0864057403999998,0.95,0.14216002555786061,0.42103414738763245,-2.3445434786479646,0.0,-2.626414617233435,,,,,,,,,,,,1.0,True
ace,3.0,5,PVI (no KL),105,105,35,3.0,False,0.3184649171307683,0.11379793176846749,0.6766666666666666,0.09143255712111954,0.8133333333333334,0.15043045284939122,0.44463773869762935,3.4267287981885706,0.0,-1.5265416836838117,,,,,,,,,,,,0.0,True
ace,3.0,6,Bayesian ridge,105,105,35,3.0,False,0.0013483338989317417,0.20220363720080306,0.7433333333333333,0.21881282066450847,0.9566666666666667,0.3600042778877011,1.1602550776525975,-0.46466481520414105,0.0,-0.7643885080445978,,,,,,,,,,,,,
ace,3.0,6,POPS hypercube,105,105,35,3.0,False,0.030035207979381084,0.20220363720080306,0.47,0.14640690822443206,0.85,0.22410889376809762,1.675106352659022,,,,,,,,,,,,,,,,
ace,3.0,6,POPS ellipse,105,105,35,3.0,False,0.07441841578111053,0.20221233843118072,0.9133333333333333,0.3111511692408907,0.9766666666666667,0.48866780433039764,0.8923785627816339,-1.0420046935365688,0.0,-1.2510888381799112,,,,,,,,,,,,,
ace,3.0,6,Ellipse+EB,105,105,35,3.0,False,0.07486508321017027,0.20221233843118025,0.9866666666666667,0.5687141845326635,0.9966666666666667,0.9314327747505979,0.7802333741985013,-1.0694626562326803,0.0,-1.0687869658608509,,,,,,,,,,,,,
ace,3.0,6,Ellipse+PAC,105,105,35,3.0,False,0.448271915782243,0.469069303460347,0.9866666666666667,0.9341214822800837,1.0,2.531859973363821,1.3426415246016616,-1.5215380593427164,0.0,-1.522516718987431,1.9255185953932181,4.605170185988092,0.8203125,-0.9253220945671021,0.042632184863806745,2.6259980875148727,2.8082085050965135,0.0,-1.1122993399215972,0.008066491291727141,-1.520127224789136,,
ace,3.0,6,Bayesian stacking,105,105,35,3.0,False,0.10009970795363188,0.06675176826702126,0.9,0.14423367505995344,0.9766666666666667,0.22897774805156335,0.2633352933575293,-1.9391725293031383,0.0,-2.005369248520562,,,,,,,,,,,,,
ace,3.0,6,PVI,105,105,35,3.0,False,10.635864125099033,0.07804744004453203,0.8866666666666667,0.08915499434416053,0.9733333333333334,0.14668326682814703,0.3209489460294229,-2.6824664789301074,0.0,-2.80692701917499,,,,,,,,,,,,1.0,True
ace,3.0,6,PVI (no KL),105,105,35,3.0,False,0.4845802499912679,0.08344712711443283,0.7633333333333333,0.0933612934869246,0.88,0.15360372825664892,0.37360244738800075,-0.778711031144823,0.0,-2.0396347537635675,,,,,,,,,,,,0.0,True
ace,3.0,7,Bayesian ridge,105,105,35,3.0,False,0.001490249764174223,0.17863321211694244,0.7466666666666667,0.21716289055542262,0.9366666666666666,0.35728971164024464,1.1585433804194756,-0.5635331413791975,0.0,-0.8233074683129029,,,,,,,,,,,,,
ace,3.0,7,POPS hypercube,105,105,35,3.0,False,0.02846287516877055,0.17863321211694244,0.6233333333333333,0.15519013741086346,0.83,0.23510592081358297,1.704933985276135,,,,,,,,,,,,,,,,
ace,3.0,7,POPS ellipse,105,105,35,3.0,False,0.0847599171102047,0.17861819813699067,0.9466666666666667,0.34213039766191,0.99,0.5373211697324388,0.5091354917880576,-1.2518700869257093,0.0,-1.3235391312965892,,,,,,,,,,,,,
ace,3.0,7,Ellipse+EB,105,105,35,3.0,False,0.08945433283224702,0.17861819813699092,1.0,0.8305652208291495,1.0,1.368135867867072,0.8305652208291495,-0.8151632300888084,0.0,-0.80814894019407,,,,,,,,,,,,,
ace,3.0,7,Ellipse+PAC,105,105,35,3.0,False,0.5403270837850869,0.31979988794167413,0.95,0.8929303277499233,1.0,1.711693920306506,0.9458485623802341,-1.2431711633259823,0.0,-1.2387837057614135,1.5876181375933953,4.605170185988092,0.515625,-1.0044875355299034,0.036627596913565236,0.47425178504932886,2.5554780762097336,0.0,-1.0582333152040997,0.0066547079100145136,-1.234192232673731,,
ace,3.0,7,Bayesian stacking,105,105,35,3.0,False,0.08237983379513025,0.0648339902478269,0.7866666666666666,0.11721510289360543,0.8966666666666666,0.17399164282031956,0.5238184420982512,-0.8529668075853803,0.0,-1.788352058512146,,,,,,,,,,,,,
ace,3.0,7,PVI,105,105,35,3.0,False,11.80774054210633,0.0774271893286173,0.86,0.09694018690431827,0.98,0.15949194329109295,0.2658693745704072,-2.601882177592633,0.0,-2.6349942606414847,,,,,,,,,,,,1.0,True
ace,3.0,7,PVI (no KL),105,105,35,3.0,False,0.5581436660140753,0.07992942426993689,0.74,0.09668227334122544,0.8466666666666667,0.15906760807272363,0.38052202370376914,0.8679515356591827,0.0,-1.8936926071925597,,,,,,,,,,,,0.0,True
ace,3.0,8,Bayesian ridge,105,105,35,3.0,False,0.0013310420326888561,0.14733633120313624,0.8033333333333333,0.26379837767392655,0.95,0.4340172763828044,0.9159072903926413,-0.7406048824522282,0.0,-0.9383954368779734,,,,,,,,,,,,,
ace,3.0,8,POPS hypercube,105,105,35,3.0,False,0.031015709042549133,0.14733633120313624,0.5166666666666667,0.146636799912014,0.77,0.2194411705385525,1.4757612985918092,,,,,,,,,,,,,,,,
ace,3.0,8,POPS ellipse,105,105,35,3.0,False,0.12165870796889067,0.1473347542448492,0.9433333333333334,0.3754298446087088,0.9866666666666667,0.5896184748160355,0.5468197820029214,-1.288409148435461,0.0,-1.3174550881364895,,,,,,,,,,,,,
ace,3.0,8,Ellipse+EB,105,105,35,3.0,False,0.12765250029042363,0.14733475424484954,1.0,0.8669620959108931,1.0,1.4326639836521702,0.8669620959108931,-0.9065358595225708,0.0,-0.8996838572554979,,,,,,,,,,,,,
ace,3.0,8,Ellipse+PAC,105,105,35,3.0,False,0.44483475014567375,0.3080325692904747,0.98,1.0113790525188662,1.0,2.03950198015856,1.0737986645255944,-1.9146982248573434,0.0,-1.9122136402908734,0.9283083485235974,4.605170185988092,1.234375,-1.7878874624599237,0.035906692103878875,1.0601848199955666,2.6802891188796423,0.0,-1.8685076863875345,0.004463942307692308,-1.908418227822022,,
ace,3.0,8,Bayesian stacking,105,105,35,3.0,False,0.08157512499019504,0.07130306814096128,0.9233333333333333,0.1603744142873568,0.9633333333333334,0.2274422931670469,0.28602904501467563,-1.6883938134569154,0.0,-1.9103104206110182,,,,,,,,,,,,,
ace,3.0,8,PVI,105,105,35,3.0,False,13.905439957976341,0.07972204574075135,0.7833333333333333,0.0762108041853573,0.9166666666666666,0.12538669098396535,0.37335204059664967,-1.5756739952949066,0.0,-2.235143992272912,,,,,,,,,,,,1.0,False
ace,3.0,8,PVI (no KL),105,105,35,3.0,False,0.6769163329154253,0.07641498296938208,0.59,0.06776142846966761,0.75,0.11148525964236879,0.5277554998967697,4.489720449495149,0.0,-1.0327216125208083,,,,,,,,,,,,0.0,True
ace,3.0,9,Bayesian ridge,105,105,35,3.0,False,0.0014659580774605274,0.15725285543562043,0.69,0.18656587663888813,0.8833333333333333,0.3069496270552074,1.1484316817176294,-0.03553636217201259,0.0,-0.4519936855305076,,,,,,,,,,,,,
ace,3.0,9,POPS hypercube,105,105,35,3.0,False,0.032281875144690275,0.15725285543562043,0.5066666666666667,0.1189053499651903,0.71,0.18322131870681665,1.8445384044328883,,,,,,,,,,,,,,,,
ace,3.0,9,POPS ellipse,105,105,35,3.0,False,0.05527129117399454,0.15725439634230334,0.9366666666666666,0.3777733011148961,0.9866666666666667,0.5932989101112528,0.48678168462506427,-1.1836751294117267,0.0,-1.2655182888312737,,,,,,,,,,,,,
ace,3.0,9,Ellipse+EB,105,105,35,3.0,False,0.061705250293016434,0.1572543963423032,1.0,0.5499116162671102,1.0,0.8949650051107941,0.5499116162671102,-1.1798077740636723,0.0,-1.1721585698955637,,,,,,,,,,,,,
ace,3.0,9,Ellipse+PAC,105,105,35,3.0,False,0.4419255000539124,0.29355452337734744,0.9866666666666667,1.0393830116114995,1.0,2.2828071185088343,1.0523501128782036,-1.3046595660000688,0.0,-1.297883284711957,1.6416804895250272,4.605170185988092,2.46875,-0.8980999015413851,0.03732533008236712,0.1753421611087439,2.5024550609840452,0.0,-0.981574580583373,0.00078125,-1.2910186008664375,,
ace,3.0,9,Bayesian stacking,105,105,35,3.0,False,0.08846858283504844,0.05061724899952686,0.8733333333333333,0.14563403887623086,0.9533333333333334,0.21234832850875573,0.2855669441068833,-1.8628451163308402,0.0,-2.010151951207964,,,,,,,,,,,,,
ace,3.0,9,PVI,105,105,35,3.0,False,9.724492290988564,0.04694024651944383,0.89,0.08452185204415688,0.98,0.13906053684825642,0.16529930296901896,-2.790999031512391,0.0,-2.801904265520516,,,,,,,,,,,,1.0,True
ace,3.0,9,PVI (no KL),105,105,35,3.0,False,0.2537723332643509,0.0585113857425306,0.7133333333333334,0.06914829883277307,0.8666666666666667,0.11376702385562364,0.3948922137039465,0.40432034062103234,0.0,-1.9495320536073177,,,,,,,,,,,,0.0,True
ace,3.0,10,Bayesian ridge,105,105,35,3.0,False,0.0013201669789850712,0.25118600277338476,0.7366666666666667,0.2129314388504121,0.9133333333333333,0.3503278676730915,1.8527420474538125,0.08408177882348307,0.0,-0.6796488300323215,,,,,,,,,,,,,
ace,3.0,10,POPS hypercube,105,105,35,3.0,False,0.032752624712884426,0.25118600277338476,0.53,0.15641471563493106,0.7733333333333333,0.2330666037319232,2.108407156711677,,,,,,,,,,,,,,,,
ace,3.0,10,POPS ellipse,105,105,35,3.0,False,0.11965712532401085,0.2511740181027108,0.8766666666666667,0.28593030423387217,0.9433333333333334,0.44905803922374155,1.483958367621304,inf,0.013333333333333334,-1.0469976561391476,,,,,,,,,,,,,
ace,3.0,10,Ellipse+EB,105,105,35,3.0,False,0.12537004193291068,0.25117401810271134,0.95,0.40785671430219794,0.9866666666666667,0.664380554302196,1.0660678740188863,-1.025385880231788,0.0,-1.100350237666067,,,,,,,,,,,,,
ace,3.0,10,Ellipse+PAC,105,105,35,3.0,False,0.6372574591077864,0.28692122457496233,0.9966666666666667,1.2790037751344085,0.9966666666666667,2.2633921749465746,1.2859178447589206,-1.18320974357289,0.0,-1.1798734671336837,1.669808718096208,4.605170185988092,0.87890625,-0.8325567069955866,0.03346549978368667,0.0002811335061221247,2.468899925308108,0.0,-0.8423369419278203,1.4423076923076923e-05,-1.1749068010591934,,
ace,3.0,10,Bayesian stacking,105,105,35,3.0,False,0.07856266712769866,0.06975544531457988,0.9066666666666666,0.16086410212561872,0.9633333333333334,0.23867490941279632,0.3446204144281001,-2.0126901346442865,0.0,-2.1517595372405482,,,,,,,,,,,,,
ace,3.0,10,PVI,105,105,35,3.0,False,11.854349875357002,0.16474880758258093,0.9166666666666666,0.12809069063270245,0.9933333333333333,0.21074266327412944,0.3841550167738104,-2.7162030411846754,0.0,-2.748257450205473,,,,,,,,,,,,1.0,True
ace,3.0,10,PVI (no KL),105,105,35,3.0,False,0.7015770841389894,0.13975287989318527,0.73,0.12524718371070787,0.84,0.2060643512217892,0.5349002983869368,8.015222573757075,0.0,-1.620592516098236,,,,,,,,,,,,0.0,False
ace,3.0,11,Bayesian ridge,105,105,35,3.0,False,0.0013534589670598507,0.27837431383294875,0.7,0.18620287077077444,0.8966666666666666,0.30635238752864596,1.759323091454819,0.015091058528400746,0.0,-0.8675329436776072,,,,,,,,,,,,,
ace,3.0,11,POPS hypercube,105,105,35,3.0,False,0.031034083105623722,0.27837431383294875,0.64,0.1380497256616746,0.79,0.2083258690970122,2.054531959121587,,,,,,,,,,,,,,,,
ace,3.0,11,POPS ellipse,105,105,35,3.0,False,0.12895908299833536,0.27834540016604364,0.87,0.27414702333099045,0.96,0.4305522112666508,1.1175550632867155,inf,0.0033333333333333335,-1.3782940007844589,,,,,,,,,,,,,
ace,3.0,11,Ellipse+EB,105,105,35,3.0,False,0.131246083881706,0.27834540016604276,0.9666666666666667,0.4162925166690371,0.9966666666666667,0.6792838513319972,0.7135669451485528,-1.4193557499504195,0.0,-1.4311399956196909,,,,,,,,,,,,,
ace,3.0,11,Ellipse+PAC,105,105,35,3.0,False,0.4021825003437698,0.3762827564017658,0.9866666666666667,1.088529438862447,1.0,2.528294558992368,1.094354480596804,-1.7612111508859227,0.0,-1.7552479804726597,1.3287932053951668,4.605170185988092,2.0390625,-1.3805670648683792,0.040631275331659895,1.081251114113051,2.668728994931886,0.0,-1.480828223724557,0.002588851596516691,-1.7490763691776536,,
ace,3.0,11,Bayesian stacking,105,105,35,3.0,False,0.08098358428105712,0.09472230910875333,0.9266666666666666,0.17703030122566005,0.99,0.25905532125662245,0.25869259773008413,-1.7790157232738208,0.0,-1.9614362379829005,,,,,,,,,,,,,
ace,3.0,11,PVI,105,105,35,3.0,False,9.200783624779433,0.06287854445347033,0.88,0.08797820357806475,0.97,0.1447471384573933,0.23150376661090705,-2.833208811369852,0.0,-2.9015706291992243,,,,,,,,,,,,1.0,False
ace,3.0,11,PVI (no KL),105,105,35,3.0,False,0.7256989576853812,0.06442694450676649,0.7266666666666667,0.09112936863920057,0.8433333333333334,0.14993162855671205,0.35199502089735,0.6385363746584616,0.0,-1.8979903163810707,,,,,,,,,,,,0.0,False
ace,3.0,12,Bayesian ridge,105,105,35,3.0,False,0.0014069592580199242,0.14846796180177316,0.8133333333333334,0.23840634870285782,0.9433333333333334,0.3922407523835601,0.8971886484347198,-0.7191017392728969,0.0,-0.8848309019583663,,,,,,,,,,,,,
ace,3.0,12,POPS hypercube,105,105,35,3.0,False,0.031644499860703945,0.14846796180177316,0.7266666666666667,0.18259871344009174,0.8833333333333333,0.2736949403604973,1.0874718935104715,,,,,,,,,,,,,,,,
ace,3.0,12,POPS ellipse,105,105,35,3.0,False,0.04481979086995125,0.14848990934020273,0.91,0.35944789744919226,0.99,0.5645185754763705,0.6215162762460877,inf,0.006666666666666667,-1.2297332663056064,,,,,,,,,,,,,
ace,3.0,12,Ellipse+EB,105,105,35,3.0,False,0.051366500090807676,0.1484899093402032,1.0,0.6902295422091147,1.0,1.1324689088679325,0.6902295422091147,-0.9547295340057872,0.0,-0.9474000341757611,,,,,,,,,,,,,
ace,3.0,12,Ellipse+PAC,105,105,35,3.0,False,0.4996502078138292,0.2619573881861977,1.0,1.1807834352084436,1.0,3.492422465338883,1.1807834352084436,-1.5291208606388287,0.0,-1.5217632858731247,1.8394399478667367,4.605170185988092,1.2265625,-0.7728361879270956,0.04349680025465898,0.7752237127512306,2.5687793355391735,0.0,-0.9590087540554996,0.0025758798984034832,-1.5143192968142447,,
ace,3.0,12,Bayesian stacking,105,105,35,3.0,False,0.08506800001487136,0.048506199223070576,0.8533333333333334,0.12543598497083677,0.9633333333333334,0.19397152339518556,0.2967707180094261,-1.8613003960463197,0.0,-2.1826947017089626,,,,,,,,,,,,,
ace,3.0,12,PVI,105,105,35,3.0,False,10.379734041634947,0.06730407564019218,0.8166666666666667,0.06095029278229946,0.9333333333333333,0.10027916131010657,0.3133756902179739,-2.394068210190001,0.0,-2.6250427328572745,,,,,,,,,,,,1.0,True
ace,3.0,12,PVI (no KL),105,105,35,3.0,False,0.4188419580459595,0.07380567884970933,0.6166666666666667,0.04660922650530573,0.7766666666666666,0.07668435917049787,0.4783182512419669,4.630669436658217,0.0,-1.5092142219122717,,,,,,,,,,,,0.0,True
ace,3.0,13,Bayesian ridge,105,105,35,3.0,False,0.0013072090223431587,0.15316242579599232,0.72,0.181866638964102,0.92,0.2992181529094219,1.150753069481702,-0.412065217954627,0.0,-0.7924974656128919,,,,,,,,,,,,,
ace,3.0,13,POPS hypercube,105,105,35,3.0,False,0.03245054092258215,0.15316242579599232,0.46,0.12230344881777153,0.72,0.1789050262756076,1.5419637337359644,,,,,,,,,,,,,,,,
ace,3.0,13,POPS ellipse,105,105,35,3.0,False,0.05288633285090327,0.15315229901332783,0.8866666666666667,0.2596481704665506,0.96,0.4077815348399457,0.651433547179697,inf,0.006666666666666667,-1.287618939692391,,,,,,,,,,,,,
ace,3.0,13,Ellipse+EB,105,105,35,3.0,False,0.055267666932195425,0.15315229901332789,0.9866666666666667,0.4264049972565676,1.0,0.6979299984553949,0.4941548063115031,-1.2555458082078739,0.0,-1.2490439246374354,,,,,,,,,,,,,
ace,3.0,13,Ellipse+PAC,105,105,35,3.0,False,0.4372924165800214,0.21910536423552016,0.9866666666666667,0.7868397498884794,1.0,1.726829350284382,0.7927003949760848,-1.4195222828329201,0.0,-1.4119950538363761,1.859940767202319,4.605170185988092,1.03125,-0.6951562487029587,0.03849547361423689,0.4835596770633627,2.5166015422910406,0.0,-0.8021777318086947,0.004407474600870828,-1.4043934692694475,,
ace,3.0,13,Bayesian stacking,105,105,35,3.0,False,0.08900733292102814,0.045248966474338556,0.8733333333333333,0.14237199455065158,0.9666666666666667,0.20984810886753957,0.28593197411229265,-1.8412087051278005,0.0,-1.9906295623837476,,,,,,,,,,,,,
ace,3.0,13,PVI,105,105,35,3.0,False,9.893309999722987,0.06548723162759554,0.8633333333333333,0.10719386504326942,0.9666666666666667,0.1763619236829903,0.23416282177052822,-2.46277396880117,0.0,-2.6579623982358975,,,,,,,,,,,,1.0,True
ace,3.0,13,PVI (no KL),105,105,35,3.0,False,0.5753888748586178,0.07297281444400266,0.6966666666666667,0.10480009975477422,0.8166666666666667,0.17242355416012473,0.3796255460498067,29.576167564777183,0.0,-1.4958024944630575,,,,,,,,,,,,0.0,True
ace,3.0,14,Bayesian ridge,105,105,35,3.0,False,0.0013568750582635403,0.22717601082098554,0.7533333333333333,0.18416637717136367,0.9033333333333333,0.3030018233091804,1.7971887290107713,0.18458456105021337,0.0,-0.8274108019582894,,,,,,,,,,,,,
ace,3.0,14,POPS hypercube,105,105,35,3.0,False,0.031515832990407944,0.22717601082098554,0.5233333333333333,0.10292809662736445,0.73,0.1547683758279569,2.434629687790293,,,,,,,,,,,,,,,,
ace,3.0,14,POPS ellipse,105,105,35,3.0,False,0.07378658279776573,0.22717803822555285,0.8466666666666667,0.26267153337763194,0.94,0.41252977383598244,0.9801714366283301,inf,0.0033333333333333335,-1.203506848750507,,,,,,,,,,,,,
ace,3.0,14,Ellipse+EB,105,105,35,3.0,False,0.07509829197078943,0.22717803822555283,0.9566666666666667,0.41366285816348675,0.9966666666666667,0.6755442579262071,0.7456098925204203,-1.2409340064008298,0.0,-1.2606071933514447,,,,,,,,,,,,,
ace,3.0,14,Ellipse+PAC,105,105,35,3.0,False,0.43091020779684186,0.20411738021895667,0.99,1.109524336273798,1.0,2.3533572866754873,1.1352711047152289,-1.4347815333685157,0.0,-1.430475087237029,1.605002112756023,4.605170185988092,2.453125,-1.160258599310005,0.036521370786219254,1.7941734577575807,2.728739341279809,0.0,-1.1935940775930796,0.0009390420899854863,-1.425782240185682,,
ace,3.0,14,Bayesian stacking,105,105,35,3.0,False,0.07566908374428749,0.05783179563143118,0.9033333333333333,0.1273449873887171,0.9766666666666667,0.19069750147041867,0.24244892622032324,-1.8854829425317603,0.0,-2.109152472307912,,,,,,,,,,,,,
ace,3.0,14,PVI,105,105,35,3.0,False,10.704014124814421,0.048334576770922635,0.8366666666666667,0.07643522558990769,0.9666666666666667,0.12575592284817852,0.19660801196896538,-2.747191446543058,0.0,-2.783566577672134,,,,,,,,,,,,1.0,True
ace,3.0,14,PVI (no KL),105,105,35,3.0,False,0.6161427921615541,0.05952920562052162,0.6333333333333333,0.07531521875518254,0.75,0.12391321888531193,0.3635137855059161,11.141041832257496,0.0,-1.1520476876293997,,,,,,,,,,,,0.0,True
ace,3.0,15,Bayesian ridge,105,105,35,3.0,False,0.001327000092715025,0.1853917217132797,0.6766666666666666,0.19815135804241904,0.9233333333333333,0.3260107718912058,1.3754771774669525,-0.36088154299528796,0.0,-0.6276919247547093,,,,,,,,,,,,,
ace,3.0,15,POPS hypercube,105,105,35,3.0,False,0.033860915806144476,0.1853917217132797,0.48333333333333334,0.11608522069801912,0.6766666666666666,0.17200665167528123,2.4863174091981066,,,,,,,,,,,,,,,,
ace,3.0,15,POPS ellipse,105,105,35,3.0,False,0.09522654209285975,0.1853970355315821,0.8166666666666667,0.26450880936459575,0.93,0.4154152446657689,0.9932861025740857,inf,0.013333333333333334,-1.009615161420897,,,,,,,,,,,,,
ace,3.0,15,Ellipse+EB,105,105,35,3.0,False,0.10163958324119449,0.18539703553158257,0.9733333333333334,0.4133275270957732,0.9966666666666667,0.6760350637759315,0.5606178462222177,-1.2532674752350264,0.0,-1.2520314123032514,,,,,,,,,,,,,
ace,3.0,15,Ellipse+PAC,105,105,35,3.0,False,0.4091979172080755,0.2279936313044066,0.97,0.8941976192555865,0.9966666666666667,2.077128448616345,1.0796919705681371,-1.3269266141858,0.0,-1.327721647195246,1.258118996523217,4.605170185988092,0.46484375,-1.3795073570034475,0.03722575892123191,0.5967806076463931,2.600400594605433,0.0,-1.4928724802595938,0.006555288461538461,-1.3253219390312332,,
ace,3.0,15,Bayesian stacking,105,105,35,3.0,False,0.07886745827272534,0.051392764975393745,0.8866666666666667,0.15427291935309728,0.98,0.2260313100764599,0.26927549208863016,-1.7103875186373014,0.0,-1.9146739076524872,,,,,,,,,,,,,
ace,3.0,15,PVI,105,105,35,3.0,False,11.660675917286426,0.04899177126825798,0.84,0.08204977465210202,0.9533333333333334,0.13499332344775047,0.2412536849865506,-2.4773098466235197,0.0,-2.662122073336107,,,,,,,,,,,,1.0,True
ace,3.0,15,PVI (no KL),105,105,35,3.0,False,0.2754282923415303,0.05005627007524462,0.6333333333333333,0.07593781003607755,0.77,0.12493754425992715,0.37401236459440607,29.16057317974917,0.0,-1.3606841945738728,,,,,,,,,,,,0.0,True
ace,3.0,16,Bayesian ridge,105,105,35,3.0,False,0.0012327502481639385,0.21616060807451354,0.6666666666666666,0.2552511824146863,0.89,0.41995490632640925,1.3481339380654376,0.032964166964736495,0.0,-0.2878912814860114,,,,,,,,,,,,,
ace,3.0,16,POPS hypercube,105,105,35,3.0,False,0.033693666104227304,0.21616060807451354,0.59,0.19324505509318196,0.78,0.2914983049372844,1.9264507982657884,,,,,,,,,,,,,,,,
ace,3.0,16,POPS ellipse,105,105,35,3.0,False,0.040969083085656166,0.21616612268972746,0.9233333333333333,0.4293580851052176,0.9833333333333333,0.6743136245695248,0.7692523609862462,inf,0.0033333333333333335,-1.0697645278091106,,,,,,,,,,,,,
ace,3.0,16,Ellipse+EB,105,105,35,3.0,False,0.045557667035609484,0.21616612268972762,1.0,1.036997431376068,1.0,1.7094007477423254,1.036997431376068,-0.6559716552068018,0.0,-0.6496906234828169,,,,,,,,,,,,,
ace,3.0,16,Ellipse+PAC,105,105,35,3.0,False,0.42763412510976195,0.48216925081336115,0.9933333333333333,1.078176300313444,1.0,1.827399606418683,1.1268961105985873,-1.323050248576619,0.0,-1.3226554506936854,1.4076833448075319,4.605170185988092,0.1533203125,-1.1519077990261775,0.03391969442920738,0.17653369919283374,2.525671449404502,0.0,-1.160470418491308,0.00368291908563135,-1.3191511238628595,,
ace,3.0,16,Bayesian stacking,105,105,35,3.0,False,0.07454858301207423,0.049370764399915244,0.9333333333333333,0.134192270992152,0.97,0.19856393363638203,0.21167889653667352,-2.093437267828908,0.0,-2.1378347036552476,,,,,,,,,,,,,
ace,3.0,16,PVI,105,105,35,3.0,False,12.274962834082544,0.05354132220457483,0.9466666666666667,0.109461554062153,0.9866666666666667,0.1800928647916412,0.16799069354767454,-2.9626495351763076,0.0,-2.9627982252534295,,,,,,,,,,,,1.0,True
ace,3.0,16,PVI (no KL),105,105,35,3.0,False,0.7103457078337669,0.06744775442117275,0.6833333333333333,0.09707493967694168,0.8,0.15971364682041242,0.30017017022056647,37.36722946735265,0.0,-1.4926761946642413,,,,,,,,,,,,0.0,False
ace,3.0,17,Bayesian ridge,105,105,35,3.0,False,0.0013735000975430012,0.2793727223032006,0.5833333333333334,0.1744811072285837,0.8233333333333334,0.28706702295649017,2.419105921265531,0.9461409268240207,0.0,-0.3283510941774269,,,,,,,,,,,,,
ace,3.0,17,POPS hypercube,105,105,35,3.0,False,0.03408808307722211,0.2793727223032006,0.43666666666666665,0.10061443351523025,0.5966666666666667,0.15595600974387303,3.3232296937305033,,,,,,,,,,,,,,,,
ace,3.0,17,POPS ellipse,105,105,35,3.0,False,0.10803770879283547,0.2794297241072959,0.91,0.4047830494233367,0.97,0.6357181445740484,0.8366955739302587,-1.1522127292173865,0.0,-1.3350829131007296,,,,,,,,,,,,,
ace,3.0,17,Ellipse+EB,105,105,35,3.0,False,0.11327891563996673,0.279429724107295,1.0,0.9631886333661297,1.0,1.5873678251821304,0.9631886333661297,-0.8359735366903397,0.0,-0.8296216123840492,,,,,,,,,,,,,
ace,3.0,17,Ellipse+PAC,105,105,35,3.0,False,0.4481761250644922,0.4194209435362126,0.9833333333333333,0.9799203187062847,1.0,1.7423669682068574,0.9873686130738232,-1.6210277594688889,0.0,-1.6149964093634364,1.182623279046311,4.605170185988092,0.41015625,-1.5246879452062578,0.03485722510791099,1.0722438572736812,2.672453999144658,0.0,-1.5733668328515518,0.003589622641509434,-1.6088172780815984,,
ace,3.0,17,Bayesian stacking,105,105,35,3.0,False,0.07758929207921028,0.07684976624869527,0.8933333333333333,0.14259251196603073,0.96,0.21013454690090375,0.2363900678507278,-1.9339268470639543,0.0,-2.0611364136446197,,,,,,,,,,,,,
ace,3.0,17,PVI,105,105,35,3.0,False,10.70842737518251,0.08781576567451371,0.9,0.07821699599061996,0.9666666666666667,0.12868740083252198,0.3433568504302935,-3.0152842137966913,0.0,-3.0384163921202565,,,,,,,,,,,,1.0,True
ace,3.0,17,PVI (no KL),105,105,35,3.0,False,0.24565150029957294,0.08507144831364168,0.77,0.08079196940528212,0.8633333333333333,0.13292390508263993,0.4329603779296374,1.25284690146377,0.0,-2.3062400593919588,,,,,,,,,,,,0.0,True
ace,3.0,18,Bayesian ridge,105,105,35,3.0,False,0.0011777500621974468,0.1541889492046555,0.7133333333333334,0.18955501496821514,0.9166666666666666,0.3118675408341524,0.9825169390234879,-0.5072738571481564,0.0,-0.7463491979765302,,,,,,,,,,,,,
ace,3.0,18,POPS hypercube,105,105,35,3.0,False,0.03208870813250542,0.1541889492046555,0.46,0.11785285167924732,0.78,0.1806952851997017,1.623584130247199,,,,,,,,,,,,,,,,
ace,3.0,18,POPS ellipse,105,105,35,3.0,False,0.05062191607430577,0.15414728942492312,0.95,0.28693702955262473,0.9866666666666667,0.45063911716819804,0.6248312896240424,-1.3158016210774721,0.0,-1.4322877025979093,,,,,,,,,,,,,
ace,3.0,18,Ellipse+EB,105,105,35,3.0,False,0.05545312538743019,0.15414728942492326,0.99,0.45087678250026336,1.0,0.7361394514977828,0.5238538714403244,-1.2955640823325951,0.0,-1.2885237667746872,,,,,,,,,,,,,
ace,3.0,18,Ellipse+PAC,105,105,35,3.0,False,0.37727408297359943,0.18280506560130136,0.9966666666666667,0.7136529477189384,1.0,1.8104564503572034,0.7186874625452393,-1.5813022892544186,0.0,-1.5740016581872973,1.6190020928686262,4.605170185988092,3.28125,-1.036423168347624,0.043600156973100025,0.8747233488403223,2.61182510424315,0.0,-1.1747289245859696,0.00048507801161103045,-1.5666059225959483,,
ace,3.0,18,Bayesian stacking,105,105,35,3.0,False,0.06981145776808262,0.055877914871063354,0.94,0.1603855244078221,0.99,0.2304764771741916,0.20673124130086498,-2.111025583036223,0.0,-2.1566895405644906,,,,,,,,,,,,,
ace,3.0,18,PVI,105,105,35,3.0,False,9.16411070805043,0.08162671386914797,0.9333333333333333,0.0717607983749463,0.9733333333333334,0.11806526839315026,0.33720865849196086,-2.8830862601651157,0.0,-3.131631734680093,,,,,,,,,,,,1.0,True
ace,3.0,18,PVI (no KL),105,105,35,3.0,False,0.4817330832593143,0.07260255650802247,0.7433333333333333,0.06946035545774583,0.8733333333333333,0.11428043856136265,0.34784685525952636,1.5029613683603906,0.0,-2.3141793083494906,,,,,,,,,,,,0.0,True
ace,3.0,19,Bayesian ridge,105,105,35,3.0,False,0.0013825828209519386,0.23155062866569787,0.7566666666666667,0.1956058961830596,0.9133333333333333,0.3218228218625628,1.4303244019663404,-0.3899591722918892,0.0,-0.9573818473374662,,,,,,,,,,,,,
ace,3.0,19,POPS hypercube,105,105,35,3.0,False,0.0325949159450829,0.23155062866569787,0.5,0.13936907155700845,0.7233333333333334,0.204610817063091,2.140689830196299,,,,,,,,,,,,,,,,
ace,3.0,19,POPS ellipse,105,105,35,3.0,False,0.0746500832028687,0.23158946451866746,0.89,0.24612320056366155,0.96,0.3865403569192459,1.0753126028418007,inf,0.006666666666666667,-1.5070204058679615,,,,,,,,,,,,,
ace,3.0,19,Ellipse+EB,105,105,35,3.0,False,0.07741979183629155,0.2315894645186674,0.98,0.4228216455713569,0.9933333333333333,0.6928364472443598,0.7576602828910818,-1.3924082614573912,0.0,-1.4007232091974122,,,,,,,,,,,,,
ace,3.0,19,Ellipse+PAC,105,105,35,3.0,False,0.3720237500965595,0.3033259373931688,0.99,0.7772788779083922,1.0,1.4595407426975173,0.7945243791485245,-1.8236464528809908,0.0,-1.8182031262434377,0.9651668544538969,4.605170185988092,0.853515625,-1.6292189752169028,0.036023421291720606,0.2482882419845859,2.5583624083790792,0.0,-1.6870036273495501,0.0012995283018867924,-1.812351325214507,,
ace,3.0,19,Bayesian stacking,105,105,35,3.0,False,0.07621145807206631,0.05569633030507502,0.9,0.14315883927277645,0.9833333333333333,0.2188123221486694,0.22781982212636223,-1.9227314075384683,0.0,-2.0276568067080256,,,,,,,,,,,,,
ace,3.0,19,PVI,105,105,35,3.0,False,10.288946958258748,0.05770647299495854,0.9,0.09994119598638478,0.9633333333333334,0.16442938756077885,0.2121398566232798,-2.8258483413735114,0.0,-2.8987666230493963,,,,,,,,,,,,1.0,True
ace,3.0,19,PVI (no KL),105,105,35,3.0,False,0.5693970830179751,0.06356717809244629,0.73,0.12308475243636326,0.8266666666666667,0.20250658661257637,0.31892917532200427,16.724895720553572,0.0,-1.8087517426445776,,,,,,,,,,,,0.0,True
ace,3.0,20,Bayesian ridge,105,105,35,3.0,False,0.0014049997553229332,0.24009084091582147,0.68,0.2167620805193418,0.8466666666666667,0.35663027437705674,1.7873824987551798,0.46280215856336987,0.0,-0.38297745236747405,,,,,,,,,,,,,
ace,3.0,20,POPS hypercube,105,105,35,3.0,False,0.03509195800870657,0.24009084091582147,0.5466666666666666,0.1303478365135623,0.7166666666666667,0.1987150838294596,2.688327594070968,,,,,,,,,,,,,,,,
ace,3.0,20,POPS ellipse,105,105,35,3.0,False,0.11443316703662276,0.24005876594677472,0.9733333333333334,0.8188783634108486,0.9966666666666667,1.2860613470870443,0.9143755033746408,-1.3778403011024427,0.0,-1.381459893727278,,,,,,,,,,,,,
ace,3.0,20,Ellipse+EB,105,105,35,3.0,False,0.11911454191431403,0.24005876594677525,1.0,1.1805695969682906,1.0,1.907402466231775,1.1805695969682906,-0.8943636883083299,0.0,-0.8888478757682918,,,,,,,,,,,,,
ace,3.0,20,Ellipse+PAC,105,105,35,3.0,False,0.32539137499406934,0.63020833455311,0.9766666666666667,0.8728607997340655,0.9966666666666667,2.0155044045075208,1.0807726500204295,-2.067601236462045,0.0,-2.072403109569687,0.7528234579180162,4.605170185988092,1.859375,-1.924150003783588,0.04187390662193942,0.7389714990748699,2.6350995550796648,0.0,-2.04253596863109,0.0033498730043541366,-2.0714051169489074,,
ace,3.0,20,Bayesian stacking,105,105,35,3.0,False,0.07722612516954541,0.047637548118535704,0.9433333333333334,0.16054051919314916,0.9933333333333333,0.2335485553225739,0.20325358628457071,-2.0888694420045537,0.0,-2.125138253592648,,,,,,,,,,,,,
ace,3.0,20,PVI,105,105,35,3.0,False,13.103326791431755,0.17264835410193097,0.9066666666666666,0.16530349676916364,0.98,0.27196745513343323,0.2623389366364855,-2.8647353766536403,0.0,-2.9295322484070567,,,,,,,,,,,,1.0,True
ace,3.0,20,PVI (no KL),105,105,35,3.0,False,0.6969523746520281,0.08922956512743971,0.6966666666666667,0.10354176222826104,0.89,0.17035326005580478,0.31920694921513393,0.4313997439614707,0.0,-2.095584278207766,,,,,,,,,,,,0.0,False
ace,3.0,21,Bayesian ridge,105,105,35,3.0,False,0.001229624729603529,0.19608129469294663,0.58,0.16839224417404294,0.87,0.27704925187502366,1.4552973194656516,0.16694539924330093,0.0,-0.2540246676325554,,,,,,,,,,,,,
ace,3.0,21,POPS hypercube,105,105,35,3.0,False,0.02573333401232958,0.19608129469294663,0.41333333333333333,0.11563324506052834,0.72,0.17568466476621403,2.0253935088329,,,,,,,,,,,,,,,,
ace,3.0,21,POPS ellipse,105,105,35,3.0,False,0.14527312479913235,0.1960740696297427,0.87,0.29659605214171425,0.9566666666666667,0.46580876403824995,0.6676467639094217,inf,0.0033333333333333335,-1.0470271421660153,,,,,,,,,,,,,
ace,3.0,21,Ellipse+EB,105,105,35,3.0,False,0.15158295817673206,0.19607406962974236,0.9533333333333334,0.3882846696891172,0.9933333333333333,0.6289846026019851,0.5369378153398714,-1.2188011317985255,0.0,-1.2154207941043702,,,,,,,,,,,,,
ace,3.0,21,Ellipse+PAC,105,105,35,3.0,False,0.36066304240375757,0.45356709421618957,0.9933333333333333,0.9010201072926083,1.0,1.9514894891086316,0.905596729454906,-1.7287407635521874,0.0,-1.7235056630474146,1.3728888871872704,4.605170185988092,1.01953125,-1.2834496560976822,0.03680901797836881,0.7691714155755236,2.6195295253065836,0.0,-1.3506626149282082,0.0013263334542815675,-1.7178333086999138,,
ace,3.0,21,Bayesian stacking,105,105,35,3.0,False,0.07982854219153523,0.042171797159977445,0.87,0.1491104539063766,0.9733333333333334,0.2195818684488889,0.23750363792950263,-2.024047801395155,0.0,-2.0584080595066907,,,,,,,,,,,,,
ace,3.0,21,PVI,105,105,35,3.0,False,11.260519375093281,0.04946317862409406,0.9133333333333333,0.08985621117661183,0.9766666666666667,0.14783695178427853,0.18762942550067,-2.8170734064065006,0.0,-3.013910576512388,,,,,,,,,,,,1.0,True
ace,3.0,21,PVI (no KL),105,105,35,3.0,False,0.22390941577032208,0.055101494740778835,0.78,0.08326596187204033,0.9033333333333333,0.13699426928154795,0.2550592805062027,0.008571725800517243,0.0,-2.440182570191533,,,,,,,,,,,,0.0,True
ace,3.0,22,Bayesian ridge,105,105,35,3.0,False,0.0012712078168988228,0.16557171247235195,0.8333333333333334,0.1956843537735075,0.9433333333333334,0.3219519051041581,0.9793840404459182,-0.7189160374955073,0.0,-1.2158696267297322,,,,,,,,,,,,,
ace,3.0,22,POPS hypercube,105,105,35,3.0,False,0.03079925011843443,0.16557171247235195,0.5833333333333334,0.11755592415591132,0.7366666666666667,0.17657228356391097,1.5529087248632163,,,,,,,,,,,,,,,,
ace,3.0,22,POPS ellipse,105,105,35,3.0,False,0.0817666663788259,0.16555140910905056,0.93,0.26041959812454174,0.98,0.40899307410798036,0.5715960597747963,inf,0.0033333333333333335,-1.576510719285781,,,,,,,,,,,,,
ace,3.0,22,Ellipse+EB,105,105,35,3.0,False,0.08443366689607501,0.16555140910905028,0.9766666666666667,0.3616720191797437,1.0,0.5880744520410535,0.42868671794030966,-1.5240488319180974,0.0,-1.516684442252948,,,,,,,,,,,,,
ace,3.0,22,Ellipse+PAC,105,105,35,3.0,False,0.4300170838832855,0.43222334650867267,1.0,1.2734539726109781,1.0,3.710374273619036,1.2734539726109781,-1.49359071063473,0.0,-1.4878726572701897,1.51772263752758,4.605170185988092,0.41015625,-1.1438232933755677,0.04207412702802056,0.8410946171809409,2.6194718038751272,0.0,-1.3577156673290787,0.005549619013062409,-1.4819832270096882,,
ace,3.0,22,Bayesian stacking,105,105,35,3.0,False,0.07437958288937807,0.04978367851248115,0.8366666666666667,0.14029272844998378,0.9333333333333333,0.21855784259574496,0.38961229771150746,-1.2414117432573368,0.0,-1.7727915718272986,,,,,,,,,,,,,
ace,3.0,22,PVI,105,105,35,3.0,False,9.964275707956403,0.05862002651273341,0.87,0.07612128533609781,0.97,0.125239409080706,0.21053932845193798,-2.72731173702279,0.0,-2.8583076133643375,,,,,,,,,,,,1.0,True
ace,3.0,22,PVI (no KL),105,105,35,3.0,False,0.36148570803925395,0.059888351789569506,0.6366666666666667,0.06897480600623551,0.7666666666666667,0.11348158281269631,0.2782822968482156,17.95673110699485,0.0,-1.3744385904711571,,,,,,,,,,,,0.0,True
ace,3.0,23,Bayesian ridge,105,105,35,3.0,False,0.0012005832977592945,0.2337154823423132,0.7033333333333334,0.25872275167982905,0.9133333333333333,0.42566654508066243,1.711223426564617,-0.056560809018863456,0.0,-0.41301465408105154,,,,,,,,,,,,,
ace,3.0,23,POPS hypercube,105,105,35,3.0,False,0.031653125304728746,0.2337154823423132,0.5133333333333333,0.15624121501446425,0.6933333333333334,0.2400773304764335,2.671991781702284,,,,,,,,,,,,,,,,
ace,3.0,23,POPS ellipse,105,105,35,3.0,False,0.03336395788937807,0.23374653040108215,0.9133333333333333,0.3867056861282979,0.97,0.6073273612418784,1.055787233036507,inf,0.01,-0.9568744930698563,,,,,,,,,,,,,
ace,3.0,23,Ellipse+EB,105,105,35,3.0,False,0.03862966690212488,0.23374653040108168,1.0,1.5225190201332792,1.0,2.5208751697703113,1.5225190201332792,-0.28474923609145236,0.0,-0.27988435199413075,,,,,,,,,,,,,
ace,3.0,23,Ellipse+PAC,105,105,35,3.0,False,0.4260966661386192,0.35678041429691404,0.9966666666666667,0.9974942829984795,1.0,1.9616889246151739,1.0006526770367854,-1.5974375617690313,0.0,-1.5909495138802467,1.523195875642417,4.605170185988092,1.83203125,-1.1877014332059084,0.03795542868313513,1.2287045871693192,2.6729418801651903,0.0,-1.2617457268283725,0.0020896679970972424,-1.5843147029104019,,
ace,3.0,23,Bayesian stacking,105,105,35,3.0,False,0.07884829165413976,0.06409917597833177,0.93,0.16365660150870198,0.9733333333333334,0.2387570602116457,0.3138592791744124,-2.0004108184490903,0.0,-2.095991494340464,,,,,,,,,,,,,
ace,3.0,23,PVI,105,105,35,3.0,False,10.436708333902061,0.09202425109851298,0.8833333333333333,0.07845170171882423,0.9466666666666667,0.1290735530970086,0.4300627970423223,-2.6208016889816603,0.0,-2.848835083850069,,,,,,,,,,,,1.0,True
ace,3.0,23,PVI (no KL),105,105,35,3.0,False,0.2716002920642495,0.09269755827781959,0.6633333333333333,0.05696441338124257,0.7633333333333333,0.09372134796458503,0.6660645611543791,523.502628014949,0.0,-1.4014966362526673,,,,,,,,,,,,0.0,True
ace,3.0,24,Bayesian ridge,105,105,35,3.0,False,0.0012652501463890076,0.19716672936798285,0.6433333333333333,0.21617229118046258,0.8833333333333333,0.3556599167700195,1.62085596024435,0.31208671148893435,0.0,-0.35304449727777476,,,,,,,,,,,,,
ace,3.0,24,POPS hypercube,105,105,35,3.0,False,0.03249020781368017,0.19716672936798285,0.48,0.1298674429769736,0.72,0.19978883251278004,2.396676020043959,,,,,,,,,,,,,,,,
ace,3.0,24,POPS ellipse,105,105,35,3.0,False,0.06958591565489769,0.19715544669239365,0.94,0.4821301732098455,0.9866666666666667,0.75719301881038,0.7009678256621973,-1.108530056969135,0.0,-1.1333530892937431,,,,,,,,,,,,,
ace,3.0,24,Ellipse+EB,105,105,35,3.0,False,0.0722752078436315,0.19715544669239402,0.9933333333333333,0.8113170397515185,1.0,1.3264064663285213,0.8140690210396948,-0.8867104827712152,0.0,-0.8801006341801045,,,,,,,,,,,,,
ace,3.0,24,Ellipse+PAC,105,105,35,3.0,False,0.500113416928798,0.23157440885812258,1.0,1.0091240440197218,1.0,2.6376052267571573,1.0091240440197218,-1.3766335409884705,0.0,-1.3697472165378557,1.4711455695167546,4.605170185988092,3.45703125,-1.1333148119381766,0.037862832701779245,0.4985322973356613,2.566597548753152,0.0,-1.19592548645199,0.0022547169811320757,-1.3627724439395512,,
ace,3.0,24,Bayesian stacking,105,105,35,3.0,False,0.07790483301505446,0.068816677962903,0.8633333333333333,0.154253372913607,0.9433333333333334,0.21976683031107033,0.43810601285957895,-1.114609045512382,0.0,-1.719871051776812,,,,,,,,,,,,,
ace,3.0,24,PVI,105,105,35,3.0,False,10.674795541912317,0.09491628169464922,0.9,0.10547594264486085,0.9733333333333334,0.17353549234945156,0.4058653260656292,-2.4778990593621177,0.0,-2.762656648633336,,,,,,,,,,,,1.0,True
ace,3.0,24,PVI (no KL),105,105,35,3.0,False,0.5089922081679106,0.09467862390111699,0.6466666666666666,0.09201600205532715,0.8066666666666666,0.15139037225259963,0.6031680773235372,4.298849276454801,0.0,-1.472948600426065,,,,,,,,,,,,0.0,True
ace,3.0,25,Bayesian ridge,105,105,35,3.0,False,0.0015080836601555347,0.20383748904353252,0.7066666666666667,0.20953569077213383,0.9333333333333333,0.3447409745875008,1.2222268287481102,-0.2963551631763634,0.0,-0.7877895893659338,,,,,,,,,,,,,
ace,3.0,25,POPS hypercube,105,105,35,3.0,False,0.032415584195405245,0.20383748904353252,0.48,0.1573498618378191,0.7166666666666667,0.22641020367293127,2.1561164988197574,,,,,,,,,,,,,,,,
ace,3.0,25,POPS ellipse,105,105,35,3.0,False,0.06601066561415792,0.203818561354957,0.8066666666666666,0.2886884184119692,0.9366666666666666,0.45338970091343195,0.9783653703087037,inf,0.01,-0.999821404198586,,,,,,,,,,,,,
ace,3.0,25,Ellipse+EB,105,105,35,3.0,False,0.06959604192525148,0.20381856135495688,0.97,0.4226300092561722,0.9933333333333333,0.6885705650660184,0.7724621215514864,-1.2050354976085322,0.0,-1.250847971184618,,,,,,,,,,,,,
ace,3.0,25,Ellipse+PAC,105,105,35,3.0,False,0.4499598750844598,0.22148239975578043,1.0,1.0644630945144726,1.0,2.6035863231848126,1.0644630945144726,-1.4416265004038002,0.0,-1.434484241237447,1.5288834024404294,4.605170185988092,4.125,-1.2329027723056236,0.03811729457057108,1.6203847675739025,2.723668880175482,0.0,-1.3040981700304575,0.0024110576923076924,-1.427254255133154,,
ace,3.0,25,Bayesian stacking,105,105,35,3.0,False,0.08225433435291052,0.06879426722596499,0.88,0.17459449045231887,0.98,0.25278105989998856,0.29785810222779513,-1.9178887594273193,0.0,-2.0087366619636486,,,,,,,,,,,,,
ace,3.0,25,PVI,105,105,35,3.0,False,14.028537834063172,0.1074385766673118,0.86,0.10036508282754635,0.9633333333333334,0.16512679219957033,0.2746874961124557,-2.649350456430236,0.0,-2.712967838440809,,,,,,,,,,,,1.0,False
ace,3.0,25,PVI (no KL),105,105,35,3.0,False,0.3634488331153989,0.11171395850918629,0.6766666666666666,0.09277928850141973,0.8366666666666667,0.15264617794539473,0.39624892951940777,17.842207709826386,0.0,-1.7648542729382692,,,,,,,,,,,,0.0,True
ace,3.0,26,Bayesian ridge,105,105,35,3.0,False,0.0014052088372409344,0.20679289115776486,0.6466666666666666,0.24073016815977502,0.9,0.3960640427327647,1.4900382689457767,-0.04403797524770643,0.0,-0.24244409399834604,,,,,,,,,,,,,
ace,3.0,26,POPS hypercube,105,105,35,3.0,False,0.028613416012376547,0.20679289115776486,0.5266666666666666,0.1604399051607053,0.71,0.24433319655884997,2.2418694809355717,,,,,,,,,,,,,,,,
ace,3.0,26,POPS ellipse,105,105,35,3.0,False,0.06355245783925056,0.20679742763413692,0.8633333333333333,0.36320015513612824,0.9833333333333333,0.570411555180192,0.8068776360138276,-0.7013329986027466,0.0,-0.9375701423227079,,,,,,,,,,,,,
ace,3.0,26,Ellipse+EB,105,105,35,3.0,False,0.06712720822542906,0.20679742763413603,1.0,0.7161167988599925,1.0,1.1785310042768453,0.7161167988599925,-0.878379550163687,0.0,-0.871500408263094,,,,,,,,,,,,,
ace,3.0,26,Ellipse+PAC,105,105,35,3.0,False,0.4549096659757197,0.32212485485406345,0.9933333333333333,0.6953159652534745,1.0,1.3101199511889388,0.6989544022483193,-1.6353009771920206,0.0,-1.6285055724365702,1.6002714812781682,4.605170185988092,0.6171875,-1.1918720278701795,0.03607775753372432,1.8421108295527717,2.7560657516146234,0.0,-1.2696975853548467,0.008221788824383163,-1.6216047068088615,,
ace,3.0,26,Bayesian stacking,105,105,35,3.0,False,0.10607408406212926,0.04800941515466093,0.8966666666666666,0.16068350354269956,0.9766666666666667,0.23333012911306827,0.25051782753077556,-1.7743665339172499,0.0,-1.8494084510788351,,,,,,,,,,,,,
ace,3.0,26,PVI,105,105,35,3.0,False,11.480586541816592,0.08799703532467058,0.9233333333333333,0.10208799609725858,0.98,0.16796143482079454,0.19772698016994522,-2.974395365531639,0.0,-2.979682534380542,,,,,,,,,,,,1.0,True
ace,3.0,26,PVI (no KL),105,105,35,3.0,False,0.3927779169753194,0.0787891692315092,0.77,0.08281229776974042,0.8666666666666667,0.13624787326573837,0.29057035080412724,2.1854015486370666,0.0,-2.129646329214796,,,,,,,,,,,,0.0,True
ace,3.0,27,Bayesian ridge,105,105,35,3.0,False,0.0013480419293045998,0.22721140680938162,0.7733333333333333,0.17488232763072759,0.9533333333333334,0.2877271353791032,1.3423947470209074,-0.8404941747768668,0.0,-1.2207810921613167,,,,,,,,,,,,,
ace,3.0,27,POPS hypercube,105,105,35,3.0,False,0.03179754177108407,0.22721140680938162,0.47,0.10351860505349413,0.7033333333333334,0.1539625028378048,1.8620539208568667,,,,,,,,,,,,,,,,
ace,3.0,27,POPS ellipse,105,105,35,3.0,False,0.07741879113018513,0.22718540474303542,0.7766666666666666,0.19555064366643826,0.9466666666666667,0.3071153610285589,1.09271937785308,inf,0.006666666666666667,-1.2973158922749803,,,,,,,,,,,,,
ace,3.0,27,Ellipse+EB,105,105,35,3.0,False,0.08185120765119791,0.22718540474303553,0.99,0.43050567513668275,0.9966666666666667,0.7094685828711135,0.7083279840330189,-1.388955094450547,0.0,-1.3906744591489653,,,,,,,,,,,,,
ace,3.0,27,Ellipse+PAC,105,105,35,3.0,False,0.4866537502966821,0.3507077236769793,0.9966666666666667,0.8762505930986648,1.0,1.8720456634971374,0.8767282337596082,-1.7812794601231163,0.0,-1.7745238344915852,1.6292990848138387,4.605170185988092,1.2265625,-1.2310936475920389,0.03819209092336659,2.5284266673438736,2.8222006414825107,0.0,-1.3012397657511863,0.003360576923076923,-1.767631862561759,,
ace,3.0,27,Bayesian stacking,105,105,35,3.0,False,0.0789554170332849,0.06559723868910573,0.91,0.17504898467301697,0.9766666666666667,0.26249033256394616,0.2539396672798947,-1.9572586939600896,0.0,-2.001802360842784,,,,,,,,,,,,,
ace,3.0,27,PVI,105,105,35,3.0,False,10.484023124910891,0.07414443966145152,0.88,0.08311869825185274,0.9766666666666667,0.13675198213820894,0.2893741667075673,-2.7726347814376613,0.0,-2.8892385809655523,,,,,,,,,,,,1.0,True
ace,3.0,27,PVI (no KL),105,105,35,3.0,False,0.4584491248242557,0.07940989514053245,0.7233333333333334,0.06761678103667203,0.8566666666666667,0.11124727681071507,0.4133683274378636,0.22143451251129836,0.0,-2.0949760323939444,,,,,,,,,,,,0.0,True
ace,3.0,28,Bayesian ridge,105,105,35,3.0,False,0.001247416716068983,0.16634434878244858,0.77,0.18206469440142722,0.9133333333333333,0.2995440058666638,1.3478100350048487,-0.13288405819671253,0.0,-0.9295269805643165,,,,,,,,,,,,,
ace,3.0,28,POPS hypercube,105,105,35,3.0,False,0.02912820829078555,0.16634434878244858,0.49333333333333335,0.12666758383919835,0.7133333333333334,0.17879483721838488,1.967331583647834,,,,,,,,,,,,,,,,
ace,3.0,28,POPS ellipse,105,105,35,3.0,False,0.06642833398655057,0.16635484769161882,0.8566666666666667,0.23134480688037737,0.9233333333333333,0.36333065724059965,1.0479426816306914,inf,0.01,-1.231665004362424,,,,,,,,,,,,,
ace,3.0,28,Ellipse+EB,105,105,35,3.0,False,0.07170137483626604,0.1663548476916182,0.98,0.48772724691633434,0.9933333333333333,0.8026376459203544,0.6749097748154825,-1.1264546651869698,0.0,-1.1301691154900488,,,,,,,,,,,,,
ace,3.0,28,Ellipse+PAC,105,105,35,3.0,False,0.45849645929411054,0.27678448986838816,0.9933333333333333,1.3223950557631932,1.0,4.47938353177154,1.356541193045767,-1.5033802258869684,0.0,-1.4975165975800289,1.691057011600925,4.605170185988092,1.2265625,-1.111063967430081,0.04068052816299156,1.9883479678825922,2.7614404508680144,0.0,-1.2034850410863995,0.004020908925979681,-1.4914858377141005,,
ace,3.0,28,Bayesian stacking,105,105,35,3.0,False,0.08549841679632664,0.048376490284409185,0.9133333333333333,0.12969493628922432,0.9633333333333334,0.19163327035248795,0.29289646354191573,-1.7592746761371514,0.0,-2.022335966581665,,,,,,,,,,,,,
ace,3.0,28,PVI,105,105,35,3.0,False,10.898255167063326,0.04207870835286307,0.85,0.059917272522111965,0.94,0.09857957299675837,0.2622940832206822,-2.297025519413346,0.0,-2.8211853772725397,,,,,,,,,,,,1.0,True
ace,3.0,28,PVI (no KL),105,105,35,3.0,False,0.6875622919760644,0.0395066296250202,0.71,0.05564616787156235,0.8366666666666667,0.09155248957068512,0.2815641063581788,-0.05159041373044337,0.0,-2.0214214532593555,,,,,,,,,,,,0.0,True
ace,3.0,29,Bayesian ridge,105,105,35,3.0,False,0.001451374962925911,0.249440109329641,0.69,0.20701535905644802,0.9133333333333333,0.3405943702130977,1.7674427185704258,0.06735557126525976,0.0,-0.6313172816598489,,,,,,,,,,,,,
ace,3.0,29,POPS hypercube,105,105,35,3.0,False,0.03067462518811226,0.249440109329641,0.54,0.14441743119043826,0.76,0.21518233658894503,2.476105595541774,,,,,,,,,,,,,,,,
ace,3.0,29,POPS ellipse,105,105,35,3.0,False,0.11813091672956944,0.2494426441312591,0.8966666666666666,0.33644731869997035,0.9833333333333333,0.5283958048529085,0.7791460446602916,-1.3108501063877627,0.0,-1.3365118011229458,,,,,,,,,,,,,
ace,3.0,29,Ellipse+EB,105,105,35,3.0,False,0.12126308307051659,0.24944264413125924,0.9933333333333333,0.5840529971391741,1.0,0.9566704499880602,0.6413148832396774,-1.112634767019645,0.0,-1.1061888989929751,,,,,,,,,,,,,
ace,3.0,29,Ellipse+PAC,105,105,35,3.0,False,0.4350894168019295,0.2904434592085144,0.9833333333333333,0.7556573732113175,1.0,1.545532251738083,0.7724099685530623,-1.5576628175206269,0.0,-1.5528554808570418,1.3011389591685676,4.605170185988092,3.71875,-1.3292944735646444,0.03910291917696699,0.5448610095714883,2.591330513556245,0.0,-1.4115981878444297,0.0024759615384615384,-1.5477735942401778,,
ace,3.0,29,Bayesian stacking,105,105,35,3.0,False,0.0740570412017405,0.07039452143793976,0.8766666666666667,0.1568719299479109,0.9466666666666667,0.22719674658330177,0.47371698109768945,-1.3552604310316951,0.0,-1.9274123907700853,,,,,,,,,,,,,
ace,3.0,29,PVI,105,105,35,3.0,False,11.5624586250633,0.07450238208792517,0.8566666666666667,0.08879432902495535,0.95,0.14608987811625496,0.3994464506830395,-1.2299578029897378,0.0,-2.666817559896423,,,,,,,,,,,,1.0,True
ace,3.0,29,PVI (no KL),105,105,35,3.0,False,0.6803384581580758,0.10018676057712088,0.63,0.07026527418636797,0.8066666666666666,0.11560474023973732,0.8023192159585407,16.691054501430184,0.0,-1.505955818352415,,,,,,,,,,,,0.0,True
ace,6.0,0,Bayesian ridge,210,210,35,6.0,False,0.0012919167056679726,0.16415585001973512,0.5566666666666666,0.14036870345324967,0.8366666666666667,0.23094320328788906,1.3413833529133017,0.8679365795559301,0.0,-0.1117928256281602,,,,,,,,,,,,,
ace,6.0,0,POPS hypercube,210,210,35,6.0,False,0.03144116699695587,0.16415585001973512,0.7133333333333334,0.15807397152337999,0.8866666666666667,0.24610030786611142,1.256920293552473,,,,,,,,,,,,,,,,
ace,6.0,0,POPS ellipse,210,210,35,6.0,False,0.0770062911324203,0.16415270198819154,0.9666666666666667,0.31782871833186704,0.98,0.49915500018621517,0.5221554024260373,inf,0.013333333333333334,-1.3905384448505704,,,,,,,,,,,,,
ace,6.0,0,Ellipse+EB,210,210,35,6.0,False,0.08178216638043523,0.16415270198819146,0.9833333333333333,0.5184150550154154,0.9966666666666667,0.8476861412242841,0.5733047238602734,-1.1579637501210165,0.0,-1.152516755753793,,,,,,,,,,,,,
ace,6.0,0,Ellipse+PAC,210,210,35,6.0,False,0.4077625419013202,0.3165557545249527,0.97,0.5235232773601319,0.9966666666666667,0.9000226371619434,0.7894840451139453,-1.5692149987594703,0.0,-1.7076306965821657,0.27983403312986255,4.605170185988092,3.69140625,-1.5921126673358483,0.0349252247214657,0.10771764468053766,1.8370214757442451,0.0,-1.6219091823358072,0.0,-1.7035069254623953,,
ace,6.0,0,Bayesian stacking,210,210,35,6.0,False,0.1654714997857809,0.05197544877549722,0.8733333333333333,0.14554632200421505,0.9633333333333334,0.19655629592407772,0.2641722514379631,-1.3875708934539446,0.0,-1.7334707668906553,,,,,,,,,,,,,
ace,6.0,0,PVI,210,210,35,6.0,False,14.50835141679272,0.15188930167932604,0.8166666666666667,0.13130750467928134,0.93,0.21603516311221355,0.20375222770435314,-2.2200230512616344,0.0,-2.5182285101385005,,,,,,,,,,,,0.1,False
ace,6.0,0,PVI (no KL),210,210,35,6.0,False,0.7847259999252856,0.11366714031510355,0.7533333333333333,0.08064473031747642,0.87,0.13268165830148076,0.39310072794330314,1.1492399485672993,0.0,-2.1361798916023074,,,,,,,,,,,,0.0,True
ace,6.0,1,Bayesian ridge,210,210,35,6.0,False,0.0014236252754926682,0.16709467635341374,0.57,0.1515701506305591,0.8766666666666667,0.2493725114523654,1.3139025856660993,0.3366634423316978,0.0,-0.30590332132020065,,,,,,,,,,,,,
ace,6.0,1,POPS hypercube,210,210,35,6.0,False,0.031922209076583385,0.16709467635341374,0.62,0.16981658338154015,0.8733333333333333,0.25941063022484645,1.3656009888000116,,,,,,,,,,,,,,,,
ace,6.0,1,POPS ellipse,210,210,35,6.0,False,0.04291487531736493,0.16709992988418673,0.9433333333333334,0.30763660018808714,0.99,0.4831481183642766,0.508410006619417,-1.2971548180234407,0.0,-1.3696403797602577,,,,,,,,,,,,,
ace,6.0,1,Ellipse+EB,210,210,35,6.0,False,0.047412625048309565,0.16709992988418637,0.9966666666666667,0.4695683033975008,1.0,0.7666044428994855,0.5046410902083925,-1.2424175980053522,0.0,-1.2349088303651554,,,,,,,,,,,,,
ace,6.0,1,Ellipse+PAC,210,210,35,6.0,False,0.39464279217645526,0.411578443421132,0.9866666666666667,0.7533706342133709,1.0,1.4728218373048512,0.7837000545895622,-1.5528386828526786,0.0,-1.5475150772056312,0.45722990050691426,4.605170185988092,3.28125,-1.4637770319292334,0.03605160239359281,0.5126820535374025,1.8849553300425548,0.0,-1.5072572441064422,0.0008535714285714286,-1.5417562907890976,,
ace,6.0,1,Bayesian stacking,210,210,35,6.0,False,0.1593115828000009,0.05365075397471993,0.8333333333333334,0.12034968505034299,0.92,0.17221725282683764,0.4089714414061727,-0.8435004690695644,0.0,-1.7534711088207617,,,,,,,,,,,,,
ace,6.0,1,PVI,210,210,35,6.0,False,14.02025841595605,0.059040727607192776,0.86,0.07544359408161563,0.9466666666666667,0.12412442984886875,0.26482943153626226,-2.4916806267069576,0.0,-2.7231119130368455,,,,,,,,,,,,1.0,True
ace,6.0,1,PVI (no KL),210,210,35,6.0,False,0.7963833338581026,0.0631175609119394,0.7366666666666667,0.07566296880645264,0.87,0.12448535860597687,0.43869832290691324,2.774906096581765,0.0,-2.1974741846368278,,,,,,,,,,,,0.0,False
ace,6.0,2,Bayesian ridge,210,210,35,6.0,False,0.0014298749156296253,0.14419300511648112,0.6266666666666667,0.15962481669789086,0.85,0.262624542262947,1.2354863882295917,0.37591717233319544,0.0,-0.2983602774491653,,,,,,,,,,,,,
ace,6.0,2,POPS hypercube,210,210,35,6.0,False,0.03167754225432873,0.14419300511648112,0.7366666666666667,0.19291045764155476,0.9133333333333333,0.2980434427280225,1.0323543648409832,,,,,,,,,,,,,,,,
ace,6.0,2,POPS ellipse,210,210,35,6.0,False,0.048221082892268896,0.14418737121149608,0.95,0.42564223180611765,0.9833333333333333,0.6684778185292808,0.5634366861137918,inf,0.0033333333333333335,-1.3168467716776753,,,,,,,,,,,,,
ace,6.0,2,Ellipse+EB,210,210,35,6.0,False,0.05036008358001709,0.14418737121149627,0.9966666666666667,0.5731516660108656,1.0,0.9271841562514002,0.592346724179102,-1.1590121972475886,0.0,-1.1515595728038128,,,,,,,,,,,,,
ace,6.0,2,Ellipse+PAC,210,210,35,6.0,False,0.47479075007140636,0.19292906427006876,0.9933333333333333,0.8093791995263478,1.0,1.9683740004187393,0.8710806535651129,-1.2029762254574912,0.0,-1.1977185247213862,1.261607567194547,4.605170185988092,4.1015625,-0.8354076999640618,0.0376153005493428,2.420233168663011,2.059399966609266,0.0,-0.9067707820414947,0.0014583333333333334,-1.1915288767765284,,
ace,6.0,2,Bayesian stacking,210,210,35,6.0,False,0.15648554172366858,0.05022175607335679,0.8133333333333334,0.12992912209113905,0.9166666666666666,0.1746662172310039,0.3864360372879519,-0.3440133542299187,0.0,-1.4952382910579958,,,,,,,,,,,,,
ace,6.0,2,PVI,210,210,35,6.0,False,14.50568174989894,0.06060273584702431,0.8833333333333333,0.1042574693294687,0.9866666666666667,0.17153078529114915,0.1567615164990159,-2.8297654065538222,0.0,-2.8447417890549977,,,,,,,,,,,,1.0,True
ace,6.0,2,PVI (no KL),210,210,35,6.0,False,0.800692040938884,0.06127367317343899,0.7933333333333333,0.09565262137211189,0.9333333333333333,0.15737356147851284,0.25075945876679173,-2.0618887284078578,0.0,-2.408349670846171,,,,,,,,,,,,0.0,False
ace,6.0,3,Bayesian ridge,210,210,35,6.0,False,0.0013066655956208706,0.14587647843046328,0.6,0.1418284142703108,0.81,0.23334480908514119,1.3495613909868118,0.6858386127854188,0.0,-0.1676329978363064,,,,,,,,,,,,,
ace,6.0,3,POPS hypercube,210,210,35,6.0,False,0.02906583296135068,0.14587647843046328,0.7266666666666667,0.16265739116430922,0.89,0.2511642696100536,1.1473653700447217,,,,,,,,,,,,,,,,
ace,6.0,3,POPS ellipse,210,210,35,6.0,False,0.140626082662493,0.14587600893330144,0.9466666666666667,0.3610102655676779,0.9733333333333334,0.5669722991756221,0.5498221964379099,inf,0.0033333333333333335,-1.3172906072959172,,,,,,,,,,,,,
ace,6.0,3,Ellipse+EB,210,210,35,6.0,False,0.14030095795169473,0.1458760089333022,0.9933333333333333,0.48612091403139457,1.0,0.7865334512803631,0.5122379005769762,-1.2818059098694827,0.0,-1.2742188083902724,,,,,,,,,,,,,
ace,6.0,3,Ellipse+PAC,210,210,35,6.0,False,0.4403556250035763,0.23424257798555304,0.9833333333333333,0.6693487647971016,0.9966666666666667,1.3071548724995539,0.6918142710792589,-1.5311838211006152,0.0,-1.5313658364423142,0.5786559245913416,4.605170185988092,4.1015625,-1.3320357654367325,0.036017393983240734,0.4117319733738206,1.8746742960448337,0.0,-1.3830356306006322,0.0014607142857142857,-1.527243189575114,,
ace,6.0,3,Bayesian stacking,210,210,35,6.0,False,0.1429402087815106,0.04922290573243942,0.86,0.131532378155309,0.9333333333333333,0.18322969264103967,0.39780651281926416,-0.8385631820913283,0.0,-1.765316402877357,,,,,,,,,,,,,
ace,6.0,3,PVI,210,210,35,6.0,False,14.836469291709363,0.05419087906390446,0.8966666666666666,0.07865515910933765,0.97,0.12940829367907436,0.20462823695949572,-2.8163980938644486,0.0,-2.9343642547279396,,,,,,,,,,,,1.0,True
ace,6.0,3,PVI (no KL),210,210,35,6.0,False,0.799755291081965,0.053754582807788547,0.8166666666666667,0.07780924529550955,0.8966666666666666,0.12801654437125232,0.21997516606973438,-2.04331447679989,0.0,-2.5018934137842477,,,,,,,,,,,,0.0,False
ace,6.0,4,Bayesian ridge,210,210,35,6.0,False,0.0015110000967979431,0.13291786929310556,0.6333333333333333,0.11539145316943944,0.8,0.1898490986338012,1.4003684137675794,1.31183279151668,0.0,-0.48291330108915353,,,,,,,,,,,,,
ace,6.0,4,POPS hypercube,210,210,35,6.0,False,0.029350957833230495,0.13291786929310556,0.71,0.12350395884021322,0.82,0.18761993001739932,1.337768764762074,,,,,,,,,,,,,,,,
ace,6.0,4,POPS ellipse,210,210,35,6.0,False,0.06979420781135559,0.132921434307158,0.9333333333333333,0.2541560803970683,0.98,0.3991561210194341,0.465163351844933,inf,0.0033333333333333335,-1.5988809286655743,,,,,,,,,,,,,
ace,6.0,4,Ellipse+EB,210,210,35,6.0,False,0.0736634167842567,0.1329214343071586,0.9866666666666667,0.385369017952022,1.0,0.6281654853631985,0.4322160688175102,-1.4630523915867142,0.0,-1.4553149069391138,,,,,,,,,,,,,
ace,6.0,4,Ellipse+PAC,210,210,35,6.0,False,0.40858162520453334,0.15452119167902797,0.98,0.4473370079519746,1.0,0.8612345148601172,0.5048639433498278,-1.7304431182687123,0.0,-1.7237435214457817,0.5306516739102056,4.605170185988092,1.025390625,-1.4144991346349554,0.036905084133117355,0.7293965725605247,1.9082457244120437,0.0,-1.4783602505940077,0.0031380952380952384,-1.716835178911618,,
ace,6.0,4,Bayesian stacking,210,210,35,6.0,False,0.16270129196345806,0.049348712524050875,0.84,0.1390857574976447,0.9166666666666666,0.18861888216321313,0.3932925195717967,-0.5255401936264079,0.0,-1.4196872425443243,,,,,,,,,,,,,
ace,6.0,4,PVI,210,210,35,6.0,False,13.812338375020772,0.059975252697613265,0.91,0.11749964914201362,0.9966666666666667,0.19331763199691707,0.1732028916229062,-2.991667289032391,0.0,-2.983766567029646,,,,,,,,,,,,1.0,True
ace,6.0,4,PVI (no KL),210,210,35,6.0,False,0.8008095412515104,0.055060899204605857,0.7666666666666667,0.09059103591614458,0.9366666666666666,0.14904593053116427,0.2295238669407401,-1.7196893021959128,0.0,-2.4275756339906516,,,,,,,,,,,,0.0,False
ace,6.0,5,Bayesian ridge,210,210,35,6.0,False,0.0014206250198185444,0.1295862075784696,0.6366666666666667,0.14889801604302444,0.81,0.24497615167928297,1.174204086445637,0.34209814035644126,0.0,-0.25781854108771474,,,,,,,,,,,,,
ace,6.0,5,POPS hypercube,210,210,35,6.0,False,0.035356291104108095,0.1295862075784696,0.7133333333333334,0.1486875633670946,0.8766666666666667,0.23088678144377117,1.1102978972680642,,,,,,,,,,,,,,,,
ace,6.0,5,POPS ellipse,210,210,35,6.0,False,0.046951333060860634,0.12954065981114526,0.9366666666666666,0.31245774630930895,0.99,0.4907198041630515,0.5171941334126255,-1.2349459847168853,0.0,-1.376726095890513,,,,,,,,,,,,,
ace,6.0,5,Ellipse+EB,210,210,35,6.0,False,0.05143987527117133,0.12954065981114513,0.9933333333333333,0.4937763674065108,1.0,0.8059462889251323,0.515783934675773,-1.2179276334343228,0.0,-1.210284332850491,,,,,,,,,,,,,
ace,6.0,5,Ellipse+PAC,210,210,35,6.0,False,0.43259754218161106,0.19255495552566276,0.9866666666666667,0.5412350867712554,1.0,1.1212259846302577,0.5910367516003053,-1.4804846989492493,0.0,-1.4733642592193787,0.7737592949805268,4.605170185988092,2.4609375,-1.1708606254362366,0.038413368982834414,0.7655459996211189,1.9062065514339288,0.0,-1.2844034479272506,0.0022357142857142858,-1.4659995193484043,,
ace,6.0,5,Bayesian stacking,210,210,35,6.0,False,0.163848333992064,0.049279981816848055,0.85,0.1344639892079896,0.9433333333333334,0.1832266592967229,0.3202477009174343,-1.2675527226254857,0.0,-1.6829364118849173,,,,,,,,,,,,,
ace,6.0,5,PVI,210,210,35,6.0,False,13.604408416897058,0.056243270524788266,0.8733333333333333,0.08536574555591259,0.95,0.1404489622311527,0.23394274982908878,-2.7029973979272053,0.0,-2.7980970955997604,,,,,,,,,,,,1.0,True
ace,6.0,5,PVI (no KL),210,210,35,6.0,False,0.5082288747653365,0.05187307565460452,0.76,0.07762247913051558,0.9066666666666666,0.12770926521750658,0.2473709626288146,-2.0282814157858926,0.0,-2.3723975306369742,,,,,,,,,,,,0.0,True
ace,6.0,6,Bayesian ridge,210,210,35,6.0,False,0.001201000064611435,0.12704632525486148,0.54,0.16349139849658564,0.8233333333333334,0.2689860798735201,1.2033854449095702,0.711398116403719,0.0,0.03662201695197626,,,,,,,,,,,,,
ace,6.0,6,POPS hypercube,210,210,35,6.0,False,0.03153158398345113,0.12704632525486148,0.6966666666666667,0.1876364970592964,0.9333333333333333,0.28874906837575187,0.8449373461732655,,,,,,,,,,,,,,,,
ace,6.0,6,POPS ellipse,210,210,35,6.0,False,0.04950833413749933,0.1270249967521061,0.9533333333333334,0.3723284922713886,0.9933333333333333,0.5847477521996604,0.4738803572591727,-1.2198396235051128,0.0,-1.2237441598237015,,,,,,,,,,,,,
ace,6.0,6,Ellipse+EB,210,210,35,6.0,False,0.055890791583806276,0.12702499675210546,1.0,0.5714388847266728,1.0,0.9317680183946819,0.5714388847266728,-1.0940549513728042,0.0,-1.0863544909314058,,,,,,,,,,,,,
ace,6.0,6,Ellipse+PAC,210,210,35,6.0,False,0.5365850003436208,0.7363634109807574,0.9933333333333333,0.9472679370933819,1.0,2.8401775009474783,0.9515720910126482,-1.508686124784142,0.0,-1.5057084668056493,0.8108253611669358,4.605170185988092,0.8203125,-1.1925712539157893,0.03703285849660792,1.3008810245704046,1.9663637565861172,0.0,-1.3061713714447962,0.00733452380952381,-1.5001186767686305,,
ace,6.0,6,Bayesian stacking,210,210,35,6.0,False,0.1620636247098446,0.043672245948816496,0.8966666666666666,0.1502085992284401,0.97,0.20716703488498098,0.22625102966875427,-1.8419155365903217,0.0,-1.9112502459864473,,,,,,,,,,,,,
ace,6.0,6,PVI,210,210,35,6.0,False,15.227237208280712,0.0661970707290363,0.9433333333333334,0.10207152651933127,0.99,0.16793433806069222,0.17215485666147348,-3.069934628038264,0.0,-3.110173272030012,,,,,,,,,,,,1.0,True
ace,6.0,6,PVI (no KL),210,210,35,6.0,False,0.8079451667144895,0.08111012523647484,0.8066666666666666,0.09448479382134968,0.8966666666666666,0.15545217993956673,0.24264577295968184,-1.2891683506796374,0.0,-2.4995466864454468,,,,,,,,,,,,0.0,False
ace,6.0,7,Bayesian ridge,210,210,35,6.0,False,0.0013535842299461365,0.12134016924115594,0.6733333333333333,0.1446813394906915,0.8533333333333334,0.23803861669984902,1.0112575199397558,0.06332002181744009,0.0,-0.5816944367790499,,,,,,,,,,,,,
ace,6.0,7,POPS hypercube,210,210,35,6.0,False,0.03225012496113777,0.12134016924115594,0.8133333333333334,0.17805095055370335,0.9366666666666666,0.2696543349762759,0.7757935161848056,,,,,,,,,,,,,,,,
ace,6.0,7,POPS ellipse,210,210,35,6.0,False,0.03844462474808097,0.12134368921489462,0.9633333333333334,0.3070074668591621,0.9933333333333333,0.4821600545777033,0.3938901702350821,-1.4943230942853354,0.0,-1.5106183460081206,,,,,,,,,,,,,
ace,6.0,7,Ellipse+EB,210,210,35,6.0,False,0.042681250255554914,0.12134368921489422,1.0,0.5058169944632378,1.0,0.8268144768132222,0.5058169944632378,-1.2478289885695226,0.0,-1.2398290225094801,,,,,,,,,,,,,
ace,6.0,7,Ellipse+PAC,210,210,35,6.0,False,0.4678302090615034,0.19198033654637908,0.9966666666666667,0.6485073148813169,1.0,1.635344009726518,0.6485106748177328,-1.566770408231227,0.0,-1.5592080715250691,0.6417832125951488,4.605170185988092,0.9228515625,-1.3589645760191864,0.03597050793587087,1.2657409738960732,1.9647772806784645,0.0,-1.4100551395906766,0.0029107142857142856,-1.5515062363814984,,
ace,6.0,7,Bayesian stacking,210,210,35,6.0,False,0.1679136250168085,0.04296133188889478,0.8466666666666667,0.12817412388304036,0.9333333333333333,0.17977749187162193,0.29824319809046607,-1.0128869247945536,0.0,-1.717729946984119,,,,,,,,,,,,,
ace,6.0,7,PVI,210,210,35,6.0,False,12.70059070829302,0.06430443164283077,0.8866666666666667,0.10257746547675538,0.9833333333333333,0.16876673987549262,0.20975627039968045,-2.788581299611069,0.0,-2.9131421246937594,,,,,,,,,,,,1.0,True
ace,6.0,7,PVI (no KL),210,210,35,6.0,False,0.5717674158513546,0.06622183611930059,0.77,0.09308396759180695,0.8933333333333333,0.15314745467858265,0.2490252256478612,-0.7579489802369432,0.0,-2.2805986097147986,,,,,,,,,,,,0.0,True
ace,6.0,8,Bayesian ridge,210,210,35,6.0,False,0.0015102499164640903,0.21283357851416274,0.6266666666666667,0.194403738629806,0.84,0.3198449584971896,1.6378972787934207,0.4950606803548923,0.0,-0.1666771975761852,,,,,,,,,,,,,
ace,6.0,8,POPS hypercube,210,210,35,6.0,False,0.0300394999794662,0.21283357851416274,0.7333333333333333,0.1977266458757746,0.9233333333333333,0.30731201350577286,1.4752181789885697,,,,,,,,,,,,,,,,
ace,6.0,8,POPS ellipse,210,210,35,6.0,False,0.06624400010332465,0.212869180506847,0.98,0.3576299526570087,0.99,0.561663464591981,0.6782178064126702,inf,0.0033333333333333335,-1.352006368673145,,,,,,,,,,,,,
ace,6.0,8,Ellipse+EB,210,210,35,6.0,False,0.07180775003507733,0.2128691805068479,0.9933333333333333,0.5861091316887385,1.0,0.9581923884071986,0.6326090150414488,-1.0261984050838755,0.0,-1.0196188750151243,,,,,,,,,,,,,
ace,6.0,8,Ellipse+PAC,210,210,35,6.0,False,0.4878456247970462,0.18014412458759316,0.9933333333333333,0.6716081957754026,1.0,1.760823019880943,0.7053714514978883,-1.5003760307392333,0.0,-1.4936507102793815,0.877483497705692,4.605170185988092,2.05078125,-1.1274669374919044,0.038668123949175556,1.3280859192025707,1.966282311248421,0.0,-1.1897509476222816,0.0036702380952380953,-1.48675190197175,,
ace,6.0,8,Bayesian stacking,210,210,35,6.0,False,0.16447649989277124,0.05655945396192381,0.8833333333333333,0.14248025976638273,0.95,0.18968809256139682,0.31958815909064564,-1.2370971815139655,0.0,-1.8721675227420222,,,,,,,,,,,,,
ace,6.0,8,PVI,210,210,35,6.0,False,14.25154829164967,0.0671238265629294,0.9,0.09964653707617081,0.98,0.1639445966428034,0.1741998674526107,-2.99737086738388,0.0,-3.0119883127538736,,,,,,,,,,,,1.0,True
ace,6.0,8,PVI (no KL),210,210,35,6.0,False,0.8090756665915251,0.07021697001062863,0.7666666666666667,0.10707298208114516,0.9233333333333333,0.17616303961689075,0.20309860450252942,-1.1098658474501912,0.0,-2.478808193840708,,,,,,,,,,,,0.0,False
ace,6.0,9,Bayesian ridge,210,210,35,6.0,False,0.0012661251239478588,0.133714615503618,0.64,0.15443981874161036,0.8966666666666666,0.25409386549806984,1.027658629014864,-0.20364129764211283,0.0,-0.6070176817300584,,,,,,,,,,,,,
ace,6.0,9,POPS hypercube,210,210,35,6.0,False,0.032273124903440475,0.133714615503618,0.7733333333333333,0.16187216881581934,0.9033333333333333,0.2487860919487689,0.9542208980317982,,,,,,,,,,,,,,,,
ace,6.0,9,POPS ellipse,210,210,35,6.0,False,0.08040562504902482,0.13373624620360985,0.9366666666666666,0.2836429522637639,0.98,0.44546571698471343,0.4441314290225538,inf,0.006666666666666667,-1.3600012293324057,,,,,,,,,,,,,
ace,6.0,9,Ellipse+EB,210,210,35,6.0,False,0.0872624577023089,0.1337362462036094,0.9833333333333333,0.37363302572230617,1.0,0.6052718951992924,0.401583671916674,-1.3819245191036797,0.0,-1.3740453955391392,,,,,,,,,,,,,
ace,6.0,9,Ellipse+PAC,210,210,35,6.0,False,0.38748150039464235,0.2011496838138605,0.99,0.4307514900155541,1.0,0.7279397977879862,0.44165598005091944,-1.449576466442862,0.0,-1.4430561356633163,0.5686778431310131,4.605170185988092,1.640625,-1.323902761882242,0.03423587299274915,0.25591057822866825,1.8583447320205062,0.0,-1.3381780118386328,0.0011380952380952382,-1.4360743231247108,,
ace,6.0,9,Bayesian stacking,210,210,35,6.0,False,0.16585691692307591,0.042069780704428815,0.87,0.11344983819131116,0.9366666666666666,0.17794211441889024,0.27925330900751766,-1.1177311272459158,0.0,-1.7098784222772618,,,,,,,,,,,,,
ace,6.0,9,PVI,210,210,35,6.0,False,9.115878208074719,0.06603290678630125,0.9033333333333333,0.09892760594042653,0.99,0.16276176702802758,0.14007972745549793,-2.900052535561809,0.0,-2.958818183150128,,,,,,,,,,,,1.0,True
ace,6.0,9,PVI (no KL),210,210,35,6.0,False,0.3100404581055045,0.04060193453360937,0.7566666666666667,0.07976704461726407,0.8533333333333334,0.1312376359368051,0.21531020233346582,7.053124732430706,0.0,-1.9603241317388862,,,,,,,,,,,,0.0,True
ace,6.0,10,Bayesian ridge,210,210,35,6.0,False,0.0013747080229222775,0.15602149880590901,0.5933333333333334,0.16980261957029175,0.8266666666666667,0.2793696880109648,1.3693716389905581,0.4283732175269466,0.0,-0.10882259975642636,,,,,,,,,,,,,
ace,6.0,10,POPS hypercube,210,210,35,6.0,False,0.03418612526729703,0.15602149880590901,0.6966666666666667,0.20693632843665238,0.8966666666666666,0.3173853263720372,1.2523996680249256,,,,,,,,,,,,,,,,
ace,6.0,10,POPS ellipse,210,210,35,6.0,False,0.07180712511762977,0.15602415783178392,0.9633333333333334,0.3570566649130162,0.9966666666666667,0.5607631071747492,0.44001904513127293,-1.3440267917229516,0.0,-1.338062510809954,,,,,,,,,,,,,
ace,6.0,10,Ellipse+EB,210,210,35,6.0,False,0.07483800034970045,0.15602415783178386,1.0,0.5296392692397596,1.0,0.8631726893022426,0.5296392692397596,-1.1250311850631203,0.0,-1.117379286697607,,,,,,,,,,,,,
ace,6.0,10,Ellipse+PAC,210,210,35,6.0,False,0.41162087488919497,0.27649726315182105,0.9733333333333334,0.5547931419012483,1.0,1.005200680629158,0.6008564796137802,-1.4815090461095914,0.0,-1.4750686787208094,0.6935848236324174,4.605170185988092,2.4609375,-1.2644973305877492,0.03702273141611598,0.8464842349581232,1.9210594228040505,0.0,-1.3292525872727032,0.0019416666666666666,-1.468444016191421,,
ace,6.0,10,Bayesian stacking,210,210,35,6.0,False,0.1673169587738812,0.04763094884246131,0.8633333333333333,0.12669126321391969,0.9666666666666667,0.20709758320239174,0.27368367081182643,-1.7129647894512559,0.0,-1.8698315281358562,,,,,,,,,,,,,
ace,6.0,10,PVI,210,210,35,6.0,False,14.21957362536341,0.09382905425084914,0.8733333333333333,0.08283446980925568,0.9533333333333334,0.13628435206552136,0.25833646657692017,-2.745509056406274,0.0,-2.8365800732796544,,,,,,,,,,,,1.0,True
ace,6.0,10,PVI (no KL),210,210,35,6.0,False,0.7960718749091029,0.0944383389893521,0.77,0.08120374026914884,0.8933333333333333,0.13360137577220627,0.27629221128063614,-1.8630221297763743,0.0,-2.4321974970174196,,,,,,,,,,,,0.0,False
ace,6.0,11,Bayesian ridge,210,210,35,6.0,False,0.0013938331976532936,0.12366669346106357,0.62,0.13573677728671849,0.8333333333333334,0.22332247416540366,1.0784627617936986,0.32543215742502757,0.0,-0.40414873906091114,,,,,,,,,,,,,
ace,6.0,11,POPS hypercube,210,210,35,6.0,False,0.03308270778506994,0.12366669346106357,0.6833333333333333,0.13844255025273655,0.8633333333333333,0.2146837506690549,1.017469310909991,,,,,,,,,,,,,,,,
ace,6.0,11,POPS ellipse,210,210,35,6.0,False,0.04582712473347783,0.12366812941966791,0.9466666666666667,0.29178878765779465,0.9966666666666667,0.4582588795691551,0.38069518569294397,-1.5211813428741239,0.0,-1.521441775425745,,,,,,,,,,,,,
ace,6.0,11,Ellipse+EB,210,210,35,6.0,False,0.05142837530001998,0.12366812941966766,0.9966666666666667,0.384841182828695,1.0,0.6243880568711597,0.4029537195086323,-1.4178608265961972,0.0,-1.4101460969025614,,,,,,,,,,,,,
ace,6.0,11,Ellipse+PAC,210,210,35,6.0,False,0.450229374691844,0.13879956698797957,0.9933333333333333,0.4845373597474198,1.0,1.3444336598401763,0.4900909180974939,-1.592499552441142,0.0,-1.584835078338802,0.5980696554952707,4.605170185988092,4.921875,-1.373987225954439,0.038224347123355276,0.9737252256670994,1.9338325343263545,0.0,-1.4148105767477435,0.0008595238095238095,-1.5770725355540305,,
ace,6.0,11,Bayesian stacking,210,210,35,6.0,False,0.16992316721007228,0.04144875531757621,0.88,0.13377290493756627,0.9466666666666667,0.18572948301878653,0.3380532398289781,-0.9679893244467379,0.0,-1.8547862107016067,,,,,,,,,,,,,
ace,6.0,11,PVI,210,210,35,6.0,False,12.989668000023812,0.0648737549784201,0.8666666666666667,0.09139187625043181,0.97,0.15036352218494795,0.18866256233084447,-2.8231289620775155,0.0,-2.891819470987503,,,,,,,,,,,,1.0,True
ace,6.0,11,PVI (no KL),210,210,35,6.0,False,0.7057759161107242,0.06872563937608317,0.7866666666666666,0.08845378902246152,0.9,0.14552960081021155,0.23805481471854426,-1.2512256829800845,0.0,-2.3902738272919604,,,,,,,,,,,,0.0,True
ace,6.0,12,Bayesian ridge,210,210,35,6.0,False,0.0012623327784240246,0.1389071963420692,0.6166666666666667,0.1691547297381934,0.8533333333333334,0.278303739907709,1.2136946933733015,0.3435616242195838,0.0,-0.19595617680022206,,,,,,,,,,,,,
ace,6.0,12,POPS hypercube,210,210,35,6.0,False,0.03489874955266714,0.1389071963420692,0.75,0.20476813666700167,0.9366666666666666,0.31523653694347653,0.9310149630739954,,,,,,,,,,,,,,,,
ace,6.0,12,POPS ellipse,210,210,35,6.0,False,0.04572987509891391,0.13887096170871988,0.93,0.35453922147060746,1.0,0.5568094226601478,0.4489976045797647,-1.2403364606684313,0.0,-1.2339253346050167,,,,,,,,,,,,,
ace,6.0,12,Ellipse+EB,210,210,35,6.0,False,0.05144695797935128,0.13887096170871965,1.0,0.5653804151132649,1.0,0.9244228950347629,0.5653804151132649,-1.0677509994844865,0.0,-1.0600457149980316,,,,,,,,,,,,,
ace,6.0,12,Ellipse+PAC,210,210,35,6.0,False,0.3786846250295639,0.1919137839118326,1.0,0.7991539765410449,1.0,1.7192404981985134,0.7991539765410449,-1.3104227851509165,0.0,-1.3029220728499533,1.1446009866545928,4.605170185988092,2.05078125,-0.7749914835616136,0.037247034316962226,0.6320510355214722,1.8823454358992442,0.0,-0.8501611120897807,0.0004226190476190476,-1.2953443272177063,,
ace,6.0,12,Bayesian stacking,210,210,35,6.0,False,0.1712137502618134,0.0458768118593519,0.8566666666666667,0.11754007859813133,0.9566666666666667,0.18191370727075118,0.2982404629988491,-0.702522059632317,0.0,-1.7093126502106535,,,,,,,,,,,,,
ace,6.0,12,PVI,210,210,35,6.0,False,12.857743749860674,0.060257081450158484,0.8366666666666667,0.0634032588495094,0.9633333333333334,0.10431493158639644,0.22327755673918906,-2.7224650399173465,0.0,-2.7756205098950515,,,,,,,,,,,,1.0,True
ace,6.0,12,PVI (no KL),210,210,35,6.0,False,0.7666444578208029,0.05369634428017466,0.71,0.052572119413479064,0.8733333333333333,0.08649487643822215,0.32937867631609513,0.9078893779944376,0.0,-2.0755673888336665,,,,,,,,,,,,0.0,True
ace,6.0,13,Bayesian ridge,210,210,35,6.0,False,0.0012528328225016594,0.11663471015012981,0.6666666666666666,0.14328957560542796,0.8466666666666667,0.23574880136369605,0.9754042944425118,-0.21853806066485926,0.0,-0.48682864859178515,,,,,,,,,,,,,
ace,6.0,13,POPS hypercube,210,210,35,6.0,False,0.03199733281508088,0.11663471015012981,0.6833333333333333,0.14659259532572436,0.88,0.22434265875181975,0.8003327763521776,,,,,,,,,,,,,,,,
ace,6.0,13,POPS ellipse,210,210,35,6.0,False,0.04458216670900583,0.11663726721553352,0.9133333333333333,0.3036852470587434,0.99,0.4769424561372594,0.4416518476907572,-1.3838956176336854,0.0,-1.3867943895467978,,,,,,,,,,,,,
ace,6.0,13,Ellipse+EB,210,210,35,6.0,False,0.04975437466055155,0.11663726721553314,1.0,0.526117424116559,1.0,0.8617978407078966,0.526117424116559,-1.2107852632390799,0.0,-1.2028119413077056,,,,,,,,,,,,,
ace,6.0,13,Ellipse+PAC,210,210,35,6.0,False,0.40365937491878867,0.16644156725853965,0.9933333333333333,0.5048161802553043,1.0,0.958957922724184,0.5667603796071207,-1.5836471084235157,0.0,-1.5776263015595062,0.4388080918130064,4.605170185988092,4.1015625,-1.4702596966862795,0.03454722889621484,0.4489193083158688,1.874520559603071,0.0,-1.4878652645656731,0.001048809523809524,-1.570986737540463,,
ace,6.0,13,Bayesian stacking,210,210,35,6.0,False,0.16471008397638798,0.04865391122584142,0.8,0.13548113881734247,0.91,0.17899366105710543,0.2935933298432367,-1.0655870045369686,0.0,-1.4895451369181398,,,,,,,,,,,,,
ace,6.0,13,PVI,210,210,35,6.0,False,13.948675541672856,0.061780942793417476,0.9166666666666666,0.10253943620745287,0.98,0.16870417178833824,0.15157813865913178,-2.9951022118145842,0.0,-3.0178367297946336,,,,,,,,,,,,1.0,True
ace,6.0,13,PVI (no KL),210,210,35,6.0,False,0.4944555829279125,0.05842628410220345,0.8433333333333334,0.09893120422517974,0.9333333333333333,0.16276768714687742,0.1686582141443294,-2.364052837970776,0.0,-2.665636834355171,,,,,,,,,,,,0.0,True
ace,6.0,14,Bayesian ridge,210,210,35,6.0,False,0.001327292062342167,0.15917654723038613,0.5733333333333334,0.1648753328054852,0.8333333333333334,0.27126301351025295,1.428318621850354,0.5499220799256251,0.0,-0.09747668689449004,,,,,,,,,,,,,
ace,6.0,14,POPS hypercube,210,210,35,6.0,False,0.032495707739144564,0.15917654723038613,0.7266666666666667,0.18231669948150356,0.89,0.28165736927225765,1.1875591719254859,,,,,,,,,,,,,,,,
ace,6.0,14,POPS ellipse,210,210,35,6.0,False,0.04799412516877055,0.1591748780120897,0.9366666666666666,0.3023432966195056,0.9733333333333334,0.474834901869466,0.6452286549171846,-0.5577421288568751,0.0,-1.2248138082206557,,,,,,,,,,,,,
ace,6.0,14,Ellipse+EB,210,210,35,6.0,False,0.05337787512689829,0.15917487801208902,0.9966666666666667,0.5513868373780355,1.0,0.9046329647773086,0.5573759972232288,-1.0677515786411806,0.0,-1.0602609795372628,,,,,,,,,,,,,
ace,6.0,14,Ellipse+PAC,210,210,35,6.0,False,0.4055330422706902,0.22717257172305322,0.9766666666666667,0.5737692133949129,1.0,1.0209050605421481,0.6605320923637932,-1.4265082657000592,0.0,-1.4213598722022027,0.7306611580389615,4.605170185988092,1.23046875,-1.1872174812607081,0.03503837976393581,0.5298688029953953,1.8828402595357339,0.0,-1.220234915325525,0.003285714285714286,-1.4155471875972148,,
ace,6.0,14,Bayesian stacking,210,210,35,6.0,False,0.165414166636765,0.04431116856218664,0.8866666666666667,0.13101663277218645,0.9566666666666667,0.18233305946193984,0.2767829625613058,-1.3998493948480544,0.0,-1.819030116417636,,,,,,,,,,,,,
ace,6.0,14,PVI,210,210,35,6.0,False,13.366469542030245,0.09550628517362848,0.8933333333333333,0.09775388824909301,0.96,0.16083069466842206,0.19088606608154257,-2.77140814585846,0.0,-2.9376150781441113,,,,,,,,,,,,1.0,True
ace,6.0,14,PVI (no KL),210,210,35,6.0,False,0.5295098330825567,0.08064121052873666,0.75,0.08820320748007279,0.9,0.14511732868216312,0.23543140149839098,-0.7048388310765497,0.0,-2.3769025994432127,,,,,,,,,,,,0.0,True
ace,6.0,15,Bayesian ridge,210,210,35,6.0,False,0.001388124655932188,0.13420526521462145,0.6433333333333333,0.21071944864708503,0.8766666666666667,0.34668856567321277,1.094141539576547,0.04538577661501802,0.0,-0.21450374887767404,,,,,,,,,,,,,
ace,6.0,15,POPS hypercube,210,210,35,6.0,False,0.03161366609856486,0.13420526521462145,0.7566666666666667,0.22095125936451235,0.9333333333333333,0.34139293808750787,0.9015706186902628,,,,,,,,,,,,,,,,
ace,6.0,15,POPS ellipse,210,210,35,6.0,False,0.04394862474873662,0.1342057921334022,0.9766666666666667,0.41407584055531804,0.9966666666666667,0.6503126191815041,0.4390861631613161,-1.2964497694665251,0.0,-1.2902717323468835,,,,,,,,,,,,,
ace,6.0,15,Ellipse+EB,210,210,35,6.0,False,0.0505104586482048,0.13420579213340234,1.0,0.646813191860473,1.0,1.056317855439432,0.646813191860473,-0.9909232692864697,0.0,-0.983417865566657,,,,,,,,,,,,,
ace,6.0,15,Ellipse+PAC,210,210,35,6.0,False,0.4305119998753071,0.1932078511960298,0.9966666666666667,0.6553676091013322,1.0,1.3675448623425093,0.6553903129004726,-1.6064604979888892,0.0,-1.599510922565622,0.6100558495324537,4.605170185988092,0.8203125,-1.3217436246980427,0.036897086663739476,0.6051823407196322,1.894902387566757,0.0,-1.4054140354613902,0.0035630952380952385,-1.5924275666063097,,
ace,6.0,15,Bayesian stacking,210,210,35,6.0,False,0.1673591248691082,0.05070252172591957,0.8166666666666667,0.13287625081492838,0.93,0.18111608591500736,0.3009170624923008,-1.0518797205462977,0.0,-1.4811461949438085,,,,,,,,,,,,,
ace,6.0,15,PVI,210,210,35,6.0,False,14.349157125223428,0.060856637832418146,0.9066666666666666,0.10567856159835684,0.9766666666666667,0.1738688534834936,0.2419664226361952,-2.945602632120608,0.0,-3.0153899524985843,,,,,,,,,,,,1.0,True
ace,6.0,15,PVI (no KL),210,210,35,6.0,False,0.7940072920173407,0.05729743741150091,0.7833333333333333,0.11221498666014718,0.8833333333333333,0.1846229810395971,0.27851696044033747,1.0538341294478148,0.0,-2.2854614000745483,,,,,,,,,,,,0.0,False
ace,6.0,16,Bayesian ridge,210,210,35,6.0,False,0.0014362498186528683,0.1804805149905334,0.5566666666666666,0.15694855921478626,0.78,0.25822139924911125,1.5637159363936064,0.7715965619989408,0.0,0.08047406454529935,,,,,,,,,,,,,
ace,6.0,16,POPS hypercube,210,210,35,6.0,False,0.033088999800384045,0.1804805149905334,0.6833333333333333,0.17465735844404484,0.8533333333333334,0.2710668980815703,1.4627939600859523,,,,,,,,,,,,,,,,
ace,6.0,16,POPS ellipse,210,210,35,6.0,False,0.05548191722482443,0.18047853060607622,0.95,0.35156270949223,0.99,0.5521347637906812,0.441540397128352,-1.2793084137476187,0.0,-1.2778522697341366,,,,,,,,,,,,,
ace,6.0,16,Ellipse+EB,210,210,35,6.0,False,0.05925129121169448,0.180478530606076,0.9966666666666667,0.47199581912899796,1.0,0.7660687334379127,0.4739935623530973,-1.2130261427445912,0.0,-1.2053654007863135,,,,,,,,,,,,,
ace,6.0,16,Ellipse+PAC,210,210,35,6.0,False,0.39793629199266434,0.39744871901964096,0.9833333333333333,0.5297319028405741,1.0,0.9599155974787831,0.6872894309116492,-1.5028611010563644,0.0,-1.4981147228914071,0.7237271360101478,4.605170185988092,4.1015625,-1.241856681042301,0.03789160131821851,0.9112938196478443,1.9276922157342302,0.0,-1.3021517093611523,0.0016642857142857143,-1.4926104043042487,,
ace,6.0,16,Bayesian stacking,210,210,35,6.0,False,0.17775875004008412,0.04837699001033583,0.8466666666666667,0.1243793948199857,0.95,0.19672827227296608,0.24984270146831547,-1.5515428932468993,0.0,-1.7732534583784612,,,,,,,,,,,,,
ace,6.0,16,PVI,210,210,35,6.0,False,14.41556716663763,0.12914148122619956,0.91,0.09832995420097233,0.9933333333333333,0.16177847371716433,0.2835544120447303,-3.053977091863471,0.0,-3.118272355235657,,,,,,,,,,,,1.0,True
ace,6.0,16,PVI (no KL),210,210,35,6.0,False,0.7962657921016216,0.15627311241349828,0.7666666666666667,0.09757577152521879,0.89,0.16053764610589585,0.41944129601129776,-1.5086181075578162,0.0,-2.362227041293472,,,,,,,,,,,,0.0,False
ace,6.0,17,Bayesian ridge,210,210,35,6.0,False,0.0014399169012904167,0.22805814988458664,0.6033333333333334,0.1330286735245365,0.7933333333333333,0.21886693569929122,1.8183292606871846,1.0481720117637912,0.0,-0.28640154589655775,,,,,,,,,,,,,
ace,6.0,17,POPS hypercube,210,210,35,6.0,False,0.0322132077999413,0.22805814988458664,0.6566666666666666,0.14040773394773465,0.8333333333333334,0.2163633856376672,1.8061099586257043,,,,,,,,,,,,,,,,
ace,6.0,17,POPS ellipse,210,210,35,6.0,False,0.05941087519749999,0.22806284430894733,0.92,0.2950399717768055,0.9733333333333334,0.4633649153548695,0.7290985998332672,-1.288283477435362,0.0,-1.5113091046710572,,,,,,,,,,,,,
ace,6.0,17,Ellipse+EB,210,210,35,6.0,False,0.0625805826857686,0.2280628443089473,0.9933333333333333,0.4894499738133361,1.0,0.7993064368912083,0.5328882226447964,-1.290932315185144,0.0,-1.2837856352339085,,,,,,,,,,,,,
ace,6.0,17,Ellipse+PAC,210,210,35,6.0,False,0.43587458319962025,0.200850195674716,1.0,0.771024163498661,1.0,2.1335002579423343,0.771024163498661,-1.4868745578703468,0.0,-1.4793131972572753,0.6386434642917362,4.605170185988092,2.05078125,-1.2979047347193537,0.039740592862761964,0.628839279300301,1.896807606148328,0.0,-1.380365326031086,0.0012749999999999999,-1.471658574440705,,
ace,6.0,17,Bayesian stacking,210,210,35,6.0,False,0.17326858406886458,0.04897744070726637,0.85,0.11814149328757884,0.9433333333333334,0.168361430134959,0.2929133825290586,-1.2928355155346734,0.0,-1.7598470816489806,,,,,,,,,,,,,
ace,6.0,17,PVI,210,210,35,6.0,False,13.466785582713783,0.09298253774490811,0.9133333333333333,0.09520309926600044,0.98,0.15663398012896593,0.2125892914110406,-3.0503258226163688,0.0,-3.0842313191518937,,,,,,,,,,,,1.0,True
ace,6.0,17,PVI (no KL),210,210,35,6.0,False,0.8156773326918483,0.06768415819428694,0.8133333333333334,0.08461834646789677,0.9266666666666666,0.13921929539463956,0.20163216557115227,-1.7600323679340129,0.0,-2.618477774134107,,,,,,,,,,,,0.0,False
ace,6.0,18,Bayesian ridge,210,210,35,6.0,False,0.0014746254310011864,0.12378766572512429,0.6433333333333333,0.16703708250278068,0.8766666666666667,0.27481965674708614,0.9495557185307401,0.045316835363363395,0.0,-0.43677302048400274,,,,,,,,,,,,,
ace,6.0,18,POPS hypercube,210,210,35,6.0,False,0.03369541605934501,0.12378766572512429,0.7433333333333333,0.15623296177261256,0.89,0.23716177133591998,0.9659449882465708,,,,,,,,,,,,,,,,
ace,6.0,18,POPS ellipse,210,210,35,6.0,False,0.04598341742530465,0.12380165054833686,0.9533333333333334,0.28401327647824653,0.98,0.44604731698712724,0.47239983448566797,inf,0.0033333333333333335,-1.4364640220085931,,,,,,,,,,,,,
ace,6.0,18,Ellipse+EB,210,210,35,6.0,False,0.051862833090126514,0.12380165054833679,0.9966666666666667,0.4527951179560041,1.0,0.7386922875836494,0.45796302048152077,-1.2881025584722896,0.0,-1.2801267871315622,,,,,,,,,,,,,
ace,6.0,18,Ellipse+PAC,210,210,35,6.0,False,0.40141087491065264,0.14811866927850195,0.9933333333333333,0.5239874493821721,1.0,1.0395948375188733,0.5259158749586714,-1.6747240704092639,0.0,-1.6669509246891978,0.5895829645936019,4.605170185988092,1.640625,-1.3122660262550223,0.03733691613746293,0.31013722285636064,1.8645120747111612,0.0,-1.361718924839399,0.0012238095238095237,-1.6590632025922067,,
ace,6.0,18,Bayesian stacking,210,210,35,6.0,False,0.15869845915585756,0.05418075690378266,0.91,0.15258400067141772,0.9633333333333334,0.20791795414685815,0.2543729079271792,-1.974297364691626,0.0,-2.013223817343118,,,,,,,,,,,,,
ace,6.0,18,PVI,210,210,35,6.0,False,12.730360874906182,0.11320179778725312,0.9233333333333333,0.09580712712760368,0.9866666666666667,0.15762776382719787,0.21591240508101303,-3.0045907213297482,0.0,-3.160642298764756,,,,,,,,,,,,1.0,True
ace,6.0,18,PVI (no KL),210,210,35,6.0,False,0.7782260421663523,0.11223915102467755,0.8,0.09476375502994322,0.9333333333333333,0.15591114403569886,0.31198587021963176,-1.3011006876987452,0.0,-2.6722769693720374,,,,,,,,,,,,0.0,True
ace,6.0,19,Bayesian ridge,210,210,35,6.0,False,0.0014002923853695393,0.1354860142219249,0.5666666666666667,0.1469352405525232,0.8366666666666667,0.24174687301559356,1.238903192951485,0.5301174790041511,0.0,-0.19406670300698062,,,,,,,,,,,,,
ace,6.0,19,POPS hypercube,210,210,35,6.0,False,0.030765415634959936,0.1354860142219249,0.66,0.16228184240284427,0.8566666666666667,0.25153325205709476,1.17626149055386,,,,,,,,,,,,,,,,
ace,6.0,19,POPS ellipse,210,210,35,6.0,False,0.04172433307394385,0.1354842853931039,0.9266666666666666,0.30101885790691746,0.97,0.472754850043758,0.5468940792714797,-1.1612083711054033,0.0,-1.2343936390782935,,,,,,,,,,,,,
ace,6.0,19,Ellipse+EB,210,210,35,6.0,False,0.04647150030359626,0.13548428539310314,0.99,0.4485671203485872,1.0,0.7319664333701553,0.45798626508334667,-1.2228960279034622,0.0,-1.215183959410064,,,,,,,,,,,,,
ace,6.0,19,Ellipse+PAC,210,210,35,6.0,False,0.44964783312752843,0.1977796748396176,0.9933333333333333,0.6383975125862542,1.0,2.8562241581733443,0.6468508321223428,-1.563228953780957,0.0,-1.5561672026095466,0.7031524309931476,4.605170185988092,1.23046875,-1.2640365285931927,0.039181909219743585,0.9221634618751506,1.9280070503665967,0.0,-1.3262641853891772,0.003159523809523809,-1.5489808015373994,,
ace,6.0,19,Bayesian stacking,210,210,35,6.0,False,0.16495545767247677,0.04893966916652884,0.8733333333333333,0.14108621580434563,0.9466666666666667,0.1908848618635901,0.3166610193915945,-1.5048892660457738,0.0,-1.794469906500451,,,,,,,,,,,,,
ace,6.0,19,PVI,210,210,35,6.0,False,15.158411417156458,0.1415356209481175,0.8866666666666667,0.12808758504253834,0.97,0.21073755376664693,0.20489458063162244,-2.795892082124347,0.0,-2.8918342019138543,,,,,,,,,,,,1.0,True
ace,6.0,19,PVI (no KL),210,210,35,6.0,False,0.8240694170817733,0.0987545052183795,0.8,0.10757238342415384,0.8866666666666667,0.17698468534733755,0.29078526004044347,-0.8430883724245467,0.0,-2.3817923519898,,,,,,,,,,,,0.0,False
ace,6.0,20,Bayesian ridge,210,210,35,6.0,False,0.0013894159346818924,0.18386385983742257,0.57,0.13725867061366667,0.8133333333333334,0.22582638644314965,1.696221901759774,1.0765059558394574,0.0,-0.1380389228021036,,,,,,,,,,,,,
ace,6.0,20,POPS hypercube,210,210,35,6.0,False,0.030412250198423862,0.18386385983742257,0.6533333333333333,0.1605469945902903,0.8766666666666667,0.24372417414973427,1.439979379987153,,,,,,,,,,,,,,,,
ace,6.0,20,POPS ellipse,210,210,35,6.0,False,0.06960499985143542,0.18384659514936513,0.9533333333333334,0.402641710032478,0.9766666666666667,0.6323551373868667,0.5897081365572177,inf,0.01,-1.3654701404102336,,,,,,,,,,,,,
ace,6.0,20,Ellipse+EB,210,210,35,6.0,False,0.07760083302855492,0.1838465951493649,0.9933333333333333,0.5963555772820549,1.0,0.9692850966871729,0.616050010549621,-1.1821638064870301,0.0,-1.1748219939839215,,,,,,,,,,,,,
ace,6.0,20,Ellipse+PAC,210,210,35,6.0,False,0.43084133323282003,0.2943182086931554,0.9966666666666667,0.6371732333306883,0.9966666666666667,1.5784623170853191,0.6549880651898907,-1.6877209452856794,0.0,-1.7209281824578715,0.4599017720627696,4.605170185988092,1.23046875,-1.487296166129591,0.0384466586671324,0.7333111867691322,1.9087512795252282,0.0,-1.5591030537877615,0.0017892857142857144,-1.7163969746926924,,
ace,6.0,20,Bayesian stacking,210,210,35,6.0,False,0.1717420001514256,0.05597817172298132,0.8966666666666666,0.1440635318871035,0.96,0.19883573380904773,0.26191194058929423,-1.785051715843615,0.0,-1.9749427795208476,,,,,,,,,,,,,
ace,6.0,20,PVI,210,210,35,6.0,False,12.842365832999349,0.13545898672731374,0.88,0.09545037249707732,0.9766666666666667,0.15704080922026173,0.33693088135646804,-2.8592695983702066,0.0,-3.005985249576904,,,,,,,,,,,,1.0,True
ace,6.0,20,PVI (no KL),210,210,35,6.0,False,0.8079457911662757,0.12637620116100165,0.8166666666666667,0.09251079673724369,0.9133333333333333,0.1522044388215745,0.33697099076647646,-1.07027734829864,0.0,-2.576596517736491,,,,,,,,,,,,0.0,False
ace,6.0,21,Bayesian ridge,210,210,35,6.0,False,0.0018953331746160984,0.151176013302947,0.55,0.17622955977596505,0.7866666666666666,0.2899436843643061,1.3445187740315503,0.671870506245068,0.0,0.19334162401830024,,,,,,,,,,,,,
ace,6.0,21,POPS hypercube,210,210,35,6.0,False,0.030709833838045597,0.151176013302947,0.68,0.1885129471198754,0.8933333333333333,0.2931351536560422,1.204304840841761,,,,,,,,,,,,,,,,
ace,6.0,21,POPS ellipse,210,210,35,6.0,False,0.09291162481531501,0.15118182431177313,0.9266666666666666,0.3883979713258356,0.9666666666666667,0.6099851217568045,0.7262456090174637,inf,0.013333333333333334,-1.0721095510138088,,,,,,,,,,,,,
ace,6.0,21,Ellipse+EB,210,210,35,6.0,False,0.09514683298766613,0.1511818243117746,1.0,0.6891728221697097,1.0,1.127665581272859,0.6891728221697097,-0.93842779723607,0.0,-0.9310683208662593,,,,,,,,,,,,,
ace,6.0,21,Ellipse+PAC,210,210,35,6.0,False,0.40969220781698823,0.2898858347231132,0.9733333333333334,0.5724207456840056,1.0,1.0501612865455137,0.673526157573084,-1.5093112306594663,0.0,-1.5034556836103614,0.6476776021298218,4.605170185988092,0.87158203125,-1.2445768168731552,0.036168052081850796,0.23730396886412225,1.8560863669211263,0.0,-1.2941816152185388,0.0011892857142857141,-1.4972778399897646,,
ace,6.0,21,Bayesian stacking,210,210,35,6.0,False,0.17415087530389428,0.0476184499527312,0.8833333333333333,0.13789380326033804,0.9666666666666667,0.18893227234257284,0.22673633361216214,-1.6076405118710686,0.0,-1.8186455913685973,,,,,,,,,,,,,
ace,6.0,21,PVI,210,210,35,6.0,False,14.461372207850218,0.06458103103909298,0.8766666666666667,0.09544911680873745,0.99,0.1570387432847618,0.14188049037338696,-3.013113877503717,0.0,-3.0108653827743237,,,,,,,,,,,,1.0,True
ace,6.0,21,PVI (no KL),210,210,35,6.0,False,0.8231614171527326,0.06344616134854185,0.76,0.11651355265264028,0.8766666666666667,0.19169524555033515,0.1882527361342639,1.019475111821347,0.0,-2.103777687071204,,,,,,,,,,,,0.0,False
ace,6.0,22,Bayesian ridge,210,210,35,6.0,False,0.0014224578626453876,0.15538963102094006,0.5966666666666667,0.13394856325178475,0.8333333333333334,0.22038039471868787,1.4439840248757323,0.7359910691002656,0.0,-0.3457267626921837,,,,,,,,,,,,,
ace,6.0,22,POPS hypercube,210,210,35,6.0,False,0.033817790914326906,0.15538963102094006,0.6766666666666666,0.1453897421623649,0.8633333333333333,0.22340762383378707,1.2186305834557039,,,,,,,,,,,,,,,,
ace,6.0,22,POPS ellipse,210,210,35,6.0,False,0.04421108262613416,0.1553951607266336,0.9433333333333334,0.2842070169557449,0.9933333333333333,0.44635158945372305,0.36836355084393446,-1.4987258879218197,0.0,-1.50363696568035,,,,,,,,,,,,,
ace,6.0,22,Ellipse+EB,210,210,35,6.0,False,0.05018579075112939,0.15539516072663287,1.0,0.48678805842579126,1.0,0.7976850684456054,0.48678805842579126,-1.2328603179367887,0.0,-1.2250586750257384,,,,,,,,,,,,,
ace,6.0,22,Ellipse+PAC,210,210,35,6.0,False,0.3745301659218967,0.155597252453827,0.9866666666666667,0.3803161599812779,1.0,0.6300488027157081,0.40454481074014126,-1.706088929936594,0.0,-1.6982646345404995,0.5094132617904763,4.605170185988092,1.640625,-1.3561820944002196,0.0342668294435734,0.009344945732438874,1.8313285267471227,0.0,-1.3671448734349996,2.3809523809523808e-06,-1.6903537024549111,,
ace,6.0,22,Bayesian stacking,210,210,35,6.0,False,0.1522547909989953,0.047527904752976344,0.86,0.13354616444690476,0.93,0.1844255945212186,0.3202607945336076,-1.248555985304263,0.0,-1.6995146201443951,,,,,,,,,,,,,
ace,6.0,22,PVI,210,210,35,6.0,False,13.722553750034422,0.07158163325969176,0.9466666666666667,0.10643634554984263,0.9966666666666667,0.17511560613455435,0.12375838052009028,-3.13337001041491,0.0,-3.1245284962136894,,,,,,,,,,,,1.0,True
ace,6.0,22,PVI (no KL),210,210,35,6.0,False,0.8481281655840576,0.08462491809214183,0.86,0.10903988371514411,0.9566666666666667,0.17939910686502344,0.15582811092306698,-1.3007400487167906,0.0,-2.712712758630392,,,,,,,,,,,,0.0,False
ace,6.0,23,Bayesian ridge,210,210,35,6.0,False,0.001395207829773426,0.1883082828944313,0.6766666666666666,0.1455910082133818,0.8433333333333334,0.23953525949543394,1.7563100984697007,0.879767146148276,0.0,-0.5789736517967599,,,,,,,,,,,,,
ace,6.0,23,POPS hypercube,210,210,35,6.0,False,0.033236666582524776,0.1883082828944313,0.6666666666666666,0.149814504859065,0.8333333333333334,0.23060259106511558,1.6002785849628647,,,,,,,,,,,,,,,,
ace,6.0,23,POPS ellipse,210,210,35,6.0,False,0.07349895825609565,0.18829465584710492,0.9233333333333333,0.30354284348801486,0.98,0.47671880909004916,0.7486558978809922,inf,0.0033333333333333335,-1.5598066573682985,,,,,,,,,,,,,
ace,6.0,23,Ellipse+EB,210,210,35,6.0,False,0.08211412513628602,0.18829465584710445,0.96,0.3828511577388693,0.99,0.6178055670788116,0.687946388475634,-1.4018055927225925,0.0,-1.4184194618465544,,,,,,,,,,,,,
ace,6.0,23,Ellipse+PAC,210,210,35,6.0,False,0.4121273751370609,0.3164482995148678,0.9766666666666667,0.5384740367166642,1.0,0.9071284229164102,0.6272159015213703,-1.8122776794805646,0.0,-1.8210816977225734,0.10171862409806254,4.605170185988092,1.23046875,-1.7655432291720947,0.03530676539648433,0.08892755812104966,1.831955087873673,0.0,-1.7878054152470533,0.0012404761904761905,-1.8172662011080623,,
ace,6.0,23,Bayesian stacking,210,210,35,6.0,False,0.15869475016370416,0.04016731941829214,0.9166666666666666,0.1500379682043508,0.9733333333333334,0.20288198220818848,0.233729297521285,-1.851568072600484,0.0,-1.9801434321659224,,,,,,,,,,,,,
ace,6.0,23,PVI,210,210,35,6.0,False,14.019348499830812,0.0430401071761957,0.9233333333333333,0.10127237959887131,0.9833333333333333,0.16661953251523717,0.141879126497286,-3.0913589339277077,0.0,-3.1031042239205653,,,,,,,,,,,,1.0,True
ace,6.0,23,PVI (no KL),210,210,35,6.0,False,0.88918870780617,0.06143522923901161,0.7933333333333333,0.10945756657936301,0.9033333333333333,0.1800863043403018,0.19470355100914594,-1.6878883245454823,0.0,-2.453785217090806,,,,,,,,,,,,0.0,False
ace,6.0,24,Bayesian ridge,210,210,35,6.0,False,0.0013795825652778149,0.12022108114168953,0.6366666666666667,0.16067467223945628,0.8766666666666667,0.26435182901415233,1.012372253656217,0.15795294326677806,0.0,-0.41035420620693314,,,,,,,,,,,,,
ace,6.0,24,POPS hypercube,210,210,35,6.0,False,0.033245417289435863,0.12022108114168953,0.7766666666666666,0.18916149663123663,0.9,0.2910394257704985,0.894387741100939,,,,,,,,,,,,,,,,
ace,6.0,24,POPS ellipse,210,210,35,6.0,False,0.0654037082567811,0.1202122158287753,0.94,0.39346851757985796,0.9866666666666667,0.6179484943861084,0.5035567693977085,-1.2748176316922706,0.0,-1.2881093873800773,,,,,,,,,,,,,
ace,6.0,24,Ellipse+EB,210,210,35,6.0,False,0.0693282918073237,0.1202122158287758,0.9966666666666667,0.5224468518510653,1.0,0.8442570670888423,0.5285203690288176,-1.2608848526763252,0.0,-1.253088995739372,,,,,,,,,,,,,
ace,6.0,24,Ellipse+PAC,210,210,35,6.0,False,0.40234662499278784,0.14027370165039027,0.9933333333333333,0.6025861136175868,1.0,1.1567182474637325,0.6140981679900752,-1.4336070802235634,0.0,-1.4260770538319913,0.8131810098985564,4.605170185988092,1.23046875,-1.127974061378525,0.035047399111355695,0.7365612722224798,1.9061076721657257,0.0,-1.153131769852446,0.0015869047619047618,-1.4184581444322035,,
ace,6.0,24,Bayesian stacking,210,210,35,6.0,False,0.15981899993494153,0.05035586609198175,0.8633333333333333,0.13148134960934402,0.94,0.18103885712672352,0.34465314037980366,-1.0340381455113896,0.0,-1.8512257804603776,,,,,,,,,,,,,
ace,6.0,24,PVI,210,210,35,6.0,False,12.635826000012457,0.1060246751425835,0.8866666666666667,0.09573892007966013,0.97,0.15751554540705598,0.33993268617325645,-2.616653682198963,0.0,-2.9719305756748122,,,,,,,,,,,,1.0,True
ace,6.0,24,PVI (no KL),210,210,35,6.0,False,0.8431412908248603,0.10511422790192208,0.8266666666666667,0.0923246529386639,0.94,0.15189818362323876,0.35130265294866775,0.34703992898392394,0.0,-2.7242693173014256,,,,,,,,,,,,0.0,True
ace,6.0,25,Bayesian ridge,210,210,35,6.0,False,0.0012612920254468918,0.12060113916148951,0.6533333333333333,0.16319577980988298,0.89,0.26849970987237803,1.006728997847654,0.03155245411145174,0.0,-0.5007959370645372,,,,,,,,,,,,,
ace,6.0,25,POPS hypercube,210,210,35,6.0,False,0.0319971670396626,0.12060113916148951,0.72,0.1704734031161838,0.89,0.264724112910353,0.977098207337019,,,,,,,,,,,,,,,,
ace,6.0,25,POPS ellipse,210,210,35,6.0,False,0.045109250117093325,0.12059498454463059,0.9633333333333334,0.3085436837221433,0.9833333333333333,0.48457270731894103,0.47004885707133764,-1.277324905088279,0.0,-1.3816296086537612,,,,,,,,,,,,,
ace,6.0,25,Ellipse+EB,210,210,35,6.0,False,0.04877720773220062,0.12059498454462965,0.9966666666666667,0.5576017632036212,1.0,0.9152672285119413,0.5742226307328927,-1.1183571554303633,0.0,-1.1106859404694254,,,,,,,,,,,,,
ace,6.0,25,Ellipse+PAC,210,210,35,6.0,False,0.3926838752813637,0.1783843901962129,0.9933333333333333,0.531223039383801,1.0,1.4466001942674267,0.5667423418232208,-1.6337164123387249,0.0,-1.6271268863994544,0.7248612376392773,4.605170185988092,0.9228515625,-1.2138530237468868,0.03744434357200849,0.7242387515827514,1.9012699178141554,0.0,-1.3118195268939044,0.002442857142857143,-1.6203117793303239,,
ace,6.0,25,Bayesian stacking,210,210,35,6.0,False,0.16015475010499358,0.047870178717663775,0.8866666666666667,0.13832531655373578,0.9533333333333334,0.19218527006641897,0.29924535454275597,-1.568045413745057,0.0,-1.7574477428695194,,,,,,,,,,,,,
ace,6.0,25,PVI,210,210,35,6.0,False,13.328015209175646,0.07709232915999,0.9066666666666666,0.09410315614427414,0.9766666666666667,0.15482428621774058,0.22596370057824597,-2.9479123276014887,0.0,-3.10107132176628,,,,,,,,,,,,1.0,True
ace,6.0,25,PVI (no KL),210,210,35,6.0,False,0.8815461252816021,0.07868179198436687,0.8,0.0935389245954827,0.9166666666666666,0.15389597785506215,0.2134399082002236,-1.9276718967328335,0.0,-2.6837201185177597,,,,,,,,,,,,0.0,False
ace,6.0,26,Bayesian ridge,210,210,35,6.0,False,0.001616333145648241,0.11861743653278332,0.6666666666666666,0.1834632652944535,0.9333333333333333,0.3018450205096343,0.8073368213705574,-0.48691957916167167,0.0,-0.6772597074953243,,,,,,,,,,,,,
ace,6.0,26,POPS hypercube,210,210,35,6.0,False,0.03019662480801344,0.11861743653278332,0.6033333333333334,0.17519633068388968,0.8866666666666667,0.2698833708069067,1.007854599653118,,,,,,,,,,,,,,,,
ace,6.0,26,POPS ellipse,210,210,35,6.0,False,0.04461112478747964,0.11861705447327757,0.9566666666666667,0.3288657511332899,0.9966666666666667,0.5164888337647685,0.3700472550826429,-1.4448670885720103,0.0,-1.437601997800792,,,,,,,,,,,,,
ace,6.0,26,Ellipse+EB,210,210,35,6.0,False,0.048950749915093184,0.11861705447327811,1.0,0.5205719109987323,1.0,0.8510180767977668,0.5205719109987323,-1.1734193240668283,0.0,-1.165453884917002,,,,,,,,,,,,,
ace,6.0,26,Ellipse+PAC,210,210,35,6.0,False,0.3960965001024306,0.15885297095890544,0.98,0.5021408066267016,0.9966666666666667,0.8567589651114565,0.5308209805998239,-1.4516144008965086,0.0,-1.4451191397363163,0.820802354871951,4.605170185988092,4.1015625,-1.0489481488398749,0.034486580895975755,0.0888957740732356,1.8352639228158503,0.0,-1.0600607598085832,7.142857142857143e-06,-1.4384237327576386,,
ace,6.0,26,Bayesian stacking,210,210,35,6.0,False,0.15559316705912352,0.053678916960154525,0.8833333333333333,0.1471121741305061,0.9533333333333334,0.20126433220167778,0.3121050239089738,-1.3678552122784642,0.0,-1.7692754943242315,,,,,,,,,,,,,
ace,6.0,26,PVI,210,210,35,6.0,False,15.152589125093073,0.10213104804503723,0.93,0.13953510781142311,0.9933333333333333,0.22957172059242942,0.21302127975865232,-2.999501245178391,0.0,-3.0108671382445666,,,,,,,,,,,,1.0,True
ace,6.0,26,PVI (no KL),210,210,35,6.0,False,0.8576179170049727,0.0981715667118861,0.7966666666666666,0.140663400053665,0.9166666666666666,0.2314280562160965,0.24601564358053002,-1.6214601331066576,0.0,-2.411201713975635,,,,,,,,,,,,0.0,False
ace,6.0,27,Bayesian ridge,210,210,35,6.0,False,0.0013407501392066479,0.1329862199873243,0.58,0.1448707959665073,0.8,0.2383503221180237,1.3357882805468526,0.8691276838990755,0.0,-0.05369389777404431,,,,,,,,,,,,,
ace,6.0,27,POPS hypercube,210,210,35,6.0,False,0.029338458087295294,0.1329862199873243,0.6633333333333333,0.1745259713167357,0.8466666666666667,0.26201595591671206,1.1069231934726433,,,,,,,,,,,,,,,,
ace,6.0,27,POPS ellipse,210,210,35,6.0,False,0.05124270776286721,0.1329856622502603,0.88,0.30393335451523273,0.9733333333333334,0.4773321127993135,0.5270244762924848,-1.0631686276649666,0.0,-1.181333460178036,,,,,,,,,,,,,
ace,6.0,27,Ellipse+EB,210,210,35,6.0,False,0.056340292096138,0.13298566225026026,0.9966666666666667,0.442448026194058,1.0,0.720173402385706,0.44321516331567695,-1.2354675642261521,0.0,-1.227675802266088,,,,,,,,,,,,,
ace,6.0,27,Ellipse+PAC,210,210,35,6.0,False,0.4721629172563553,0.2796972525149618,1.0,0.9512317435711164,1.0,2.445115821846525,0.9512317435711164,-1.3835663703405394,0.0,-1.376218481776589,0.8946186802917446,4.605170185988092,2.4609375,-1.1017756367453266,0.039189473404828125,1.2689061738367922,1.9572048436322431,0.0,-1.1687065120708486,0.0018738095238095237,-1.3687658554528048,,
ace,6.0,27,Bayesian stacking,210,210,35,6.0,False,0.16248708264902234,0.03833386461152113,0.8633333333333333,0.14292639337052215,0.9533333333333334,0.20494380469598633,0.2642043142667243,-1.4996468822424869,0.0,-1.6811028642141723,,,,,,,,,,,,,
ace,6.0,27,PVI,210,210,35,6.0,False,14.22782566677779,0.08375233579160078,0.89,0.08158988237877508,0.9666666666666667,0.13423668046283568,0.22303458896256237,-2.9352520215217055,0.0,-3.0256367754794153,,,,,,,,,,,,1.0,True
ace,6.0,27,PVI (no KL),210,210,35,6.0,False,0.8320334171876311,0.08197431490616061,0.7866666666666666,0.07909339950394577,0.8966666666666666,0.1301293136646629,0.20984913323832963,-0.4898944751447569,0.0,-2.484686638924895,,,,,,,,,,,,0.0,True
ace,6.0,28,Bayesian ridge,210,210,35,6.0,False,0.0012598750181496143,0.12096479948637114,0.6633333333333333,0.16085695204650127,0.88,0.26465172693653843,1.0876745381890434,0.01797145706499992,0.0,-0.5190735486958189,,,,,,,,,,,,,
ace,6.0,28,POPS hypercube,210,210,35,6.0,False,0.029285541735589504,0.12096479948637114,0.6633333333333333,0.17571051238669033,0.94,0.2694439284345196,0.9219179769774714,,,,,,,,,,,,,,,,
ace,6.0,28,POPS ellipse,210,210,35,6.0,False,0.03589195758104324,0.12096285889574963,0.96,0.31707179431102067,0.9833333333333333,0.49796623910839455,0.5353329197768647,-1.2847004764559034,0.0,-1.4858292521831875,,,,,,,,,,,,,
ace,6.0,28,Ellipse+EB,210,210,35,6.0,False,0.038053666241467,0.12096285889575019,0.9866666666666667,0.4757674463297522,1.0,0.7737137990105004,0.5266746737267067,-1.2501099990249296,0.0,-1.243167047952323,,,,,,,,,,,,,
ace,6.0,28,Ellipse+PAC,210,210,35,6.0,False,0.4390924582257867,0.24241796637263213,0.99,0.6220381934824002,1.0,1.2416535732751515,0.6552601703668716,-1.6575560814271084,0.0,-1.6507681181967526,0.6392255885947611,4.605170185988092,0.615234375,-1.3574501896248008,0.03591256826221169,1.2159470229594365,1.96076320995735,0.0,-1.4010774992375494,0.004517857142857143,-1.643733645905164,,
ace,6.0,28,Bayesian stacking,210,210,35,6.0,False,0.1694786250591278,0.04027498958565419,0.8866666666666667,0.13663322131970165,0.96,0.18781396394495165,0.2844004013674157,-1.5555240875823886,0.0,-1.8144117841348657,,,,,,,,,,,,,
ace,6.0,28,PVI,210,210,35,6.0,False,14.375556167215109,0.06480450429817151,0.8633333333333333,0.07903796988481676,0.9733333333333334,0.1300381174543699,0.19178306283468385,-2.7467468516170856,0.0,-3.059274679184804,,,,,,,,,,,,1.0,True
ace,6.0,28,PVI (no KL),210,210,35,6.0,False,0.829105207696557,0.07239071134293205,0.75,0.0753050402957864,0.8766666666666667,0.12389647265941077,0.2339985800071402,3.847722774854603,0.0,-2.4110397427386503,,,,,,,,,,,,0.0,False
ace,6.0,29,Bayesian ridge,210,210,35,6.0,False,0.0014307922683656216,0.25065241959065077,0.5633333333333334,0.16072057850152338,0.7966666666666666,0.26442735681309854,2.103822005476,1.2983946067832561,0.0,-0.07892708035209564,,,,,,,,,,,,,
ace,6.0,29,POPS hypercube,210,210,35,6.0,False,0.03391216602176428,0.25065241959065077,0.6833333333333333,0.19218545656729485,0.8866666666666667,0.29488722823348285,1.7822403631999115,,,,,,,,,,,,,,,,
ace,6.0,29,POPS ellipse,210,210,35,6.0,False,0.04553366592153907,0.2506555809244992,0.92,0.38434171556030794,0.9733333333333334,0.6036147082900039,0.8501475169642281,-1.1170769982973596,0.0,-1.236058419994303,,,,,,,,,,,,,
ace,6.0,29,Ellipse+EB,210,210,35,6.0,False,0.04879741696640849,0.2506555809244987,0.9866666666666667,0.5711411456110735,1.0,0.9304199704030435,0.6767023887594011,-1.1343827005396645,0.0,-1.1284008897151525,,,,,,,,,,,,,
ace,6.0,29,Ellipse+PAC,210,210,35,6.0,False,0.4254967081360519,0.2458790070033483,0.9466666666666667,0.5732968096132857,1.0,1.1756574162788815,0.9522793740480295,-1.627540439138462,0.0,-1.6288736753692887,0.6445378535439898,4.605170185988092,1.69189453125,-1.2457663025342276,0.03648986815701952,0.21587010750455998,1.8538142879211978,0.0,-1.30199717040206,0.002469047619047619,-1.6271367818433506,,
ace,6.0,29,Bayesian stacking,210,210,35,6.0,False,0.166701250243932,0.06642665448704145,0.88,0.14040770348743506,0.9566666666666667,0.19777063834119457,0.3561862762602747,-1.385557546279021,0.0,-1.929780042155386,,,,,,,,,,,,,
ace,6.0,29,PVI,210,210,35,6.0,False,15.465964499861002,0.07997918476287635,0.8866666666666667,0.11221132692862122,0.9766666666666667,0.18461695982474657,0.2873132376267743,-2.717816046231996,0.0,-2.918175036907719,,,,,,,,,,,,1.0,True
ace,6.0,29,PVI (no KL),210,210,35,6.0,False,0.8124636667780578,0.08652471368642145,0.8433333333333334,0.10273414751220358,0.9466666666666667,0.16902452277348828,0.3341961066036438,-2.1357038987765296,0.0,-2.729637657760155,,,,,,,,,,,,0.0,False
ace,20.0,0,Bayesian ridge,700,700,35,20.0,False,0.0014599165879189968,0.10217691409336312,0.4066666666666667,0.08270457377637003,0.59,0.13607063914240533,1.4869665321764316,4.525920206245318,0.0,1.057925202772568,,,,,,,,,,,,,
ace,20.0,0,POPS hypercube,700,700,35,20.0,False,0.03164945915341377,0.10217691409336312,0.8433333333333334,0.2084350671572833,0.9766666666666667,0.3256167209772202,0.5393260605249485,,,,,,,,,,,,,,,,
ace,20.0,0,POPS ellipse,700,700,35,20.0,False,0.059327540919184685,0.10217781051458044,0.9933333333333333,0.37793010220222895,1.0,0.5935451686846994,0.387865255964533,-1.5893632312523158,0.0,-1.581275380654301,,,,,,,,,,,,,
ace,20.0,0,Ellipse+EB,700,700,35,20.0,False,0.0656647919677198,0.10217781051458048,1.0,0.5074530733235629,1.0,0.8196238423900337,0.5074530733235629,-1.3472747845245268,0.0,-1.3392346681054716,,,,,,,,,,,,,
ace,20.0,0,Ellipse+PAC,700,700,35,20.0,False,0.6840013330802321,0.12373089389113134,0.9933333333333333,0.42343205347686913,1.0,0.7161900864086664,0.42746247971036516,-1.6431224854133213,0.0,-1.6352835752913302,-0.32879459020562285,4.605170185988092,6.15234375,-1.3965670256425535,0.03374544418195466,0.008856204547607924,1.0340269912549762,0.0,-1.403584561309458,0.0,-1.6273459470342682,,
ace,20.0,0,Bayesian stacking,700,700,35,20.0,False,0.7153897923417389,0.048841119749890895,0.81,0.12703327682596396,0.9,0.15385030703695884,0.3664436645758208,1.9283465499853423,0.0,-0.9778263344560795,,,,,,,,,,,,,
ace,20.0,0,PVI,700,700,35,20.0,False,21.707311250269413,0.08549700773939595,0.9133333333333333,0.13901201344037362,0.9866666666666667,0.22871109363855666,0.1669764430027102,-3.0851833919234575,0.0,-3.0794101993587493,,,,,,,,,,,,1.0,True
ace,20.0,0,PVI (no KL),700,700,35,20.0,False,1.174329583067447,0.09164263769205248,0.8533333333333334,0.14466213842666595,0.9333333333333333,0.23800702593122675,0.18334281114855674,-2.586795472255875,0.0,-2.7049697892049833,,,,,,,,,,,,0.0,False
ace,20.0,1,Bayesian ridge,700,700,35,20.0,False,0.0016164169646799564,0.10675738691007614,0.39,0.08355944491434382,0.59,0.13747712558949138,1.5660171533281184,4.89250760234555,0.0,1.0761404476484073,,,,,,,,,,,,,
ace,20.0,1,POPS hypercube,700,700,35,20.0,False,0.032609082758426666,0.10675738691007614,0.88,0.2162625573969379,0.9766666666666667,0.3342037942211621,0.5217376631782419,,,,,,,,,,,,,,,,
ace,20.0,1,POPS ellipse,700,700,35,20.0,False,0.0724356253631413,0.10675903326129696,1.0,0.37554536013110706,1.0,0.5897998937605123,0.37554536013110706,-1.5759713905406114,0.0,-1.5678530521416447,,,,,,,,,,,,,
ace,20.0,1,Ellipse+EB,700,700,35,20.0,False,0.07631983328610659,0.1067590332612962,1.0,0.47644782336622443,1.0,0.767601326594776,0.47644782336622443,-1.3828352484552866,0.0,-1.3747803465851944,,,,,,,,,,,,,
ace,20.0,1,Ellipse+PAC,700,700,35,20.0,False,0.6783812083303928,0.10802016039696882,1.0,0.3516902783094685,1.0,0.5997774039180842,0.3516902783094685,-1.6259588120851345,0.0,-1.617611945547283,-0.35514492528718966,4.605170185988092,10.9375,-1.4227312463044541,0.033422764344273756,0.025640948478688017,1.0341635566729908,0.0,-1.4279634369109009,0.0,-1.6091891585696765,,
ace,20.0,1,Bayesian stacking,700,700,35,20.0,False,0.737293167039752,0.04756449234130177,0.8166666666666667,0.12670344168432243,0.9,0.15366685118126855,0.36623991725961286,1.9597542113986106,0.0,-1.0434988949390323,,,,,,,,,,,,,
ace,20.0,1,PVI,700,700,35,20.0,False,21.66936199972406,0.06387360780948671,0.9366666666666666,0.11320976178162413,0.99,0.186259646104196,0.13931280304695734,-3.2299937502548137,0.0,-3.2236193407207567,,,,,,,,,,,,1.0,True
ace,20.0,1,PVI (no KL),700,700,35,20.0,False,1.1488437079824507,0.05952421399727853,0.9,0.1086222586680314,0.98,0.1787120045139955,0.13685370076499295,-3.147944040935523,0.0,-3.15282721384365,,,,,,,,,,,,0.0,False
ace,20.0,2,Bayesian ridge,700,700,35,20.0,False,0.0017063752748072147,0.10685114535363116,0.41,0.08369944072493432,0.5933333333333334,0.1377074552865625,1.5632581763506737,4.979534156333149,0.0,1.0235544398425864,,,,,,,,,,,,,
ace,20.0,2,POPS hypercube,700,700,35,20.0,False,0.032071125227957964,0.10685114535363116,0.8066666666666666,0.21477041636791852,0.9733333333333334,0.3353361769316393,0.5783331214841534,,,,,,,,,,,,,,,,
ace,20.0,2,POPS ellipse,700,700,35,20.0,False,0.07928466703742743,0.10685312468086192,0.99,0.3874976963861354,1.0,0.6085712258066455,0.39038042376222404,-1.568777854900428,0.0,-1.5607177319024514,,,,,,,,,,,,,
ace,20.0,2,Ellipse+EB,700,700,35,20.0,False,0.08314479188993573,0.10685312468086244,1.0,0.49810963950782344,1.0,0.8026474061372375,0.49810963950782344,-1.3720813947705046,0.0,-1.3640667288184172,,,,,,,,,,,,,
ace,20.0,2,Ellipse+PAC,700,700,35,20.0,False,0.7638687090948224,0.10701226092438415,1.0,0.37920531781216965,1.0,0.7106360621488359,0.37920531781216965,-1.675536901490539,0.0,-1.6672247879155235,-0.3069771998225055,4.605170185988092,5.810546875,-1.4442473327180452,0.03446014275800232,1.2483850314725244,1.1028099901375374,0.0,-1.4606483488134405,0.00025714285714285715,-1.658826447720167,,
ace,20.0,2,Bayesian stacking,700,700,35,20.0,False,0.728386374656111,0.04832502475667812,0.8066666666666666,0.1270939063216328,0.9,0.1539861688485923,0.3693746682879496,1.91258357175195,0.0,-1.0069743976057184,,,,,,,,,,,,,
ace,20.0,2,PVI,700,700,35,20.0,False,20.1542018330656,0.07378909942493604,0.92,0.1298903046292792,0.9966666666666667,0.21370349863718852,0.150381395985436,-3.165764640433841,0.0,-3.158662609268122,,,,,,,,,,,,1.0,True
ace,20.0,2,PVI (no KL),700,700,35,20.0,False,1.1979365842416883,0.07793111269007137,0.8766666666666667,0.11731029441854891,0.9866666666666667,0.19300609398795335,0.14569911679219472,-3.0357599409182825,0.0,-3.032726463702903,,,,,,,,,,,,0.0,False
ace,20.0,3,Bayesian ridge,700,700,35,20.0,False,0.0016272501088678837,0.10784269308824579,0.39,0.08296939213503045,0.5766666666666667,0.13650633455408845,1.599569704043912,5.161978707425352,0.0,1.1381993524236573,,,,,,,,,,,,,
ace,20.0,3,POPS hypercube,700,700,35,20.0,False,0.03266954096034169,0.10784269308824579,0.8466666666666667,0.21995776724242574,0.9766666666666667,0.3403310499265618,0.5905910507058365,,,,,,,,,,,,,,,,
ace,20.0,3,POPS ellipse,700,700,35,20.0,False,0.07640179200097919,0.10784321011294853,1.0,0.40502581617638594,1.0,0.636099413577364,0.40502581617638594,-1.5829744450846932,0.0,-1.5749697952262445,,,,,,,,,,,,,
ace,20.0,3,Ellipse+EB,700,700,35,20.0,False,0.081795958802104,0.10784321011294812,1.0,0.5181173637712764,1.0,0.8349672148265189,0.5181173637712764,-1.3728893168297562,0.0,-1.364946644448128,,,,,,,,,,,,,
ace,20.0,3,Ellipse+PAC,700,700,35,20.0,False,0.7077735001221299,0.11072838784708987,1.0,0.42835985055411785,1.0,0.7359398931675166,0.42835985055411785,-1.606519534174189,0.0,-1.5984151499079386,-0.2643185476441614,4.605170185988092,4.1015625,-1.3630404439116255,0.03367115919548544,0.5200257867217896,1.0650507370719788,0.0,-1.3727075210337354,0.00039607142857142857,-1.5902213343613134,,
ace,20.0,3,Bayesian stacking,700,700,35,20.0,False,0.7303319997154176,0.04880237929230605,0.8133333333333334,0.12691885536555828,0.9,0.1537902774079592,0.3667751681611208,1.9626900688682967,0.0,-0.9785443144003951,,,,,,,,,,,,,
ace,20.0,3,PVI,700,700,35,20.0,False,22.36019504116848,0.0875261383242475,0.9033333333333333,0.10738423383048132,0.98,0.1766751300918491,0.15522699595915634,-3.0941653861419223,0.0,-3.0864413840946243,,,,,,,,,,,,1.0,True
ace,20.0,3,PVI (no KL),700,700,35,20.0,False,1.1405326249077916,0.09549577716106436,0.88,0.11440440250621199,0.9666666666666667,0.18822514232185095,0.14569630009234288,-2.9527274792742535,0.0,-2.968919075536138,,,,,,,,,,,,0.0,False
ace,20.0,4,Bayesian ridge,700,700,35,20.0,False,0.0015167081728577614,0.10610899487357797,0.4166666666666667,0.083403319508374,0.5966666666666667,0.13722025849246572,1.5509907361548088,4.938762728129606,0.0,1.0061390819454639,,,,,,,,,,,,,
ace,20.0,4,POPS hypercube,700,700,35,20.0,False,0.03354016691446304,0.10610899487357797,0.86,0.2162169558498324,0.9766666666666667,0.3368498549984172,0.5251736737475432,,,,,,,,,,,,,,,,
ace,20.0,4,POPS ellipse,700,700,35,20.0,False,0.08312412491068244,0.10610920103431895,0.99,0.366062491727792,1.0,0.5749068998093486,0.3669042456337392,-1.5898519345608233,0.0,-1.581697305467508,,,,,,,,,,,,,
ace,20.0,4,Ellipse+EB,700,700,35,20.0,False,0.08789945812895894,0.10610920103431888,1.0,0.47358378267301465,1.0,0.7640462575249763,0.47358378267301465,-1.3810762854203027,0.0,-1.372995007050584,,,,,,,,,,,,,
ace,20.0,4,Ellipse+PAC,700,700,35,20.0,False,0.8247499582357705,0.1188031150669708,1.0,0.4636429842121886,1.0,0.9206349379902872,0.4636429842121886,-1.5705866795779924,0.0,-1.5638160208651786,-0.2394319422881912,4.605170185988092,5.46875,-1.3700356696123646,0.035389209483401074,1.0394345808106213,1.0952145178407724,0.0,-1.389645452268307,0.0006632142857142856,-1.5564952940248027,,
ace,20.0,4,Bayesian stacking,700,700,35,20.0,False,0.7476464579813182,0.04851749927451158,0.8066666666666666,0.12695675356574226,0.9033333333333333,0.15381744324963603,0.3674364448599187,1.8868703570801404,0.0,-1.003775821141067,,,,,,,,,,,,,
ace,20.0,4,PVI,700,700,35,20.0,False,21.741855666972697,0.06912296675376445,0.9333333333333333,0.12097998635764967,0.9933333333333333,0.1990436963212822,0.14257215989766156,-3.1698834017064086,0.0,-3.1658686747217284,,,,,,,,,,,,1.0,True
ace,20.0,4,PVI (no KL),700,700,35,20.0,False,1.1561249578371644,0.06526747055919017,0.88,0.12175509674604465,0.9566666666666667,0.2003189554894149,0.15157756317003654,-2.6749447099896666,0.0,-2.8420340824535972,,,,,,,,,,,,0.0,False
ace,20.0,5,Bayesian ridge,700,700,35,20.0,False,0.0016853329725563526,0.10201737781625636,0.3933333333333333,0.08178391408034666,0.5733333333333334,0.13455591332313824,1.551375768093595,4.944731676597995,0.0,1.1730522745143086,,,,,,,,,,,,,
ace,20.0,5,POPS hypercube,700,700,35,20.0,False,0.035378041211515665,0.10201737781625636,0.8633333333333333,0.20948886812987128,0.97,0.32745997187998976,0.5884898844183848,,,,,,,,,,,,,,,,
ace,20.0,5,POPS ellipse,700,700,35,20.0,False,0.07724279211834073,0.10201715600729075,0.9833333333333333,0.3521732088813292,1.0,0.5530935626817283,0.354024520290637,-1.556034944544197,0.0,-1.5479178832793554,,,,,,,,,,,,,
ace,20.0,5,Ellipse+EB,700,700,35,20.0,False,0.08096208330243826,0.10201715600729092,1.0,0.43890868817045287,1.0,0.7075889053483951,0.43890868817045287,-1.3953709627929238,0.0,-1.3872385276907067,,,,,,,,,,,,,
ace,20.0,5,Ellipse+PAC,700,700,35,20.0,False,0.7702333750203252,0.11477442771870419,1.0,0.5193662691155125,1.0,0.9457695566053977,0.5193662691155125,-1.570318579954218,0.0,-1.56219954882673,-0.2220210377036418,4.605170185988092,1.025390625,-1.3460321246237306,0.03443006876788031,0.9512474840950825,1.0895810181522085,0.0,-1.3601187586078032,0.0012699999999999999,-1.5539954180917195,,
ace,20.0,5,Bayesian stacking,700,700,35,20.0,False,0.7730788332410157,0.04844956479103319,0.83,0.12735734973369564,0.8933333333333333,0.15408677390442482,0.3691687380341833,2.0401576243160546,0.0,-1.0312302684229842,,,,,,,,,,,,,
ace,20.0,5,PVI,700,700,35,20.0,False,21.781836749985814,0.09401165749992639,0.93,0.12095452533550895,1.0,0.19900180628548716,0.14704494969246798,-3.1389299959616066,0.0,-3.130164678884681,,,,,,,,,,,,1.0,True
ace,20.0,5,PVI (no KL),700,700,35,20.0,False,1.157866207882762,0.09893209176797743,0.8833333333333333,0.11693374632782391,0.9766666666666667,0.19238657396586437,0.2215784971656004,-2.8481388028322665,0.0,-2.966665339689678,,,,,,,,,,,,0.0,False
ace,20.0,6,Bayesian ridge,700,700,35,20.0,False,0.0014993753284215927,0.10699979366825867,0.4166666666666667,0.08353664824569397,0.5833333333333334,0.13743961911153182,1.575483676761817,5.106523132141999,0.0,1.058025268220076,,,,,,,,,,,,,
ace,20.0,6,POPS hypercube,700,700,35,20.0,False,0.033441958017647266,0.10699979366825867,0.84,0.21865618384110921,0.98,0.3388660293401596,0.550229268911552,,,,,,,,,,,,,,,,
ace,20.0,6,POPS ellipse,700,700,35,20.0,False,0.07564566703513265,0.10699960067738695,0.99,0.3750486538499688,1.0,0.5890198087349826,0.3777195012510704,-1.568609508712566,0.0,-1.5605251734709296,,,,,,,,,,,,,
ace,20.0,6,Ellipse+EB,700,700,35,20.0,False,0.08098462503403425,0.10699960067738762,1.0,0.4933430899396383,1.0,0.7967320578239937,0.4933430899396383,-1.3551840384781821,0.0,-1.3471496637774838,,,,,,,,,,,,,
ace,20.0,6,Ellipse+PAC,700,700,35,20.0,False,0.7835100418888032,0.12013811852707616,1.0,0.479329674226489,1.0,0.8386394107112907,0.479329674226489,-1.6346716402409098,0.0,-1.626447006235467,-0.3253755276388146,4.605170185988092,0.8544921875,-1.3925776194744914,0.03356119991436805,0.000302938234711846,1.033640891921309,0.0,-1.3982529902798282,0.0,-1.6181429586865128,,
ace,20.0,6,Bayesian stacking,700,700,35,20.0,False,0.7632982502691448,0.04809938409604396,0.81,0.12683917047754634,0.9,0.15377327972022414,0.3681482185539832,1.940532163353058,0.0,-1.0196196847532706,,,,,,,,,,,,,
ace,20.0,6,PVI,700,700,35,20.0,False,21.48314758297056,0.07167526514708863,0.9366666666666666,0.1218108650249339,0.9966666666666667,0.20041070888352414,0.14287923363494304,-3.1903775296408385,0.0,-3.185543931095599,,,,,,,,,,,,1.0,True
ace,20.0,6,PVI (no KL),700,700,35,20.0,False,1.143518750090152,0.07488524828874916,0.8766666666666667,0.12739596349694043,0.9633333333333334,0.2095996555651686,0.1541155939960995,-2.8786408095008884,0.0,-2.9541556263200217,,,,,,,,,,,,0.0,False
ace,20.0,7,Bayesian ridge,700,700,35,20.0,False,0.001567208208143711,0.10693605317215037,0.3933333333333333,0.08283110054749288,0.58,0.13627880874934714,1.5948272665301517,5.207814206119917,0.0,1.1566931042660484,,,,,,,,,,,,,
ace,20.0,7,POPS hypercube,700,700,35,20.0,False,0.0336691252887249,0.10693605317215037,0.8666666666666667,0.21681414038559144,0.9766666666666667,0.33820449127911295,0.544264082935586,,,,,,,,,,,,,,,,
ace,20.0,7,POPS ellipse,700,700,35,20.0,False,0.07744095800444484,0.10693594482584723,0.9866666666666667,0.37038643777079877,1.0,0.5816977250665193,0.3975791840859884,-1.5590346236348207,0.0,-1.5514674637423327,,,,,,,,,,,,,
ace,20.0,7,Ellipse+EB,700,700,35,20.0,False,0.08254791609942913,0.10693594482584698,1.0,0.4973812442903081,1.0,0.8038041456517383,0.4973812442903081,-1.3369085417946658,0.0,-1.3288904645429351,,,,,,,,,,,,,
ace,20.0,7,Ellipse+PAC,700,700,35,20.0,False,0.7146542081609368,0.11077311485138543,0.99,0.40227434596940737,1.0,0.6981001954293821,0.4244579697647721,-1.616688624746785,0.0,-1.6088568147324176,-0.29892507276856906,4.605170185988092,3.076171875,-1.367156424817261,0.03374882055701645,0.00376270565989932,1.0344825314916755,0.0,-1.3739202027960802,3.5714285714285714e-06,-1.6009266047151511,,
ace,20.0,7,Bayesian stacking,700,700,35,20.0,False,0.7178296665661037,0.04800596217156353,0.8166666666666667,0.12668596281136013,0.9033333333333333,0.15359728803643438,0.36849196011991675,2.03896541020597,0.0,-1.0208606948194563,,,,,,,,,,,,,
ace,20.0,7,PVI,700,700,35,20.0,False,21.49542324990034,0.07493602137339475,0.9133333333333333,0.11939640690935746,0.9866666666666667,0.19643829425192935,0.1509246105964911,-3.1482092831022332,0.0,-3.145648452938108,,,,,,,,,,,,1.0,True
ace,20.0,7,PVI (no KL),700,700,35,20.0,False,1.1472155000083148,0.07541310953008505,0.8766666666666667,0.12155111040735354,0.9666666666666667,0.1999833446493534,0.1631179040268231,-2.6491474324930944,0.0,-2.9682366995999327,,,,,,,,,,,,0.0,False
ace,20.0,8,Bayesian ridge,700,700,35,20.0,False,0.0015084999613463879,0.10545272280433789,0.43333333333333335,0.08336660092857924,0.5933333333333334,0.13715984683210722,1.5451908272508652,4.926780450308638,0.0,1.0095736405063889,,,,,,,,,,,,,
ace,20.0,8,POPS hypercube,700,700,35,20.0,False,0.03312304196879268,0.10545272280433789,0.84,0.2147568371402105,0.98,0.33290449966469277,0.5537582754373533,,,,,,,,,,,,,,,,
ace,20.0,8,POPS ellipse,700,700,35,20.0,False,0.13525424990803003,0.10545274716549848,0.9866666666666667,0.36914687250889633,1.0,0.579750968329799,0.37423993037327835,-1.5960162124005837,0.0,-1.5878908210059701,,,,,,,,,,,,,
ace,20.0,8,Ellipse+EB,700,700,35,20.0,False,0.137406833935529,0.10545274716549925,1.0,0.4812498034278329,1.0,0.7769549660818739,0.4812498034278329,-1.3762216668959166,0.0,-1.3681535145947532,,,,,,,,,,,,,
ace,20.0,8,Ellipse+PAC,700,700,35,20.0,False,0.750794124789536,0.11657658740156117,0.9933333333333333,0.3825834050274919,1.0,0.6603209754903548,0.38404399198504174,-1.608125073127528,0.0,-1.5999204324991343,-0.36144616540808094,4.605170185988092,2.05078125,-1.4495495133705716,0.03373365875115966,0.3766484459582101,1.054369689211331,0.0,-1.4560687119870113,0.0009107142857142857,-1.5916373548811484,,
ace,20.0,8,Bayesian stacking,700,700,35,20.0,False,0.7263844166882336,0.04835017967889955,0.8166666666666667,0.12702255690858352,0.9066666666666666,0.15390311898078765,0.36748349776097916,1.9154904309180971,0.0,-1.0126749919016378,,,,,,,,,,,,,
ace,20.0,8,PVI,700,700,35,20.0,False,21.427868749946356,0.07315751792608889,0.9333333333333333,0.12342323181061367,0.9966666666666667,0.20306347364660315,0.143003257682075,-3.1663817983255935,0.0,-3.1599954830993995,,,,,,,,,,,,1.0,True
ace,20.0,8,PVI (no KL),700,700,35,20.0,False,1.1693982081487775,0.0790589049542985,0.8866666666666667,0.12957774370627548,0.9533333333333334,0.2131892542293877,0.15598542283817718,-2.781891588715851,0.0,-2.8977740878339895,,,,,,,,,,,,0.0,False
ace,20.0,9,Bayesian ridge,700,700,35,20.0,False,0.0016815410926938057,0.10284176731285143,0.39,0.08183149946939712,0.57,0.13463420372482074,1.567359280829711,5.026961775829529,0.0,1.2029041907183624,,,,,,,,,,,,,
ace,20.0,9,POPS hypercube,700,700,35,20.0,False,0.033790791872888803,0.10284176731285143,0.8466666666666667,0.2084852789252729,0.9466666666666667,0.32516286524581306,0.5995338570547257,,,,,,,,,,,,,,,,
ace,20.0,9,POPS ellipse,700,700,35,20.0,False,0.09527295781299472,0.10284275869358807,0.99,0.3518840463301344,1.0,0.5526394283478235,0.35304755547853117,-1.5527553168350317,0.0,-1.5446406935858308,,,,,,,,,,,,,
ace,20.0,9,Ellipse+EB,700,700,35,20.0,False,0.10143666714429855,0.102842758693589,1.0,0.43265916571401447,1.0,0.6966314966823288,0.43265916571401447,-1.401099862352429,0.0,-1.3929693488075705,,,,,,,,,,,,,
ace,20.0,9,Ellipse+PAC,700,700,35,20.0,False,0.8213773327879608,0.10805985910980138,1.0,0.42813781210620905,1.0,0.8072248011806437,0.42813781210620905,-1.5607544622372063,0.0,-1.5524850565693982,-0.2573019856740628,4.605170185988092,4.1015625,-1.3636802194919373,0.03499283589499241,0.6314975535240727,1.071385397922882,0.0,-1.3852570155031092,0.0005628571428571429,-1.5441409671043849,,
ace,20.0,9,Bayesian stacking,700,700,35,20.0,False,0.766634332947433,0.0482864240280591,0.8266666666666667,0.12715580173773214,0.8933333333333333,0.15392540694769627,0.368949953241354,2.0689911982305444,0.0,-1.0392211526853374,,,,,,,,,,,,,
ace,20.0,9,PVI,700,700,35,20.0,False,21.45903974957764,0.10134096202119999,0.9433333333333334,0.1262384830685996,1.0,0.20769529774688109,0.14848466118480658,-3.1464241190795263,0.0,-3.1376104573920123,,,,,,,,,,,,1.0,True
ace,20.0,9,PVI (no KL),700,700,35,20.0,False,1.1484276670962572,0.08764208046242554,0.89,0.1137995189781175,0.9766666666666667,0.18722995082860797,0.14389619490131017,-2.8027195012624575,0.0,-2.9523902693491055,,,,,,,,,,,,0.0,False
ace,20.0,10,Bayesian ridge,700,700,35,20.0,False,0.0014987089671194553,0.10574927915848042,0.3933333333333333,0.08320112565341695,0.58,0.1368875967566219,1.549237086050217,4.766445548996012,0.0,1.071986782131774,,,,,,,,,,,,,
ace,20.0,10,POPS hypercube,700,700,35,20.0,False,0.03334970772266388,0.10574927915848042,0.88,0.216187426619196,0.9766666666666667,0.33639101466262805,0.520290937593579,,,,,,,,,,,,,,,,
ace,20.0,10,POPS ellipse,700,700,35,20.0,False,0.07812225027009845,0.10574962717863949,0.9966666666666667,0.3763750875143727,1.0,0.5911029936638885,0.3764016101181166,-1.5942252632523881,0.0,-1.586079436398463,,,,,,,,,,,,,
ace,20.0,10,Ellipse+EB,700,700,35,20.0,False,0.08713949983939528,0.10574962717863846,1.0,0.480103351236783,1.0,0.7732183161283168,0.480103351236783,-1.3874824945841255,0.0,-1.3794254577195588,,,,,,,,,,,,,
ace,20.0,10,Ellipse+PAC,700,700,35,20.0,False,0.828278583008796,0.10498328451366892,1.0,0.4390884098421979,1.0,0.827381368120895,0.4390884098421979,-1.4999699417424055,0.0,-1.4919051181995637,-0.22530017366012123,4.605170185988092,8.203125,-1.3477882887852095,0.03468993459082963,0.918393348189166,1.0877981805342585,0.0,-1.3638229003614404,0.00019785714285714285,-1.4837572303383042,,
ace,20.0,10,Bayesian stacking,700,700,35,20.0,False,0.6738644591532648,0.04786934138724611,0.82,0.12667402744559755,0.9,0.15362777241114103,0.36605533691301767,1.9033548838014098,0.0,-1.0314203686629781,,,,,,,,,,,,,
ace,20.0,10,PVI,700,700,35,20.0,False,20.23354500019923,0.07331015476850965,0.9366666666666666,0.1146370773626402,0.9966666666666667,0.1886079532714867,0.13734848905574587,-3.233285322548405,0.0,-3.225311737683635,,,,,,,,,,,,1.0,True
ace,20.0,10,PVI (no KL),700,700,35,20.0,False,1.1574457911774516,0.06927645976394725,0.9066666666666666,0.1154325908874131,0.98,0.1899167809314293,0.13951756143802552,-3.132582731627274,0.0,-3.12573549343891,,,,,,,,,,,,0.0,False
ace,20.0,11,Bayesian ridge,700,700,35,20.0,False,0.0015380419790744781,0.10586174791206775,0.38333333333333336,0.0829048738404368,0.5766666666666667,0.1364001850972824,1.571196860752938,4.996789487511148,0.0,1.14230941168317,,,,,,,,,,,,,
ace,20.0,11,POPS hypercube,700,700,35,20.0,False,0.03133799973875284,0.10586174791206775,0.87,0.21536835226647924,0.97,0.3324695079551529,0.5499478752010043,,,,,,,,,,,,,,,,
ace,20.0,11,POPS ellipse,700,700,35,20.0,False,0.07659004209563136,0.10586117907241514,0.9966666666666667,0.37412926680785513,1.0,0.5875758969274337,0.37463776514841246,-1.565702285367446,0.0,-1.5575978243713502,,,,,,,,,,,,,
ace,20.0,11,Ellipse+EB,700,700,35,20.0,False,0.07955020759254694,0.1058611790724142,1.0,0.47571367307598533,1.0,0.766928246098442,0.47571367307598533,-1.3731107621098175,0.0,-1.365062470588216,,,,,,,,,,,,,
ace,20.0,11,Ellipse+PAC,700,700,35,20.0,False,0.7277982500381768,0.10122494102811164,0.9966666666666667,0.3920865742210563,1.0,0.6912475858252304,0.40236386885622627,-1.6862468800202532,0.0,-1.6780187095782944,-0.29672725410594136,4.605170185988092,8.203125,-1.395147587023076,0.03399974746426343,0.5332974182104775,1.0644205854528712,0.0,-1.4072956189679786,0.0006592857142857142,-1.669708951807996,,
ace,20.0,11,Bayesian stacking,700,700,35,20.0,False,0.6942750411108136,0.04774238967726202,0.8233333333333334,0.12690802856303188,0.9033333333333333,0.1537640945392253,0.36774965277683985,2.0523762145666025,0.0,-1.0412743160547533,,,,,,,,,,,,,
ace,20.0,11,PVI,700,700,35,20.0,False,21.393967834301293,0.06508823529267356,0.9266666666666666,0.10389575549393576,0.99,0.17093567149586253,0.14257167404849752,-3.1810536327586783,0.0,-3.173614408621106,,,,,,,,,,,,1.0,True
ace,20.0,11,PVI (no KL),700,700,35,20.0,False,1.0464435829780996,0.0665763181006146,0.91,0.11223608474217474,0.9733333333333334,0.18465769289862843,0.15357623965018832,-2.9747605105179664,0.0,-3.055636914931591,,,,,,,,,,,,0.0,True
ace,20.0,12,Bayesian ridge,700,700,35,20.0,False,0.001692875288426876,0.10680787856997905,0.4066666666666667,0.08325584514353568,0.59,0.136977624619097,1.573583686717439,5.1232807551868,0.0,1.0535080615048706,,,,,,,,,,,,,
ace,20.0,12,POPS hypercube,700,700,35,20.0,False,0.03317695762962103,0.10680787856997905,0.8833333333333333,0.22243226373478925,0.9833333333333333,0.3443864564963376,0.5124972280913264,,,,,,,,,,,,,,,,
ace,20.0,12,POPS ellipse,700,700,35,20.0,False,0.08242395799607038,0.10681014493803727,0.99,0.3677340331552398,1.0,0.5775320819071408,0.3701512590231111,-1.5878967475970591,0.0,-1.57980005830206,,,,,,,,,,,,,
ace,20.0,12,Ellipse+EB,700,700,35,20.0,False,0.08714025001972914,0.10681014493803723,1.0,0.4761379539732785,1.0,0.7679373907055784,0.4761379539732785,-1.3761501598455559,0.0,-1.3680987724992386,,,,,,,,,,,,,
ace,20.0,12,Ellipse+PAC,700,700,35,20.0,False,0.7779913749545813,0.11507158145011895,1.0,0.47993728862173557,1.0,0.8784333202637212,0.47993728862173557,-1.5535787343570397,0.0,-1.5454651866806512,-0.2705519246882151,4.605170185988092,8.203125,-1.374935102537973,0.033785660090551714,0.6233070509705425,1.070597517759206,0.0,-1.3851843619356645,0.00035428571428571426,-1.5372718151627727,,
ace,20.0,12,Bayesian stacking,700,700,35,20.0,False,0.7359318747185171,0.04801871592155694,0.8166666666666667,0.12679866629079603,0.9033333333333333,0.15371084365038665,0.36651283944324686,1.9206540158644247,0.0,-1.0225092337677868,,,,,,,,,,,,,
ace,20.0,12,PVI,700,700,35,20.0,False,21.005642416886985,0.0681366505910686,0.9233333333333333,0.11654467411673809,0.9866666666666667,0.19174644849253625,0.14292578961451108,-3.193119346174353,0.0,-3.188495647107588,,,,,,,,,,,,1.0,True
ace,20.0,12,PVI (no KL),700,700,35,20.0,False,1.1587708331644535,0.0723821119821309,0.9033333333333333,0.12101139820313911,0.9766666666666667,0.19909537701676527,0.15151936658419235,-3.0714137180510814,0.0,-3.082491150406341,,,,,,,,,,,,0.0,False
ace,20.0,13,Bayesian ridge,700,700,35,20.0,False,0.0015476667322218418,0.10863467980315833,0.4,0.08331316060537097,0.59,0.1370719235335169,1.6037624737115959,5.198665836259671,0.0,1.078152460043615,,,,,,,,,,,,,
ace,20.0,13,POPS hypercube,700,700,35,20.0,False,0.036118749994784594,0.10863467980315833,0.84,0.21856467612419542,0.9666666666666667,0.34058373647092893,0.5889846050046343,,,,,,,,,,,,,,,,
ace,20.0,13,POPS ellipse,700,700,35,20.0,False,0.08281229110434651,0.10863837962075286,0.97,0.3781514028852534,1.0,0.5938927248874746,0.402506677058256,-1.5617713506573423,0.0,-1.5539331708434532,,,,,,,,,,,,,
ace,20.0,13,Ellipse+EB,700,700,35,20.0,False,0.08733958378434181,0.10863837962075237,1.0,0.48558823592915945,1.0,0.7829237089625487,0.48558823592915945,-1.370176057182701,0.0,-1.3621759379989362,,,,,,,,,,,,,
ace,20.0,13,Ellipse+PAC,700,700,35,20.0,False,0.7905072923749685,0.1167988153242719,0.99,0.4521009936616728,1.0,0.7685551703143606,0.4708609627712632,-1.663110944145643,0.0,-1.6550832339649721,-0.38054972063437287,4.605170185988092,16.40625,-1.4495109723478583,0.03351553809884846,0.05861527290564789,1.0354457136146369,0.0,-1.454237270026169,0.0,-1.6469691201409202,,
ace,20.0,13,Bayesian stacking,700,700,35,20.0,False,0.6922358330339193,0.04949875224665254,0.8033333333333333,0.12764331013363267,0.89,0.15432636812207173,0.369353166726076,1.873688954295779,0.0,-0.9537103363171311,,,,,,,,,,,,,
ace,20.0,13,PVI,700,700,35,20.0,False,22.365205083042383,0.07798280611315815,0.9233333333333333,0.12949295398936275,0.9866666666666667,0.2130497529848228,0.15029108902236185,-3.0857068164062382,0.0,-3.077893591624118,,,,,,,,,,,,1.0,True
ace,20.0,13,PVI (no KL),700,700,35,20.0,False,1.1734457910060883,0.07860014123103626,0.8833333333333333,0.12923741801183236,0.9633333333333334,0.2126293295160983,0.15811545124803383,-2.833211141290932,0.0,-2.89727009888188,,,,,,,,,,,,0.0,False
ace,20.0,14,Bayesian ridge,700,700,35,20.0,False,0.0016259588301181793,0.10778275573743884,0.4033333333333333,0.08348425740013342,0.5833333333333334,0.13735342247795854,1.5848277185108366,5.101893839531928,0.0,1.0628110493472136,,,,,,,,,,,,,
ace,20.0,14,POPS hypercube,700,700,35,20.0,False,0.033784667029976845,0.10778275573743884,0.8233333333333334,0.2181709442092097,0.9866666666666667,0.34123599032756546,0.5488599943483379,,,,,,,,,,,,,,,,
ace,20.0,14,POPS ellipse,700,700,35,20.0,False,0.07305779121816158,0.10778324330846481,0.9933333333333333,0.373042574137072,1.0,0.5858692289990789,0.3750591194657586,-1.5765394412388678,0.0,-1.568432272315441,,,,,,,,,,,,,
ace,20.0,14,Ellipse+EB,700,700,35,20.0,False,0.0770101249217987,0.10778324330846516,1.0,0.4867003943708352,1.0,0.7852058170143841,0.4867003943708352,-1.3630554157404864,0.0,-1.3550104438878188,,,,,,,,,,,,,
ace,20.0,14,Ellipse+PAC,700,700,35,20.0,False,0.8307033749297261,0.11562356109114576,1.0,0.4973455128466412,1.0,0.9654345200086736,0.4973455128466412,-1.5978582363309544,0.0,-1.5895637948246641,-0.24022849126513846,4.605170185988092,10.9375,-1.3762016061388098,0.03427546216649337,1.1885047370982915,1.101697652707178,0.0,-1.3930679595485729,0.00023928571428571429,-1.5811938487749342,,
ace,20.0,14,Bayesian stacking,700,700,35,20.0,False,0.7152720000594854,0.04776189324601651,0.8033333333333333,0.12675598926199233,0.9033333333333333,0.15371340480575477,0.3662840352354261,1.8890902495316213,0.0,-1.0276013740389416,,,,,,,,,,,,,
ace,20.0,14,PVI,700,700,35,20.0,False,21.667976417113096,0.06746109643997718,0.94,0.11815574601696245,0.99,0.19439708283061605,0.14222392161159517,-3.2008645988421436,0.0,-3.1992637057968363,,,,,,,,,,,,1.0,True
ace,20.0,14,PVI (no KL),700,700,35,20.0,False,1.2159998752176762,0.06959777892525028,0.8966666666666666,0.11970540896117716,0.9833333333333333,0.19694668338650265,0.1462484453072763,-3.027040882310821,0.0,-3.1072849851274422,,,,,,,,,,,,0.0,False
ace,20.0,15,Bayesian ridge,700,700,35,20.0,False,0.001643375027924776,0.10577351982674575,0.38666666666666666,0.081799306228775,0.57,0.13458123743012276,1.6166180269819919,5.402880990846868,0.0,1.2171285670649103,,,,,,,,,,,,,
ace,20.0,15,POPS hypercube,700,700,35,20.0,False,0.03400012478232384,0.10577351982674575,0.8066666666666666,0.21415842813495445,0.9633333333333334,0.3320060563396629,0.6357630388911618,,,,,,,,,,,,,,,,
ace,20.0,15,POPS ellipse,700,700,35,20.0,False,0.12357545830309391,0.1057721658221987,0.99,0.37123869438934326,1.0,0.5830362074881867,0.38511107554467683,-1.5365963933996787,0.0,-1.5287482318627459,,,,,,,,,,,,,
ace,20.0,15,Ellipse+EB,700,700,35,20.0,False,0.13125179195776582,0.10577216582219943,1.0,0.46095665758293125,1.0,0.7421606340258154,0.46095665758293125,-1.3761770916022007,0.0,-1.3681136184800478,,,,,,,,,,,,,
ace,20.0,15,Ellipse+PAC,700,700,35,20.0,False,0.6894479170441628,0.10797865623655976,0.9966666666666667,0.40000299717432175,1.0,0.6875237086035477,0.4000948873181986,-1.5164738384720868,0.0,-1.508314689297013,-0.3193909051927659,4.605170185988092,8.203125,-1.3877881422693985,0.03345415921063989,0.01872534399668392,1.0349430778659927,0.0,-1.3935361641034394,1.0714285714285714e-06,-1.5000803880897808,,
ace,20.0,15,Bayesian stacking,700,700,35,20.0,False,0.7083564163185656,0.048664499185574445,0.8266666666666667,0.12770023113082976,0.89,0.15432907852341166,0.3682705692534241,2.1377969888485997,0.0,-1.0375597524047833,,,,,,,,,,,,,
ace,20.0,15,PVI,700,700,35,20.0,False,21.86119466694072,0.09290003365461577,0.9333333333333333,0.1264071603698778,0.9966666666666667,0.20797281599219378,0.14725637962705732,-3.109524794283371,0.0,-3.100717171245319,,,,,,,,,,,,1.0,True
ace,20.0,15,PVI (no KL),700,700,35,20.0,False,1.0142048331908882,0.08477909798400347,0.8866666666666667,0.11921376313502527,0.9833333333333333,0.196137797508231,0.1447424935754168,-2.8833829714262564,0.0,-2.896965269428091,,,,,,,,,,,,0.0,True
ace,20.0,16,Bayesian ridge,700,700,35,20.0,False,0.0014850418083369732,0.10634634838962849,0.38,0.0833878852765315,0.5866666666666667,0.13719486514726625,1.571339051789747,4.9458310688692855,0.0,1.1114481557415494,,,,,,,,,,,,,
ace,20.0,16,POPS hypercube,700,700,35,20.0,False,0.033122166991233826,0.10634634838962849,0.8766666666666667,0.21673675317492774,0.9766666666666667,0.3344738945659869,0.537010089559212,,,,,,,,,,,,,,,,
ace,20.0,16,POPS ellipse,700,700,35,20.0,False,0.07917729206383228,0.10634714051115104,0.9933333333333333,0.3741477909122548,1.0,0.5876049893246961,0.3744832531615129,-1.5738329906950417,0.0,-1.5657108330480127,,,,,,,,,,,,,
ace,20.0,16,Ellipse+EB,700,700,35,20.0,False,0.08250445872545242,0.10634714051115052,1.0,0.472933437893815,1.0,0.7620052758820165,0.472933437893815,-1.3822689403617656,0.0,-1.3742136713729627,,,,,,,,,,,,,
ace,20.0,16,Ellipse+PAC,700,700,35,20.0,False,0.6898280419409275,0.10929979246444982,0.9966666666666667,0.3665574000479371,1.0,0.6182360815777111,0.3712964828632527,-1.5630355181941094,0.0,-1.5548175583787158,-0.2702730410746539,4.605170185988092,2.05078125,-1.3464027839961568,0.03354341305651287,0.12737685898817858,1.04258632986499,0.0,-1.3519615272491694,0.0005310714285714286,-1.5465228710102594,,
ace,20.0,16,Bayesian stacking,700,700,35,20.0,False,0.6966323330998421,0.047590106295053926,0.82,0.1268600453212689,0.9,0.15376951257315769,0.36529574488453637,1.9593603737308514,0.0,-1.0450251629172205,,,,,,,,,,,,,
ace,20.0,16,PVI,700,700,35,20.0,False,21.148812958970666,0.06383206893949285,0.9266666666666666,0.10102850857087155,0.99,0.16621830093718715,0.13897132697497872,-3.2028006088007097,0.0,-3.195776127261115,,,,,,,,,,,,1.0,True
ace,20.0,16,PVI (no KL),700,700,35,20.0,False,1.1934839999303222,0.06298866955988101,0.8966666666666666,0.11064619907356224,0.9666666666666667,0.18204191544868442,0.14527121055648184,-2.9944425164466537,0.0,-3.005374889965847,,,,,,,,,,,,0.0,False
ace,20.0,17,Bayesian ridge,700,700,35,20.0,False,0.0018726671114563942,0.10706869585805022,0.4066666666666667,0.08302857194550907,0.5866666666666667,0.13660370080928397,1.5686444113931743,5.096073668019816,0.0,1.0400220684211512,,,,,,,,,,,,,
ace,20.0,17,POPS hypercube,700,700,35,20.0,False,0.035369041841477156,0.10706869585805022,0.8366666666666667,0.21523302044718393,0.9766666666666667,0.33482263862405803,0.5573220958519938,,,,,,,,,,,,,,,,
ace,20.0,17,POPS ellipse,700,700,35,20.0,False,0.12535049999132752,0.10706746252242023,0.9933333333333333,0.370807566386244,1.0,0.5823591141795744,0.37188028034086346,-1.5963487603932742,0.0,-1.5882180567363537,,,,,,,,,,,,,
ace,20.0,17,Ellipse+EB,700,700,35,20.0,False,0.13092829193919897,0.10706746252242025,1.0,0.48020491436816654,1.0,0.7744475269910899,0.48020491436816654,-1.3811421304388791,0.0,-1.3730850541192956,,,,,,,,,,,,,
ace,20.0,17,Ellipse+PAC,700,700,35,20.0,False,0.7940870421007276,0.11059422489489974,0.9966666666666667,0.4854677571630083,1.0,0.8922541488236981,0.48638066236318156,-1.5417589229218664,0.0,-1.5336879738341183,-0.27313919267285236,4.605170185988092,1.3671875,-1.3674599294612535,0.034256954323343955,0.4373535095151242,1.0600637824650572,0.0,-1.3833627030831872,0.00044285714285714284,-1.5255322372750626,,
ace,20.0,17,Bayesian stacking,700,700,35,20.0,False,0.7013254170306027,0.04855918182640022,0.8066666666666666,0.12684725574192132,0.9,0.15373231517673602,0.36775198521545677,1.935368104113575,0.0,-0.991475788000037,,,,,,,,,,,,,
ace,20.0,17,PVI,700,700,35,20.0,False,21.90403062477708,0.07533000447098286,0.9166666666666666,0.12543508867225978,0.9933333333333333,0.20637350399350327,0.14746211924411587,-3.1407823506475387,0.0,-3.1410463137799747,,,,,,,,,,,,1.0,True
ace,20.0,17,PVI (no KL),700,700,35,20.0,False,1.1676647909916937,0.07345366423545749,0.8733333333333333,0.1268420977046445,0.96,0.20868840158107083,0.15905164603222796,-2.737078189688926,0.0,-2.885862612305755,,,,,,,,,,,,0.0,False
ace,20.0,18,Bayesian ridge,700,700,35,20.0,False,0.0016167503781616688,0.10602095603006836,0.42,0.08321441250113108,0.5966666666666667,0.13690945709369995,1.5478678347263268,4.963660230428614,0.0,0.9980987424222807,,,,,,,,,,,,,
ace,20.0,18,POPS hypercube,700,700,35,20.0,False,0.03498149989172816,0.10602095603006836,0.85,0.21321607774100207,0.98,0.33175219223488994,0.5449614559248233,,,,,,,,,,,,,,,,
ace,20.0,18,POPS ellipse,700,700,35,20.0,False,0.1289669582620263,0.10602152364707498,0.9933333333333333,0.36925446220370806,1.0,0.579919939637413,0.37054009068839255,-1.5999424042362484,0.0,-1.5917922931100366,,,,,,,,,,,,,
ace,20.0,18,Ellipse+EB,700,700,35,20.0,False,0.13405666686594486,0.1060215236470757,1.0,0.47571669272838735,1.0,0.7671105175614583,0.47571669272838735,-1.3880048581738753,0.0,-1.379927337666639,,,,,,,,,,,,,
ace,20.0,18,Ellipse+PAC,700,700,35,20.0,False,0.7167783328332007,0.11696993282460047,1.0,0.42656232450988285,1.0,0.7181345445295765,0.42656232450988285,-1.6844458112460599,0.0,-1.6762176099419697,-0.38031573441963085,4.605170185988092,12.3046875,-1.4532935552585209,0.033363706346920166,0.135406357913243,1.03961411449197,0.0,-1.4581487556927422,0.00041464285714285713,-1.6679020330330032,,
ace,20.0,18,Bayesian stacking,700,700,35,20.0,False,0.7183447498828173,0.048689476172466765,0.81,0.12688763544768003,0.9,0.15374806552960243,0.36811896297425417,1.9155829745161328,0.0,-0.9885986484577495,,,,,,,,,,,,,
ace,20.0,18,PVI,700,700,35,20.0,False,22.314378208015114,0.07185111005891733,0.9266666666666666,0.12259274256098837,0.99,0.20169710177818662,0.14256997504699134,-3.1475107323124205,0.0,-3.1470165130357883,,,,,,,,,,,,1.0,True
ace,20.0,18,PVI (no KL),700,700,35,20.0,False,1.1238643331453204,0.07513020828179559,0.8766666666666667,0.1284702941265806,0.9566666666666667,0.21136721023295132,0.15628193768458257,-2.7274767489432405,0.0,-2.8397670907896297,,,,,,,,,,,,0.0,False
ace,20.0,19,Bayesian ridge,700,700,35,20.0,False,0.0016537909395992756,0.10575769507086291,0.4266666666666667,0.0835001144529414,0.59,0.13737951147415284,1.5517418133915244,4.951704596799025,0.0,1.0204995829075967,,,,,,,,,,,,,
ace,20.0,19,POPS hypercube,700,700,35,20.0,False,0.035667875315994024,0.10575769507086291,0.8566666666666667,0.21743365518773697,0.9733333333333334,0.34020798042332806,0.5527262236054046,,,,,,,,,,,,,,,,
ace,20.0,19,POPS ellipse,700,700,35,20.0,False,0.08692483371123672,0.10575633709560762,0.99,0.37598850406227674,1.0,0.5904958582731167,0.3786976185917805,-1.5817419176775298,0.0,-1.5736494937241794,,,,,,,,,,,,,
ace,20.0,19,Ellipse+EB,700,700,35,20.0,False,0.09213562496006489,0.10575633709560742,1.0,0.49740110440133567,1.0,0.8029800031665477,0.49740110440133567,-1.3557387500473945,0.0,-1.3477089887200797,,,,,,,,,,,,,
ace,20.0,19,Ellipse+PAC,700,700,35,20.0,False,0.7143126660957932,0.12278908348087718,0.9933333333333333,0.3941069664357249,1.0,0.6695819549194052,0.4210387154793666,-1.5768640052603011,0.0,-1.5689710640667236,-0.3082802163769722,4.605170185988092,21.875,-1.379857240799855,0.033423742953999615,0.06855987132206597,1.0381532814688832,0.0,-1.3844769878669512,0.0,-1.5609800874370385,,
ace,20.0,19,Bayesian stacking,700,700,35,20.0,False,0.7195895831100643,0.048147604092844715,0.8066666666666666,0.12700779405686988,0.9066666666666666,0.15390094306033467,0.3677284184119674,1.9319662655173608,0.0,-1.0171337860003242,,,,,,,,,,,,,
ace,20.0,19,PVI,700,700,35,20.0,False,22.057528249919415,0.06913003775098216,0.9366666666666666,0.1226600689355502,0.9966666666666667,0.201807871260447,0.14239612927355963,-3.179794770247076,0.0,-3.173226259823086,,,,,,,,,,,,1.0,True
ace,20.0,19,PVI (no KL),700,700,35,20.0,False,1.1275929580442607,0.07080095293595001,0.8766666666666667,0.1277917865377188,0.9566666666666667,0.2102508879177061,0.15802575976674776,-2.8782994320748663,0.0,-2.9021639442654283,,,,,,,,,,,,0.0,False
ace,20.0,20,Bayesian ridge,700,700,35,20.0,False,0.0015897080302238464,0.10420618864708454,0.42333333333333334,0.08199360870472652,0.5833333333333334,0.13490091578504865,1.5276803209429095,4.899080962774269,0.0,1.0316156686757374,,,,,,,,,,,,,
ace,20.0,20,POPS hypercube,700,700,35,20.0,False,0.03425449971109629,0.10420618864708454,0.8833333333333333,0.22116656815674834,0.9766666666666667,0.34338578408426523,0.5330693389604895,,,,,,,,,,,,,,,,
ace,20.0,20,POPS ellipse,700,700,35,20.0,False,0.0756837921217084,0.10420807952786823,0.99,0.41997943777963925,1.0,0.6595843114598853,0.4348434471683608,-1.6123232805647276,0.0,-1.604576138320435,,,,,,,,,,,,,
ace,20.0,20,Ellipse+EB,700,700,35,20.0,False,0.08654387481510639,0.10420807952786842,1.0,0.5235403065490806,1.0,0.8417396989391613,0.5235403065490806,-1.400696266832516,0.0,-1.3927501474054773,,,,,,,,,,,,,
ace,20.0,20,Ellipse+PAC,700,700,35,20.0,False,0.7415294996462762,0.11523522727744566,0.9933333333333333,0.4631333099303125,1.0,0.8070666129642032,0.4715155672459548,-1.6094203279892043,0.0,-1.601450988256605,-0.3192379428068137,4.605170185988092,11.1083984375,-1.3870012435151646,0.03348978760185675,0.00758778964163421,1.0342735131064942,0.0,-1.3923237784600158,0.0,-1.5933742733757525,,
ace,20.0,20,Bayesian stacking,700,700,35,20.0,False,0.7306701671332121,0.048930570459446085,0.8066666666666666,0.12692838196529943,0.8966666666666666,0.15386246920899077,0.36667961926859355,2.0898111940916544,0.0,-0.8920061956661499,,,,,,,,,,,,,
ace,20.0,20,PVI,700,700,35,20.0,False,22.769213959109038,0.11314698096326381,0.92,0.14231257321762752,0.9933333333333333,0.23414137709099342,0.1616640152590838,-3.0801722866214116,0.0,-3.0717866549419437,,,,,,,,,,,,1.0,True
ace,20.0,20,PVI (no KL),700,700,35,20.0,False,1.0146120833232999,0.1179467197785634,0.8766666666666667,0.13908661516167145,0.98,0.22883383296764834,0.1697980055119389,-2.884601805815781,0.0,-2.9095596075669534,,,,,,,,,,,,0.0,False
ace,20.0,21,Bayesian ridge,700,700,35,20.0,False,0.001674375031143427,0.10527811826886387,0.36666666666666664,0.08222786584960366,0.5633333333333334,0.13528633001272236,1.5836530437645686,5.063409011544227,0.0,1.2342435169154924,,,,,,,,,,,,,
ace,20.0,21,POPS hypercube,700,700,35,20.0,False,0.03446408314630389,0.10527811826886387,0.85,0.2139074449170485,0.97,0.332277023899353,0.5666138092500167,,,,,,,,,,,,,,,,
ace,20.0,21,POPS ellipse,700,700,35,20.0,False,0.08348295791074634,0.10527778708709443,0.99,0.36619245150897567,1.0,0.5751110036893928,0.367435871291779,-1.5372441541429935,0.0,-1.5291203129124913,,,,,,,,,,,,,
ace,20.0,21,Ellipse+EB,700,700,35,20.0,False,0.09129229187965393,0.10527778708709407,1.0,0.4637937457374713,1.0,0.7472882842849701,0.4637937457374713,-1.3713257122070104,0.0,-1.36324329060622,,,,,,,,,,,,,
ace,20.0,21,Ellipse+PAC,700,700,35,20.0,False,0.7650720831006765,0.11062390680494562,0.9966666666666667,0.4667380178947148,0.9966666666666667,0.9013540746384289,0.4907534040087223,-1.5957051910637272,0.0,-1.5975942427973764,-0.2769932284099115,4.605170185988092,4.1015625,-1.3813587776358434,0.0350955447576351,0.6062879019356406,1.0692700044682968,0.0,-1.4030022040360446,0.0004628571428571429,-1.5915162592131786,,
ace,20.0,21,Bayesian stacking,700,700,35,20.0,False,0.7122148750349879,0.047814043915147764,0.82,0.1267087332112644,0.9,0.15363663025722468,0.3695560672143448,2.077451980972687,0.0,-1.0395223676344445,,,,,,,,,,,,,
ace,20.0,21,PVI,700,700,35,20.0,False,21.876407749950886,0.07439448654969379,0.92,0.1119549285019072,0.9933333333333333,0.18419511740170935,0.13600792696209518,-3.168627223296783,0.0,-3.1603410404177747,,,,,,,,,,,,1.0,True
ace,20.0,21,PVI (no KL),700,700,35,20.0,False,0.9557132497429848,0.07402208073087034,0.87,0.11311324523153564,0.9633333333333334,0.18610085115418676,0.14821218837961836,-2.9314157461222394,0.0,-2.9467407167599213,,,,,,,,,,,,0.0,False
ace,20.0,22,Bayesian ridge,700,700,35,20.0,False,0.0014936248771846294,0.10237126368312456,0.41,0.08289471811546226,0.59,0.1363834762754465,1.497317654106939,4.657183655992397,0.0,1.0100054603743103,,,,,,,,,,,,,
ace,20.0,22,POPS hypercube,700,700,35,20.0,False,0.032616458367556334,0.10237126368312456,0.8366666666666667,0.21067705175911328,0.98,0.3271104843746547,0.5411937875074343,,,,,,,,,,,,,,,,
ace,20.0,22,POPS ellipse,700,700,35,20.0,False,0.06476908316835761,0.10237116718466788,0.9933333333333333,0.3786588749359933,1.0,0.5946897177234621,0.37943956427931774,-1.609262327780795,0.0,-1.6010852146190928,,,,,,,,,,,,,
ace,20.0,22,Ellipse+EB,700,700,35,20.0,False,0.06923716701567173,0.10237116718466832,1.0,0.49324369068479956,1.0,0.7961751322002395,0.49324369068479956,-1.382466556796561,0.0,-1.374405508270387,,,,,,,,,,,,,
ace,20.0,22,Ellipse+PAC,700,700,35,20.0,False,0.7258681249804795,0.11387268343456301,0.9966666666666667,0.40474500566502825,1.0,0.6935258396213122,0.4051268927025064,-1.6394746750764169,0.0,-1.6312602353512677,-0.31609654747115057,4.605170185988092,0.341796875,-1.3835981735040281,0.033669115508921585,3.570098766013685e-05,1.033832510523956,0.0,-1.3888383188898865,0.0,-1.6229651464261219,,
ace,20.0,22,Bayesian stacking,700,700,35,20.0,False,0.6857240837998688,0.049082279294980824,0.81,0.12714631203083604,0.9033333333333333,0.15393399719665465,0.3656970061196648,1.9111630571540918,0.0,-0.9609583391528869,,,,,,,,,,,,,
ace,20.0,22,PVI,700,700,35,20.0,False,21.548182624857873,0.08095934065326525,0.92,0.13430599265902154,0.9933333333333333,0.22096845950966923,0.16055047526212124,-3.1083195810872484,0.0,-3.1005002810615685,,,,,,,,,,,,1.0,True
ace,20.0,22,PVI (no KL),700,700,35,20.0,False,0.9457030412741005,0.08796926453777745,0.87,0.13831550441198273,0.9466666666666667,0.2275651542505144,0.17430319115565596,-2.536725780923067,0.0,-2.7183972196227484,,,,,,,,,,,,0.0,False
ace,20.0,23,Bayesian ridge,700,700,35,20.0,False,0.0017035827040672302,0.10866177665847788,0.39,0.08319164296504536,0.5866666666666667,0.13687199525589963,1.60435636043858,5.1908904388191885,0.0,1.100062392137628,,,,,,,,,,,,,
ace,20.0,23,POPS hypercube,700,700,35,20.0,False,0.0340784159488976,0.10866177665847788,0.8333333333333334,0.2164695911623951,0.98,0.33418367297875495,0.5846769980499377,,,,,,,,,,,,,,,,
ace,20.0,23,POPS ellipse,700,700,35,20.0,False,0.08255450008437037,0.10866218746899241,0.9933333333333333,0.40301279382210614,0.9966666666666667,0.6329379303139914,0.4091528946576185,-1.5828628387142751,0.0,-1.575596567209379,,,,,,,,,,,,,
ace,20.0,23,Ellipse+EB,700,700,35,20.0,False,0.0924449167214334,0.10866218746899221,1.0,0.5062090098479499,1.0,0.814469994976228,0.5062090098479499,-1.3889636820831435,0.0,-1.381009439769184,,,,,,,,,,,,,
ace,20.0,23,Ellipse+PAC,700,700,35,20.0,False,0.7252275422215462,0.12161698958835011,0.9933333333333333,0.41824669953390325,1.0,0.7024543034127578,0.4245165362026353,-1.6794186494813856,0.0,-1.671179184126928,-0.41395211938075516,4.605170185988092,13.671875,-1.4804051278430514,0.033411500248375,0.03565674062964191,1.033041508213921,0.0,-1.4848422262303838,0.0,-1.66285410369401,,
ace,20.0,23,Bayesian stacking,700,700,35,20.0,False,0.7422903329133987,0.048998301824100386,0.8033333333333333,0.12738855964106055,0.9033333333333333,0.15418805786687717,0.36622705085844875,1.967076730952371,0.0,-0.9578667987486679,,,,,,,,,,,,,
ace,20.0,23,PVI,700,700,35,20.0,False,21.459548250306398,0.09342808238505908,0.9166666666666666,0.11200696234869399,0.9833333333333333,0.18428072667899625,0.16029395580704875,-3.080874258397872,0.0,-3.074821768496205,,,,,,,,,,,,1.0,True
ace,20.0,23,PVI (no KL),700,700,35,20.0,False,0.8170004999265075,0.09138306751535298,0.88,0.11616368120907569,0.9733333333333334,0.19111961558490867,0.1636366797578704,-2.90750481586453,0.0,-2.924618019478555,,,,,,,,,,,,0.0,False
ace,20.0,24,Bayesian ridge,700,700,35,20.0,False,0.0015554577112197876,0.10332898338376645,0.38333333333333336,0.082056358341084,0.5766666666666667,0.13500415533680785,1.5225807765589512,4.6587883610812275,0.0,1.1333218752648213,,,,,,,,,,,,,
ace,20.0,24,POPS hypercube,700,700,35,20.0,False,0.03410449996590614,0.10332898338376645,0.8566666666666667,0.2073698164661407,0.9633333333333334,0.32365613810659927,0.5733075153333558,,,,,,,,,,,,,,,,
ace,20.0,24,POPS ellipse,700,700,35,20.0,False,0.10073329228907824,0.10332963657089994,0.9933333333333333,0.3534905740294937,1.0,0.5551625053632726,0.3581248794031859,-1.5637836957512088,0.0,-1.5556064559379195,,,,,,,,,,,,,
ace,20.0,24,Ellipse+EB,700,700,35,20.0,False,0.1013552499935031,0.10332963657089918,1.0,0.47157862820448526,1.0,0.7626884807877194,0.47157862820448526,-1.34972037632359,0.0,-1.3416099922824825,,,,,,,,,,,,,
ace,20.0,24,Ellipse+PAC,700,700,35,20.0,False,0.7628481248393655,0.10864549204948083,1.0,0.3534048068057153,1.0,0.5998303116257271,0.3534048068057153,-1.6231447872641793,0.0,-1.6151561387930586,-0.332537598832515,4.605170185988092,3.41796875,-1.4000525058586197,0.03358270059899879,0.008566226991070834,1.033932206427106,0.0,-1.4068333931322894,0.0,-1.607050900940128,,
ace,20.0,24,Bayesian stacking,700,700,35,20.0,False,0.7613479169085622,0.047143095406839905,0.81,0.12663295176585238,0.9033333333333333,0.1536274126757348,0.3679425055345112,2.165294203182579,0.0,-1.0580613500514968,,,,,,,,,,,,,
ace,20.0,24,PVI,700,700,35,20.0,False,20.90284545905888,0.06975538490233711,0.9366666666666666,0.1232075385773688,0.9933333333333333,0.20270860190534146,0.14840001602509434,-3.209577463200829,0.0,-3.2025797181360014,,,,,,,,,,,,1.0,True
ace,20.0,24,PVI (no KL),700,700,35,20.0,False,0.6954281660728157,0.07094164996783678,0.9,0.12921361586692678,0.99,0.21259016876691147,0.15169776234306517,-3.0073181597926935,0.0,-3.095445119285998,,,,,,,,,,,,0.0,True
ace,20.0,25,Bayesian ridge,700,700,35,20.0,False,0.0015193326398730278,0.10840647100291226,0.39,0.08330485895964358,0.5866666666666667,0.13705826515661604,1.6029118088670316,5.222041342700758,0.0,1.1060680649474837,,,,,,,,,,,,,
ace,20.0,25,POPS hypercube,700,700,35,20.0,False,0.03375625004991889,0.10840647100291226,0.83,0.21663934279347444,0.9733333333333334,0.33500294376586076,0.5885277803663245,,,,,,,,,,,,,,,,
ace,20.0,25,POPS ellipse,700,700,35,20.0,False,0.08501529227942228,0.10840939300046354,0.9833333333333333,0.39500566556896416,1.0,0.6203626094755681,0.4002927182003762,-1.5561673109325322,0.0,-1.5481573923267136,,,,,,,,,,,,,
ace,20.0,25,Ellipse+EB,700,700,35,20.0,False,0.0918225422501564,0.10840939300046461,1.0,0.50978962637493,1.0,0.8217591332558671,0.50978962637493,-1.3574493536485026,0.0,-1.3494748300975947,,,,,,,,,,,,,
ace,20.0,25,Ellipse+PAC,700,700,35,20.0,False,0.7360507501289248,0.11335613840597923,0.9966666666666667,0.5240183705882635,1.0,0.9114808677307872,0.5246205537440293,-1.6115721434905954,0.0,-1.6035396201715428,-0.3503793918047089,4.605170185988092,16.40625,-1.4176430567071177,0.03332418812647884,0.016940926926347112,1.03393947677593,0.0,-1.4223342818020228,0.0,-1.5954040663917988,,
ace,20.0,25,Bayesian stacking,700,700,35,20.0,False,0.7118481248617172,0.048448815714300916,0.8133333333333334,0.1271241570485666,0.8966666666666666,0.15398389784382172,0.36927082161607944,1.907198516567031,0.0,-1.0052744885941156,,,,,,,,,,,,,
ace,20.0,25,PVI,700,700,35,20.0,False,19.824777292087674,0.08065972846768735,0.9233333333333333,0.13115225685094078,0.9966666666666667,0.21577973985974774,0.1516047169929971,-3.1589573909492903,0.0,-3.151376237136024,,,,,,,,,,,,1.0,True
ace,20.0,25,PVI (no KL),700,700,35,20.0,False,0.6385227502323687,0.07168559169631997,0.86,0.12609255283560156,0.97,0.2074552043739567,0.15356756583752199,-2.9138352020606293,0.0,-2.924410580492013,,,,,,,,,,,,0.0,False
ace,20.0,26,Bayesian ridge,700,700,35,20.0,False,0.0019018747843801975,0.10356287819883167,0.3933333333333333,0.08174075873742669,0.5733333333333334,0.1344849115051564,1.583654126012471,5.185206574036121,0.0,1.2030297342200515,,,,,,,,,,,,,
ace,20.0,26,POPS hypercube,700,700,35,20.0,False,0.03426854219287634,0.10356287819883167,0.85,0.21089175661852905,0.9633333333333334,0.32785117578115386,0.6190679941187391,,,,,,,,,,,,,,,,
ace,20.0,26,POPS ellipse,700,700,35,20.0,False,0.0848681665956974,0.10356320925857272,0.9933333333333333,0.3480997404335121,1.0,0.5466961164267125,0.348918414233403,-1.5524944738333897,0.0,-1.5443198421283681,,,,,,,,,,,,,
ace,20.0,26,Ellipse+EB,700,700,35,20.0,False,0.0876149577088654,0.10356320925857301,1.0,0.4350918108058926,1.0,0.7012646776620218,0.4350918108058926,-1.3846906821372587,0.0,-1.3765417210998376,,,,,,,,,,,,,
ace,20.0,26,Ellipse+PAC,700,700,35,20.0,False,0.7161507499404252,0.12242018723375046,0.9933333333333333,0.41363862013655817,1.0,0.7114088760882995,0.4201805912405423,-1.622776905664523,0.0,-1.6145127259630017,-0.3302821267100571,4.605170185988092,1.708984375,-1.3976037785156445,0.033626050708342015,0.0026850047382425473,1.0336956010972456,0.0,-1.4047583467992752,6.785714285714286e-06,-1.6061669531628262,,
ace,20.0,26,Bayesian stacking,700,700,35,20.0,False,0.7258216659538448,0.048185566930191916,0.83,0.12705181263444515,0.8966666666666666,0.15386232682858345,0.3694742558394808,2.0932884201549555,0.0,-1.0477415087104458,,,,,,,,,,,,,
ace,20.0,26,PVI,700,700,35,20.0,False,18.479727332945913,0.1226624121372516,0.93,0.13581034356950347,0.9933333333333333,0.2234435099275243,0.16417841633471839,-3.1286058682774245,0.0,-3.1198871954904766,,,,,,,,,,,,1.0,True
ace,20.0,26,PVI (no KL),700,700,35,20.0,False,0.6703717089258134,0.10713600535806676,0.8966666666666666,0.12163071599357422,0.9933333333333333,0.2001143166440298,0.1428490662426512,-3.0919594216535993,0.0,-3.083277437636378,,,,,,,,,,,,0.0,False
ace,20.0,27,Bayesian ridge,700,700,35,20.0,False,0.00165200000628829,0.10693028728220545,0.4266666666666667,0.08398867224460384,0.5933333333333334,0.13818331672861503,1.566328964254133,4.9520022523146165,0.0,0.9966461937064527,,,,,,,,,,,,,
ace,20.0,27,POPS hypercube,700,700,35,20.0,False,0.036123708356171846,0.10693028728220545,0.86,0.21907146888947945,0.9666666666666667,0.34002293602205225,0.5609429830393977,,,,,,,,,,,,,,,,
ace,20.0,27,POPS ellipse,700,700,35,20.0,False,0.1002174592576921,0.10693033806601243,0.99,0.3946407183510108,1.0,0.6197894541307599,0.3972918367878611,-1.5858505354650565,0.0,-1.5778263066081244,,,,,,,,,,,,,
ace,20.0,27,Ellipse+EB,700,700,35,20.0,False,0.09936541691422462,0.10693033806601314,1.0,0.4871631568382003,1.0,0.783441583642043,0.4871631568382003,-1.4011450923645037,0.0,-1.3931391169852754,,,,,,,,,,,,,
ace,20.0,27,Ellipse+PAC,700,700,35,20.0,False,0.7402116251178086,0.1062046104764074,0.9933333333333333,0.4330082211877098,1.0,0.7461140009017475,0.4346472659940104,-1.6397688712694392,0.0,-1.6314572655258095,-0.3796542532287206,4.605170185988092,8.203125,-1.446105125759211,0.03340339626414129,0.01761004127818087,1.033047476266349,0.0,-1.4515525501409727,3.5714285714285716e-07,-1.6230704246725782,,
ace,20.0,27,Bayesian stacking,700,700,35,20.0,False,0.7440433748997748,0.049507328261333666,0.8,0.12835281064327517,0.89,0.1549300314824237,0.36708152602786615,1.8825907912488102,0.0,-0.9512260062981849,,,,,,,,,,,,,
ace,20.0,27,PVI,700,700,35,20.0,False,16.735616584308445,0.07242901420238548,0.9266666666666666,0.12856769684508673,0.9933333333333333,0.2115274631616124,0.151843905799596,-3.0999058640854216,0.0,-3.0921060054322984,,,,,,,,,,,,1.0,True
ace,20.0,27,PVI (no KL),700,700,35,20.0,False,0.6264299578033388,0.07751696271184469,0.88,0.1319151638596515,0.97,0.2170349212788815,0.16513658960138705,-2.797953671678088,0.0,-2.9052501788259457,,,,,,,,,,,,0.0,False
ace,20.0,28,Bayesian ridge,700,700,35,20.0,False,0.0015998343005776405,0.10616257778657419,0.41,0.08320581820865784,0.59,0.1368953172364174,1.5660502443144442,5.112754711314455,0.0,1.0196956659855687,,,,,,,,,,,,,
ace,20.0,28,POPS hypercube,700,700,35,20.0,False,0.03374708304181695,0.10616257778657419,0.85,0.21996402747205526,0.9866666666666667,0.34198798060352575,0.525423558801129,,,,,,,,,,,,,,,,
ace,20.0,28,POPS ellipse,700,700,35,20.0,False,0.09498245781287551,0.10616364786204892,0.9833333333333333,0.3708275751462267,1.0,0.582390538251777,0.38360171420231126,-1.5804420538012875,0.0,-1.5724076116277304,,,,,,,,,,,,,
ace,20.0,28,Ellipse+EB,700,700,35,20.0,False,0.09964612498879433,0.1061636478620486,1.0,0.4808612515130346,1.0,0.7761918445645376,0.4808612515130346,-1.378803085456802,0.0,-1.3707384940324678,,,,,,,,,,,,,
ace,20.0,28,Ellipse+PAC,700,700,35,20.0,False,0.7245503747835755,0.13604285456545337,0.9933333333333333,0.4301540027053438,1.0,0.7517363704279129,0.43078380204483674,-1.6295441448669745,0.0,-1.6215525639087758,-0.31625828984216797,4.605170185988092,8.203125,-1.386314771359979,0.033677027137588356,0.043750594388891006,1.036379454380223,0.0,-1.3940525087832312,7.142857142857143e-07,-1.613462041973846,,
ace,20.0,28,Bayesian stacking,700,700,35,20.0,False,0.7088090842589736,0.04821774868001845,0.81,0.1267733070565656,0.9066666666666666,0.15370673707021767,0.3676390489790124,1.9070662825979927,0.0,-1.015828123534805,,,,,,,,,,,,,
ace,20.0,28,PVI,700,700,35,20.0,False,12.894112916197628,0.06666779029135,0.94,0.11725345183064974,0.9933333333333333,0.19291257307474655,0.13921360731332785,-3.209365523208431,0.0,-3.203484711688654,,,,,,,,,,,,1.0,True
ace,20.0,28,PVI (no KL),700,700,35,20.0,False,0.5779147921130061,0.06535019034594135,0.8766666666666667,0.11920166116282635,0.98,0.19611788660104898,0.1433094847311284,-3.033857878454731,0.0,-3.028933589491274,,,,,,,,,,,,0.0,False
ace,20.0,29,Bayesian ridge,700,700,35,20.0,False,0.0017832498997449875,0.10677449583434433,0.4266666666666667,0.08276528121850797,0.59,0.13617051875093522,1.566659860861494,5.162425907826506,0.0,1.010500005382642,,,,,,,,,,,,,
ace,20.0,29,POPS hypercube,700,700,35,20.0,False,0.031383959110826254,0.10677449583434433,0.87,0.21760587056816708,0.9766666666666667,0.33807000145663535,0.5434214127574463,,,,,,,,,,,,,,,,
ace,20.0,29,POPS ellipse,700,700,35,20.0,False,0.10401787515729666,0.10677398109443016,0.98,0.38131017438658743,1.0,0.5988536252038842,0.38479995698529107,-1.5817815048563746,0.0,-1.5736805545564523,,,,,,,,,,,,,
ace,20.0,29,Ellipse+EB,700,700,35,20.0,False,0.10689650010317564,0.1067739810944293,1.0,0.481643729895832,1.0,0.7754294805340103,0.481643729895832,-1.3976211558702214,0.0,-1.3895645983914222,,,,,,,,,,,,,
ace,20.0,29,Ellipse+PAC,700,700,35,20.0,False,0.7673432501032948,0.1298060985926327,0.9966666666666667,0.4063884996904913,1.0,0.6959377108145289,0.4202785439153238,-1.611512075620593,0.0,-1.6036053042141716,-0.3709744412758216,4.605170185988092,0.8544921875,-1.4367979734182539,0.03333349585433139,0.0030757219201606742,1.0324900362881009,0.0,-1.4409665245198515,0.0007464285714285714,-1.595604401937953,,
ace,20.0,29,Bayesian stacking,700,700,35,20.0,False,0.7145909168757498,0.04887583229167156,0.81,0.12742881757017674,0.89,0.15423710455069928,0.3674650960993829,1.9398313179658586,0.0,-0.9739075502791575,,,,,,,,,,,,,
ace,20.0,29,PVI,700,700,35,20.0,False,13.070534166879952,0.06575931928145666,0.93,0.11658015828793583,0.9966666666666667,0.19180482922813347,0.1378766011482904,-3.10959674906998,0.0,-3.100594553395159,,,,,,,,,,,,1.0,True
ace,20.0,29,PVI (no KL),700,700,35,20.0,False,0.6083824168890715,0.06289322979889748,0.8766666666666667,0.11006711823492592,0.98,0.18108917612327025,0.14212296831797452,-2.9411053148878112,0.0,-2.93833162986078,,,,,,,,,,,,0.0,False
